/* Generato da tools/convert_assets.py - NON MODIFICARE A MANO */
#ifndef ASSETS_H
#define ASSETS_H

static const unsigned short assets_c01[1936] = {
  0xFFFF, 0xFFFF, 0xFFFF, 0xFFFF, 0xFFFF, 0xFFFF, 0xFFFF, 0xFFFF, 0xFFFF, 0xFFFF, 0xFFFF, 0xFFFF, 0xFFFF, 0xF39E, 0xA9F3, 0xB27B,
  0xC3BF, 0xC3BF, 0xBF5F, 0xAE5E, 0x9953, 0x9D73, 0x9953, 0x9953, 0x9953, 0xA61B, 0xB6DF, 0xBB3F, 0xC7BF, 0xBF3F, 0xB236, 0xE319,
  0xFFFF, 0xFFFF, 0xFFFF, 0xFFFF, 0xFFFF, 0xFFFF, 0xFFFF, 0xFFFF, 0xFFFF, 0xFFFF, 0xFFFF, 0xFFFF, 0xFFFF, 0xFFFF, 0xFFFF, 0xFFFF,
  0xFFFF, 0xFFFF, 0xFFFF, 0xFFFF, 0xFFFF, 0xFFFF, 0xFFFF, 0xFFFF, 0xC654, 0xAA39, 0xD7FF, 0xD3FF, 0xB6DF, 0x9D97, 0x9D73, 0xB9F2,
  0xC212, 0xC632, 0xC633, 0xC633, 0xC633, 0xC233, 0xA992, 0x9933, 0xAA3D, 0xBF5F, 0xCBFF, 0xB6BE, 0xB1D1, 0xFFFF, 0xFFFF, 0xFFFF,
  0xFFFF, 0xFFFF, 0xFFFF, 0xFFFF, 0xFFFF, 0xFFFF, 0xFFFF, 0xFFFF, 0xFFFF, 0xFFFF, 0xFFFF, 0xFFFF, 0xFFFF, 0xFFFF, 0xFFFF, 0xFFFF,
  0xFFFF, 0xFFFF, 0xFFFF, 0xB1D1, 0xBF3F, 0xD3FF, 0xBB1F, 0x9975, 0x990C, 0xCA53, 0xD6B6, 0xFFFF, 0xFFFF, 0xFFFF, 0xFFFF, 0xFFFF,
  0xFFFF, 0xFFFF, 0xFFFF, 0xD295, 0xA10C, 0x90CF, 0xB29F, 0xCBDF, 0xC35F, 0xB1F4, 0xFFFF, 0xFFFF, 0xFFFF, 0xFFFF, 0xFFFF, 0xFFFF,
  0xFFFF, 0xFFFF, 0xFFFF, 0xFFFF, 0xFFFF, 0xFFFF, 0xFFFF, 0xFFFF, 0xFFFF, 0xFFFF, 0xFFFF, 0xFFFF, 0xFFFF, 0xFFFF, 0xB5F2, 0xBF5F,
  0xCBFF, 0xB29F, 0x8CCD, 0xC212, 0xFFFF, 0xFFFF, 0xFFFF, 0xFFFF, 0xFFFF, 0xFFFF, 0xFFFF, 0xFFFF, 0xFFFF, 0xFFFF, 0xFFFF, 0xFFFF,
  0xFFFF, 0xD6B6, 0x98ED, 0xA5D9, 0xC7BF, 0xC7BF, 0xADF3, 0xFFFF, 0xFFFF, 0xFFFF, 0xFFFF, 0xFFFF, 0xFFFF, 0xFFFF, 0xFFFF, 0xFFFF,
  0xFFFF, 0xFFFF, 0xFFFF, 0xFFFF, 0xFFFF, 0xFFFF, 0xFFFF, 0xFFFF, 0xFFFF, 0xD296, 0xAE9D, 0xC7FF, 0xAE5F, 0x98ED, 0xEB5B, 0xFFFF,
  0xFFFF, 0xFFFF, 0xFFFF, 0xFFFF, 0xFFFF, 0xFFFF, 0xFFFF, 0xFFFF, 0xFFFF, 0xFFFF, 0xFFFF, 0xFFFF, 0xFFFF, 0xFFFF, 0xF7BD, 0x98CA,
  0xAE1B, 0xC39F, 0xBF5F, 0xA990, 0xFFFF, 0xFFFF, 0xFFFF, 0xFFFF, 0xFFFF, 0xFFFF, 0xFFFF, 0xFFFF, 0xFFFF, 0xFFFF, 0xFFFF, 0xFFFF,
  0xFFFF, 0xFFFF, 0xFFFF, 0xFFFF, 0xFBDF, 0xA617, 0xCBFF, 0xAA3E, 0x8C89, 0xFFFF, 0xFFFF, 0xFFFF, 0xFFFF, 0xFFFF, 0xFFFF, 0xFFFF,
  0xFFFF, 0xFFFF, 0xFFFF, 0xFFFF, 0xFFFF, 0xFFFF, 0xFFFF, 0xFFFF, 0xFFFF, 0xFFFF, 0xFFFF, 0xFFFF, 0xA96E, 0xA1D8, 0xC7DF, 0xB2BF,
  0xCE96, 0xFFFF, 0xFFFF, 0xFFFF, 0xFFFF, 0xFFFF, 0xFFFF, 0xFFFF, 0xFFFF, 0xFFFF, 0xFFFF, 0xFFFF, 0xFFFF, 0xFFFF, 0xFFFF, 0xFFFF,
  0xA5B1, 0xC7DF, 0xB2BF, 0x8CAB, 0xFFFF, 0xFFFF, 0xFFFF, 0xFFFF, 0xFFFF, 0xFFFF, 0xFFFF, 0xFFFF, 0xFFFF, 0xFFFF, 0xFFFF, 0xFFFF,
  0xFFFF, 0xFFFF, 0xFFFF, 0xFFFF, 0xFFFF, 0xFFFF, 0xFFFF, 0xFFFF, 0xFFFF, 0xA12D, 0xAA5D, 0xC7FF, 0xA1F6, 0xFFFF, 0xFFFF, 0xFFFF,
  0xFFFF, 0xFFFF, 0xFFFF, 0xFFFF, 0xFFFF, 0xFFFF, 0xFFFF, 0xFFFF, 0xFFFF, 0xFFFF, 0xFFFF, 0xC631, 0xAE9D, 0xC39F, 0x9932, 0xDAD8,
  0xFFFF, 0xFFFF, 0xFFFF, 0xFFFF, 0xFFFF, 0xFFFF, 0xFFFF, 0xFFFF, 0xFFFF, 0xFFFF, 0xFFFF, 0xFFFF, 0xFFFF, 0xFFFF, 0xFFFF, 0xFFFF,
  0xFFFF, 0xFFFF, 0xFFFF, 0xFFFF, 0xFFFF, 0xF7BE, 0x888A, 0xBB5F, 0xBB5F, 0xA12C, 0xFFFF, 0xFFFF, 0xFFFF, 0xFFFF, 0xFFFF, 0xFFFF,
  0xFFFF, 0xFFFF, 0xFFFF, 0xFFFF, 0xFFFF, 0xFFFF, 0xFFFF, 0xA16F, 0xBF5F, 0xAA1B, 0x94A9, 0xFFFF, 0xFFFF, 0xFFFF, 0xFFFF, 0xF37C,
  0xFFFF, 0xFFFF, 0xFFFF, 0xFFFF, 0xFFFF, 0xFFFF, 0xE718, 0xFFFF, 0xFFFF, 0xFFFF, 0xFFFF, 0xFFFF, 0xFFFF, 0xFFFF, 0xFFFF, 0xFFFF,
  0xFFFF, 0xFFFF, 0xA94C, 0xA1B8, 0xC3BF, 0xA5F5, 0xEF7C, 0xFFFF, 0xFFFF, 0xFFFF, 0xFFFF, 0xFFFF, 0xFFFF, 0xFFFF, 0xFFFF, 0xFFFF,
  0xFFFF, 0xFFFF, 0xE739, 0x9DF7, 0xCBFF, 0x8CCF, 0xD6B6, 0xFFFF, 0xFFFF, 0xFFFF, 0xC691, 0x9165, 0xD715, 0xFFFF, 0xFFFF, 0xFFFF,
  0xFFFF, 0xADAB, 0x99A6, 0xA589, 0xFFFF, 0xFFFF, 0xFFFF, 0xFFFF, 0xFFFF, 0xFFFF, 0xFFFF, 0xFFFF, 0xFFFF, 0xFFFF, 0xE739, 0x8CAB,
  0xC37F, 0xA25C, 0xC611, 0xFFFF, 0xFFFF, 0xFFFF, 0xFFFF, 0xFFFF, 0xFFFF, 0xFFFF, 0xFFFF, 0xFFFF, 0xFFFF, 0xFFFF, 0xD6B6, 0xAA7D,
  0xBF5F, 0xA572, 0xFFFF, 0xFFFF, 0xFFFF, 0xD2B4, 0xA6CC, 0xBFF3, 0x9E68, 0xCA92, 0xFFFF, 0xFFFE, 0xA98A, 0xAEED, 0xC7F6, 0xA70C,
  0xB1CC, 0xE738, 0xDAD5, 0xF79C, 0xFFFF, 0xFFFF, 0xFFFF, 0xFFFF, 0xFFFF, 0xFFFF, 0xFFFF, 0x94A7, 0xB2BF, 0xB2DF, 0xB9F1, 0xFFFF,
  0xFFFF, 0xFFFF, 0xFFFF, 0xFFFF, 0xFFFF, 0xFFFF, 0xFFFF, 0xFFFF, 0xFFFF, 0xFFFF, 0xA192, 0xC77F, 0x9553, 0xCE75, 0xFFFF, 0xFFFF,
  0xDAB6, 0x9D07, 0xB36E, 0xA7CC, 0xBFF1, 0xAA4A, 0x8424, 0x946B, 0x9528, 0xBFF2, 0xB3F0, 0xBFF2, 0x9927, 0x988D, 0x9CB0, 0x9046,
  0xA54F, 0x9D50, 0x990E, 0xA54E, 0xE718, 0xFFFF, 0xFFFF, 0xDED7, 0x9974, 0xC7BF, 0x9D93, 0xE719, 0xFFFF, 0xFFFF, 0xFFFF, 0xFFFF,
  0xFFFF, 0xFFFF, 0xFFFF, 0xFFFF, 0xFFFF, 0xEB5A, 0xA619, 0xC77F, 0x9930, 0x9CC9, 0xC212, 0xA98A, 0x99A7, 0x9DE8, 0xAB0B, 0xBBF1,
  0xAAAB, 0xA130, 0xB59F, 0xB13B, 0xB5BE, 0xA1EF, 0xBFD0, 0xB2AD, 0xAD57, 0xB99F, 0xB99F, 0xB57B, 0xA0F0, 0xADF8, 0xBADF, 0xBADF,
  0xAE39, 0x9D4F, 0xC611, 0xA52A, 0x990E, 0xB2FF, 0xB29E, 0xBE11, 0xFFFF, 0xFFFF, 0xFFFF, 0xFFFF, 0xFFFF, 0xFFFF, 0xFFFF, 0xFFFF,
  0xFFFF, 0xA94B, 0xAA1A, 0xC33F, 0x9D51, 0xB1F9, 0xA997, 0x9926, 0xBF8E, 0xBFF0, 0xB76D, 0xAEAB, 0x9D0E, 0xB57F, 0xB19F, 0xB19F,
  0xC61F, 0xAD3F, 0xAD8B, 0xA90D, 0xC1BF, 0xBDBF, 0xB59F, 0xCE7F, 0xA91A, 0x98CB, 0x9D2E, 0x9D50, 0xA5B3, 0xB65A, 0xAE1A, 0xA9D6,
  0x98ED, 0xBB1F, 0xBB1F, 0x98EA, 0xFFFF, 0xFFFF, 0xFFFF, 0xFFFF, 0xFFFF, 0xFFFF, 0xFFFF, 0xFFFF, 0xFFFF, 0x8866, 0xB6BF, 0xB6BF,
  0x9D2D, 0xA991, 0x9D10, 0xAD32, 0xAD93, 0xA18B, 0xADE7, 0x9CC8, 0xB15F, 0xB17F, 0xA95F, 0xC21F, 0xAD3F, 0xB11F, 0xA08D, 0xACD2,
  0xA49D, 0xB97F, 0xBDBF, 0xAD3F, 0xB97F, 0xA085, 0xD186, 0xD9A7, 0xB4E4, 0x94A7, 0xA594, 0xBA7D, 0x98CC, 0xAE3B, 0xC35F, 0x90AA,
  0xFFFF, 0xFFFF, 0xFFFF, 0xFFFF, 0xFFFF, 0xFFFF, 0xFFFF, 0xFFFF, 0xB16B, 0x990D, 0xCB9F, 0xAA1B, 0x98C8, 0x9889, 0xB15C, 0xB13E,
  0xB55F, 0xB59F, 0xA0AE, 0xA0AC, 0xB11F, 0xB57F, 0xB15F, 0xACFF, 0xA8DC, 0xA4DA, 0xB59F, 0xBDDF, 0xB55F, 0xA8BA, 0xB51F, 0xB0FD,
  0xA48F, 0xD9CA, 0xFF51, 0xFEAC, 0xFE8D, 0xC966, 0xBD48, 0x8C65, 0x9065, 0xA1B5, 0xC79F, 0xA1B4, 0x94A6, 0xFFFF, 0xFFFF, 0xFFFF,
  0xFFFF, 0xFFFF, 0xFFFF, 0xB5F3, 0xADF6, 0x950E, 0xC31F, 0xA5D7, 0x9465, 0xACF9, 0xB99F, 0xB9DF, 0xAD7F, 0xB9BF, 0xAD1C, 0x986B,
  0xA4B4, 0xA0B9, 0xA499, 0xB0FC, 0x9C74, 0xB9BF, 0xB59F, 0xAD7F, 0xB15F, 0xA4B5, 0xB0D2, 0xD58C, 0xD9A9, 0xBD05, 0xF24B, 0xFF0E,
  0xFEAC, 0xDD87, 0xBD06, 0xA4EA, 0x98C8, 0xA195, 0xC79F, 0x9993, 0xA172, 0xB638, 0xFFFF, 0xFFFF, 0xFFFF, 0xFFFF, 0xB5D1, 0xB29F,
  0xBEDF, 0x90CC, 0xC31F, 0xA5B5, 0x9847, 0xB0FF, 0xB13F, 0xB1BF, 0xB9BF, 0xA4DE, 0x9C74, 0xA919, 0xB17C, 0xB17C, 0xA918, 0x9C90,
  0xB13E, 0xB17F, 0xB59F, 0xB932, 0xD5AE, 0xC56C, 0xACA5, 0xFF0F, 0xFF50, 0xEE2C, 0xCD67, 0xF64B, 0xE5C8, 0xBCE4, 0xD188, 0xD588,
  0xA4A3, 0xA594, 0xC37F, 0x9993, 0x9D73, 0xC79F, 0x952F, 0xFFFF, 0xFFFF, 0xD6B6, 0xB69C, 0xC37F, 0x9D73, 0xADB7, 0xB21C, 0x9D0D,
  0x98E6, 0xAD19, 0xB53F, 0xB13F, 0xACDF, 0xA496, 0xAD3D, 0xB9DF, 0xAD37, 0xB135, 0xB9DF, 0xA0D5, 0xA8FA, 0xB13F, 0xA8D1, 0xFEAE,
  0xFF71, 0xEA0A, 0xD9CA, 0xE5E9, 0xFA4B, 0xE5E9, 0xB8E4, 0xB0C4, 0xB0C4, 0xEE2C, 0xFECE, 0xFEAD, 0xDDC9, 0x9CED, 0xBADF, 0xA1D6,
  0x94CB, 0xB6BF, 0xC77F, 0xA98F, 0xFFFF, 0xB9CF, 0xBF3F, 0xC33F, 0x90CE, 0xC2BF, 0xA18F, 0xA64A, 0xCBF2, 0xA58D, 0xA4B6, 0xA8D9,
  0xA8D6, 0xA4B4, 0xB59F, 0xB1BF, 0xB59F, 0xB17D, 0xBDDF, 0xAD1F, 0xA0B1, 0x988C, 0xB0E7, 0xFF0E, 0xFEED, 0xFA6C, 0xCD87, 0xB0C5,
  0xBD06, 0xE1C9, 0xEE2B, 0xF66D, 0xC926, 0xFA4C, 0xFE8C, 0xFE8C, 0xF64B, 0x9888, 0xAE1B, 0xBEFF, 0x9D2F, 0x9DB4, 0xCFFF, 0x90EB,
  0xFFFF, 0xC211, 0xB6DF, 0xBF1F, 0x94EE, 0xA595, 0xB2AD, 0xC7F2, 0xB2ED, 0xA52D, 0xC9B5, 0xC1B8, 0xA918, 0xA4B4, 0xB55F, 0xB17F,
  0xB9DF, 0xB9DF, 0xAD3F, 0xA4B9, 0x9C91, 0xAD5A, 0xA8F1, 0xD5A9, 0xE1C8, 0xC945, 0xE20B, 0xC568, 0xB0C3, 0xFEEF, 0xFE8C, 0xFE8C,
  0xFE6C, 0xD546, 0xFE4B, 0xFE6B, 0xD586, 0x9CCA, 0xA152, 0xA9D9, 0xA571, 0xA5F5, 0xCFFF, 0x90CA, 0xFFFF, 0xC1F0, 0xB6FF, 0xBF1F,
  0x90AB, 0xA550, 0xAE29, 0xB6CC, 0x94CE, 0xC1BF, 0xD9D1, 0xD1D9, 0xC23F, 0xB15F, 0xA8B5, 0xB11F, 0xA8DF, 0xACFF, 0xA8DA, 0xA4B5,
  0xBDDF, 0xB19F, 0xB59F, 0xA4D2, 0xB4E5, 0xFF10, 0xF24B, 0xFF10, 0xDDA8, 0xFE6B, 0xFF51, 0xFF0F, 0xF22A, 0xC505, 0xCD46, 0xCD46,
  0xACA4, 0xA992, 0xB6BF, 0xBAFF, 0xA150, 0x9D92, 0xC37F, 0x94CA, 0xFFFF, 0xC1F0, 0xA219, 0xCFFF, 0xA173, 0x9488, 0xA106, 0xA106,
  0xB13D, 0xB59F, 0xBDDF, 0xC1FF, 0xB9DF, 0xB13F, 0xA8B0, 0xA4D5, 0xA91F, 0xAD3E, 0xA0B2, 0xA8D5, 0xB9BF, 0xB1BF, 0xB1BF, 0xAD3F,
  0xB4C7, 0xFF72, 0xFECD, 0xFF2F, 0xE5E9, 0xCD25, 0xE186, 0xE1A8, 0xCD25, 0xFE8D, 0xFE6C, 0xF22B, 0xC526, 0xA594, 0xC35F, 0xB29F,
  0x90EC, 0xB2BE, 0xBB1F, 0x90A8, 0xFFFF, 0xCE73, 0x950F, 0xBB3F, 0xC7BF, 0x9930, 0x9865, 0xAD09, 0xACDB, 0xB59F, 0xB1DF, 0xB5FF,
  0xBD9F, 0xA4BC, 0xA8D8, 0xB9DF, 0xC1FF, 0xCDF7, 0xB9BE, 0x9CB5, 0xA8FE, 0xB9DF, 0xB59F, 0xAD1E, 0xB4C9, 0xF208, 0xFEAC, 0xEE08,
  0xCD45, 0xEE0A, 0xF22B, 0xC0E4, 0xDD88, 0xFF71, 0xFE4B, 0xFEAD, 0xF64C, 0xA550, 0xB23C, 0x9931, 0xB27D, 0xC39F, 0xAE3B, 0xA10B,
  0xFFFF, 0xFFFF, 0xA52D, 0xAE3D, 0xBB7F, 0xC7BF, 0x9D71, 0x9065, 0xA4B2, 0xB0FF, 0xB15F, 0xB57F, 0xA8DF, 0xA097, 0xB99F, 0xBA1F,
  0xC19A, 0xCD6C, 0xC1DF, 0xAD5F, 0x9C73, 0xB53F, 0xB13F, 0xA4AE, 0xB4E6, 0xC946, 0xD166, 0xC505, 0xFE4B, 0xFEEE, 0xFE49, 0xFE6C,
  0xD966, 0xFECD, 0xFF51, 0xFECE, 0xD587, 0x9486, 0x90CB, 0xB6DF, 0xC3BF, 0xB2BF, 0x98ED, 0xFFFF, 0xFFFF, 0xFFFF, 0x9CE8, 0x9D52,
  0xB27F, 0xBB7F, 0xC7DF, 0xB6DF, 0x9D2F, 0xA0B1, 0xA8BB, 0xB0DF, 0xACD9, 0xA497, 0xB15F, 0xB5FF, 0xB9FF, 0xBDFF, 0xC21F, 0xAD3F,
  0xA8B7, 0xA8B7, 0xB0EE, 0xE60B, 0xFF11, 0xEA0C, 0xC946, 0xC106, 0xFE8C, 0xFF0F, 0xFECD, 0xFEAD, 0xCD46, 0xFA2B, 0xE9C9, 0xC527,
  0xA4C8, 0xB6BD, 0xC39F, 0xC3DF, 0xB2FF, 0xB25C, 0x8425, 0xFFFF, 0xFFFF, 0xFFFF, 0xCA52, 0x9086, 0x9910, 0xAE5D, 0xB73F, 0xBF9F,
  0xCFFF, 0xB6BD, 0xA173, 0x988D, 0x986B, 0xA492, 0xACFF, 0xB15F, 0xB5DF, 0xBE3F, 0xB9DF, 0xA4DD, 0xACDA, 0xA8B6, 0xC529, 0xFF30,
  0xFF51, 0xF20A, 0xFE6D, 0xC505, 0xFA2A, 0xFA29, 0xFE8C, 0xE5C9, 0xACC6, 0xACC6, 0x9CEA, 0xBADE, 0xC37F, 0xCBFF, 0xC3BF, 0xAE9F,
  0xA9F9, 0x94CC, 0xA0E8, 0xFFFF, 0xFFFF, 0xFFFF, 0xFFFF, 0xA10A, 0x98EE, 0x990F, 0xA5D8, 0xAE7F, 0xB75F, 0xCFFF, 0xD3FF, 0xC33F,
  0xC73F, 0x9D0F, 0x98D0, 0x9CB7, 0xA4BC, 0xA8DF, 0xA8DD, 0xACB7, 0xACB5, 0xACB4, 0xC0E7, 0xFE6B, 0xFE8C, 0xFEAD, 0xF1E9, 0xBD06,
  0xB4E5, 0xB0E6, 0xB0E7, 0xA50A, 0xB69C, 0xBAFF, 0xCB9F, 0xCFFF, 0xC7DF, 0xBB3F, 0xAE3C, 0xA152, 0xA130, 0x9088, 0xFFFF, 0xFFFF,
  0xFFFF, 0xFFFF, 0xFFFF, 0xA10A, 0xA9B8, 0xA996, 0x94CD, 0x9D52, 0xAE7F, 0xB2FF, 0xB33F, 0xCFFF, 0xCBFF, 0xBB5F, 0xCBDF, 0xC79F,
  0xA9D9, 0x98CE, 0x9CF0, 0x9CEF, 0xA10E, 0xA10E, 0xA92C, 0xAD2A, 0xA909, 0xB12B, 0xB14C, 0x9CE9, 0x9D70, 0xC37F, 0xBF7F, 0xC39F,
  0xC7FF, 0xBB7F, 0xC7BF, 0xB2DF, 0xB69F, 0xA5D8, 0x990F, 0xA153, 0xBA5E, 0x8C68, 0xFFFF, 0xFFFF, 0xFFFF, 0xFFFF, 0xFFFF, 0xA52B,
  0xA575, 0xA9FC, 0xB23D, 0xA174, 0x9910, 0x9932, 0xAA3D, 0xAA5E, 0xA65E, 0xBF9F, 0xC3FF, 0xBF7F, 0xC7BF, 0xCFFF, 0xC39F, 0xCBDF,
  0xD7FF, 0xD7FF, 0xDBFF, 0xD3FF, 0xD7FF, 0xC39F, 0xCBDF, 0xD3FF, 0xCBFF, 0xBF9F, 0xCBFF, 0xCBFF, 0xAE7F, 0xB69F, 0xAE1A, 0x9930,
  0x990F, 0x9D32, 0xA9B7, 0xB23F, 0xADFA, 0x8C87, 0xFFFF, 0xFFFF, 0xFFFF, 0xFFFF, 0xFFFF, 0xFFFF, 0x94EC, 0xAE1D, 0xA198, 0xAE1D,
  0xB65E, 0xA9B7, 0x94CE, 0x94CD, 0x9910, 0xAA18, 0xA9F7, 0xA1B7, 0xBF1F, 0xC3BF, 0xB6FF, 0xBB3F, 0xC37F, 0xC37F, 0xCBDF, 0xC3BF,
  0xC7BF, 0xB2DF, 0xBB3F, 0xC39F, 0xBF3F, 0xAE3A, 0xA5B6, 0xA9D6, 0xA172, 0x94EC, 0x8C8A, 0xA172, 0xB21A, 0xADFB, 0xA1B9, 0xADFC,
  0x9910, 0xD695, 0xFFFF, 0xFFFF, 0xFFFF, 0xFFFF, 0xFFFF, 0xFFFF, 0x90CA, 0xB67F, 0xAA1C, 0xA9FC, 0xA1DA, 0xAA1D, 0xB69F, 0xB23C,
  0xA573, 0x94CB, 0x94CC, 0x94CB, 0x98ED, 0x950F, 0xA594, 0xA9D7, 0xA5D8, 0xA9D9, 0xA5D8, 0xA5D8, 0xA5B7, 0xA9D7, 0xA5B6, 0xA195,
  0x9D32, 0x94CD, 0x94CD, 0x98ED, 0x9D30, 0xB1F9, 0xB65D, 0xADFA, 0xA197, 0xA9FA, 0xBA7F, 0xB67F, 0x8CAB, 0xDAD5, 0xFFFF, 0xFFFF,
  0xFFFF, 0xFFFF, 0xFFFF, 0xFFFF, 0x9CE8, 0xA596, 0xAE5F, 0x9DB9, 0xB69F, 0xAE5F, 0xAA5F, 0xAA5E, 0xA5D9, 0xB25E, 0xBADF, 0xB25D,
  0xA9B7, 0xA9B5, 0x98ED, 0x94CD, 0x9510, 0x9511, 0x9511, 0x9511, 0x9511, 0x9911, 0x9910, 0xA5B6, 0xB67E, 0xB69F, 0xBEFF, 0xBEDF,
  0xA5DA, 0xAA1C, 0xA61C, 0xAA1C, 0xB25D, 0xA5B8, 0x9D77, 0xB21B, 0x9D0C, 0xFFFF, 0xFFFF, 0xFFFF, 0xFFFF, 0xFFFF, 0xFFFF, 0xFFFF,
  0xF37C, 0x8C8B, 0xB23D, 0xB25F, 0x9977, 0xAE3E, 0xC37F, 0xC7BF, 0xB29F, 0xA61C, 0xAA5F, 0xA21D, 0xAA3E, 0xA61C, 0xA9F9, 0xBADF,
  0xC35F, 0xC77F, 0xC77F, 0xC77F, 0xC37F, 0xBF1F, 0xB27F, 0xA61C, 0xA61D, 0xA65F, 0xA65E, 0xA21C, 0xAE5E, 0xBB1F, 0xBB1F, 0xB27F,
  0x9D55, 0xA9D9, 0xB67F, 0xA596, 0x9CE9, 0xFFFF, 0xFFFF, 0xFFFF, 0xFFFF, 0xFFFF, 0xFFFF, 0xFFFF, 0xFFFF, 0x98EB, 0xADD9, 0xA1B9,
  0xAE3D, 0xA5DA, 0xA61C, 0xAE7F, 0x9DD9, 0xAE5E, 0xC37F, 0xC39F, 0xC7BF, 0xBF5F, 0xAE5F, 0xA61C, 0xA65F, 0xAA9F, 0xAABF, 0xAABF,
  0xAA9F, 0xA21D, 0xAA3E, 0xBF5F, 0xC7BF, 0xC7BF, 0xC7BF, 0xBB1F, 0xA1B9, 0xA1B9, 0xAA3D, 0xAE1C, 0xA9B9, 0xA9FA, 0xA9D9, 0x90AC,
  0xEF7B, 0xFFFF, 0xFFFF, 0xFFFF, 0xFFFF, 0xFFFF, 0xFFFF, 0xFFFF, 0xFFFF, 0xBDF0, 0x9910, 0xB21D, 0xA5D9, 0x9D97, 0xBADF, 0xC37F,
  0xBADF, 0xAA3D, 0xAA7F, 0xA67F, 0xAA7F, 0xA63E, 0xA63D, 0xBAFF, 0xBF3F, 0xCBDF, 0xCBDF, 0xCBDF, 0xC79F, 0xBB1F, 0xB29F, 0xA23E,
  0xA67F, 0xAEDF, 0xAA9F, 0xA61D, 0xB27F, 0xBF1F, 0xBEFF, 0xA198, 0xA5B8, 0xADFB, 0xA995, 0x98C9, 0xFFFF, 0xFFFF, 0xFFFF, 0xFFFF,
  0xFFFF, 0xFFFF, 0xFFFF, 0xFFFF, 0xFFFF, 0xFFFF, 0x90AA, 0xA9B8, 0x9D76, 0xADFB, 0xA1D9, 0xA63D, 0x9DB9, 0xAA3D, 0xBB3F, 0xC7BF,
  0xC7DF, 0xC79F, 0xB6DF, 0xAA5F, 0xA63E, 0xAA9F, 0xA67F, 0xAA9F, 0xA65E, 0xA61C, 0xA61C, 0xC33F, 0xC37F, 0xC39F, 0xBF7F, 0xBAFF,
  0xA5DB, 0xA1DA, 0xAE5F, 0xAE1B, 0xA196, 0xA9B8, 0x90AB, 0xE739, 0xFFFF, 0xFFFF, 0xFFFF, 0xFFFF, 0xFFFF, 0xFFFF, 0xFFFF, 0xFFFF,
  0xFFFF, 0xFFFF, 0xA10A, 0xA174, 0xADFA, 0x9933, 0xA9FA, 0xBF3F, 0xB27F, 0xAA3C, 0xA63D, 0xA25F, 0xAA9F, 0xA25F, 0xA61D, 0xBB1F,
  0xBB3F, 0xC7DF, 0xC7BF, 0xCBDF, 0xC39F, 0xBAFF, 0xAE5E, 0xA61C, 0xAA7F, 0xAA9F, 0xAA7F, 0xA63E, 0xAE3E, 0xB69F, 0xB69F, 0x9D76,
  0xA597, 0xB61B, 0x90A9, 0xFBDE, 0xFFFF, 0xFFFF, 0xFFFF, 0xFFFF, 0xFFFF, 0xFFFF, 0xFFFF, 0xFFFF, 0xFFFF, 0xFFFF, 0xFFFF, 0x8C88,
  0xA9B8, 0xA9B9, 0xA197, 0xA1D9, 0xA5DA, 0x9D98, 0xBF1F, 0xBF7F, 0xBF7F, 0xBF5F, 0xB2BF, 0xA63E, 0xAA5F, 0xAA9F, 0xA67F, 0xAA7F,
  0xAA5F, 0xA1FB, 0xAA3D, 0xC33F, 0xBF5F, 0xC79F, 0xBF3F, 0xAE5F, 0xA5FB, 0xA5DB, 0xA5DA, 0xB23E, 0xB21B, 0x90CC, 0xD6B6, 0xFFFF,
  0xFFFF, 0xFFFF, 0xFFFF, 0xFFFF, 0xFFFF, 0xFFFF, 0xFFFF, 0xFFFF, 0xFFFF, 0xFFFF, 0xFFFF, 0xEB5B, 0x8868, 0xA596, 0xA5B9, 0xA9FB,
  0xB69F, 0xAE3D, 0xA5FC, 0xA1FC, 0xAE9F, 0xA23E, 0xA63E, 0xB6DF, 0xBB1F, 0xC79F, 0xC39F, 0xC39F, 0xC35F, 0xB6BF, 0xAA1C, 0xA61C,
  0xA63E, 0xA65E, 0xA61C, 0xA5FB, 0xB25F, 0xB25F, 0xAE3E, 0xA9D8, 0x90CC, 0xB9CF, 0xFFFF, 0xFFFF, 0xFFFF, 0xFFFF, 0xFFFF, 0xFFFF,
  0xFFFF, 0xFFFF, 0xFFFF, 0xFFFF, 0xFFFF, 0xFFFF, 0xFFFF, 0xFFFF, 0xEB5B, 0x98C9, 0x9D52, 0xA9DA, 0xA5B9, 0xA198, 0xAE3D, 0xB29F,
  0xC35F, 0xBB3F, 0xBB1F, 0xA63D, 0xA63D, 0xAA7F, 0xA67F, 0xA67F, 0xAA5E, 0xA1D9, 0xAA3C, 0xBB1F, 0xBF3F, 0xBAFF, 0xAA1C, 0xAE1C,
  0x9D98, 0xADFB, 0xADF9, 0x90CA, 0xCA52, 0xFFFF, 0xFFFF, 0xFFFF, 0xFFFF, 0xFFFF, 0xFFFF, 0xFFFF, 0xFFFF, 0xFFFF, 0xFFFF, 0xFFFF,
  0xFFFF, 0xFFFF, 0xFFFF, 0xFFFF, 0xFFFF, 0xFFFF, 0xB18D, 0x9D2F, 0xA176, 0xA9D9, 0xA5DA, 0xA5DB, 0xAA5E, 0xA21D, 0xA5FC, 0xB25F,
  0xB2BF, 0xC37F, 0xBF5F, 0xC35F, 0xBF1F, 0xB27F, 0xA9FB, 0xA1D9, 0x9DB9, 0xA1DA, 0xA5B9, 0xA9D9, 0xA9F9, 0xA573, 0xA52B, 0xF7BE,
  0xFFFF, 0xFFFF, 0xFFFF, 0xFFFF, 0xFFFF, 0xFFFF, 0xFFFF, 0xFFFF, 0xFFFF, 0xFFFF, 0xFFFF, 0xFFFF, 0xFFFF, 0xFFFF, 0xFFFF, 0xFFFF,
  0xFFFF, 0xFFFF, 0xFFFF, 0xE73A, 0xBDF0, 0x9CEB, 0x9910, 0xA9F9, 0xAE5D, 0xB27F, 0xB25F, 0xA5DA, 0xA5DA, 0xAA3E, 0xA63E, 0xAA3E,
  0xAA1C, 0xA5B9, 0xA5D9, 0xB25F, 0xB27F, 0xA5B6, 0x9D52, 0x9D0D, 0xB5AE, 0xD6B6, 0xFFFF, 0xFFFF, 0xFFFF, 0xFFFF, 0xFFFF, 0xFFFF,
  0xFFFF, 0xFFFF, 0xFFFF, 0xFFFF, 0xFFFF, 0xFFFF, 0xFFFF, 0xFFFF, 0xFFFF, 0xFFFF, 0xFFFF, 0xFFFF, 0xFFFF, 0xFFFF, 0xFFFF, 0xFFFF,
  0xFFFF, 0xFFFF, 0xC210, 0xC632, 0x9D0D, 0xA574, 0xA996, 0xB1F8, 0xB219, 0xB65C, 0xB65C, 0xB65D, 0xB67D, 0xB1F9, 0xA9B6, 0xA595,
  0xA130, 0xB18D, 0xB9CE, 0xDAD7, 0xFFFF, 0xFFFF, 0xFFFF, 0xFFFF, 0xFFFF, 0xFFFF, 0xFFFF, 0xFFFF, 0xFFFF, 0xFFFF, 0xFFFF, 0xFFFF,
};
#define assets_c01_W 44
#define assets_c01_H 44

static const unsigned short assets_c02[1936] = {
  0xFFFF, 0xFFFF, 0xFFFF, 0xFFFF, 0xFFFF, 0xFFFF, 0xFFFF, 0xFFFF, 0xFFFF, 0xA92B, 0xA50C, 0xAD6F, 0xB16F, 0xA10B, 0xA50C, 0xB190,
  0xAD4E, 0xA52D, 0xB191, 0xB9F4, 0xAD6F, 0xB16D, 0xFFFF, 0xFFFF, 0xFFFF, 0xFFFF, 0xFFFF, 0xFFFF, 0xFFFF, 0xFFFF, 0xFFFF, 0xFFFF,
  0xFFFF, 0xFFFF, 0xFFFF, 0xFFFF, 0xFFFF, 0xFFFF, 0xFFFF, 0xCA31, 0xFFFF, 0xFFFF, 0xE739, 0xEF7B, 0xFFFF, 0xFFFF, 0xFFFF, 0xFFFF,
  0xFFFF, 0xFFFF, 0xFFFF, 0xFFFF, 0xC611, 0xA50C, 0xAD70, 0xA92D, 0xB5B2, 0xA92C, 0x9CC8, 0xAD4D, 0xA0EB, 0xA52C, 0xAD4E, 0xA0EA,
  0xB16F, 0xA0CA, 0xDAB6, 0xFFFF, 0xFFFF, 0xFFFF, 0xFFFF, 0xFFFF, 0xFFFF, 0xFFFF, 0xFFFF, 0xFFFF, 0xFFFF, 0xFFFF, 0xFFFF, 0xFFFF,
  0xFFFF, 0xFFFF, 0xFFFF, 0xCA52, 0xD6B5, 0xE75A, 0xE739, 0xF37B, 0xFFFF, 0xFFFF, 0xFFFF, 0xFFFF, 0xFFFF, 0xFFFF, 0xFFFF, 0xFFFF,
  0xAD6B, 0xA10C, 0xB190, 0xAD70, 0xB9D3, 0x9CCA, 0xAD93, 0xA573, 0xC27F, 0xA994, 0xA94F, 0xB619, 0xA10C, 0x8C44, 0xD695, 0xFFFF,
  0xFFFF, 0xFFFF, 0xFFFF, 0xFFFF, 0xFFFF, 0xFFFF, 0xFFFF, 0xFFFF, 0xFFFF, 0xFFFF, 0xFFFF, 0xFFFF, 0xFFFF, 0xFFFF, 0xFFFF, 0xCE73,
  0xE75A, 0xE739, 0xCA31, 0xF77B, 0xFFFF, 0xFFFF, 0xFFFF, 0xFFFF, 0xFFFF, 0xFFFF, 0xFFFF, 0xFFFF, 0xB58C, 0xA0CA, 0xA92D, 0xAD4E,
  0xA92D, 0xA552, 0xD33F, 0xCAFF, 0xCB5F, 0xC2FF, 0xB65F, 0xDB9F, 0x9D0E, 0xB9AD, 0xFFFF, 0xFFFF, 0xFFFF, 0xFFFF, 0xFFFF, 0xFFFF,
  0xFFFF, 0xFFFF, 0xFFFF, 0xFFFF, 0xFFFF, 0xFFFF, 0xFFFF, 0xFFFF, 0xFFFF, 0xFBBD, 0xC610, 0xFFFF, 0xCE94, 0xA94A, 0xB9AD, 0xA929,
  0xFFFF, 0xFFFF, 0xFFFF, 0xFFFF, 0xFFFF, 0xFFFF, 0xFFFF, 0xFFFF, 0xB9AD, 0x9CC8, 0xA50C, 0xA50B, 0xA0EB, 0xC29F, 0xA995, 0x9D0C,
  0x90CC, 0xC73F, 0xBEBF, 0x98CB, 0x8843, 0xEF5A, 0xFFFF, 0xFFFF, 0xFFFF, 0xFFFF, 0xFFFF, 0xFFFF, 0xFFFF, 0xFFFF, 0xFFFF, 0xFFFF,
  0xFFFF, 0xFFFF, 0xFFFF, 0xFFFF, 0xFFFF, 0xDAB5, 0xF7BD, 0xE318, 0xB18C, 0xFFFF, 0xFFFF, 0xFFFF, 0xFFFF, 0xFFFF, 0xFFFF, 0xFFFF,
  0xFFFF, 0xFFFF, 0xFFFF, 0xFFFF, 0xB58D, 0x9466, 0xB5F9, 0xB5F9, 0xA50D, 0xBE9F, 0xCEFF, 0xB98D, 0xA10E, 0xCF5F, 0xBE9F, 0xA92B,
  0x9CC6, 0xFFFF, 0xFFFF, 0xFFFF, 0xFFFF, 0xFFFF, 0xFFFF, 0xFFFF, 0xFFFF, 0xFFFF, 0xFFFF, 0xFFFF, 0xFFFF, 0xFFFF, 0xFFFF, 0xFFFF,
  0xA96D, 0xBDF1, 0xDED6, 0xB18C, 0xFFFF, 0xFFFF, 0xFFFF, 0xFFFF, 0xFFFF, 0xFFFF, 0xFFFF, 0xFFFF, 0xFFFF, 0xFFFF, 0xFFFF, 0xFFFF,
  0xD6B5, 0x9486, 0xBA1E, 0xCADF, 0xA10D, 0xBA9F, 0xD39F, 0xBA3B, 0xC6FF, 0xCF9F, 0xC2DF, 0xDF7F, 0xA52B, 0xFFFF, 0xFFFF, 0xFFFF,
  0xFFFF, 0xFFFF, 0xFFFF, 0xFFFF, 0xFFFF, 0xFFFF, 0xFFFF, 0xFFFF, 0xFFFF, 0xFFFF, 0xFFFF, 0xCA77, 0xADFA, 0xA172, 0x9CE8, 0xFFFF,
  0xFFFF, 0xFFFF, 0xFFFF, 0xFFFF, 0xFFFF, 0xFFFF, 0xFFFF, 0xFFFF, 0xFFFF, 0xFFFF, 0xFFFF, 0xFFFF, 0xFFFF, 0x9484, 0xA950, 0xB1B4,
  0xA10B, 0xBA5E, 0xBF3F, 0xCB9F, 0xD3BF, 0xD39F, 0xC2FF, 0xC2DF, 0xA52C, 0xFFFF, 0xFFFF, 0xFFFF, 0xFFFF, 0xFFFF, 0xFFFF, 0xFFFF,
  0xFFFF, 0xFFFF, 0xFFFF, 0xFFFF, 0xFFFF, 0xFFFF, 0xBE13, 0xA5D9, 0xA9FA, 0xB1B1, 0xFFFF, 0xFFFF, 0xFFFF, 0xFFFF, 0xFFFF, 0xFFFF,
  0xFFFF, 0xFFFF, 0xFFFF, 0xFFFF, 0xFFFF, 0xFFFF, 0xFFFF, 0xFFFF, 0xFFFF, 0xC5F0, 0x9065, 0xA92B, 0xA92C, 0xA12F, 0xCB3F, 0xBEBF,
  0xA9B6, 0xADD8, 0xA575, 0xB9F9, 0xA50B, 0xFFFF, 0xFFFF, 0xFFFF, 0xFFFF, 0xFFFF, 0xFFFF, 0xFFFF, 0xFFFF, 0xFFFF, 0xFFFF, 0xFFFF,
  0xFFFF, 0xC656, 0xA9D9, 0xADFA, 0xB9F2, 0xFFFF, 0xFFFF, 0xFFFF, 0xFFFF, 0xFFFF, 0xFFFF, 0xFFFF, 0xFFFF, 0xFFFF, 0xFFFF, 0xFFFF,
  0xFFFF, 0xFFFF, 0xFFFF, 0xFFFF, 0xFFFF, 0xFFFF, 0xA90A, 0x9CEA, 0xAD4D, 0xA94D, 0xAD92, 0xA550, 0xAD93, 0xB619, 0xB5F8, 0x9CC9,
  0xCA32, 0xFFFF, 0xFFFF, 0xFFFF, 0xFFFF, 0xFFFF, 0xFFFF, 0xFFFF, 0xFFFF, 0xFFFF, 0xFFFF, 0xFFFF, 0xCA77, 0xA5D9, 0xAE1A, 0xBE13,
  0xFFFF, 0xFFFF, 0xFFFF, 0xFFFF, 0xFFFF, 0xFFFF, 0xFFFF, 0xFFFF, 0xFFFF, 0xFFFF, 0xFFFF, 0xFFFF, 0xFFFF, 0xFFFF, 0xFFFF, 0xFFFF,
  0xFFFF, 0xFFFF, 0xB9B1, 0xA997, 0xA52F, 0xA94C, 0xAD4E, 0xA94D, 0xBE39, 0xC29F, 0xC25A, 0x9CC9, 0xDAD6, 0xFFFF, 0xFFFF, 0xFFFF,
  0xFFFF, 0xFFFF, 0xFFFF, 0xFFFF, 0xFFFF, 0xFFFF, 0xFFFF, 0xCEB9, 0xAA1C, 0xA5FA, 0xC655, 0xFFFF, 0xFFFF, 0xFFFF, 0xFFFF, 0xFFFF,
  0xFFFF, 0xFFFF, 0xFFFF, 0xFFFF, 0xFFFF, 0xFFFF, 0xFFFF, 0xFFFF, 0xFFFF, 0xFFFF, 0xFFFF, 0xFFFF, 0xCA54, 0xB9F5, 0xA599, 0xBE7F,
  0xADDB, 0x9CEC, 0xA92C, 0xAD6F, 0xA94D, 0xA52C, 0xB16F, 0x9CC8, 0xDED6, 0xFFFF, 0xFFFF, 0xFFFF, 0xFFFF, 0xFFFF, 0xFFFF, 0xFFFF,
  0xC235, 0xDEFB, 0xC633, 0xA9D9, 0xAE3C, 0xCA98, 0xFFFF, 0xFFFF, 0xFFFF, 0xFFFF, 0xFFFF, 0xFFFF, 0xFFFF, 0xFFFF, 0xFFFF, 0xFFFF,
  0xFFFF, 0xFFFF, 0xFFFF, 0xFFFF, 0xFFFF, 0xCE54, 0xB9CF, 0xB5D7, 0xA5DE, 0xB25F, 0xC33F, 0xCB5F, 0xBA7F, 0xADBB, 0x9CCC, 0xA50A,
  0xAD4C, 0xA92C, 0xA50B, 0x94A9, 0xBDF1, 0xFFFF, 0xFFFF, 0xFFFF, 0xFFFF, 0xFFFF, 0xFFFF, 0xE73C, 0x9933, 0xB65F, 0xA196, 0xA151,
  0xBE34, 0xFFFF, 0xFFFF, 0xFFFF, 0xFFFF, 0xFFFF, 0xFFFF, 0xFFFF, 0xFFFF, 0xFFFF, 0xFFFF, 0xFFFF, 0xFFFF, 0xFFFF, 0xFFFF, 0xFFFF,
  0xC634, 0xADFC, 0xB67F, 0xB6BF, 0xCB7F, 0xCB9F, 0xC75F, 0xCB7F, 0xCB5F, 0xB65F, 0xADBB, 0xA0EF, 0x98A9, 0x9488, 0x98CD, 0xBA5F,
  0xB1FD, 0xCA57, 0xFFFF, 0xFFFF, 0xFFFF, 0xFFFF, 0xEF5C, 0x9D31, 0xBA5F, 0xB6BF, 0xD3BF, 0x990F, 0xFFFF, 0xFFFF, 0xFFFF, 0xFFFF,
  0xFFFF, 0xFFFF, 0xFFFF, 0xFFFF, 0xFFFF, 0xFFFF, 0xFFFF, 0xFFFF, 0xFFFF, 0xFFFF, 0xFFFF, 0xD295, 0xA9B9, 0xCB9F, 0xCB9F, 0xCB9F,
  0xCB9F, 0xC33F, 0xBABF, 0xBA9F, 0xC33F, 0xC73F, 0xB65F, 0xADBD, 0xA957, 0xB1DC, 0xB21F, 0xB69F, 0xC73F, 0xA9DD, 0xC213, 0xFFFF,
  0xFFFF, 0xFFFF, 0xA972, 0xBE9F, 0xBABF, 0xBEFF, 0xC31F, 0x9D31, 0xFFFF, 0xFFFF, 0xFFFF, 0xFFFF, 0xFFFF, 0xFFFF, 0xFFFF, 0xFFFF,
  0xFFFF, 0xFFFF, 0xFFFF, 0xFFFF, 0xFFFF, 0xFFFF, 0xFFFF, 0xAD91, 0xC2FF, 0xC77F, 0xC35F, 0xC37F, 0xCB9F, 0xCB9F, 0xCB5F, 0xCB5F,
  0xC31F, 0xBEDF, 0xBEDF, 0xB65F, 0xADDF, 0xBA5F, 0xC2FF, 0xC75F, 0xC75F, 0xCB3F, 0xA152, 0xFFFF, 0xFFFF, 0xFFFF, 0x98EF, 0xCB3F,
  0xBEDF, 0xCB5F, 0xCB5F, 0x990F, 0xFFFF, 0xFFFF, 0xFFFF, 0xFFFF, 0xFFFF, 0xFFFF, 0xFFFF, 0xFFFF, 0xFFFF, 0xFFFF, 0xFFFF, 0xFFFF,
  0xFFFF, 0xFFFF, 0xD6B6, 0xB63D, 0xCB7F, 0xC77F, 0xC77F, 0xC77F, 0xC77F, 0xC75F, 0xCB9F, 0xCB9F, 0xCB7F, 0xC33F, 0xC35F, 0xC73F,
  0xC31F, 0xCB5F, 0xC77F, 0xC77F, 0xC31F, 0xBEDF, 0xA9DD, 0xE71A, 0xFFFF, 0xAD92, 0xA531, 0xB1FB, 0xCF7F, 0xC2FF, 0xC29F, 0xBE14,
  0xFFFF, 0xFFFF, 0xFFFF, 0xFFFF, 0xFFFF, 0xFFFF, 0xFFFF, 0xFFFF, 0xFFFF, 0xFFFF, 0xFFFF, 0xFFFF, 0xFFFF, 0xFFFF, 0xB5B0, 0xA9FF,
  0xCB9F, 0xCB9F, 0xCB9F, 0xC75F, 0xBABF, 0xBEFF, 0xC77F, 0xC77F, 0xC75F, 0xC75F, 0xC75F, 0xC77F, 0xCB9F, 0xC77F, 0xC77F, 0xCB7F,
  0xBA9F, 0xA9BD, 0xBE5F, 0xA50C, 0xA571, 0xB63F, 0xA573, 0xA132, 0xBE7F, 0xC29F, 0x94CD, 0xFFFF, 0xFFFF, 0xFFFF, 0xFFFF, 0xFFFF,
  0xFFFF, 0xFFFF, 0xFFFF, 0xFFFF, 0xFFFF, 0xFFFF, 0xFFFF, 0xFFFF, 0xFFFF, 0xF39C, 0x9D0F, 0xC2BF, 0xC73F, 0xC31F, 0xC73F, 0xBA9F,
  0xB65F, 0xC73F, 0xC77F, 0xC75F, 0xC75F, 0xC75F, 0xC77F, 0xC75F, 0xC33F, 0xC77F, 0xC77F, 0xCB9F, 0xBA7F, 0xA998, 0xBA3F, 0x9932,
  0xB65F, 0xA9B7, 0x94AA, 0xADB9, 0xB61F, 0xA132, 0xFBDF, 0xFFFF, 0xFFFF, 0xFFFF, 0xFFFF, 0xFFFF, 0xFFFF, 0xFFFF, 0xFFFF, 0xFFFF,
  0xFFFF, 0xFFFF, 0xFFFF, 0xFFFF, 0xFFFF, 0xBDF2, 0xBA7F, 0xCB5F, 0xBEDF, 0xBEBF, 0xBE9F, 0xB61F, 0xA59B, 0xC75F, 0xC77F, 0xC75F,
  0xC75F, 0xC77F, 0xC77F, 0xC33F, 0xB69F, 0xCB7F, 0xC77F, 0xCB7F, 0xBE9F, 0xA131, 0xA176, 0xBA5F, 0xA9B7, 0x90A9, 0xA998, 0xBA5F,
  0xBA5F, 0x9D0E, 0xFFFF, 0xFFFF, 0xFFFF, 0xFFFF, 0xFFFF, 0xFFFF, 0xFFFF, 0xFFFF, 0xFFFF, 0xFFFF, 0xFFFF, 0xFFFF, 0xFFFF, 0xFFFF,
  0xFFFF, 0xC236, 0xC31F, 0xCF9F, 0xBEFF, 0xC73F, 0xBEBF, 0xA135, 0xAD9A, 0xBEBF, 0xC75F, 0xC75F, 0xC75F, 0xC77F, 0xCB9F, 0xC73F,
  0xBABF, 0xCB9F, 0xC77F, 0xCB5F, 0xA596, 0xA152, 0xBA7F, 0xA9B8, 0x90A8, 0xA132, 0xBEBF, 0xC31F, 0xC29F, 0x98CB, 0xFFFF, 0xFFFF,
  0xFFFF, 0xFFFF, 0xFFFF, 0xFFFF, 0xFFFF, 0xFFFF, 0xFFFF, 0xFFFF, 0xFFFF, 0xFFFF, 0xFFFF, 0xFFFF, 0xCE74, 0xB21B, 0xCF7F, 0xCB9F,
  0xCB7F, 0xCF9F, 0xC2BF, 0x9D12, 0xA979, 0xADDF, 0xC2DF, 0xBADF, 0xCB7F, 0xCB9F, 0xCB7F, 0xBEDF, 0xBABF, 0xCF9F, 0xCF9F, 0xB25F,
  0xA174, 0xBA7F, 0xADFB, 0x98CD, 0xA996, 0xB23F, 0xC33F, 0xC31F, 0x9D33, 0xFFDF, 0xFFFF, 0xFFFF, 0xFFFF, 0xFFFF, 0xFFFF, 0xFFFF,
  0xFFFF, 0xFFFF, 0xFFFF, 0xFFFF, 0xFFFF, 0xFFFF, 0xFFFF, 0xFFFF, 0xB16E, 0xB25F, 0xCF9F, 0xCB9F, 0xCF9F, 0xCB5F, 0xB21F, 0xA978,
  0xB5DE, 0xA579, 0xADBC, 0xBA5F, 0xBEBF, 0xBEDF, 0xBEDF, 0xB67F, 0xB67F, 0xBEBF, 0xB65F, 0x9D75, 0xBEBF, 0xADFA, 0x98EF, 0xA977,
  0xB63F, 0xC31F, 0xC33F, 0xC6FF, 0x98CE, 0xFFFF, 0xFFFF, 0xFFFF, 0xFFFF, 0xFFFF, 0xFFFF, 0xFFFF, 0xFFFF, 0xFFFF, 0xFFFF, 0xFFFF,
  0xFFFF, 0xFFFF, 0xFFFF, 0xFFFF, 0xB5B2, 0xB67F, 0xCB9F, 0xC73F, 0xC71F, 0xADFF, 0x98F0, 0xB1DC, 0xBA5F, 0xB63F, 0xADFF, 0xB21F,
  0xBA9F, 0xB69F, 0xBF1F, 0xC75F, 0xCB7F, 0xBE9F, 0x9D53, 0xBEBF, 0xA9DA, 0x94CC, 0xB5FC, 0xADDE, 0xBA7F, 0xC73F, 0xC31F, 0xB21F,
  0xB191, 0xFFFF, 0xFFFF, 0xFFFF, 0xFFFF, 0xFFFF, 0xFFFF, 0xFFFF, 0xFFFF, 0xFFFF, 0xFFFF, 0xFFFF, 0xFFFF, 0xFFFF, 0xFFFF, 0xFFFF,
  0xB1DA, 0xBEDF, 0xC75F, 0xB67F, 0xA178, 0xC257, 0xAD6E, 0xADBA, 0xBA5F, 0xBEDF, 0xC73F, 0xC73F, 0xCB7F, 0xC75F, 0xC33F, 0xC75F,
  0xC73F, 0xA196, 0xBEBF, 0xA5B9, 0xB1B0, 0xB190, 0xB5FD, 0xB61F, 0xC2FF, 0xC73F, 0xBE9F, 0x98F2, 0xF39D, 0xFFFF, 0xFFFF, 0xFFFF,
  0xFFFF, 0xFFFF, 0xFFFF, 0xFFFF, 0xFFFF, 0xFFFF, 0xFFFF, 0xFFFF, 0xFFFF, 0xFFFF, 0xFFFF, 0xFFFF, 0xADFC, 0xC33F, 0xC33F, 0xC73F,
  0xBEBF, 0xDB3F, 0xB9B1, 0xAD9A, 0xB65F, 0xBEBF, 0xCB5F, 0xC33F, 0xBEFF, 0xC31F, 0xC33F, 0xBA9F, 0xA176, 0xBEBF, 0xAE1C, 0xA52C,
  0xFFFF, 0xFFFF, 0x9CEE, 0xBA3F, 0xC2BF, 0xC6FF, 0xA9BA, 0xBDF2, 0xFFFF, 0xFFFF, 0xFFFF, 0xFFFF, 0xFFFF, 0xFFFF, 0xFFFF, 0xFFFF,
  0xFFFF, 0xFFFF, 0xFFFF, 0xFFFF, 0xFFFF, 0xFFFF, 0xFFFF, 0xFFFF, 0xB61E, 0xC75F, 0xC77F, 0xC79F, 0xCFBF, 0xC2FF, 0x990F, 0xB198,
  0xBE5F, 0xBE9F, 0xBEBF, 0xBABF, 0xBEFF, 0xC73F, 0xBEDF, 0x9D53, 0xB63E, 0xADFB, 0x908A, 0xCE52, 0xFFFF, 0xFFFF, 0xFFFF, 0xA552,
  0xA999, 0xA575, 0xB1B0, 0xFFFF, 0xFFFF, 0xFFFF, 0xFFFF, 0xFFFF, 0xFFFF, 0xFFFF, 0xFFFF, 0xFFFF, 0xFFFF, 0xFFFF, 0xFFFF, 0xFFFF,
  0xFFFF, 0xFFFF, 0xFFFF, 0xFFFF, 0xB1B6, 0xB65F, 0xBEFF, 0xCB9F, 0xC37F, 0xCBBF, 0xC71F, 0x9D32, 0xB61F, 0xC6DF, 0xBEBF, 0xC2FF,
  0xCB5F, 0xC2DF, 0xA174, 0xB63D, 0xA9B8, 0x98EF, 0xA552, 0xC632, 0xFFFF, 0xFFFF, 0xFFFF, 0xFFFF, 0xC633, 0xC633, 0xFFFF, 0xFFFF,
  0xFFFF, 0xFFFF, 0xFFFF, 0xFFFF, 0xFFFF, 0xFFFF, 0xFFFF, 0xFFFF, 0xFFFF, 0xFFFF, 0xFFFF, 0xFFFF, 0xFFFF, 0xFFFF, 0xFFFF, 0xFFFF,
  0xE310, 0xA971, 0xBA7F, 0xC31F, 0xCB7F, 0xC77F, 0xCB7F, 0xC2DF, 0x9D34, 0xB63F, 0xB65F, 0xBA7F, 0xBA5E, 0x9932, 0xB63E, 0xA9B7,
  0x98EE, 0xBE7F, 0xADDA, 0xBDEE, 0xFFFF, 0xFFFF, 0xFFFF, 0xFFFF, 0xFFFF, 0xFFFF, 0xFFFF, 0xFFFF, 0xFFFF, 0xFFFF, 0xFFFF, 0xFFFF,
  0xFFFF, 0xFFFF, 0xFFFF, 0xFFFF, 0xFFFF, 0xFFFF, 0xFFFF, 0xFFFF, 0xFFFF, 0xFFFF, 0xFFFF, 0xFFFF, 0xFFED, 0xE6A9, 0xA92C, 0xB1DB,
  0xBA7F, 0xC75F, 0xCB9F, 0xCFDF, 0xC2FF, 0xA596, 0xA9D7, 0xA593, 0x94CC, 0xB61C, 0xA996, 0x94CD, 0xBA5E, 0xBEBF, 0xA9B9, 0xB566,
  0xFFEC, 0xFFEA, 0xFFEB, 0xFFEA, 0xFFEA, 0xFFEA, 0xFFEA, 0xFFEA, 0xFFEA, 0xFFEA, 0xFFE9, 0xFFE9, 0xFFE9, 0xFFE9, 0xFFE9, 0xFFE9,
  0xFFE9, 0xFFE9, 0xFFE9, 0xFFE9, 0xFFE9, 0xFFE9, 0xFFE9, 0xFFEB, 0xFF06, 0xFF48, 0xF6E9, 0xB546, 0x9CED, 0xB63F, 0xC71F, 0xCB9F,
  0xCBBF, 0xCFDF, 0xD3DF, 0xD3BF, 0xADD9, 0xA552, 0x98EE, 0xBA5F, 0xBA9F, 0xBE9F, 0xB1FC, 0xA4C5, 0xF287, 0xFF47, 0xFF46, 0xFF46,
  0xFF46, 0xFF47, 0xFF27, 0xFF47, 0xFF27, 0xFF27, 0xFF27, 0xFF26, 0xFF26, 0xFF06, 0xFF26, 0xFF06, 0xFF06, 0xFF06, 0xFF06, 0xFF26,
  0xFF26, 0xFF26, 0xFF26, 0xFF28, 0xFF28, 0xFF27, 0xFF28, 0xFF29, 0xEA67, 0xA0C7, 0xA153, 0xC71F, 0xCB9F, 0xC37F, 0xC77F, 0xCFBF,
  0xC6FF, 0x9D0E, 0xA972, 0xB61D, 0xB1FC, 0xA9B8, 0xA594, 0xA990, 0xBD45, 0xFF49, 0xFF47, 0xFF47, 0xFF27, 0xFF27, 0xFF27, 0xFF27,
  0xFF47, 0xFF47, 0xFF27, 0xFF47, 0xFF88, 0xFF87, 0xFF87, 0xFF87, 0xFF87, 0xFF88, 0xFF88, 0xFF47, 0xFF47, 0xFF47, 0xFF47, 0xFF29,
  0xFF67, 0xFF88, 0xFF67, 0xFF66, 0xFF89, 0xB126, 0x9D0E, 0xA175, 0xC2FF, 0xCB9F, 0xCB9F, 0xBADF, 0xBEDF, 0xB1F9, 0x990B, 0xA18E,
  0x992B, 0xA5AF, 0xD3BF, 0xB676, 0xB965, 0xFFA9, 0xFF87, 0xFF87, 0xFF87, 0xFF87, 0xFF87, 0xFF87, 0xFF67, 0xFF67, 0xFFA8, 0xFF68,
  0xFFA8, 0xFFC8, 0xFFC8, 0xFFC8, 0xFFC8, 0xFFC8, 0xFFC8, 0xFF47, 0xFF26, 0xFF26, 0xFF26, 0xFF28, 0xFFE9, 0xFFE9, 0xFFE8, 0xFFE8,
  0xF2C8, 0xA529, 0xB618, 0x98EC, 0xA174, 0xC2FF, 0xC2DF, 0xB65F, 0xB1FB, 0x992D, 0xBEF9, 0xD3FF, 0xCFDF, 0xCBBF, 0xC31A, 0xA58E,
  0xB965, 0xFFEB, 0xFFE9, 0xFFE9, 0xFFE9, 0xFFE9, 0xFFE9, 0xFFE9, 0xFFE8, 0xFFA8, 0xFFA8, 0xFF87, 0xFF67, 0xFF67, 0xFF66, 0xFF87,
  0xFF87, 0xFF87, 0xFF87, 0xFF87, 0xFFA7, 0xFFA7, 0xFFA7, 0xFF48, 0xFFE9, 0xFFE9, 0xFFE9, 0xFFEA, 0xB144, 0xADB1, 0x9D2D, 0xA14F,
  0xA131, 0x9D31, 0xA998, 0xADB8, 0x94EB, 0xB212, 0xB277, 0xB256, 0xAE56, 0xAE34, 0xA58F, 0xA56E, 0xB565, 0xFFE9, 0xFFE8, 0xFFE8,
  0xFFE8, 0xFFE8, 0xFFE8, 0xFFE8, 0xFFE8, 0xFFE9, 0xFFE9, 0xFFE9, 0xFFE9, 0xFFE9, 0xFFE9, 0xFFE8, 0xFFE8, 0xFFE8, 0xFFE8, 0xFFE8,
  0xFFE8, 0xFFE8, 0xFFC7, 0xFF48, 0xFFC7, 0xFFE8, 0xFFE8, 0xFFE9, 0xB144, 0xA9B1, 0xA571, 0xBA5D, 0xADB6, 0x9087, 0xA14D, 0xA16F,
  0xA9B0, 0xA5B1, 0xA191, 0xA9D2, 0xA9B1, 0xA5B1, 0xB679, 0xBA9A, 0xB146, 0xFFEC, 0xFFE9, 0xFFE9, 0xFFE9, 0xFFE9, 0xFFE8, 0xFFE9,
  0xFFE9, 0xFFE8, 0xFFE9, 0xFFE9, 0xFFE9, 0xFFE8, 0xFFE9, 0xFFC7, 0xFFA7, 0xFFA7, 0xFFA7, 0xFFA7, 0xFFA7, 0xFF87, 0xFF86, 0xFF89,
  0xFFA7, 0xFFE8, 0xFFE9, 0xFFEB, 0xB124, 0x9D2F, 0xBE7E, 0xA9B5, 0x94CA, 0xADD2, 0xB257, 0xB679, 0xBABC, 0xBADD, 0xBEFE, 0xBA9B,
  0xBEDE, 0xBEFF, 0xC33F, 0xBF1F, 0xB633, 0xD626, 0xFFEA, 0xFFE9, 0xFFE9, 0xFFE8, 0xFFE8, 0xFFE8, 0xFFE8, 0xFFE9, 0xFFE9, 0xFFE9,
  0xFFE9, 0xFFE9, 0xFFE9, 0xFFE9, 0xFFE9, 0xFFE9, 0xFFE9, 0xFFE9, 0xFFE9, 0xFFE9, 0xFFE9, 0xFFEC, 0xFFEA, 0xFFE9, 0xFFEB, 0xFF4A,
  0xB18F, 0xBA7F, 0xA9B6, 0x94EB, 0xA9F2, 0xB258, 0xBABC, 0xB6DD, 0xBF3F, 0xC35F, 0xC33F, 0xB27A, 0xC33F, 0xC35F, 0xBF1F, 0xC33F,
  0xB25A, 0xB565, 0xFFEB, 0xFFE8, 0xFFE8, 0xFFE8, 0xFFE8, 0xFFE8, 0xFFE9, 0xFFE9, 0xFFE9, 0xFFE8, 0xFFE9, 0xFFE9, 0xFFE9, 0xFFE8,
  0xFFE9, 0xFFE9, 0xFFE9, 0xFFE8, 0xFFE9, 0xFFE9, 0xFFE9, 0xFFEC, 0xFFE9, 0xFFEB, 0xFB4A, 0xB1B0, 0xB67F, 0xADF9, 0x94EB, 0xA9D3,
  0xB679, 0xBADD, 0xC33F, 0xC33F, 0xBF3F, 0xBF3F, 0xC33F, 0xB67A, 0xBADD, 0xBAFF, 0xBF1F, 0xC33F, 0xB27A, 0xB146, 0xFFEC, 0xFFEA,
  0xFFEA, 0xFFE9, 0xFFE8, 0xFFE8, 0xFFE8, 0xFFE9, 0xFFE9, 0xFFE9, 0xFFE9, 0xFFE9, 0xFFE9, 0xFFE9, 0xFFE9, 0xFFE9, 0xFFE8, 0xFFE9,
  0xFFA7, 0xFF67, 0xFF67, 0xFF49, 0xFFEB, 0xF729, 0xB18E, 0xBA9F, 0xB21A, 0x94EC, 0xAE15, 0xB679, 0xB6BD, 0xC33F, 0xBF3F, 0xBF3F,
  0xBF3F, 0xC35F, 0xBEFF, 0xA9F4, 0xAE16, 0xAE59, 0xBF3F, 0xBF1F, 0xC31F, 0xA56E, 0xD627, 0xFFEC, 0xFFEA, 0xFFE9, 0xFFEA, 0xFFEB,
  0xFFEB, 0xFFE8, 0xFFE8, 0xFFE9, 0xFFE9, 0xFFE9, 0xFFE9, 0xFFE8, 0xFFE9, 0xFFE9, 0xFFE8, 0xFFE9, 0xFFC8, 0xFFA8, 0xFFA8, 0xFFAA,
  0xEEE9, 0xB1AE, 0xBA9F, 0xB21A, 0x98EB, 0xA9D2, 0xBA9B, 0xB259, 0xC33F, 0xC33F, 0xC33F, 0xBF1F, 0xBF3F, 0xBF1F, 0xB237, 0x9D4E,
  0xB236, 0xBEDE, 0xC33F, 0xBF1F, 0xC75F, 0xAE16, 0xC5C6, 0xFFEC, 0xFFEA, 0xFFE9, 0xFFE9, 0xFFEB, 0xFFEA, 0xFFEB, 0xFFEA, 0xFFE9,
  0xFFE9, 0xFFE9, 0xFFE9, 0xFFE9, 0xFFE9, 0xFFE9, 0xFFE9, 0xFFE9, 0xFFE9, 0xFFE9, 0xFFE9, 0xFFEC, 0xB18D, 0xBA7E, 0xA9FA, 0x94CA,
  0x9D0A, 0xB658, 0xB27A, 0xBEFF, 0xC75F, 0xBF1F, 0xBEFF, 0xBF1F, 0xBAFF, 0xA9D4, 0x94EA, 0xADF4, 0xAE37, 0xBADE, 0xC35F, 0xBF3F,
  0xC75F, 0xAE16, 0xCE06, 0xFFED, 0xFFEB, 0xFFEA, 0xFFEC, 0xFFE9, 0xFFE9, 0xFFEB, 0xFFEA, 0xFFE9, 0xFFE9, 0xFFE9, 0xFFE9, 0xFFE9,
  0xFFE9, 0xFFE9, 0xFFE8, 0xFFE8, 0xFFE8, 0xFFE9, 0xFFE9, 0xFFEC, 0xBE7D, 0xA9D8, 0xB9CC, 0xD24A, 0x9D0A, 0xB658, 0xB67A, 0xBABD,
  0xBADE, 0xB27B, 0xBADF, 0xC75F, 0xC2FF, 0x9D2C, 0x9086, 0xADF3, 0xB237, 0xB67A, 0xBADE, 0xBF3F, 0xCB9F, 0xA9F4, 0xD66A, 0xFFF5,
  0xFFEA, 0xFFEA, 0xFFED, 0xFFED, 0xFFEA, 0xFFE9, 0xFFE9, 0xFFEC, 0xFFEA, 0xFFE8, 0xFFE9, 0xFFE9, 0xFFE9, 0xFFE9, 0xFFE9, 0xFFE8,
  0xFFE9, 0xFFEA, 0xFFE9, 0xFFEC, 0xB619, 0xA92A, 0xFFEC, 0xF32A, 0x94A8, 0xB659, 0xB67A, 0xB279, 0xB27A, 0xC33F, 0xCB7F, 0xC75F,
  0xBEDE, 0xA54A, 0xCA2E, 0xA56E, 0xB236, 0xBA9A, 0xB679, 0xB69B, 0xBEFF, 0xD73D, 0xFFF8, 0xFFF7, 0xFFEB, 0xFFEA, 0xFFE9, 0xFFEF,
  0xFFEB, 0xFFE9, 0xFFE9, 0xFFEA, 0xFFEC, 0xFFE9, 0xFFE9, 0xFFE9, 0xFFE9, 0xFFE9, 0xFFE9, 0xFFE9, 0xFFED, 0xFFE8, 0xFFEC, 0xFFF2,
};
#define assets_c02_W 44
#define assets_c02_H 44

static const unsigned short assets_c03[1936] = {
  0xFFFF, 0xFFFF, 0xFFFF, 0xFFFF, 0xFFFF, 0xFFFF, 0xFFFF, 0xFFFF, 0xFFFF, 0xFFFF, 0xFFFF, 0xFFFF, 0xFFFF, 0xFFFF, 0xFFFF, 0xFFFF,
  0xFFFF, 0xFFFF, 0xFFFF, 0xFFFF, 0xCA75, 0xBEFF, 0xAE39, 0xFBBE, 0xFFFF, 0xFFFF, 0xFFFF, 0xFFFF, 0xFFFF, 0xFFFF, 0xFFFF, 0xFFFF,
  0xFFFF, 0xFFFF, 0xFFFF, 0xFFFF, 0xFFFF, 0xFFFF, 0xFFFF, 0xFFFF, 0xFFFF, 0xFFFF, 0xFFFF, 0xFFFF, 0xFFFF, 0xFFFF, 0xFFFF, 0xFFFF,
  0xFFFF, 0xFFFF, 0xFFFF, 0xFFFF, 0xFFFF, 0xFFFF, 0xFFFF, 0xFFFF, 0xFFFF, 0xFFFF, 0xFFFF, 0xFFFF, 0xFFFF, 0xFFFF, 0xFFFF, 0xFFFF,
  0xCE96, 0xBABE, 0x9D72, 0xFBDE, 0xFFFF, 0xFFFF, 0xFFFF, 0xFFFF, 0xFFFF, 0xFFFF, 0xFFFF, 0xFFFF, 0xFFFF, 0xFFFF, 0xFFFF, 0xFFFF,
  0xFFFF, 0xFFFF, 0xFFFF, 0xFFFF, 0xFFFF, 0xFFFF, 0xFFFF, 0xFFFF, 0xFFFF, 0xFFFF, 0xFFFF, 0xFFFF, 0xFFFF, 0xFFFF, 0xFFFF, 0xFFFF,
  0xFFFF, 0xFFFF, 0xFFFF, 0xFFFF, 0xFFFF, 0xFFFF, 0xFFFF, 0xFFFF, 0xFFFF, 0xFFFF, 0xFFFF, 0xFFFF, 0xCA75, 0xAA19, 0xA193, 0xFBDE,
  0xFFFF, 0xFFFF, 0xFFFF, 0xFFFF, 0xFFFF, 0xFFFF, 0xFFFF, 0xFFFF, 0xFFFF, 0xFFFF, 0xFFFF, 0xFFFF, 0xFFFF, 0xFFFF, 0xFFFF, 0xFFFF,
  0xFFFF, 0xFFFF, 0xFFFF, 0xFFFF, 0xFFFF, 0xFFFF, 0xFFFF, 0xFFFF, 0xFFFF, 0xFFFF, 0xFFFF, 0xFFFF, 0xFFFF, 0xFFFF, 0xFFFF, 0xFFFF,
  0xFFFF, 0xFFFF, 0xFFFF, 0xFFFF, 0xFFFF, 0xFFFF, 0xFFFF, 0xFFFF, 0xCA54, 0xC31F, 0xA5F7, 0xFBBE, 0xFFFF, 0xFFFF, 0xFFFF, 0xFFFF,
  0xFFFF, 0xFFFF, 0xFFFF, 0xFFFF, 0xFFFF, 0xFFFF, 0xFFFF, 0xFFFF, 0xFFFF, 0xFFFF, 0xFFFF, 0xFFFF, 0xFFFF, 0xFFFF, 0xFFFF, 0xFFFF,
  0xFFFF, 0xFFFF, 0xFFFF, 0xFFFF, 0xFFFF, 0xFFFF, 0xFFFF, 0xFFFF, 0xFFFF, 0xFFFF, 0xFFFF, 0xFFFF, 0xFFFF, 0xFFFF, 0xFFFF, 0xFFFF,
  0xFFFF, 0xFFFF, 0xFFFF, 0xFFFF, 0xCE75, 0xAE3A, 0x9D92, 0xFBDF, 0xFFFF, 0xFFFF, 0xFFFF, 0xFFFF, 0xFFFF, 0xFFFF, 0xFFFF, 0xFFFF,
  0xFFFF, 0xFFFF, 0xFFFF, 0xFFFF, 0xFFFF, 0xFFFF, 0xFFFF, 0xFFFF, 0xFFFF, 0xFFFF, 0xFFFF, 0xFFFF, 0xFFFF, 0xFFFF, 0xFFFF, 0xFFFF,
  0xFFFF, 0xFFFF, 0xFFFF, 0xFFFF, 0xFFFF, 0xFFFF, 0xFFFF, 0xFFFF, 0xFFFF, 0xFFFF, 0xFFFF, 0xFFFF, 0xFFFF, 0xFFFF, 0xFFFF, 0xFFFF,
  0xCA75, 0xB27C, 0xA9F6, 0xFFFF, 0xFFFF, 0xFFFF, 0xFFFF, 0xE739, 0xFFFF, 0xFFFF, 0xFFFF, 0xFFFF, 0xFFFF, 0xFFFF, 0xFFFF, 0xFFFF,
  0xD294, 0xFFFF, 0xFFFF, 0xFFFF, 0xFFFF, 0xFFFF, 0xFFFF, 0xFFFF, 0xFFFF, 0xFFFF, 0xFFFF, 0xFFFF, 0xFFFF, 0xFFFF, 0xFFFF, 0xFFFF,
  0xFFFF, 0xFFFF, 0xFFFF, 0xFFFF, 0xFFFF, 0xFFFF, 0xFFFF, 0xFFFF, 0xFFFF, 0xFFFF, 0xFFFF, 0xFFFF, 0xCA54, 0xC33F, 0xAA19, 0xF7BE,
  0xFFFF, 0xFFFF, 0xD2B6, 0xCA54, 0xAD8D, 0xFFFF, 0xFFFF, 0xFFFF, 0xFFFF, 0xFFFF, 0xFFFF, 0xB5D0, 0xBA12, 0xE73A, 0xFFFF, 0xFFFF,
  0xFFFF, 0xFFFF, 0xFFFF, 0xFFFF, 0xFFFF, 0xFFFF, 0xFFFF, 0xFFFF, 0xFFFF, 0xFFFF, 0xFFFF, 0xFFFF, 0xFFFF, 0xFFFF, 0xFFFF, 0xFFFF,
  0xFFFF, 0xFFFF, 0xFFFF, 0xFFFF, 0xFFFF, 0xFFFF, 0xFFFF, 0xFFFF, 0xCE95, 0xA1B6, 0xA1B4, 0xFBDF, 0xFFFF, 0xEB5A, 0xB9F3, 0xFFFF,
  0xEB9F, 0xB9F0, 0xFFFF, 0xFFFF, 0xFFFF, 0xFFFF, 0xBDF0, 0xCAB9, 0xF3FF, 0x9CE9, 0xFFFF, 0xFFFF, 0xFFFF, 0xFFFF, 0xFFFF, 0xFFFF,
  0xFFFF, 0xFFFF, 0xFFFF, 0xFFFF, 0xFFFF, 0xFFFF, 0xFFFF, 0xFFFF, 0xFFFF, 0xFFFF, 0xFFFF, 0xFFFF, 0xFFFF, 0xFFFF, 0xFFFF, 0xFFFF,
  0xFFFF, 0xFFFF, 0xFFFF, 0xFBDE, 0x9D0B, 0xBABE, 0x9D72, 0xE739, 0xFFFF, 0xF39C, 0xBE16, 0xD2FF, 0xDF5F, 0xD2FA, 0xDAD7, 0xFFFF,
  0xFFFF, 0xFFFF, 0xB18E, 0xD2FD, 0xE37F, 0xA54B, 0xFFFF, 0xFFFF, 0xFFFF, 0xFFFF, 0xFFFF, 0xFFFF, 0xFFFF, 0xFFFF, 0xFFFF, 0xFFFF,
  0xFFFF, 0xFFFF, 0xFFFF, 0xFFFF, 0xFFFF, 0xFFFF, 0xFFFF, 0xFFFF, 0xFFFF, 0xFFFF, 0xFFFF, 0xFFFF, 0xFFFF, 0xFFFF, 0xFFFF, 0xA16E,
  0x9D50, 0xBABE, 0xBA7B, 0x8842, 0xF39D, 0xFFFF, 0xBE16, 0xDB3F, 0xA99F, 0xF3FF, 0xBA33, 0xFFFF, 0xFFFF, 0xD695, 0xB1D2, 0xDF7F,
  0xDF5F, 0xA12B, 0xFFFF, 0xFFFF, 0xFFFF, 0xFFFF, 0xFFFF, 0xFFFF, 0xFFFF, 0xFFFF, 0xFFFF, 0xFFFF, 0xFFFF, 0xFFFF, 0xFFFF, 0xFFFF,
  0xFFFF, 0xFFFF, 0xFFFF, 0xFFFF, 0xFFFF, 0xFFFF, 0xFFFF, 0xFFFF, 0xFFFF, 0xFFFF, 0xD695, 0xA5B2, 0xC31F, 0xA1B5, 0xB25A, 0xA9D3,
  0xE73A, 0xFFFF, 0xB9F5, 0xEBBF, 0xC25F, 0xBE3F, 0xEFFF, 0xDAF8, 0xFFFF, 0xC1F0, 0xBA36, 0xDB7F, 0xDB5F, 0xA12B, 0xFFFF, 0xFFFF,
  0xFFFF, 0xFFFF, 0xFFFF, 0xFFFF, 0xFFFF, 0xFFFF, 0xFFFF, 0xFFFF, 0xFFFF, 0xFFFF, 0xFFFF, 0xFFFF, 0xFFFF, 0xFFFF, 0xFFFF, 0xB614,
  0xB216, 0xADF5, 0xB216, 0xB658, 0xA9D4, 0xA591, 0xB1F3, 0x990B, 0xB69C, 0xCB9F, 0xCB3F, 0x90CB, 0xEB5B, 0xFFFE, 0xB5F4, 0xF7FF,
  0xD2FF, 0xB5FF, 0xFFFF, 0xB1CF, 0xFFFF, 0xB9AF, 0xBA36, 0xD31E, 0xE37F, 0x98E9, 0xFFFF, 0xFFFF, 0xFFFF, 0xFFFF, 0xFFFF, 0xFFFF,
  0xFFFF, 0xFFFF, 0xFFFF, 0xFFFF, 0xFFFF, 0xFFFF, 0xFFFF, 0xFBDE, 0xDF3C, 0xAE38, 0xB65B, 0xCF5F, 0xB67B, 0xB259, 0xB239, 0xB25A,
  0xA9D6, 0xADF6, 0xADF6, 0xB1F5, 0x9D4E, 0xA592, 0xA170, 0x90A8, 0xF39C, 0xFBBD, 0xB5F4, 0xF7FF, 0xDB3F, 0xC25F, 0xE37F, 0xD6FA,
  0xCE74, 0xB5AF, 0xBE57, 0xCEFC, 0xC676, 0xDAD7, 0xFFFF, 0xFFFF, 0xFFFF, 0xFFFF, 0xFFFF, 0xFFFF, 0xFFFF, 0xFFFF, 0xFFFF, 0xFFFF,
  0xFFFF, 0xFFFF, 0xC633, 0xAE16, 0xC2FF, 0xBABD, 0xADF6, 0x9D4E, 0xE319, 0xEF7C, 0xEF7C, 0xF37C, 0xF37C, 0xF39D, 0xCA53, 0xA5D4,
  0xBEBE, 0xB67B, 0xD7BF, 0x992D, 0xE739, 0xFFFF, 0xD6B8, 0xDB1F, 0xE7BF, 0xC67F, 0xB5FA, 0xFBFF, 0xA12B, 0xAD8F, 0xC679, 0xD2FD,
  0x9D0A, 0xFFFF, 0xFFFF, 0xFFFF, 0xFFFF, 0xFFFF, 0xFFFF, 0xFFFF, 0xFFFF, 0xFFFF, 0xFFFF, 0xFFFF, 0xFFFF, 0xBA13, 0xBA9D, 0xC2FF,
  0x9D4E, 0xBDF0, 0xFFFF, 0xFFFF, 0xFFFF, 0xFFFF, 0xFFFF, 0xFFFF, 0xFFFF, 0xFFFF, 0xFFFF, 0xC233, 0x9950, 0xA9F6, 0xB239, 0xA14F,
  0xD295, 0xFFFF, 0xE2F8, 0xC67C, 0xEFDF, 0xC67F, 0xB61A, 0xF3FF, 0xA94D, 0xAD6F, 0xC258, 0xCEDB, 0x98E9, 0xFFFF, 0xFFFF, 0xFFFF,
  0xFFFF, 0xFFFF, 0xFFFF, 0xFFFF, 0xFFFF, 0xFFFF, 0xFFFF, 0xFFFF, 0xB635, 0xBF1F, 0xB27C, 0xB5F1, 0xFFFF, 0xFFFF, 0xFFFF, 0xFFFF,
  0xFFFF, 0xFFFF, 0xFFFF, 0xFFFF, 0xFFFF, 0xFFFF, 0xFFFF, 0xFFFF, 0xF39C, 0xD6B5, 0x8C65, 0xBA9C, 0xA1B3, 0xFFFF, 0xFFFF, 0xB18F,
  0xEBBF, 0xCABF, 0xB1F9, 0xEBDF, 0xA94D, 0xB190, 0xC679, 0xB5D2, 0xDAD7, 0xFFFF, 0xFFFF, 0xFFFF, 0xFFFF, 0xFFFF, 0xFFFF, 0xFFFF,
  0xFFFF, 0xFFFF, 0xFFFF, 0xC277, 0xCB7F, 0xAE59, 0xCA54, 0xFFFF, 0xFFFF, 0xFFFF, 0xFFFF, 0xFFFF, 0xFFFF, 0xFFFF, 0xFFFF, 0xFFFF,
  0xE318, 0xEB5A, 0xE739, 0xE73A, 0xEF7B, 0xFFFF, 0xEF7B, 0xA9F6, 0xC33F, 0xA9AF, 0xFFFF, 0xFFFF, 0xB5D4, 0xDB1F, 0xB1D8, 0xEBDF,
  0xA54D, 0xA96E, 0xBE15, 0x98C9, 0xFFFF, 0xFFFF, 0xFFFF, 0xFFFF, 0xFFFF, 0xFFFF, 0xFFFF, 0xFFFF, 0xFFFF, 0xFFFF, 0xBE34, 0xBEFF,
  0xAA18, 0xD6B7, 0xFFFF, 0xFFFF, 0xFFFF, 0xFFFF, 0xFFFF, 0xFFFF, 0xFFFF, 0xFFFF, 0xD295, 0xBDF2, 0xB1B1, 0xB1D2, 0xB1B1, 0xB5D3,
  0xAD90, 0xB5AF, 0xCA52, 0x94EB, 0xAE5A, 0xB69C, 0xB1AF, 0xFFFF, 0xE319, 0xB1D5, 0xCEDE, 0xDB5F, 0xC256, 0xBE14, 0xBE36, 0xC256,
  0xD6B7, 0xFFFF, 0xFFFF, 0xFFFF, 0xFFFF, 0xFFFF, 0xFFFF, 0xFFFF, 0xFFFF, 0xD6D8, 0xBABE, 0xB67B, 0xCA74, 0xFFFF, 0xFFFF, 0xFFFF,
  0xFFFF, 0xFFFF, 0xFFFF, 0xFFFF, 0xD294, 0xA10B, 0xB5F3, 0xD71E, 0xEFFF, 0xF3FF, 0xEFFF, 0xE7BF, 0xE37F, 0xD2FD, 0xA54D, 0xA9D5,
  0xBEFF, 0xA171, 0xA570, 0xADB0, 0xB9CF, 0xB9F3, 0xD31E, 0xDF9F, 0xDB5F, 0xDF7F, 0xE3BF, 0xEBDF, 0xD31D, 0xC213, 0xFFFF, 0xFFFF,
  0xFFFF, 0xFFFF, 0xFFFF, 0xFFFF, 0xE2F7, 0xB216, 0xCB5F, 0xB5F2, 0xFFFF, 0xFFFF, 0xFFFF, 0xFFFF, 0xFFFF, 0xFFFF, 0xFFFF, 0xB9CF,
  0xA96F, 0xD2DD, 0xDB7F, 0xE7DF, 0xE7DF, 0xEBDF, 0xEFFF, 0xE7BF, 0xE3BF, 0xC678, 0xADF6, 0xC73F, 0xA5B3, 0xB18F, 0xADB3, 0xBE9C,
  0x9086, 0xBE13, 0xD2FD, 0xE3DF, 0xD75F, 0xDB7F, 0xE3BF, 0xE3DF, 0xEBFF, 0xD71D, 0xBE11, 0xFFFF, 0xFFFF, 0xFFFF, 0xFFFF, 0xFFFF,
  0xC254, 0xC73F, 0xA192, 0xFFFF, 0xFFFF, 0xFFFF, 0xFFFF, 0xFFFF, 0xFFFF, 0xFFFF, 0xBDF1, 0xBA14, 0xD73F, 0xDB7F, 0xDB7F, 0xDB7F,
  0xDB7F, 0xDB7F, 0xDF9F, 0xE7DF, 0xDB5F, 0xA592, 0xC31F, 0xAE17, 0xAD90, 0xCA77, 0x98EB, 0x9D2D, 0xA94C, 0xCA98, 0xD73F, 0xD75F,
  0xFFFF, 0xFFFF, 0xFFFF, 0xE3BF, 0xE3BF, 0xE3BF, 0xBA34, 0xFBDE, 0xFFFF, 0xFFFF, 0xFFFF, 0xFFFF, 0xB638, 0xBA9D, 0xB9F1, 0xFFFF,
  0xFFFF, 0xFFFF, 0xFFFF, 0xFFFF, 0xFFFF, 0xC212, 0xB5F3, 0xD71F, 0xD75F, 0xDB7F, 0xDB7F, 0xDB7F, 0xDB7F, 0xDF9F, 0xDF9F, 0xEFFF,
  0xCA98, 0xAE39, 0xC31F, 0x9D2D, 0xDB3E, 0xC256, 0xA9B2, 0xB638, 0xAD6E, 0xD71E, 0xCEFE, 0xEBFF, 0xDB1A, 0xCE94, 0xFFFF, 0xFFFF,
  0xDF9F, 0xE39F, 0xDF5F, 0xBDF1, 0xFFFF, 0xFFFF, 0xFFFF, 0xFFFF, 0xCF7F, 0xA171, 0xFFFF, 0xFFFF, 0xFFFF, 0xFFFF, 0xF39E, 0xC211,
  0xC232, 0xB1D2, 0xD73F, 0xD73F, 0xDB7F, 0xDB7F, 0xDF7F, 0xDF9F, 0xDB7F, 0xDF9F, 0xE3BF, 0xDF5F, 0xA991, 0xBADF, 0xAA17, 0xB5D3,
  0xE7DF, 0xCA99, 0xA9D4, 0xBA9C, 0xA96D, 0xD73F, 0xCAFE, 0xFFFF, 0xB9F1, 0x9486, 0xCA73, 0xFFFF, 0xDF7F, 0xDF9F, 0xDF7F, 0xB18E,
  0xFFFF, 0xFFFF, 0xFFFF, 0xFFFF, 0xB6BF, 0xB1D1, 0xFFFF, 0xFFFF, 0xFFFF, 0xB9D0, 0xADD5, 0xA994, 0x98CA, 0xD2DB, 0xDB5F, 0xDF9F,
  0xDB5F, 0xCADC, 0xCA9A, 0xCEFD, 0xE39F, 0xDF9F, 0xE7DF, 0xC678, 0xB25A, 0xC31F, 0x9D2E, 0xD31E, 0xE3BF, 0xCAB9, 0xADF4, 0xBA7B,
  0xAD6E, 0xDB5F, 0xD33F, 0xFFFF, 0xFFFF, 0xC212, 0xCA75, 0xFBFF, 0xDF9F, 0xDB7F, 0xDF7F, 0xBA14, 0xD6B5, 0xFFFF, 0xFFFF, 0xFFFF,
  0xAE5B, 0xEF7C, 0xFFFF, 0xC633, 0xA592, 0xBA7E, 0xB63C, 0xA14F, 0xB190, 0xD2FD, 0xE37F, 0xD2FE, 0xC679, 0xCEDC, 0xCA9A, 0xBE16,
  0xC679, 0xDF7F, 0xEBFF, 0xCA99, 0xB25A, 0xBEDF, 0xA56F, 0xDB5F, 0xE3BF, 0xD2FC, 0x9D2D, 0xB67B, 0xADD4, 0xCEDB, 0xDF7F, 0xDB7F,
  0xFFFF, 0xFFFF, 0xFFFF, 0xE7DF, 0xDB7F, 0xD77F, 0xD77F, 0xDF9F, 0x98CA, 0xB9D1, 0xFFFF, 0xFFFF, 0xA592, 0xBDF1, 0xB1B0, 0x9D74,
  0xB25D, 0x950E, 0xA54D, 0x98C8, 0xC256, 0xD71E, 0xD31E, 0xD31E, 0xDF7F, 0xEBDF, 0xEFFF, 0xE39F, 0xD71E, 0xBE57, 0xE37F, 0xC678,
  0xAE38, 0xB259, 0xB1B1, 0xDF7F, 0xDF9F, 0xDF7F, 0xAD91, 0xB67B, 0xB23A, 0xB5F4, 0xE79F, 0xDF7F, 0xD75F, 0xDF9F, 0xDB7F, 0xF3FF,
  0xF3FF, 0xE3DF, 0xDB9F, 0xBA5C, 0x9D0F, 0xADFA, 0xADB2, 0xFFFF, 0x9D4F, 0x990D, 0xAE1B, 0xA9F9, 0xA14E, 0xDEF7, 0xFFFF, 0xA92B,
  0xBE35, 0xDF7F, 0xDF7F, 0xDF9F, 0xE3BF, 0xE39F, 0xEFFF, 0xFBFF, 0xFBFF, 0xD71D, 0xBE36, 0xBE35, 0xBEDF, 0xB238, 0xB1D2, 0xE39F,
  0xDF9F, 0xE3BF, 0xCEDB, 0xA150, 0xBA9F, 0xA594, 0xC677, 0xE7BF, 0xE7DF, 0xE7DF, 0xFBFF, 0xFFFF, 0xFFFF, 0xFFFF, 0xC236, 0xDAFE,
  0xA52D, 0xA174, 0xB67E, 0xA171, 0x992E, 0xB219, 0xA9D8, 0xA96E, 0xFFFF, 0xF39C, 0xBDF0, 0x98A6, 0xC256, 0xE39F, 0xE39F, 0xDF9F,
  0xDF9F, 0xDF9F, 0xDF9F, 0xEBFF, 0xFBFF, 0xF3FF, 0xC678, 0xA54D, 0xBABD, 0xB238, 0xB1D2, 0xE39F, 0xDF9F, 0xE7BF, 0xE79F, 0xB5F3,
  0xA594, 0xBEDF, 0xA172, 0xB9F3, 0xCA98, 0xD2D9, 0xDF3C, 0xFFFF, 0xFFFF, 0xFFFF, 0xDEF8, 0xC632, 0xFFFF, 0xAD8E, 0xA173, 0xC2BF,
  0xA571, 0xA150, 0xA54D, 0xFFFF, 0xDEF7, 0xCE96, 0xFFFF, 0x98C8, 0xC236, 0xD71F, 0xE37F, 0xE39F, 0xDF9F, 0xDF9F, 0xDF9F, 0xDF9F,
  0xEBFF, 0xFBFF, 0xE37F, 0x98C9, 0xBE9D, 0xB217, 0xB5D2, 0xE39F, 0xE39F, 0xE3BF, 0xE7BF, 0xDB3F, 0xB1B2, 0xA594, 0xBE9F, 0xA594,
  0x94C9, 0xA10B, 0xA52C, 0xCE97, 0xE33B, 0xB9D0, 0x9CE8, 0xFFFF, 0xFFFF, 0xFFFF, 0xB9D1, 0xA173, 0xA591, 0xA52A, 0xFFFF, 0xFFFF,
  0xB16C, 0xFFFF, 0xFFFF, 0xA12B, 0xC236, 0xCEBC, 0xD2FD, 0xDF7F, 0xE39F, 0xDF9F, 0xDF9F, 0xDB7F, 0xDF9F, 0xFBFF, 0xE37F, 0x9CC8,
  0xA9D5, 0xADF6, 0xB190, 0xCEFD, 0xDF7F, 0xE3BF, 0xE3BF, 0xE7BF, 0xDB3E, 0xBE15, 0x98EC, 0xA9B4, 0xB219, 0xA9D5, 0xB1D4, 0x9087,
  0xB9CF, 0xFFFF, 0xFFFF, 0xFFFF, 0xFFFF, 0xFFFF, 0xFFFF, 0xB9F2, 0x90C9, 0xFFFF, 0xFFFF, 0xFFFF, 0xB9AE, 0xFFFF, 0xFFFF, 0xCA77,
  0xB9F3, 0xCA99, 0xCEDB, 0xCEFD, 0xDF7F, 0xE39F, 0xDF9F, 0xDB7F, 0xDF9F, 0xFBFF, 0xE37F, 0x98A7, 0xA9B4, 0xB25A, 0xAD90, 0xD2DC,
  0xDB5F, 0xE7DF, 0xE3BF, 0xE7DF, 0xE39F, 0xDF5F, 0xDB3D, 0xB5D2, 0x98EB, 0xA10C, 0x94A7, 0xCA53, 0xFFFF, 0xFFFF, 0xFFFF, 0xFFFF,
  0xFFFF, 0xFFFF, 0xFFFF, 0xFFFF, 0xB5D1, 0xFFFF, 0xFFFF, 0xFFFF, 0xB5AD, 0xEF9E, 0xFFFF, 0xE35D, 0xB5B1, 0xC657, 0xCA9A, 0xCEDC,
  0xD31E, 0xD73F, 0xDB3F, 0xDB5F, 0xE39F, 0xF3FF, 0xCEBA, 0xA0E9, 0xA991, 0xB67C, 0xA993, 0xBE15, 0xE39F, 0xE7BF, 0xE7BF, 0xE7BF,
  0xDF9F, 0xEBDF, 0xF7FF, 0xEBBF, 0xF3DF, 0xC212, 0xBDCE, 0xFFFF, 0xFFFF, 0xFFFF, 0xFFFF, 0xFFFF, 0xFFFF, 0xFFFF, 0xFFFF, 0xFFFF,
  0xFBFF, 0xFFFF, 0xFFFF, 0xFFFF, 0xFFFF, 0xB5AF, 0xF7DF, 0xEB9F, 0xBE14, 0xB5D2, 0xCA79, 0xC678, 0xCABA, 0xCABB, 0xCEDC, 0xDF7F,
  0xEFFF, 0xE7BF, 0xAD8F, 0xC634, 0xAD8E, 0xAE19, 0xA9D7, 0xB1B2, 0xDF5F, 0xE7BF, 0xE7BF, 0xE7DF, 0xEFFF, 0xFFFF, 0xFBFF, 0xFFFF,
  0xEFBF, 0xB5CF, 0xFFFF, 0xFFFF, 0xFFFF, 0xFFFF, 0xFFFF, 0xFFFF, 0xFFFF, 0xFFFF, 0xFFFF, 0xFFFF, 0xFBFF, 0xFFFF, 0xFFFF, 0xFFFF,
  0xFFFF, 0xFFFF, 0xB9F0, 0xCA56, 0xC656, 0xA94D, 0xB190, 0xBE15, 0xC678, 0xC679, 0xD2FD, 0xEBFF, 0xE7BF, 0xB1B1, 0xBE14, 0xFBFF,
  0xDB1A, 0xA172, 0xB1F8, 0xB5D2, 0xD71E, 0xDF9F, 0xE7DF, 0xD31D, 0xE79F, 0xFFFF, 0xEBBF, 0xD6D9, 0x94A7, 0xEF5B, 0xFFFF, 0xFFFF,
  0xFFFF, 0xFFFF, 0xFFFF, 0xFFFF, 0xFFFF, 0xFFFF, 0xFFFF, 0xFFFF, 0xFFFF, 0xFFFF, 0xFFFF, 0xFFFF, 0xFFFF, 0xFFFF, 0xFFFF, 0xC210,
  0x98C7, 0x98C8, 0xB5D2, 0xC658, 0xC678, 0xCA99, 0xCA9A, 0xCEBA, 0xAD6E, 0xB18F, 0xDF3C, 0xFBFF, 0xEB9E, 0xAD8E, 0x94A9, 0xB18F,
  0xD2DB, 0xDB5F, 0xEBFF, 0xB1F3, 0xC212, 0xC233, 0x98C8, 0xA52D, 0xB1B2, 0xB18E, 0xFFFF, 0xFFFF, 0xFFFF, 0xFFFF, 0xFFFF, 0xFFFF,
  0xFFFF, 0xFFFF, 0xFFFF, 0xFFFF, 0xEB5C, 0xFFFF, 0xFFFF, 0xFFFF, 0xFFFF, 0xFFFF, 0xFFFF, 0xFFFF, 0xFFFF, 0xA52C, 0xD2DB, 0xCABB,
  0xCABA, 0xB5D3, 0xB1B2, 0xAD90, 0xA12C, 0xA12C, 0x9CEB, 0xA10A, 0xB5AE, 0xB9CF, 0xBDCF, 0x9CE8, 0xB9F4, 0xD31E, 0xE3BF, 0xE37F,
  0x98C8, 0xBDCF, 0xAD6B, 0xCA77, 0xDF5F, 0xC699, 0xB18F, 0xFFFF, 0xFFFF, 0xFFFF, 0xFFFF, 0xFFFF, 0xFFFF, 0xFFFF, 0xFFFF, 0xFFFF,
  0xA192, 0xFFFF, 0xFFFF, 0xFFFF, 0xFFFF, 0xFFFF, 0xFFFF, 0xFFFF, 0xFFFF, 0xA109, 0xB1B1, 0xC257, 0xDB5F, 0xDF5F, 0xDF5F, 0xE37F,
  0xF7FF, 0xF3DF, 0xE77F, 0xAD8F, 0xFFFF, 0xFFFF, 0xFFFF, 0xFFFF, 0xA10A, 0xCABA, 0xD75F, 0xF7FF, 0xD2FA, 0xDAD7, 0xFFFF, 0xB18E,
  0xFFFF, 0xFBFF, 0xF3FF, 0xA96D, 0xFFFF, 0xFFFF, 0xFFFF, 0xFFFF, 0xFFFF, 0xFFFF, 0xFFFF, 0xFFFF, 0xCB5F, 0xC256, 0xFFFF, 0xFFFF,
  0xFFFF, 0xFFFF, 0xFFFF, 0xFFFF, 0xFFFF, 0xFFFF, 0xB9AE, 0xA96C, 0xADB0, 0xBE35, 0xFBFF, 0xFFFF, 0xFFFF, 0xFFFF, 0xFFFF, 0xFFFF,
  0xCE75, 0xFFFF, 0xFFFF, 0xFFFF, 0xFFFF, 0xA52C, 0xDF5F, 0xEBFF, 0xFFFF, 0xE35C, 0xD295, 0xDAD7, 0xC654, 0xEBBF, 0xD73D, 0xA54C,
  0xFFFF, 0xFFFF, 0xFFFF, 0xFFFF, 0xFFFF, 0xFFFF, 0xFFFF, 0xC676, 0xCB3F, 0xBEDF, 0xCA76, 0xFFFF, 0xFFFF, 0xFFFF, 0xFFFF, 0xFFFF,
  0xFFFF, 0xFFFF, 0xFFFF, 0xFFFF, 0xCE53, 0xCA53, 0xA10A, 0xD6F9, 0xFFFF, 0xFFFF, 0xFFFF, 0xFFFF, 0xC233, 0xFFFF, 0xFFFF, 0xFFFF,
  0xFFFF, 0xDEF8, 0xAD90, 0xEFFF, 0xFFFF, 0xFFFF, 0xF3DF, 0xD695, 0xE718, 0xB18D, 0xB18D, 0xFFFF, 0xFFFF, 0xFFFF, 0xFFFF, 0xFFFF,
  0xFFFF, 0xFFFF, 0xD2D7, 0xB67C, 0xA9B2, 0xCB5F, 0xBADF, 0xCA96, 0xFFFF, 0xFFFF, 0xFFFF, 0xFFFF, 0xFFFF, 0xFFFF, 0xFFFF, 0xFFFF,
  0xFFFF, 0xFFFF, 0xFFFF, 0xD294, 0xB5AE, 0xDF19, 0xC675, 0x94C8, 0xB18E, 0xFFFF, 0xFFFF, 0xFFFF, 0xFFFF, 0xFFFF, 0xDAD7, 0xB1D2,
  0xF3FF, 0xF7FF, 0xCE76, 0xC632, 0xFFFF, 0xFFFF, 0xFFFF, 0xFFFF, 0xFFFF, 0xFFFF, 0xFFFF, 0xFFFF, 0xFFFF, 0xB9F1, 0xB69D, 0xC75F,
  0xFFFF, 0xA171, 0xC31F, 0xBABE, 0xA16F, 0xFFFF, 0xFFFF, 0xFFFF, 0xFFFF, 0xFFFF, 0xFFFF, 0xFFFF, 0xFFFF, 0xFFFF, 0xFFFF, 0xFFFF,
  0xFFFF, 0xE739, 0xF39C, 0xF39C, 0xFFFF, 0xFFFF, 0xFFFF, 0xFFFF, 0xFFFF, 0xFFFF, 0xFFFF, 0xE73A, 0xB9CE, 0xC211, 0xBDEF, 0xFFFF,
  0xFFFF, 0xFFFF, 0xFFFF, 0xFFFF, 0xFFFF, 0xFFFF, 0xFFFF, 0xFBDE, 0xA56F, 0xBADF, 0xC31F, 0xA170, 0xFFFF, 0xF7BE, 0x98EB, 0xB25B,
  0xCB5F, 0xA9D4, 0xBDF2, 0xFFFF, 0xFFFF, 0xFFFF, 0xFFFF, 0xFFFF, 0xFFFF, 0xFFFF, 0xFFFF, 0xFFFF, 0xFFFF, 0xFFFF, 0xFFFF, 0xFFFF,
  0xFFFF, 0xFFFF, 0xFFFF, 0xFFFF, 0xFFFF, 0xFFFF, 0xFFFF, 0xFFFF, 0xFFFF, 0xFFFF, 0xFFFF, 0xFFFF, 0xFFFF, 0xFFFF, 0xFFFF, 0xFFFF,
  0xFFFF, 0xFFFF, 0xA98E, 0xA172, 0xC73F, 0xB69E, 0xAD6E, 0xFFFF, 0xFFFF, 0xFFFF, 0xFFFF, 0xC654, 0x992F, 0xBEDF, 0xBEDF, 0xADF4,
  0xCE96, 0xDF19, 0xFFFF, 0xFFFF, 0xFFFF, 0xFFFF, 0xFFFF, 0xFFFF, 0xFFFF, 0xFFFF, 0xFFFF, 0xFFFF, 0xFFFF, 0xFFFF, 0xFFFF, 0xFFFF,
  0xFFFF, 0xFFFF, 0xFFFF, 0xFFFF, 0xFFFF, 0xFFFF, 0xFFFF, 0xFFFF, 0xFFFF, 0xFFFF, 0xFFFF, 0xFFFF, 0xADB0, 0xB238, 0xC2FF, 0xCB3F,
  0xA9F6, 0xCE76, 0xFFFF, 0xFFFF, 0xFFFF, 0xFFFF, 0xFFFF, 0xFFFF, 0xDAD6, 0xA12B, 0xB218, 0xC6FF, 0xC2DF, 0xBA9C, 0xB1D2, 0xB1B0,
  0xDAD9, 0xFFFF, 0xFFFF, 0xFFFF, 0xFFFF, 0xFFFF, 0xFFFF, 0xFFFF, 0xFFFF, 0xFFFF, 0xFFFF, 0xFFFF, 0xFFFF, 0xFFFF, 0xFFFF, 0xFFFF,
  0xFFFF, 0xFFFF, 0xFFFF, 0xFFFF, 0xFFFF, 0xB1D3, 0xA192, 0xAE36, 0xC31F, 0xCB7F, 0xADF7, 0xA96E, 0xDAD7, 0xFFFF, 0xFFFF, 0xFFFF,
};
#define assets_c03_W 44
#define assets_c03_H 44

static const unsigned short assets_c04[1936] = {
  0xFFFF, 0xFFFF, 0xFFFF, 0xFFFF, 0xFFFF, 0xFFFF, 0xFFFF, 0xFFFF, 0xFFFF, 0xFFFF, 0xFFFF, 0xFFFF, 0xFFFF, 0xFFFF, 0xFFFF, 0xFFFF,
  0xFFFF, 0xFFFF, 0xFFFF, 0xFFFF, 0xFFFF, 0xFFFF, 0xFFFF, 0xFFFF, 0xFFFF, 0xFFFF, 0xFFFF, 0xFFFF, 0xFFFF, 0xFFFF, 0xFFFF, 0xFFFF,
  0xFFFF, 0xFFFF, 0xFFFF, 0xFFFF, 0xFFFF, 0xFFFF, 0xFFFF, 0xFFFF, 0xFFFF, 0xFFFF, 0xFFFF, 0xFFFF, 0xFFFF, 0xFFFF, 0xFFFF, 0xFFFF,
  0xFFFF, 0xFFFF, 0xFFFF, 0xFFFF, 0xFFFF, 0xFFFF, 0xFFFF, 0xFFFF, 0xFFFF, 0xFFFF, 0xFFFF, 0xFFFF, 0xFFFF, 0xFFFF, 0xFFFF, 0xFFFF,
  0xFFFF, 0xFFFF, 0xFFFF, 0xFFFF, 0xFFFF, 0xFFFF, 0xFFFF, 0xFFFF, 0xFFFF, 0xFFFF, 0xFFFF, 0xFFFF, 0xFFFF, 0xFFFF, 0xFFFF, 0xFFFF,
  0xFFFF, 0xFFFF, 0xFFFF, 0xFFFF, 0xFFFF, 0xFFFF, 0xFFFF, 0xFFFF, 0xFFFF, 0xFFFF, 0xFFFF, 0xFFFF, 0xFFFF, 0xFFFF, 0xFFFF, 0xFFFF,
  0xFFFF, 0xD695, 0x90A7, 0x94CA, 0x90A9, 0x90A9, 0x90A9, 0x8C87, 0xC212, 0xFFFF, 0xFFFF, 0xFFFF, 0xFFFF, 0xFFFF, 0xFFFF, 0xFFFF,
  0xFFFF, 0xFFFF, 0xFFFF, 0xFFFF, 0xFFFF, 0xFFFF, 0xFFFF, 0xFFFF, 0xFFFF, 0xFFFF, 0xFFFF, 0xFFFF, 0xFFFF, 0xFFFF, 0xFFFF, 0xFFFF,
  0xFFFF, 0xFFFF, 0xFFFF, 0xFFFF, 0xFFFF, 0xFFFF, 0xFFFF, 0xFFFF, 0xFFFF, 0xFFFF, 0xFFFF, 0xC213, 0x8888, 0x90AB, 0xB1F6, 0xDF5F,
  0xE35F, 0xE35F, 0xDF3F, 0xDF5F, 0xBE35, 0x90CA, 0x9CEA, 0xFFFF, 0xFFFF, 0xFFFF, 0xFFFF, 0xFFFF, 0xFFFF, 0xFFFF, 0xFFFF, 0xFFFF,
  0xFFFF, 0xFFFF, 0xFFFF, 0xFFFF, 0xFFFF, 0xFFFF, 0xFFFF, 0xFFFF, 0xFFFF, 0xFFFF, 0xFFFF, 0xFFFF, 0xFFFF, 0xFFFF, 0xFFFF, 0xFFFF,
  0xFFFF, 0xFFFF, 0xFFFF, 0xFFFF, 0xFFFF, 0xFFFF, 0xA12C, 0x9932, 0xA994, 0xCEB9, 0xFFFF, 0xFFFF, 0xFFFF, 0xFFFF, 0xFFFF, 0xFFFF,
  0xFFFF, 0xEFFF, 0xB617, 0x8867, 0xE2F9, 0xFFFF, 0xFFFF, 0xFFFF, 0xFFFF, 0xFFFF, 0xFFFF, 0xFFFF, 0xFFFF, 0xFFFF, 0xFFFF, 0xFFFF,
  0xFFFF, 0xFFFF, 0xFFFF, 0xFFFF, 0xFFFF, 0xFFFF, 0xFFFF, 0xFFFF, 0xFFFF, 0xFFFF, 0xFFFF, 0xFFFF, 0xFFFF, 0xFFFF, 0xFFFF, 0xFFFF,
  0xFFFF, 0xA54F, 0xA9B8, 0xA594, 0xEB9E, 0xFFFF, 0xFFFF, 0xFFFF, 0xFFFF, 0xFFFF, 0xFFFF, 0xFFFF, 0xFFFF, 0xFFFF, 0xFFFF, 0xD71D,
  0x98EB, 0xE319, 0xFFFF, 0xFFFF, 0xFFFF, 0xFFFF, 0xFFFF, 0xFFFF, 0xFFFF, 0xFFFF, 0xFFFF, 0xFFFF, 0xFFFF, 0xFFFF, 0xFFFF, 0xFFFF,
  0xFFFF, 0xFFFF, 0xFFFF, 0xFFFF, 0xFFFF, 0xFFFF, 0xFFFF, 0xFFFF, 0xFFFF, 0xFFFF, 0xFFFF, 0xF7BE, 0x90CC, 0xAE3D, 0xA5D9, 0xDB1B,
  0xFFFF, 0xFFFF, 0xFFFF, 0xFFFF, 0xFFD9, 0xFFFC, 0xFFFD, 0xFFFD, 0xFFFF, 0xFFFF, 0xFFFF, 0xFFFF, 0xF7FF, 0xADD4, 0x90CA, 0xF39D,
  0xFFFF, 0xFFFF, 0xFFFF, 0xFFFF, 0xFFFF, 0xFFFF, 0xFFFF, 0xFFFF, 0xFFFF, 0xFFFF, 0xFFFF, 0xFFFF, 0xFFFF, 0xFFFF, 0xFFFF, 0xFFFF,
  0xFFFF, 0xFFFF, 0xFFFF, 0xFFFF, 0xFFFF, 0xFFFF, 0xFFFF, 0x94CB, 0xB25F, 0xAA1C, 0xBE37, 0xFFFF, 0xFFFF, 0xFFFF, 0xFFFF, 0xF355,
  0xFFD9, 0xFFF9, 0xFFF9, 0xFFD9, 0xFFD9, 0xFFFB, 0xFFFF, 0xFFFF, 0xFFFF, 0xFFFF, 0xEFDF, 0x94EB, 0xF39C, 0xFFFF, 0xFFFF, 0xFFFF,
  0xFFFF, 0xFFFF, 0xFFFF, 0xFFFF, 0xFFFF, 0xFFFF, 0xFFFF, 0xFFFF, 0xFFFF, 0xFFFF, 0xFFFF, 0xFFFF, 0xFFFF, 0xFFFF, 0xFFFF, 0xFFFF,
  0xFFFF, 0xFFFF, 0xB5AE, 0x9D97, 0xB29F, 0x9533, 0xEF9E, 0xFFFF, 0xFFFF, 0xFFFF, 0xEB13, 0xFFFA, 0xFFFB, 0xFFF9, 0xFFFA, 0xFFFA,
  0xFFFA, 0xFFD9, 0xFFD9, 0xFFFF, 0xFFFF, 0xFFFF, 0xFFFF, 0xE77F, 0x94CA, 0xF7BE, 0xFFFF, 0xFFFF, 0xFFFF, 0xFFFF, 0xFFFF, 0xFFFF,
  0xFFFF, 0xFFFF, 0xFFFF, 0xFFFF, 0xFFFF, 0xFFFF, 0xFFFF, 0xFFFF, 0xFFFF, 0xFFFF, 0xFFFF, 0xFFFF, 0xFFFF, 0xFFFF, 0x90CC, 0xB29F,
  0xAE5F, 0x9933, 0xEF7D, 0xFFFF, 0xFFFF, 0xFFFF, 0xF775, 0xFFFB, 0xFFFA, 0xFFFA, 0xFFFA, 0xFFFA, 0xFFF9, 0xFFFB, 0xFFFC, 0xFFFD,
  0xFFFE, 0xFFFF, 0xFFFF, 0xFFFF, 0xD71D, 0x98EB, 0xFFFF, 0xFFFF, 0xFFFF, 0xFFFF, 0xFFFF, 0xFFFF, 0xFFFF, 0xFFFF, 0xFFFF, 0xFFFF,
  0xFFFF, 0xFFFF, 0xFFFF, 0xFFFF, 0xFFFF, 0xFFFF, 0xFFFF, 0xFFFF, 0xFFFF, 0xA12C, 0xAE5D, 0xAE7F, 0xA1DB, 0x9D54, 0xEF9D, 0xFFFF,
  0xFFFF, 0xFFB9, 0xFFD9, 0xFFFB, 0xFFFA, 0xFFFA, 0xFFFA, 0xFFF9, 0xFFFB, 0xFFFE, 0xFFFF, 0xFFFF, 0xFFFE, 0xFFFE, 0xFFFF, 0xFFFF,
  0xFFFF, 0xADD4, 0xC213, 0xFFFF, 0xFFFF, 0xFFFF, 0xFFFF, 0xFFFF, 0xFFFF, 0xFFFF, 0xFFFF, 0xFFFF, 0xFFFF, 0xFFFF, 0xFFFF, 0xFFFF,
  0xFFFF, 0xFFFF, 0xFFFF, 0xFFFF, 0xE73A, 0x9931, 0xB6BF, 0xA5FD, 0xAA1D, 0x9D54, 0xF39E, 0xFFFF, 0xFFFF, 0xF776, 0xFFFC, 0xFFFA,
  0xFFFA, 0xFFFA, 0xFFF9, 0xFFFC, 0xFFFF, 0xFFFF, 0xFFFF, 0xFFFF, 0xFFFF, 0xFFFE, 0xFFFF, 0xFFFF, 0xFFFF, 0xFFFF, 0x98EA, 0xEF5B,
  0xFFFF, 0xF39E, 0x8C89, 0x8CAB, 0x88AA, 0x88AA, 0x88AA, 0x8CAB, 0x8889, 0xBDF2, 0xFFFF, 0xFFFF, 0xFFFF, 0xFFFF, 0xFFFF, 0xFFFF,
  0x90A8, 0xB23D, 0xAA3E, 0xA61E, 0xB6BF, 0x9D54, 0xF39E, 0xFFFF, 0xFFFF, 0xF376, 0xFFFB, 0xFFFA, 0xFFFA, 0xFFFA, 0xFFF9, 0xFFFE,
  0xFFFF, 0xFFFF, 0xFFFF, 0xFFFF, 0xFFFF, 0xFFFF, 0xFFFF, 0xFFFF, 0xFFFF, 0xFBFF, 0x990D, 0x90CD, 0x88AC, 0x9D50, 0xEFDF, 0xEFFF,
  0xF3FF, 0xF3FF, 0xF7FF, 0xEFDF, 0xDB5F, 0xB637, 0x888B, 0xA52D, 0xFFFF, 0xFFFF, 0xFFFF, 0xFFFF, 0x94EB, 0xAE1D, 0xA1BB, 0xAE9F,
  0xB2BF, 0x9954, 0xF7DF, 0xFFFF, 0xFFFF, 0xFFD9, 0xFFB8, 0xFFFA, 0xFFF9, 0xFFF9, 0xFFF9, 0xFFFE, 0xFFFF, 0xFFFF, 0xFFFF, 0xFFFF,
  0xFFFF, 0xFFFF, 0xFFFF, 0xCA50, 0xB18D, 0x8CAA, 0xCEDD, 0xFFFF, 0xF7FF, 0xFFFF, 0xFFFF, 0xFFFF, 0xFFFF, 0xFFFF, 0xFFFF, 0xFFFF,
  0xFFFF, 0xFFFF, 0xEFFF, 0xADB5, 0x9089, 0xFFFF, 0xFFFF, 0xFFFF, 0x9D52, 0xA9FC, 0xAA3F, 0xB2FF, 0xAE9F, 0xA198, 0xCEB8, 0xFFFF,
  0xFFFF, 0xFFFF, 0xF354, 0xFFFA, 0xFFF9, 0xFFFA, 0xFFFD, 0xFFFF, 0xFFFF, 0xFFFF, 0xFFFF, 0xFFFF, 0xEF56, 0xD293, 0xB5AE, 0x950E,
  0xD2FD, 0xFBFF, 0xFFFF, 0xFFFF, 0xFFFF, 0xFFFF, 0xFFFF, 0xFFFF, 0xFFFF, 0xFFFF, 0xFFFF, 0xFFFF, 0xFFFF, 0xFFFF, 0xFFFF, 0xFFFF,
  0xB1F8, 0x990C, 0xFFFF, 0xFFFF, 0xADFA, 0xA1DA, 0xA63E, 0xB2BF, 0xAA3F, 0xA5DA, 0xB1F3, 0xFFFF, 0xFFFF, 0xFFFF, 0xF775, 0xFFFA,
  0xFFD9, 0xFFFC, 0xFFFF, 0xFFFF, 0xFFFF, 0xFFFF, 0xFFFF, 0xD272, 0x98C9, 0x9D50, 0xEBBF, 0xFBFF, 0xFFFF, 0xFFFF, 0xFFFF, 0xFFFF,
  0xFFFF, 0xFFFF, 0xFFFF, 0xFFFC, 0xFFFC, 0xFFFC, 0xFFFB, 0xFFFE, 0xFFFF, 0xFFFF, 0xFFFF, 0xFFFF, 0xFFFF, 0xADF7, 0xA96F, 0xFFFF,
  0xA9B9, 0xA5FB, 0xB29F, 0xA1DB, 0xAE5F, 0xAE5F, 0x9931, 0xFBFF, 0xFFFF, 0xFFFD, 0xF355, 0xFFFA, 0xFFF9, 0xFFFC, 0xFFFF, 0xFFFF,
  0xFFFF, 0xE717, 0xCA52, 0xA990, 0xF7FF, 0xFFFF, 0xFFFF, 0xFFFF, 0xFFFF, 0xFFFF, 0xFFFF, 0xFFFF, 0xFFFF, 0xFFFF, 0xFFFF, 0xFFFE,
  0xFFFD, 0xFFFD, 0xFFFD, 0xFFFC, 0xFFFA, 0xFFFC, 0xFFFF, 0xFFFF, 0xFFFF, 0xE7BF, 0x94CC, 0xD695, 0xA9B9, 0xAA3E, 0xB27F, 0xA5DB,
  0xAA5F, 0xB29F, 0x9D76, 0xC677, 0xFFFF, 0xFFFF, 0xF797, 0xFFF9, 0xFFF9, 0xFFFC, 0xFFFF, 0xFFFF, 0xCE93, 0xA12E, 0xA992, 0xFFFF,
  0xFFFF, 0xFFFF, 0xFFFF, 0xFFFF, 0xFFFF, 0xFFFF, 0xFFFF, 0xFFFF, 0xFFFF, 0xFFFF, 0xFFFF, 0xFFFE, 0xFFFE, 0xFFFD, 0xFFFD, 0xFFFD,
  0xFFFD, 0xFFFA, 0xFFFF, 0xFFFF, 0xFFFF, 0xEBBF, 0x90CC, 0xC1F0, 0xA9B8, 0xAA1C, 0xAA1D, 0xA5DB, 0xAA5F, 0xAE7F, 0xA5B9, 0x990E,
  0xFFFF, 0xFFFF, 0xFFFF, 0xEF54, 0xFFFA, 0xFFFB, 0xFFFF, 0xDAF5, 0x94EC, 0xDB3F, 0xFFFF, 0xFFFF, 0xFFFF, 0xFFFF, 0xFFFF, 0xFFFF,
  0xFFFF, 0xFFFF, 0xFFFF, 0xFFFF, 0xFFFF, 0xFFFF, 0xFFFF, 0xFFFD, 0xFFFD, 0xFFFD, 0xFFFD, 0xFFFD, 0xFFFD, 0xFFFA, 0xFFFF, 0xFFFF,
  0xFFFF, 0xE79F, 0x9D53, 0xA990, 0xA9B8, 0xA5B9, 0xA5DA, 0xAA5F, 0xAA7F, 0xAE5F, 0xA9DA, 0x98F0, 0xB1B2, 0xFFFF, 0xFFFF, 0xFFFA,
  0xF796, 0xFFFE, 0xE736, 0x990C, 0xCEDC, 0xFFFF, 0xFFFF, 0xFFFF, 0xFFFF, 0xFFFF, 0xFFFF, 0xFFFF, 0xFFFF, 0xFFFF, 0xFFFF, 0xFFFF,
  0xFFFF, 0xFFFF, 0xFFFF, 0xFFFF, 0xFFFF, 0xFFFF, 0xFFFD, 0xFFFB, 0xFFFC, 0xFFFB, 0xFFFF, 0xFFFF, 0xFFFF, 0xDB3D, 0x9D74, 0xA171,
  0xADD9, 0xA9DA, 0xA5BA, 0xAE5F, 0xA61D, 0xA61C, 0xAE1C, 0xA596, 0x888A, 0xCA9A, 0xFFFF, 0xFFFF, 0xFFFF, 0xF777, 0x9CEA, 0xBA39,
  0xFFFF, 0xFFFF, 0xFFFF, 0xFFFF, 0xFFFF, 0xFFFF, 0xFFFF, 0xFFFF, 0xFFFF, 0xFFFB, 0xFFFF, 0xFFFF, 0xFFFD, 0xFFF6, 0xFFF7, 0xFFF8,
  0xFFF9, 0xFFFF, 0xFFFF, 0xFFFF, 0xFFFB, 0xFFFA, 0xFFFF, 0xFFFF, 0xF7FF, 0x9D50, 0x9D53, 0xA595, 0xA574, 0xA9DA, 0xA5B9, 0xA5DA,
  0xA5DB, 0xAA1D, 0xA9FA, 0xA175, 0xA574, 0x94F0, 0xEFBF, 0xFFFF, 0xFFFF, 0xB18B, 0x9D30, 0xFFFF, 0xFFFF, 0xFFFF, 0xFFFF, 0xFFFF,
  0xFFFF, 0xFFFE, 0xFFFD, 0xFFFC, 0xFFF7, 0xFFF4, 0xFFF5, 0xFFF5, 0xFFF4, 0xFFF6, 0xFFF8, 0xFFF5, 0xFFF3, 0xFFF4, 0xFFF6, 0xFFFB,
  0xFFFC, 0xFFFF, 0xFFFF, 0xFFFF, 0xB639, 0x94EE, 0xA9D7, 0xA9D9, 0x90A9, 0xA597, 0xA9D9, 0xA5B9, 0xA9FB, 0xAE1C, 0x9D54, 0xA175,
  0xA597, 0x90AD, 0xDB1D, 0xFFFF, 0xF39B, 0x90CC, 0xE79F, 0xFFFF, 0xFFFF, 0xFFFF, 0xFFFF, 0xFFFF, 0xFFFB, 0xFFF7, 0xFFF2, 0xFFF8,
  0xFFFB, 0xFFF8, 0xFFF2, 0xFFF2, 0xFFF3, 0xFFF7, 0xFFF7, 0xFFF7, 0xFFF8, 0xFFF4, 0xFFF2, 0xFFEF, 0xFFFF, 0xFFFF, 0xFFFF, 0xDF5F,
  0x9952, 0xA596, 0xA9FB, 0xA197, 0x8845, 0xA573, 0xA597, 0xA9D9, 0xADFA, 0xA154, 0x9D54, 0xA9FA, 0xA9FC, 0xA154, 0x9D2F, 0xFFFF,
  0xDAD6, 0x9531, 0xFFFF, 0xFFFF, 0xFFFF, 0xFFFF, 0xFFFF, 0xFFF8, 0xFFF2, 0xFFF3, 0xFFF8, 0xFFF9, 0xFFFC, 0xFFFE, 0xFFF4, 0xFFF3,
  0xFFF2, 0xFFF1, 0xFFF2, 0xFFF2, 0xFFF2, 0xFFF2, 0xFFF9, 0xFFFF, 0xFFFF, 0xFFFF, 0xDF5F, 0x9D52, 0x9D53, 0xAE1D, 0xA1D9, 0xA597,
  0xCA74, 0x98CD, 0xA174, 0xA9B7, 0x9D53, 0xA174, 0xAE1B, 0xA9FB, 0xA9FB, 0xB1FA, 0x98EF, 0x9D0E, 0x9CCA, 0xA174, 0xFFFF, 0xFFFF,
  0xFFFF, 0xFFFC, 0xFFF4, 0xFFF3, 0xFFF4, 0xFFF3, 0xFFF5, 0xFFF3, 0xFFF3, 0xFFF4, 0xFFF4, 0xFFF3, 0xFFF3, 0xFFF3, 0xFFEE, 0xFFF2,
  0xFFFF, 0xFFFF, 0xFFFF, 0xFFFF, 0xFFFF, 0xE37F, 0x9D53, 0xA195, 0xAE3E, 0xAA3F, 0xAA1C, 0xA197, 0xFFFF, 0x8846, 0xA552, 0xA132,
  0xA132, 0xA9B7, 0xA5B8, 0xA175, 0xA575, 0x9D53, 0xA153, 0xA132, 0x94A9, 0x9D53, 0xFFFF, 0xFFFF, 0xFFFF, 0xFFFF, 0xFFF1, 0xFFF5,
  0xFFF7, 0xFFF5, 0xFFF3, 0xFFF5, 0xFFF5, 0xFFF3, 0xFFF2, 0xFFF3, 0xFFEF, 0xFFF2, 0xFFFF, 0xFFFF, 0xFFFF, 0xFFFF, 0xFFFF, 0xDF3D,
  0xDB3F, 0xA195, 0x9D96, 0xB25F, 0xAA3F, 0xA5FD, 0xB25F, 0xA197, 0xFFFF, 0xC611, 0x94AB, 0xA532, 0xA132, 0x9D32, 0xA153, 0xA153,
  0xA153, 0xA996, 0xA153, 0xA532, 0x94A9, 0xA595, 0xBA7E, 0xFFFF, 0xFFFF, 0xFFFF, 0xFFFF, 0xFFF8, 0xFFF5, 0xFFF8, 0xFFFD, 0xFFFC,
  0xFFFC, 0xFFF9, 0xFFF1, 0xFFF3, 0xFFFF, 0xFFFF, 0xFFFF, 0xFFFF, 0xEFDF, 0xB1F6, 0xB616, 0x9D32, 0x9933, 0xA597, 0xAE5F, 0xB29F,
  0xAA1D, 0xA5FC, 0xAE5F, 0xA596, 0xFFFF, 0xFFFF, 0x8C67, 0xA10F, 0xA131, 0xA575, 0xA596, 0xA996, 0xA995, 0xA173, 0x9D32, 0xA132,
  0x98C9, 0x98CC, 0xA196, 0xC29C, 0xFFFF, 0xFFFF, 0xFFFF, 0xFFFF, 0xFFFF, 0xFFFF, 0xFFF8, 0xFFF6, 0xFFF6, 0xFFF4, 0xFFF7, 0xFFFF,
  0xFFFF, 0xFFFF, 0xD71E, 0xB1F6, 0xA152, 0x9931, 0xA196, 0xA5D8, 0xA9D9, 0xB25F, 0xAA3F, 0xAE5F, 0xAA3E, 0xA9FC, 0xA9FC, 0xA153,
  0xFFFF, 0xFFFF, 0xE739, 0x8C66, 0xA130, 0xA153, 0xA553, 0xA131, 0x9D0E, 0x9CED, 0xA132, 0xA552, 0x98A9, 0x9CEB, 0x9D0F, 0x9D53,
  0xBE5A, 0xFFFF, 0xFFFF, 0xFFFF, 0xFFFF, 0xFFFF, 0xFFFF, 0xFFFF, 0xFFFF, 0xFFFF, 0xFFFF, 0xFFFF, 0xE35F, 0xB1F6, 0x9931, 0x9D53,
  0x9D95, 0xAE5F, 0xAA3F, 0xAE5F, 0xAE5F, 0xAE5F, 0xA5FD, 0xAA5F, 0xAE5F, 0xA9FC, 0xA9FB, 0xA573, 0xFFFF, 0xFFFF, 0xFFFF, 0xEF5C,
  0x9088, 0xA530, 0xA10F, 0x9D0F, 0xA10F, 0xA130, 0x9D0E, 0x9CEE, 0x9CED, 0x98CA, 0xA10F, 0xA131, 0xA152, 0xA152, 0xB1D5, 0xD73F,
  0xDF5F, 0xFFFF, 0xFFFF, 0xFFFF, 0xFFFF, 0xFFFF, 0xFFFF, 0xD31D, 0x9911, 0x9D53, 0xA176, 0xB23E, 0xAA5F, 0xAE5F, 0xA61D, 0xAE5F,
  0xAA3F, 0xAE5F, 0xA9FC, 0xAA3F, 0xAE3F, 0xA5BA, 0xA9D9, 0xA551, 0xFFFF, 0xFFFF, 0xFFFF, 0xFFFF, 0xF37C, 0x8C86, 0xA10F, 0xA530,
  0x9D0F, 0x9D0E, 0xA10E, 0x9CED, 0xA10E, 0x98A8, 0x9CED, 0xA553, 0x9D10, 0xA552, 0x9D10, 0xA151, 0xA594, 0xB1F5, 0xB5F5, 0xB5F5,
  0xB5F5, 0xBA37, 0xADD5, 0x9911, 0xA595, 0xA9D9, 0xAE1D, 0xA5FD, 0xAE5F, 0xAA5F, 0xA5FB, 0xA5FB, 0xAE5F, 0xA5FC, 0xA1B9, 0xB25F,
  0xA5B9, 0xA9B9, 0xA996, 0x9CCC, 0xFFFF, 0xFFFF, 0xFFFF, 0xFFFF, 0xFFFF, 0xFFFF, 0x94A6, 0x98CA, 0xA10E, 0xA10F, 0xA10F, 0x9CED,
  0x9CED, 0x98A9, 0x98CB, 0xA575, 0xA575, 0xA575, 0xA9B7, 0xA131, 0x98CC, 0x98CB, 0x94CB, 0x94CB, 0x94CB, 0x94CC, 0x98EE, 0xA997,
  0xADFB, 0xAA1D, 0xA5FC, 0xA5FB, 0xAA3E, 0xAA3F, 0xA9FC, 0xA1B8, 0xAE5F, 0xA5DA, 0xA1B8, 0xAE5F, 0xA598, 0xA576, 0xA111, 0xAD4D,
  0xFFFF, 0xFFFF, 0xFFFF, 0xFFFF, 0xFFFF, 0xFFFF, 0xFFFF, 0xE319, 0x8C64, 0x98CB, 0xA10E, 0x9CED, 0xA0ED, 0xA10E, 0x98A9, 0x9D30,
  0xA9B7, 0xA596, 0xA597, 0xADFA, 0xA153, 0x9D10, 0xA131, 0xA596, 0xA597, 0xA596, 0xB23D, 0xAA1C, 0xA5B9, 0xAA1C, 0xAA1D, 0xA5DA,
  0xA5FB, 0xAE5F, 0xAA1D, 0xA5DA, 0xAE3E, 0xA5DA, 0xA5B8, 0xA9FA, 0xA597, 0xA975, 0xA110, 0xA92B, 0xFFFF, 0xFFFF, 0xFFFF, 0xFFFF,
  0xFFFF, 0xFFFF, 0xFFFF, 0xFFFF, 0xFFFF, 0xCE74, 0x8C65, 0x9086, 0x8C66, 0x9086, 0x9064, 0x9086, 0xA573, 0xA596, 0x9D32, 0xA176,
  0xADFB, 0x9D32, 0x98EE, 0xA153, 0xA5D9, 0xA5B9, 0xA1DA, 0xAE3E, 0xA1B9, 0xA5DA, 0xAA3D, 0xAA1D, 0xA1B9, 0xAE3E, 0xAA5F, 0xA5FB,
  0xA5DA, 0xA9FA, 0xA196, 0xA596, 0xA153, 0xA975, 0x9089, 0xFBDE, 0xFFFF, 0xFFFF, 0xFFFF, 0xFFFF, 0xFFFF, 0xFFFF, 0xFFFF, 0xFFFF,
  0xFFFF, 0xFFFF, 0xFFFF, 0xFFFF, 0xFFFF, 0xFFFF, 0xFFFF, 0xFFFF, 0xA12E, 0xA995, 0xA152, 0x9D32, 0xA196, 0xA9D9, 0x9D10, 0x9D0F,
  0xA174, 0xA9D9, 0xA5B8, 0xA198, 0xAE1C, 0xA198, 0xA9FB, 0xAA3E, 0xA5DA, 0xA1B8, 0xAE3E, 0xA5B9, 0xA197, 0xA5B7, 0x9D32, 0xA154,
  0xA553, 0x94AB, 0xCE75, 0xFFFF, 0xFFFF, 0xFFFF, 0xFFFF, 0xFFFF, 0xFFFF, 0xFFFF, 0xFFFF, 0xFFFF, 0xFFFF, 0xFFFF, 0xFFFF, 0xFFFF,
  0xFFFF, 0xFFFF, 0xFFFF, 0xFFFF, 0xCA53, 0x8C89, 0xA973, 0xA131, 0xA132, 0xA174, 0xA9B7, 0x9D10, 0xA110, 0xA575, 0xA9B9, 0xA176,
  0xA5B8, 0xA9DA, 0xA176, 0xAE1D, 0xA9FB, 0x9D97, 0xAE3E, 0xA197, 0xA597, 0xA175, 0x9D32, 0xA553, 0x98EE, 0x9085, 0xFFFF, 0xFFFF,
  0xFFFF, 0xFFFF, 0xFFFF, 0xFFFF, 0xFFFF, 0xFFFF, 0xFFFF, 0xFFFF, 0xFFFF, 0xFFFF, 0xFFFF, 0xFFFF, 0xFFFF, 0xFFFF, 0xFFFF, 0xFFFF,
  0xFFFF, 0xC211, 0x90A9, 0xA130, 0xA131, 0xA152, 0xA195, 0xA596, 0xA131, 0x9D31, 0xA575, 0xA9B8, 0xA196, 0xA5B8, 0xA5B8, 0xA597,
  0xA5B8, 0xA597, 0xA597, 0xA5B7, 0x9D53, 0xA153, 0xA553, 0x98CD, 0x98C9, 0xFFFF, 0xFFFF, 0xFFFF, 0xFFFF, 0xFFFF, 0xFFFF, 0xFFFF,
  0xFFFF, 0xFFFF, 0xFFFF, 0xFFFF, 0xFFFF, 0xFFFF, 0xFFFF, 0xFFFF, 0xFFFF, 0xFFFF, 0xFFFF, 0xFFFF, 0xFFFF, 0xFFFF, 0xC632, 0x8866,
  0x9D0E, 0xA573, 0xA132, 0xA174, 0xA9B7, 0xA553, 0x9D10, 0xA552, 0xA573, 0xA174, 0xA9D9, 0xA175, 0xA596, 0xA9B7, 0xA154, 0xA153,
  0xA133, 0xA553, 0x98CD, 0x98C8, 0xFFFF, 0xFFFF, 0xFFFF, 0xFFFF, 0xFFFF, 0xFFFF, 0xFFFF, 0xFFFF, 0xFFFF, 0xFFFF, 0xFFFF, 0xFFFF,
  0xFFFF, 0xFFFF, 0xFFFF, 0xFFFF, 0xFFFF, 0xFFFF, 0xFFFF, 0xFFFF, 0xFFFF, 0xFFFF, 0xFFFF, 0xCA52, 0x9CE9, 0x98EC, 0xA551, 0xA552,
  0xA574, 0xA9B7, 0xA153, 0x9D0F, 0x9D0F, 0xA132, 0x9D31, 0xA132, 0xA132, 0xA153, 0xA554, 0xA974, 0xA152, 0x98CB, 0xA94C, 0xFFFF,
  0xFFFF, 0xFFFF, 0xFFFF, 0xFFFF, 0xFFFF, 0xFFFF, 0xFFFF, 0xFFFF, 0xFFFF, 0xFFFF, 0xFFFF, 0xFFFF, 0xFFFF, 0xFFFF, 0xFFFF, 0xFFFF,
  0xFFFF, 0xFFFF, 0xFFFF, 0xFFFF, 0xFFFF, 0xFFFF, 0xFFFF, 0xFFFF, 0xFFFF, 0xBDF0, 0x9CEA, 0x98CB, 0x98EE, 0xA152, 0xADD8, 0xA996,
  0xA110, 0xA110, 0xA131, 0xA531, 0xA552, 0xA552, 0x98EE, 0x90AA, 0x94A9, 0xCA53, 0xFFFF, 0xFFFF, 0xFFFF, 0xFFFF, 0xFFFF, 0xFFFF,
  0xFFFF, 0xFFFF, 0xFFFF, 0xFFFF, 0xFFFF, 0xFFFF, 0xFFFF, 0xFFFF, 0xFFFF, 0xFFFF, 0xFFFF, 0xFFFF, 0xFFFF, 0xFFFF, 0xFFFF, 0xFFFF,
  0xFFFF, 0xFFFF, 0xFFFF, 0xFFFF, 0xFFFF, 0xFFFF, 0xFFFF, 0xBDEF, 0xB5AE, 0x9487, 0x8C68, 0x8C68, 0x8C67, 0x8C67, 0x8C68, 0x8C68,
  0x9089, 0x9088, 0xB18E, 0xC210, 0xF7BD, 0xFFFF, 0xFFFF, 0xFFFF, 0xFFFF, 0xFFFF, 0xFFFF, 0xFFFF, 0xFFFF, 0xFFFF, 0xFFFF, 0xFFFF,
  0xFFFF, 0xFFFF, 0xFFFF, 0xFFFF, 0xFFFF, 0xFFFF, 0xFFFF, 0xFFFF, 0xFFFF, 0xFFFF, 0xFFFF, 0xFFFF, 0xFFFF, 0xFFFF, 0xFFFF, 0xFFFF,
  0xFFFF, 0xFFFF, 0xFFFF, 0xFFFF, 0xFFFF, 0xDEF7, 0xC610, 0xCA31, 0xC610, 0xC610, 0xC210, 0xC610, 0xC611, 0xC210, 0xFFFF, 0xFFFF,
  0xFFFF, 0xFFFF, 0xFFFF, 0xFFFF, 0xFFFF, 0xFFFF, 0xFFFF, 0xFFFF, 0xFFFF, 0xFFFF, 0xFFFF, 0xFFFF, 0xFFFF, 0xFFFF, 0xFFFF, 0xFFFF,
  0xFFFF, 0xFFFF, 0xFFFF, 0xFFFF, 0xFFFF, 0xFFFF, 0xFFFF, 0xFFFF, 0xFFFF, 0xFFFF, 0xFFFF, 0xFFFF, 0xFFFF, 0xFFFF, 0xFFFF, 0xFFFF,
  0xFFFF, 0xFFFF, 0xFFFF, 0xFFFF, 0xFFFF, 0xFFFF, 0xFFFF, 0xFFFF, 0xFFFF, 0xFFFF, 0xFFFF, 0xFFFF, 0xFFFF, 0xFFFF, 0xFFFF, 0xFFFF,
  0xFFFF, 0xFFFF, 0xFFFF, 0xFFFF, 0xFFFF, 0xFFFF, 0xFFFF, 0xFFFF, 0xFFFF, 0xFFFF, 0xFFFF, 0xFFFF, 0xFFFF, 0xFFFF, 0xFFFF, 0xFFFF,
  0xFFFF, 0xFFFF, 0xFFFF, 0xFFFF, 0xFFFF, 0xFFFF, 0xFFFF, 0xFFFF, 0xFFFF, 0xFFFF, 0xFFFF, 0xFFFF, 0xFFFF, 0xFFFF, 0xFFFF, 0xFFFF,
  0xFFFF, 0xFFFF, 0xFFFF, 0xFFFF, 0xFFFF, 0xFFFF, 0xFFFF, 0xFFFF, 0xFFFF, 0xFFFF, 0xFFFF, 0xFFFF, 0xFFFF, 0xFFFF, 0xFFFF, 0xFFFF,
};
#define assets_c04_W 44
#define assets_c04_H 44

static const unsigned short assets_c05[1936] = {
  0xFFFF, 0xFFFF, 0xFFFF, 0xFFFF, 0xFFFF, 0xFFFF, 0xFFFF, 0xFFFF, 0xFFFF, 0xFFFF, 0xFFFF, 0xFFFF, 0xFFFF, 0xFFFF, 0xFFFF, 0xFFFF,
  0xFFFF, 0xFFFF, 0xFFFF, 0xF39A, 0xFFFF, 0xFFFF, 0xFFFF, 0xFFFF, 0xFFFF, 0xFFFF, 0xFFFF, 0xFFFC, 0xEB36, 0xEF57, 0xEB14, 0xD62D,
  0xD62B, 0xFFD1, 0xFFF2, 0xFFF2, 0xFFF4, 0xFFEA, 0xFFE9, 0xFFE9, 0xFFEA, 0xFFE8, 0xFFE8, 0xFFE8, 0xFFFF, 0xFFFF, 0xFFFF, 0xFFFF,
  0xFFFF, 0xFFFF, 0xFFFF, 0xFFFF, 0xFFFF, 0xFFFF, 0xFFFF, 0xFFFF, 0xFFFF, 0xFFFF, 0xFFFF, 0xFFFF, 0xFFFF, 0xFFFF, 0xFBBC, 0xEF78,
  0xFFFF, 0xFFFF, 0xFFFF, 0xFFFF, 0xFFFF, 0xFBDB, 0xDA91, 0xD64E, 0xD62D, 0xCE0C, 0xC9C9, 0xFB4D, 0xFFF0, 0xFFEE, 0xFFEC, 0xFFEA,
  0xFFE8, 0xFFE9, 0xFFE9, 0xFFEA, 0xFFEF, 0xFFEC, 0xFFEA, 0xFFEA, 0xFFFF, 0xFFFF, 0xFFFF, 0xFFFF, 0xFFFF, 0xFFFF, 0xFFFF, 0xFFFF,
  0xFFFF, 0xFFFF, 0xFFFF, 0xFFFF, 0xFFFF, 0xFFFF, 0xFFFF, 0xFFFF, 0xFFFF, 0xFFFF, 0xD250, 0xFBDA, 0xEF98, 0xEF97, 0xEB77, 0xEB97,
  0xEF56, 0xD22D, 0xD64E, 0xD64E, 0xC9CB, 0xF72D, 0xFFF2, 0xFFED, 0xFFEB, 0xFFE9, 0xFFE8, 0xFFEA, 0xFFEE, 0xFFEE, 0xFFED, 0xFFED,
  0xFFE9, 0xFFE8, 0xFFEA, 0xFFEB, 0xFFFF, 0xFFFF, 0xFFFF, 0xFFFF, 0xFFFF, 0xFFFF, 0xFFFF, 0xFFFF, 0xFFFF, 0xFFFF, 0xFFFF, 0xFFFF,
  0xFFFF, 0xFFFF, 0xFFFF, 0xFFFF, 0xFFFF, 0xFFDD, 0xD670, 0xF398, 0xF3B9, 0xF3B9, 0xF398, 0xF7B9, 0xDEB2, 0xD62E, 0xD20D, 0xDE6C,
  0xFFF2, 0xFFF1, 0xFFEB, 0xFFE9, 0xFFE8, 0xFFEB, 0xFFEA, 0xFFED, 0xFFF1, 0xFFEA, 0xFFE7, 0xFFE8, 0xFFE8, 0xFFEC, 0xFFAB, 0xFB74,
  0xFFFF, 0xFFFF, 0xFFFF, 0xFFFF, 0xFFFF, 0xFFFF, 0xFFFF, 0xFFFF, 0xFFFF, 0xFFFF, 0xFFFF, 0xFFFF, 0xFFFF, 0xFFFF, 0xFFFF, 0xFFFF,
  0xFFFF, 0xC9CC, 0xEB35, 0xE755, 0xEF76, 0xEF76, 0xEF98, 0xEF77, 0xDA70, 0xCDEC, 0xEAF0, 0xFFF7, 0xFFF2, 0xFFEB, 0xFFE7, 0xFFE8,
  0xFFEB, 0xFFEF, 0xFFED, 0xFFEC, 0xFFE9, 0xFFE8, 0xFFE9, 0xFFEA, 0xFFEB, 0xFFC9, 0xF776, 0xFFFF, 0xFFFF, 0xFFFF, 0xFFFF, 0xFFFF,
  0xFFFF, 0xFFFF, 0xFFFF, 0xCF93, 0xEBFA, 0xFFFF, 0xFFFF, 0xFFFF, 0xEFFA, 0xFFFF, 0xFFFF, 0xFFFF, 0xD230, 0xDA91, 0xE734, 0xE733,
  0xE733, 0xE313, 0xEF77, 0xEF77, 0xD64D, 0xFFB2, 0xFFFB, 0xFFF3, 0xFFE7, 0xFFE8, 0xFFE9, 0xFFF0, 0xFFF4, 0xFFEF, 0xFFED, 0xFFEC,
  0xFFEC, 0xFFEC, 0xFFEC, 0xFFEC, 0xFFEE, 0xFB4D, 0xF7BA, 0xFFFF, 0xFFFF, 0xFFFF, 0xFFFF, 0xFFFF, 0xFFFF, 0xFFFF, 0xFFFF, 0xFFFF,
  0xAB4B, 0xCBF4, 0xFFFF, 0xFFFF, 0xB74C, 0xFFFF, 0xFFFF, 0xF79A, 0xD691, 0xE734, 0xE312, 0xE312, 0xE733, 0xFBFB, 0xEF77, 0xE6EF,
  0xFFF7, 0xFFFF, 0xFFFB, 0xFFEE, 0xFFEE, 0xFFF0, 0xFFF5, 0xFFF4, 0xFFEF, 0xFFEB, 0xFFEC, 0xFFEE, 0xFFED, 0xFFEF, 0xFFF0, 0xFFEC,
  0xFFCA, 0xE712, 0xF7D9, 0xF3D9, 0xFFFF, 0xFFFF, 0xFFFF, 0xFFFF, 0xFFFF, 0xFFFF, 0xFFFF, 0xFFFF, 0xEBFA, 0xABAC, 0xBFF2, 0xFFFF,
  0xBFAE, 0xD7F3, 0xEF78, 0xDED4, 0xFFFE, 0xFBFD, 0xFBFC, 0xFFFD, 0xFFFB, 0xFFF6, 0xFFF3, 0xFFFA, 0xFFFF, 0xFFFF, 0xFFFE, 0xFFFD,
  0xFFFD, 0xFFF6, 0xFFF1, 0xFFEE, 0xFFED, 0xFFF3, 0xFFF2, 0xFFEE, 0xFFF0, 0xFFF4, 0xFFF1, 0xFFED, 0xF72C, 0xE733, 0xF3B8, 0xF7D9,
  0xFFFF, 0xFFFF, 0xFFFF, 0xFFFF, 0xEFFA, 0xCFF3, 0xDBF6, 0xFFFF, 0xFFFF, 0xC34E, 0xAFED, 0xBFF2, 0xB38B, 0xAE47, 0xDAF3, 0xFFFF,
  0xFFFF, 0xFFFF, 0xFFFF, 0xFFFC, 0xFFF2, 0xFFF5, 0xFFFF, 0xFFFF, 0xFFFF, 0xFFFE, 0xFFFB, 0xFFFE, 0xFFFA, 0xFFF4, 0xFFF1, 0xFFF1,
  0xFFF4, 0xFFF8, 0xFFF3, 0xFFF3, 0xFFF9, 0xFFF4, 0xFFF0, 0xFFCD, 0xDE8F, 0xF375, 0xEB54, 0xEF55, 0xFFFF, 0xFFFF, 0xFFFF, 0xFFFF,
  0xFFFF, 0xCFB2, 0xAFED, 0xB7F0, 0xDBF6, 0xBE89, 0xB30A, 0xB7F0, 0xB34A, 0xC66C, 0xFFFF, 0xFFFF, 0xFFFF, 0xFFFF, 0xFBDA, 0xFFF1,
  0xFFF8, 0xFFFF, 0xFFFF, 0xFFFF, 0xFFFC, 0xFFFC, 0xFFFD, 0xFFF8, 0xFFF5, 0xFFF6, 0xFFF7, 0xFFF9, 0xFFF9, 0xFFF3, 0xFFF3, 0xFFF9,
  0xFFF3, 0xFFEF, 0xFFF0, 0xFFF7, 0xEF76, 0xEB54, 0xEB54, 0xEB34, 0xFFFF, 0xFFFF, 0xFFFF, 0xFFFF, 0xFFFF, 0xFFFF, 0xDFF7, 0xAFEF,
  0xB3F0, 0xB78C, 0xAA46, 0xBB4C, 0xBA6A, 0xEF77, 0xFFFF, 0xFFFF, 0xFFFF, 0xFFFB, 0xFFF3, 0xFFFD, 0xFFFF, 0xFFFF, 0xFFFF, 0xFFFA,
  0xFFFD, 0xFFFF, 0xFFFB, 0xFFF7, 0xFFF7, 0xFFF8, 0xFFFD, 0xFFFA, 0xFFF4, 0xFFF6, 0xFFF8, 0xFFF2, 0xFFEF, 0xFFB0, 0xFBFB, 0xFFFF,
  0xFFFE, 0xF7FA, 0xF3D9, 0xF3D9, 0xFFFF, 0xFFFF, 0xFFFF, 0xFFFF, 0xFFFF, 0xFFFF, 0xFFFF, 0xFFFC, 0xAB48, 0xBBEE, 0xBFCE, 0xB288,
  0xC60B, 0xE715, 0xEB56, 0xF7BA, 0xF396, 0xFFF6, 0xFFFF, 0xFFFF, 0xFFFF, 0xFFFF, 0xFFFB, 0xFFFE, 0xFFFF, 0xFFFD, 0xFFF8, 0xFFF9,
  0xFFFD, 0xFFFF, 0xFFFF, 0xFFF8, 0xFFFC, 0xFFFA, 0xFFF2, 0xFFF2, 0xF7B6, 0xFBFD, 0xFFFF, 0xFFFF, 0xFFFF, 0xFBFD, 0xF7FD, 0xFFFF,
  0xFFFF, 0xFFFF, 0xFFFF, 0xFFFF, 0xFFFF, 0xFFFF, 0xFFFF, 0xD32F, 0xB708, 0xBB69, 0xB368, 0xBB2A, 0xC62B, 0xE735, 0xE735, 0xEB34,
  0xEF2E, 0xFFFF, 0xFFFF, 0xFFFF, 0xFFFF, 0xFFFF, 0xFFFF, 0xFFFF, 0xFFFF, 0xFFF9, 0xFFFA, 0xFFFF, 0xFFFF, 0xFFFF, 0xFFFD, 0xFFFF,
  0xFFFF, 0xFFF4, 0xFFF1, 0xFBFC, 0xFFFF, 0xFFFF, 0xFFFF, 0xFFFF, 0xFFFF, 0xFFFF, 0xFFFF, 0xFBBA, 0xFFFF, 0xFFFF, 0xFFFF, 0xFFFF,
  0xFFFF, 0xFFFC, 0xD2D1, 0xCEEF, 0xD32E, 0xBAE8, 0xB707, 0xBEE9, 0xCE2B, 0xEB35, 0xE734, 0xEAED, 0xFFF8, 0xFFFF, 0xFFFF, 0xFFFF,
  0xFFFF, 0xFFFF, 0xFFFF, 0xFFFF, 0xFFFF, 0xFFFF, 0xFFFF, 0xFFFF, 0xFFFF, 0xFFFF, 0xFFFF, 0xFFFF, 0xFFF7, 0xFFF0, 0xFFFD, 0xFFFF,
  0xFFFF, 0xFFFF, 0xFFFF, 0xFFFF, 0xFFFF, 0xFFFF, 0xFBBA, 0xD22D, 0xFFFF, 0xF3FA, 0xDFF5, 0xFFFF, 0xD28F, 0xEF77, 0xFFFF, 0xFFFF,
  0xFFFD, 0xE371, 0xB687, 0xBE48, 0xD64E, 0xEF57, 0xE714, 0xEEEC, 0xFFFF, 0xFFFF, 0xFFFF, 0xFFFF, 0xFFFF, 0xFFFF, 0xFFFA, 0xFFFD,
  0xFFFF, 0xFFFF, 0xFFFF, 0xFFFF, 0xFFFF, 0xFFFF, 0xFFFF, 0xFFF9, 0xFFED, 0xEF54, 0xFFFF, 0xFFFF, 0xFFFF, 0xFFFF, 0xFFFF, 0xFFFF,
  0xFFFF, 0xF798, 0xE6D3, 0xD22E, 0xFFFF, 0xEBF8, 0xA265, 0xCE8F, 0xFFFF, 0xFFFF, 0xFFFF, 0xFFFF, 0xFFFF, 0xFFFC, 0xDF72, 0xC60A,
  0xDE91, 0xEF56, 0xE6F2, 0xF72D, 0xFFFD, 0xFFF9, 0xFFFF, 0xFFFF, 0xFFFD, 0xFFFF, 0xFFF3, 0xFFF5, 0xFFFA, 0xFFFF, 0xFFFF, 0xFFFF,
  0xFFFF, 0xFFFF, 0xFFFD, 0xFFF1, 0xFFCF, 0xEF76, 0xF3B8, 0xEFB8, 0xF7DA, 0xFFFF, 0xFFFF, 0xFBBB, 0xDE91, 0xDE90, 0xD64E, 0xD22E,
  0xC3F1, 0xB76C, 0xB206, 0xEB77, 0xFFFF, 0xFFFF, 0xFFFF, 0xFFFF, 0xFFFF, 0xFFFF, 0xF7D9, 0xD64E, 0xEB14, 0xEB34, 0xE2B0, 0xFF4D,
  0xFFF2, 0xFFF5, 0xFFFF, 0xFFFA, 0xFFF3, 0xFFF5, 0xFFEF, 0xFFEC, 0xFFF5, 0xFFFF, 0xFFFF, 0xFFFE, 0xFFFF, 0xFFFF, 0xFFF4, 0xFFED,
  0xDEAF, 0xF3B8, 0xEF76, 0xEF96, 0xE755, 0xFFFF, 0xFB99, 0xD64F, 0xDE90, 0xE291, 0xD64E, 0xCE0D, 0xAF2A, 0xAF09, 0xCE6D, 0xF397,
  0xEB77, 0xFBFC, 0xFFFF, 0xFFFF, 0xFFFF, 0xFFFF, 0xFBFB, 0xD66F, 0xE715, 0xEF34, 0xE6CF, 0xFF6C, 0xFFF2, 0xFFF5, 0xFFFF, 0xFFF3,
  0xFFEE, 0xFFEE, 0xFFEE, 0xFFED, 0xFFF7, 0xFFFF, 0xFFFE, 0xFFF5, 0xFFFF, 0xFFF9, 0xFFF0, 0xFFCF, 0xDEB1, 0xF3B8, 0xEF76, 0xEF76,
  0xF7DA, 0xEF57, 0xDE90, 0xE290, 0xE291, 0xDE90, 0xDE91, 0xD64E, 0xB228, 0xBE4A, 0xE735, 0xEF98, 0xEF77, 0xEB76, 0xFBFB, 0xFFFF,
  0xFFFF, 0xFFFF, 0xFFFF, 0xDA91, 0xE714, 0xEF34, 0xEF0E, 0xFFF3, 0xFFF3, 0xFFF7, 0xFFFA, 0xFFEF, 0xFFEE, 0xFFEE, 0xFFEF, 0xFFED,
  0xFFF9, 0xFFFF, 0xFFF0, 0xFFF7, 0xFFFD, 0xFFEF, 0xFFEE, 0xDE4B, 0xE6D2, 0xF397, 0xEF96, 0xEB76, 0xF7FB, 0xEB35, 0xDE90, 0xE291,
  0xDE90, 0xDE90, 0xDE90, 0xD64E, 0xBDE9, 0xDED1, 0xF398, 0xEF77, 0xEF98, 0xEF77, 0xEF98, 0xFFFF, 0xFFFF, 0xFFFF, 0xFFFF, 0xDA70,
  0xE713, 0xEB13, 0xFB2F, 0xFFF5, 0xFFF5, 0xFFFF, 0xFFF1, 0xFFED, 0xFFEE, 0xFFEE, 0xFFEE, 0xFFF1, 0xFFFF, 0xFFFF, 0xFFEE, 0xFFF6,
  0xFFFC, 0xFFEE, 0xFFED, 0xD60C, 0xE6D2, 0xEF97, 0xEF76, 0xEF76, 0xFBDA, 0xEB35, 0xDE90, 0xE291, 0xDE90, 0xDE90, 0xDA4E, 0xCE0C,
  0xCE4D, 0xF377, 0xEF78, 0xEF77, 0xEF98, 0xEF77, 0xF3B9, 0xFFFF, 0xFFFF, 0xFFFF, 0xDED2, 0xC9EC, 0xE714, 0xEF14, 0xFB2E, 0xFFF3,
  0xFFF6, 0xFFFF, 0xFFF1, 0xFFEE, 0xFFEE, 0xFFEE, 0xFFED, 0xFFF3, 0xFFFF, 0xFFF2, 0xFFED, 0xFFF4, 0xFFF9, 0xFFEE, 0xFFED, 0xDA2D,
  0xDE6F, 0xEB33, 0xEF96, 0xF397, 0xEB35, 0xE2B1, 0xE291, 0xE291, 0xE291, 0xDEB0, 0xCECD, 0xC28C, 0xDA8F, 0xEF56, 0xF398, 0xEF98,
  0xEF98, 0xEF77, 0xF398, 0xFFFF, 0xFFFE, 0xE715, 0xD24E, 0xCE0C, 0xE2B2, 0xEAF2, 0xFF4D, 0xFFF2, 0xFFF4, 0xFFF5, 0xFFEF, 0xFFEF,
  0xFFEE, 0xFFEE, 0xFFED, 0xFFF3, 0xFFFF, 0xFFEF, 0xFFED, 0xFFEF, 0xFFF0, 0xFFEF, 0xFFEE, 0xDA2D, 0xDE4F, 0xE712, 0xEF75, 0xF3B8,
  0xE714, 0xDE90, 0xE2B1, 0xE291, 0xE291, 0xCE6D, 0xC3D0, 0xC7F4, 0xCE0D, 0xE6D2, 0xEF35, 0xF397, 0xEF98, 0xEF97, 0xEF76, 0xF377,
  0xE2D2, 0xD64E, 0xDE8F, 0xDE6F, 0xD64E, 0xE2AD, 0xFFF3, 0xFFF7, 0xFFF7, 0xFFF0, 0xFFEF, 0xFFEF, 0xFFEE, 0xFFEE, 0xFFED, 0xFFF1,
  0xFFF8, 0xFFEE, 0xFFEE, 0xFFEE, 0xFFED, 0xFFEF, 0xFFED, 0xDA2D, 0xDE6F, 0xE6F2, 0xEB33, 0xEF76, 0xE6F3, 0xDE91, 0xE2B1, 0xE2B1,
  0xE6B1, 0xDA8E, 0xBE08, 0xB289, 0xEF59, 0xD22E, 0xE6D2, 0xEF34, 0xF397, 0xF397, 0xF377, 0xDA90, 0xD64E, 0xDA6F, 0xDA6F, 0xDA6F,
  0xD64E, 0xE6AC, 0xFFF3, 0xFFFD, 0xFFFA, 0xFFEF, 0xFFF0, 0xFFF1, 0xFFEF, 0xFFEC, 0xFFEE, 0xFFEE, 0xFFED, 0xFFED, 0xFFEE, 0xFFEE,
  0xFFED, 0xFFEF, 0xFFED, 0xDA2D, 0xE26F, 0xE290, 0xE6F2, 0xE6F2, 0xE2B1, 0xE291, 0xE2B1, 0xE290, 0xD6AF, 0xC70D, 0xBECC, 0xB648,
  0xFFFF, 0xF39A, 0xD22E, 0xE6D2, 0xEF34, 0xF397, 0xF377, 0xDA90, 0xDA6F, 0xDA6F, 0xDA6F, 0xDA6F, 0xD62E, 0xE6AD, 0xFFF3, 0xFFFE,
  0xFFFC, 0xFFEF, 0xFFF4, 0xFFFA, 0xFFEE, 0xFFEA, 0xFFEE, 0xFFEE, 0xFFEE, 0xFFEE, 0xFFED, 0xFFED, 0xFFED, 0xFFEF, 0xFFED, 0xDA2D,
  0xE26F, 0xE26F, 0xE6F2, 0xE712, 0xE2B1, 0xE290, 0xE291, 0xDACF, 0xC78E, 0xC3F2, 0xC7F3, 0xBFAD, 0xFFFF, 0xFFFF, 0xF379, 0xD24F,
  0xE6F2, 0xF376, 0xE714, 0xDA6F, 0xDA6F, 0xD64E, 0xD66F, 0xDA6F, 0xD22E, 0xE26B, 0xFFF2, 0xFFF9, 0xFFF7, 0xFFEF, 0xFFF6, 0xFFFC,
  0xFFEE, 0xFFEB, 0xFFEF, 0xFFEE, 0xFFEE, 0xFFEE, 0xFFEE, 0xFFEC, 0xFFEC, 0xFFEF, 0xFFED, 0xDA2D, 0xE26F, 0xDE6F, 0xEB13, 0xF397,
  0xE2D1, 0xDE70, 0xE290, 0xDACE, 0xCB4C, 0xC36A, 0xBAE8, 0xC329, 0xFFFF, 0xFFFF, 0xFFFF, 0xEB36, 0xD22D, 0xEAF3, 0xDEB0, 0xDA6F,
  0xDE90, 0xFFFD, 0xDE8F, 0xCE0D, 0xD62C, 0xF70B, 0xFFF5, 0xFFEF, 0xFFEF, 0xFFEF, 0xFFF3, 0xFFF8, 0xFFEF, 0xFFEB, 0xFFEF, 0xFFEE,
  0xFFEE, 0xFFED, 0xFFED, 0xFFEC, 0xFFEB, 0xFFEF, 0xFFED, 0xDA2D, 0xE290, 0xE290, 0xDE90, 0xE713, 0xE2D2, 0xDE6F, 0xDA6E, 0xC689,
  0xC2E8, 0xC6C8, 0xCA49, 0xCA29, 0xFFFF, 0xFFFF, 0xFFFF, 0xE6F4, 0xCDEC, 0xDE70, 0xDE90, 0xDE6F, 0xDA6F, 0xDE8F, 0xDE8F, 0xFFD8,
  0xDE6C, 0xFFF4, 0xFFFB, 0xFFEF, 0xFFEE, 0xFFEF, 0xFFEF, 0xFFEF, 0xFFED, 0xFFEB, 0xFFEF, 0xFFEE, 0xFFEE, 0xFFEC, 0xFFEA, 0xFFEC,
  0xFFEB, 0xFFEF, 0xFFED, 0xDE4D, 0xE26F, 0xE290, 0xDE70, 0xE6F2, 0xE733, 0xDE90, 0xD64E, 0xC68B, 0xC6CB, 0xCE4A, 0xCDEB, 0xE6F4,
  0xF799, 0xF379, 0xE6F4, 0xDE91, 0xD20C, 0xD20C, 0xDE90, 0xE290, 0xE6B1, 0xF355, 0xE6D0, 0xFFFB, 0xDE6B, 0xFFF2, 0xFFFA, 0xFFEF,
  0xFFED, 0xFFEE, 0xFFF0, 0xFFEC, 0xFFEB, 0xFFEC, 0xFFEE, 0xFFF0, 0xFFF9, 0xFFEE, 0xFFE9, 0xFFEB, 0xFFEA, 0xFFEC, 0xFFED, 0xD62C,
  0xF333, 0xF334, 0xDE70, 0xE6F2, 0xEF96, 0xE2D2, 0xDA4E, 0xD1EC, 0xD1EC, 0xCDCC, 0xE2D4, 0xFFFF, 0xDA6F, 0xDA6F, 0xDE91, 0xE2B1,
  0xC5AB, 0xC169, 0xC5AA, 0xC5AA, 0xD64E, 0xFFFF, 0xD62C, 0xC189, 0xE6AC, 0xFFF4, 0xFFF9, 0xFFF0, 0xFFF0, 0xFFEE, 0xFFFC, 0xFFF2,
  0xFFEB, 0xFFEB, 0xFFED, 0xFFF1, 0xFFFE, 0xFFF3, 0xFFE9, 0xFFEC, 0xFFEF, 0xFFEA, 0xFFEC, 0xEAD0, 0xFFFF, 0xFB76, 0xDE6F, 0xE713,
  0xEF96, 0xDEB1, 0xDA4F, 0xD1ED, 0xCDCC, 0xD650, 0xFFFF, 0xFFFF, 0xDE90, 0xDE91, 0xDA4F, 0xD62D, 0xF32F, 0xFFB2, 0xFB94, 0xFB52,
  0xF70F, 0xF72F, 0xF72F, 0xDE69, 0xFFFA, 0xFFF8, 0xFFF2, 0xFFF0, 0xFFFF, 0xFFF8, 0xFFFF, 0xFFF4, 0xFFE8, 0xFFEC, 0xFFF2, 0xFFEE,
  0xFFEF, 0xFFF3, 0xFFF0, 0xFFFA, 0xFFF4, 0xFFEC, 0xFFEC, 0xEEF1, 0xFFB7, 0xDE6E, 0xE2B0, 0xEB13, 0xEB54, 0xDE90, 0xDE6F, 0xD1EC,
  0xCE0C, 0xEF98, 0xFFFE, 0xFFFF, 0xC9EC, 0xCDEB, 0xEEF1, 0xFFD3, 0xFFF4, 0xFFF5, 0xFFF9, 0xFFFF, 0xFFFF, 0xFFF8, 0xFFFF, 0xFFF8,
  0xFFF1, 0xFFF2, 0xFFF0, 0xFFEF, 0xFFFF, 0xFFF9, 0xFFFC, 0xFFF1, 0xFFF5, 0xFFF0, 0xFFF8, 0xFFEF, 0xFFF2, 0xFFF5, 0xFFF1, 0xFFFD,
  0xFFF5, 0xFFED, 0xFFEE, 0xDA4D, 0xD62D, 0xFFF5, 0xFFF8, 0xDEB0, 0xDEB0, 0xDE90, 0xDA4F, 0xC9CB, 0xE6F3, 0xF3B8, 0xEB77, 0xF3DA,
  0xFFFC, 0xFFF6, 0xFFF4, 0xFFF8, 0xFFED, 0xFF27, 0xFEE8, 0xFFFB, 0xFFF9, 0xFFAC, 0xFFFF, 0xFFFF, 0xFFF9, 0xFFEE, 0xFFF1, 0xFFEF,
  0xFFFF, 0xFFF7, 0xFFF2, 0xFFED, 0xFFF3, 0xFFEE, 0xFFF7, 0xFFF0, 0xFFF6, 0xFFF6, 0xFFEB, 0xFFF1, 0xFFF5, 0xFFED, 0xFFEC, 0xD60C,
  0xDE8D, 0xFFF6, 0xFB93, 0xDA6F, 0xDEB0, 0xE2B1, 0xC9EC, 0xDED2, 0xF3B8, 0xEF97, 0xEF97, 0xEF97, 0xFFF3, 0xFFF3, 0xFFA9, 0xFF46,
  0xFFCA, 0xFFEC, 0xFFF8, 0xFFEF, 0xFFEF, 0xFFFF, 0xFFFF, 0xFFFF, 0xFFFF, 0xFFF9, 0xFFEF, 0xFFED, 0xFFFF, 0xFFF3, 0xFFEA, 0xFFEA,
  0xFFE9, 0xFFF1, 0xFFFF, 0xFFEF, 0xFFEE, 0xFFF3, 0xFFEF, 0xFFF4, 0xFFEF, 0xFFF9, 0xFFFA, 0xE6AE, 0xFFFA, 0xFFF6, 0xCE0C, 0xE2B2,
  0xE2B1, 0xD64E, 0xC5AB, 0xE714, 0xF3D8, 0xEF97, 0xEF97, 0xEFB7, 0xFF47, 0xFF27, 0xFFC9, 0xFFED, 0xFFE8, 0xFFF5, 0xFFFB, 0xFFEF,
  0xFFFF, 0xFFFF, 0xFFFF, 0xFFFF, 0xFFFF, 0xFFFF, 0xFFF2, 0xFFF3, 0xFFFC, 0xFFF3, 0xFFF4, 0xFFEB, 0xFFEB, 0xFFFA, 0xFFF8, 0xFFEC,
  0xFFEC, 0xFFEF, 0xFFF1, 0xFFF6, 0xFFF9, 0xFFFF, 0xFFFF, 0xFFFD, 0xFB52, 0xE6F2, 0xDA90, 0xC9EC, 0xCE0D, 0xC9AB, 0xD20D, 0xEB34,
  0xEF96, 0xEFB7, 0xF3B7, 0xEF97, 0xFFEA, 0xFFC8, 0xFFE9, 0xFFEB, 0xFFEA, 0xFFFF, 0xFFFB, 0xFFEF, 0xFFFF, 0xFFFF, 0xFFFF, 0xFFFF,
  0xFFFF, 0xFFFF, 0xFFFF, 0xFFFF, 0xFFFF, 0xFFFF, 0xFFFF, 0xFFFD, 0xFFEA, 0xFFF4, 0xFFEF, 0xFFFA, 0xFFFF, 0xFFF6, 0xFFEB, 0xFFF5,
  0xFFFF, 0xFFFF, 0xFFFF, 0xFFFC, 0xEEC6, 0xFFFA, 0xFFFF, 0xF793, 0xFB73, 0xC589, 0xDE70, 0xE712, 0xE733, 0xF3B8, 0xEF97, 0xEF97,
  0xFFE9, 0xFFEA, 0xFFEA, 0xFFE9, 0xFFEC, 0xFFFF, 0xFFFF, 0xFFF1, 0xFFFF, 0xFFFB, 0xFFFF, 0xFFFF, 0xFFFF, 0xFFFF, 0xFFFF, 0xFFFF,
  0xFFFF, 0xFFFF, 0xFFFF, 0xFFFF, 0xFFFF, 0xFFF0, 0xFFFF, 0xFFFF, 0xFFFF, 0xFFFF, 0xFFFF, 0xFFFF, 0xFFFF, 0xFFFF, 0xFFFF, 0xFFFF,
  0xFFFF, 0xFFFC, 0xFFF9, 0xFFFB, 0xFFFF, 0xEAF1, 0xD64E, 0xEF33, 0xE6F2, 0xEB56, 0xF3B8, 0xEFB7, 0xFFF4, 0xFFF2, 0xFFE7, 0xFFEE,
  0xFFEE, 0xFFFF, 0xFFFF, 0xFFF4, 0xFFF9, 0xFFFF, 0xFFFF, 0xFFFF, 0xFFFF, 0xFFFF, 0xFFFF, 0xFFFF, 0xFFFF, 0xFFFF, 0xFFFF, 0xFFFF,
  0xFFFF, 0xFFFF, 0xFFFF, 0xFFFF, 0xFFFF, 0xFFFF, 0xFFFF, 0xFFFF, 0xFFFF, 0xFFFF, 0xFFFF, 0xFFFF, 0xFFFF, 0xFFF9, 0xFFF3, 0xFFEC,
  0xFFF3, 0xFFF8, 0xD64C, 0xE6D2, 0xEF33, 0xE6F1, 0xE733, 0xF3B7, 0xFFFE, 0xFFF7, 0xFFE6, 0xFFED, 0xFFEE, 0xFFF9, 0xFFFF, 0xFFFF,
  0xFFF4, 0xFFFF, 0xFFFF, 0xFFFF, 0xFFFF, 0xFFFF, 0xFFFF, 0xFFFF, 0xFFFF, 0xFFFF, 0xFFFF, 0xFFFF, 0xFFFF, 0xFFFF, 0xFFFF, 0xFFFF,
  0xFFFF, 0xFFFF, 0xFFFF, 0xFFFF, 0xFFFF, 0xFFFF, 0xFFFF, 0xFFFF, 0xFFFF, 0xFFF8, 0xFFFB, 0xFFF0, 0xFFC5, 0xFFF5, 0xFFF9, 0xD22D,
  0xE290, 0xE6D1, 0xE6D1, 0xE2F2, 0xFFFC, 0xFFF6, 0xFFE7, 0xFFED, 0xFFF0, 0xFFF6, 0xFFFD, 0xFFFF, 0xFFFF, 0xFFFF, 0xFFF8, 0xFFFF,
  0xFFFF, 0xFFFF, 0xFFFF, 0xFFFF, 0xFFFF, 0xFFFF, 0xFFFF, 0xFFFF, 0xFFFF, 0xFFFF, 0xFFFF, 0xFFFF, 0xFFFF, 0xFFFF, 0xFFFF, 0xFFFF,
  0xFFFF, 0xFFFF, 0xFFFB, 0xFFF1, 0xFFF0, 0xFFFE, 0xFFFF, 0xFFF0, 0xFFE7, 0xFFEB, 0xFFFA, 0xFFFA, 0xFB73, 0xE6AF, 0xD22C, 0xDA70,
  0xFFF8, 0xFFFF, 0xFFF3, 0xFFE9, 0xFFED, 0xFFFC, 0xFFF8, 0xFFF9, 0xFFFF, 0xFFFF, 0xFFFF, 0xFFF4, 0xFFFB, 0xFFFD, 0xFFFF, 0xFFFF,
  0xFFFF, 0xFFFF, 0xFFFF, 0xFFFF, 0xFFFF, 0xFFFF, 0xFFFF, 0xFFFF, 0xFFFF, 0xFFFF, 0xFFFF, 0xFFFF, 0xFFF9, 0xFFF5, 0xFFF5, 0xFFFF,
  0xFFFF, 0xFFFF, 0xFFFC, 0xFFEC, 0xFFE8, 0xFFE8, 0xFFE9, 0xFFEF, 0xFFFA, 0xFFFC, 0xF774, 0xCE0B, 0xFFF7, 0xFFFF, 0xFFFF, 0xFFEB,
  0xFFEA, 0xFFED, 0xFFF8, 0xFFFB, 0xFFF8, 0xFFFC, 0xFFFF, 0xFFFF, 0xFFFE, 0xFFF2, 0xFFF4, 0xFFF8, 0xFFF6, 0xFFFC, 0xFFFF, 0xFFFF,
  0xFFFF, 0xFFF9, 0xFFF3, 0xFFF4, 0xFFF5, 0xFFF4, 0xFFF2, 0xFFF3, 0xFFF5, 0xFFFD, 0xFFFF, 0xFFFF, 0xFFFD, 0xFFF5, 0xFFEA, 0xFFE8,
  0xFFE8, 0xFFE8, 0xFFE8, 0xFFE5, 0xFFE7, 0xFFF3, 0xFFFF, 0xFFF5, 0xFFF8, 0xFFFB, 0xFFFF, 0xFFFF, 0xFFED, 0xFFE9, 0xFFEC, 0xFFF5,
  0xFFF9, 0xFFF7, 0xFFF9, 0xFFFF, 0xFFFF, 0xFFFF, 0xFFFF, 0xFFFF, 0xFFFE, 0xFFF3, 0xFFF1, 0xFFF1, 0xFFF0, 0xFFF2, 0xFFF2, 0xFFF0,
  0xFFEF, 0xFFEE, 0xFFF4, 0xFFFF, 0xFFFF, 0xFFFF, 0xFFFF, 0xFFF5, 0xFFE9, 0xFFE9, 0xFFEC, 0xFFEC, 0xFFE7, 0xFFE7, 0xFFE8, 0xFFE8,
  0xFFE7, 0xFFC6, 0xFFED, 0xFF8F, 0xFFF5, 0xFFF9, 0xFFFD, 0xFFFF, 0xFFFF, 0xFFFC, 0xFFED, 0xFFEB, 0xFFF1, 0xFFF4, 0xFFF9, 0xFFF7,
  0xFFF8, 0xFFFF, 0xFFFF, 0xFFFF, 0xFFFF, 0xFFFC, 0xFFFC, 0xFFFC, 0xFFFD, 0xFFFF, 0xFFFF, 0xFFFF, 0xFFFF, 0xFFFF, 0xFFFF, 0xFFFA,
  0xFFF6, 0xFFED, 0xFFEE, 0xFFEC, 0xFFF1, 0xFFF2, 0xFFF1, 0xFFEC, 0xFFE8, 0xFFE8, 0xFFE7, 0xFFE7, 0xFFE8, 0xFFEB, 0xF70F, 0xFBBB,
};
#define assets_c05_W 44
#define assets_c05_H 44

static const unsigned short assets_c06[1936] = {
  0xFFFF, 0xFFFF, 0xC211, 0xA172, 0xBEDF, 0xAE1D, 0xADB8, 0x98EC, 0xA109, 0xAD8F, 0xAD6E, 0xAD6E, 0xB16E, 0xB18F, 0xAD6D, 0xBE7A,
  0xCF7F, 0xC73F, 0xCB5F, 0xC31F, 0xC73F, 0xCF7F, 0xC31F, 0xD3BF, 0xBEFF, 0xD7DF, 0xB659, 0xA10C, 0xAD6E, 0xA96E, 0xAD6E, 0xAD6E,
  0xAD6E, 0xB1AF, 0x9CC8, 0x9D52, 0xB69F, 0xB69F, 0xADFB, 0x94CC, 0xFFFF, 0xFFFF, 0xFFFF, 0xFFFF, 0xFFFF, 0xBE15, 0x94A9, 0xA593,
  0xBABF, 0xAE1C, 0xA9B7, 0x98CB, 0xA593, 0xB23D, 0xAE3C, 0xB23D, 0xB23D, 0xB65E, 0xA5B7, 0xC73F, 0xBAFF, 0xCB7F, 0xB6DF, 0xCB7F,
  0xB6DF, 0xCB7F, 0xB2BF, 0xD3FF, 0xB2BF, 0xD3BF, 0xA5B6, 0xB63C, 0xB25D, 0xB25E, 0xB25D, 0xB25D, 0xB23D, 0xBA7D, 0x990D, 0x9D31,
  0xB69F, 0xB69F, 0xADFA, 0x9D0D, 0xA96D, 0xC255, 0xCA54, 0xFFFF, 0xB9D0, 0xADD7, 0xA992, 0x9D30, 0xBA9F, 0xAE1B, 0xA9B7, 0x94CB,
  0xADD5, 0xBEBF, 0xBA7F, 0xBA9F, 0xBA9F, 0xBEBF, 0xAA1A, 0xC31F, 0xBABF, 0xCB5F, 0xB69E, 0xCB5F, 0xBADF, 0xC73F, 0xB6BF, 0xD3BF,
  0xB27D, 0xCF9F, 0xA9D6, 0xBA7F, 0xBABF, 0xBABF, 0xBABF, 0xBABF, 0xBABF, 0xC2DF, 0x9D2E, 0x9D30, 0xB67F, 0xB67F, 0xA9D9, 0x9D0E,
  0xB1F5, 0xC6DF, 0xBE7C, 0xB5B0, 0xD695, 0x9D0E, 0x98EB, 0xA151, 0xB69F, 0xB25E, 0xA9B8, 0x98CC, 0x98CB, 0xA132, 0x9D32, 0x9D32,
  0x9D32, 0xA153, 0x9910, 0xBA7D, 0xB25C, 0xBEDF, 0xAE3A, 0xBEFF, 0xAA3A, 0xC31F, 0xAE3B, 0xBEDF, 0xB25B, 0xC73F, 0xA172, 0xA573,
  0x9D52, 0x9D32, 0x9D53, 0x9D53, 0x9D32, 0xA152, 0x9088, 0x9D30, 0xB25F, 0xB67F, 0xADDA, 0xA12E, 0x9487, 0x990F, 0xBEBF, 0x98EB,
  0xFFFF, 0xC211, 0x9CE7, 0xA151, 0xB67F, 0xB65F, 0xA9D8, 0x98CB, 0xAD6C, 0xC1F1, 0xBDF0, 0xBDF0, 0xBDF1, 0xC1F1, 0xB1AF, 0xADF7,
  0xBEBF, 0xBA9D, 0xBEBE, 0xBE9D, 0xB65B, 0xBA9D, 0xAE19, 0xC2DF, 0xBA9D, 0xC6FF, 0xA9D4, 0x94A7, 0xC1F1, 0xC1F1, 0xC1F1, 0xBDF1,
  0xBDF0, 0xBDF1, 0x9CE8, 0x9D30, 0xB65F, 0xB69F, 0xAE1B, 0x98EC, 0xC60F, 0xAD6D, 0xB1F8, 0x9D0D, 0xFFFF, 0xFFFF, 0xEF5B, 0x98ED,
  0xBA7F, 0xB67F, 0xADDA, 0x90AA, 0xFFFF, 0xFFFF, 0xFFFF, 0xFFFF, 0xFFFF, 0xFFFF, 0xFFFF, 0xBE35, 0xA594, 0x9931, 0xA9D6, 0x9930,
  0xA5B4, 0xBA7C, 0xA9B5, 0x9D51, 0xA594, 0x9D73, 0xA993, 0xEF7C, 0xFFFF, 0xFFFF, 0xFFFF, 0xFFFF, 0xFFFF, 0xFFFF, 0xE2F8, 0x94EE,
  0xB65F, 0xB25F, 0xAE1B, 0x90AA, 0xFFFF, 0xD296, 0xA9B5, 0x9D0C, 0xFFFF, 0xFFFF, 0xEB5A, 0x94ED, 0xB67F, 0xB67F, 0xADFA, 0x90AA,
  0xFFFF, 0xFFFF, 0xFFFF, 0xFFFF, 0xFFFF, 0xFFFF, 0xFFFF, 0xFFFF, 0xDAD8, 0xE73B, 0xE31A, 0xEB5C, 0xB9F3, 0xBA5B, 0xA991, 0xDAD8,
  0xDAF9, 0xD6D8, 0xEB7C, 0xFFFF, 0xFFFF, 0xFFFF, 0xFFFF, 0xFFFF, 0xFFFF, 0xFFFF, 0xDEF8, 0x94EE, 0xB67F, 0xB27F, 0xAE1B, 0x90AB,
  0xFFFF, 0xCA54, 0xA594, 0x9D0C, 0xFFFF, 0xFFFF, 0xEB5A, 0x992F, 0xBABF, 0xB67F, 0xADFB, 0x90AA, 0xFFFF, 0xFFFF, 0xFFFF, 0xFFFF,
  0xFFFF, 0xFFFF, 0xFFFF, 0xFFFF, 0xFFFF, 0xFFFF, 0xFFFF, 0xFFFF, 0xEB7E, 0xA1B5, 0xBA35, 0xFFFF, 0xFFFF, 0xFFFF, 0xFFFF, 0xFFFF,
  0xFFFF, 0xFFFF, 0xFFFF, 0xFFFF, 0xFFFF, 0xFFFF, 0xDEF7, 0x94EF, 0xB65E, 0xB23E, 0xB21C, 0x90AB, 0xFFFF, 0xCA53, 0xA594, 0x98EB,
  0xFFFF, 0xFFFF, 0xEB5A, 0x9930, 0xBABF, 0xB27F, 0xADFB, 0x90AA, 0xFFFF, 0xFFFF, 0xFFFF, 0xFFFF, 0xFFFF, 0xFFFF, 0xFFFF, 0xFFFF,
  0xFFFF, 0xFFFF, 0xFFFF, 0xFFFF, 0xE75C, 0xBA9D, 0xC257, 0xFFFF, 0xFFFF, 0xFFFF, 0xFFFF, 0xFFFF, 0xFFFF, 0xFFFF, 0xFFFF, 0xFFFF,
  0xFFFF, 0xFFFF, 0xE2F8, 0x990F, 0xB21C, 0xA9FB, 0xB23C, 0x90AA, 0xFFFF, 0xCA54, 0xA174, 0xA151, 0xFFFF, 0xFFFF, 0xEB5A, 0x9930,
  0xBABF, 0xB67F, 0xADFA, 0x90AA, 0xFFFF, 0xFFFF, 0xFFFF, 0xFFFF, 0xFFFF, 0xFFFF, 0xFFFF, 0xFFFF, 0xFFFF, 0xFFFF, 0xFFFF, 0xFFFF,
  0xE75D, 0xB27D, 0xBE57, 0xFFFF, 0xFFFF, 0xFFFF, 0xFFFF, 0xFFFF, 0xFFFF, 0xFFFF, 0xFFFF, 0xFFFF, 0xFFFF, 0xFFFF, 0xDEF8, 0x94EF,
  0xB67F, 0xB23E, 0xB1FB, 0x90AA, 0xFFFF, 0xC212, 0xA173, 0xB61B, 0xFFFF, 0xFFFF, 0xEB5A, 0x9D31, 0xBA9F, 0xB25E, 0xB21A, 0x90AA,
  0xFFFF, 0xFFFF, 0xFFFF, 0xFFFF, 0xFFFF, 0xFFFF, 0xFFFF, 0xFFFF, 0xFFFF, 0xFFFF, 0xFFFF, 0xFFFF, 0xE75D, 0xAE5B, 0xC256, 0xFFFF,
  0xFFFF, 0xFFFF, 0xFFFF, 0xFFFF, 0xFFFF, 0xFFFF, 0xFFFF, 0xFFFF, 0xFFFF, 0xFFFF, 0xDEF8, 0x94EF, 0xBA7F, 0xB25E, 0xADDA, 0x8C89,
  0xFFFF, 0xFBDF, 0x94A9, 0x94CB, 0xFFFF, 0xFFFF, 0xEB5B, 0x9D51, 0xBA9F, 0xAE1B, 0xADF9, 0x8C89, 0xFFFF, 0xFFFF, 0xFFFF, 0xFFFF,
  0xFFFF, 0xFFFF, 0xFFFF, 0xFFFF, 0xFFFF, 0xFFFF, 0xFFFF, 0xFFFF, 0xE33C, 0xAE3B, 0xBE35, 0xFFFF, 0xFFFF, 0xFFFF, 0xFFFF, 0xFFFF,
  0xFFFF, 0xFFFF, 0xFFFF, 0xFFFF, 0xFFFF, 0xFFFF, 0xDED7, 0x94EE, 0xB67F, 0xB25E, 0xADD9, 0x8C89, 0xFFFF, 0xFFFF, 0xFFFF, 0xFFFF,
  0xFFFF, 0xFFFF, 0xEB5B, 0x9951, 0xBA9F, 0xB25D, 0xADF9, 0x8C89, 0xFFFF, 0xFFFF, 0xFFFF, 0xFFFF, 0xFFFF, 0xFFFF, 0xFFFF, 0xFFFF,
  0xFFFF, 0xFFFF, 0xFFFF, 0xFFFF, 0xEB9F, 0xAE5B, 0xC256, 0xFFFF, 0xFFFF, 0xFFFF, 0xFFFF, 0xFFFF, 0xFFFF, 0xFFFF, 0xFFFF, 0xFFFF,
  0xFFFF, 0xFFFF, 0xDED7, 0x94CE, 0xB65F, 0xB25F, 0xADD9, 0x8C89, 0xFBDE, 0xFFFF, 0xFFFF, 0xFFFF, 0xFFFF, 0xFFFF, 0xEB5B, 0x9951,
  0xBABF, 0xAE3D, 0xADF9, 0x8C89, 0xFFFF, 0xFFFF, 0xFFFF, 0xFFFF, 0xFFFF, 0xFFFF, 0xFFFF, 0xEB39, 0xE718, 0xEB18, 0xE718, 0xE718,
  0xB9D1, 0xBA9E, 0xADB1, 0xEB18, 0xEB39, 0xEB39, 0xE718, 0xFFFF, 0xFFFF, 0xFFFF, 0xFFFF, 0xFFFF, 0xFFFF, 0xFFFF, 0xDAD6, 0x90CD,
  0xB65F, 0xB67F, 0xB1FB, 0x8C89, 0xFFDE, 0xFFFF, 0xFFFF, 0xFFFF, 0xFFFF, 0xFFFF, 0xEB5B, 0x9931, 0xBEBF, 0xA9FA, 0xADD8, 0x8C89,
  0xFFFF, 0xFFFF, 0xFFFF, 0xD6B5, 0xDEB5, 0xDEB5, 0xDA93, 0xCA0F, 0xCE51, 0xCE71, 0xCE51, 0xD272, 0xAD6D, 0xBABE, 0xA56F, 0xCA10,
  0xCE52, 0xCE72, 0xCA30, 0xC5EE, 0xDED6, 0xE2D6, 0xDED5, 0xDAB5, 0xFFFF, 0xFFFF, 0xDEF7, 0x90CD, 0xB65F, 0xB67F, 0xADFB, 0x8C88,
  0xFBDE, 0xFFFF, 0xFFFF, 0xFFFF, 0xFFFF, 0xFFFF, 0xEB5B, 0x9930, 0xBEBF, 0xA9D9, 0xA9D8, 0x94CB, 0xCA31, 0xEB18, 0xDED5, 0xCE72,
  0xD272, 0xD272, 0xDED4, 0xE316, 0xFFFF, 0xFFFF, 0xFFFF, 0xFFFF, 0xCEB7, 0xBABF, 0xB1F3, 0xFFFF, 0xFFFF, 0xFFFF, 0xFFFF, 0xDAB4,
  0xD693, 0xD693, 0xD272, 0xD272, 0xDA94, 0xE718, 0xB18C, 0x990F, 0xB65F, 0xAE3D, 0xADFA, 0x8C88, 0xFBDE, 0xFFFF, 0xFFFF, 0xFFFF,
  0xFFFF, 0xFFFF, 0xEB5B, 0x950F, 0xBEDF, 0xA5D8, 0xADD8, 0x98CC, 0xBDCD, 0xD693, 0xEB59, 0xFFFF, 0xFFFF, 0xFFFF, 0xFFFF, 0xF79B,
  0xE2F5, 0xF7DC, 0xF39A, 0xFFFC, 0xC654, 0xB67D, 0xB1D1, 0xFBDC, 0xFFFD, 0xF7BB, 0xDED4, 0xFFFF, 0xFFFF, 0xFFFF, 0xFFFF, 0xFFFF,
  0xE316, 0xDAD4, 0xA929, 0x990F, 0xB65E, 0xADFB, 0xB21B, 0x8C88, 0xFFDE, 0xFFFF, 0xFFFF, 0xFFFF, 0xFFFF, 0xFFFF, 0xEB5A, 0x950F,
  0xBEBF, 0xA5B8, 0xADD8, 0x94CB, 0xD693, 0xFFFF, 0xF3BA, 0xFFFE, 0xFFFD, 0xDAB4, 0xE2D5, 0xDEB3, 0xC9EE, 0xCE0F, 0xCE0E, 0xD64F,
  0xB18D, 0xBEBF, 0xAD90, 0xCE0E, 0xD250, 0xD22F, 0xC9EE, 0xE2F5, 0xDAB4, 0xE737, 0xFFFF, 0xF7DC, 0xFBFD, 0xFBFD, 0xB9AD, 0x990F,
  0xB65E, 0xAE1B, 0xAE1B, 0x8888, 0xFBDE, 0xFFFF, 0xFFFF, 0xFFFF, 0xFFFF, 0xFFFF, 0xE739, 0x94EE, 0xBEBF, 0xA5B7, 0xADD9, 0x90CA,
  0xDAD5, 0xFFFF, 0xCA0F, 0xCE0F, 0xCE0F, 0xC18B, 0xC5AC, 0xC9CD, 0xC9CD, 0xC9CD, 0xC9CD, 0xCDCD, 0xA92A, 0xBABE, 0xA96E, 0xC5CC,
  0xC9EE, 0xC9ED, 0xC18C, 0xC5CC, 0xC1AC, 0xC5ED, 0xD672, 0xC9EE, 0xCE51, 0xFFFF, 0xBDEE, 0x9D30, 0xB21C, 0xA597, 0xB21B, 0x8C88,
  0xFBDE, 0xFFFF, 0xFFFF, 0xFFFF, 0xFFFF, 0xFFFF, 0xEB5A, 0x90ED, 0xBE9F, 0xA596, 0xADD8, 0x94CB, 0xD293, 0xEB17, 0xC1AC, 0xC9CC,
  0xC5AD, 0xC9CD, 0xCDEE, 0xCDEE, 0xB949, 0xC9CC, 0xC9CC, 0xC9CD, 0xA90A, 0xBA7C, 0xAD6F, 0xC9CD, 0xC9EE, 0xC9CD, 0xBD6A, 0xCE0E,
  0xCDEE, 0xC9ED, 0xC9CD, 0xC9CD, 0xC5CD, 0xEF38, 0xB58B, 0x9D51, 0xADD9, 0xA175, 0xB23B, 0x8868, 0xFFDE, 0xFFFF, 0xFFFF, 0xFFFF,
  0xFFFF, 0xFFFF, 0xA508, 0xA171, 0xC2BF, 0xA9B7, 0xB1D8, 0x98EC, 0xB149, 0xC9CD, 0xC9CD, 0xC9EE, 0xC9EE, 0xC9EE, 0xC5AC, 0xB949,
  0xB107, 0xB127, 0xB107, 0xB107, 0xA0E8, 0xBA9C, 0xA52C, 0xB107, 0xB528, 0xB108, 0xB107, 0xB969, 0xC9CD, 0xCDEF, 0xCE0F, 0xC9EE,
  0xC9ED, 0xC9CD, 0xA8E7, 0xA572, 0xB1FA, 0xA9B7, 0xB21B, 0x9CEC, 0xAD4A, 0xFFFF, 0xFFFF, 0xFFFF, 0xFFFF, 0xF79B, 0x9042, 0xA52E,
  0xA594, 0x9D2F, 0x9D2F, 0x98C9, 0xB96B, 0xD20E, 0xC5AC, 0xB949, 0xBD6A, 0xBD6A, 0xB528, 0xBD6A, 0xBD6A, 0xBD6A, 0xBD6A, 0xBD6A,
  0xA52A, 0xBA7B, 0xA94D, 0xBD6A, 0xBD8B, 0xBD6A, 0xBD8B, 0xC18B, 0xBD8B, 0xB949, 0xB949, 0xC18C, 0xCE0F, 0xD630, 0xA8E7, 0x9CEC,
  0xA130, 0x9D0F, 0xA131, 0xA52D, 0x9884, 0xFFFF, 0xFFFF, 0xFFFF, 0xFFFF, 0xF79C, 0xB98B, 0xD673, 0xBDAD, 0xC5EF, 0xC5EF, 0xCE51,
  0xC9ED, 0xC18B, 0xC18B, 0xB107, 0xC18B, 0xB949, 0xC18B, 0xC1AC, 0xC18C, 0xC1AC, 0xC1AB, 0xC5AC, 0xA92A, 0xB239, 0xA94D, 0xC5AC,
  0xC5AC, 0xC5AC, 0xC5CC, 0xC9CD, 0xC5AC, 0xC18B, 0xC1AC, 0xB528, 0xC5AC, 0xB549, 0xD672, 0xD673, 0xB98C, 0xC1EE, 0xC1CE, 0xD252,
  0xAD28, 0xFFFF, 0xFFFF, 0xFFFF, 0xFFFF, 0xF37B, 0xC5ED, 0xFFFF, 0xF7DB, 0xF7BB, 0xFBDC, 0xFFFD, 0xFBDC, 0xC9EF, 0xA4A5, 0xB949,
  0xC9CD, 0xB969, 0xC18B, 0xB128, 0xB107, 0xB507, 0xB107, 0xB527, 0xA4E8, 0xB239, 0xA52C, 0xB107, 0xB128, 0xB127, 0xB127, 0xC18B,
  0xC9CC, 0xC9CD, 0xCDEE, 0xB528, 0xA4C5, 0xDED5, 0xFFFF, 0xFFFF, 0xFFFD, 0xFFFD, 0xFFFE, 0xFFFE, 0xB56A, 0xFFFF, 0xFFFF, 0xFFFF,
  0xFFFF, 0xF79C, 0xB128, 0xF7BA, 0xFFFF, 0xFFFF, 0xFFFF, 0xFFFF, 0xFFFF, 0xF7BC, 0xE6F6, 0xC1AC, 0xA4C5, 0xA8C6, 0xACE7, 0xACE7,
  0xAD07, 0xB107, 0xB0E7, 0xB107, 0xA0C8, 0xB219, 0xA52D, 0xACE6, 0xB107, 0xB107, 0xB0E7, 0xB0E7, 0xB107, 0xACE6, 0xAD06, 0xCE30,
  0xE2F6, 0xFFFF, 0xFFFF, 0xFFFF, 0xFFFF, 0xFFFF, 0xFFFF, 0xEF59, 0xA907, 0xFFFF, 0xFFFF, 0xFFFF, 0xFFFF, 0xF79C, 0xB128, 0xE6F3,
  0xF399, 0xFFFF, 0xFFFF, 0xFBDC, 0xEB38, 0xEF99, 0xFFFF, 0xFFFE, 0xF39B, 0xD693, 0xA8E7, 0xACE7, 0xA8C6, 0xA8C6, 0xA4C5, 0xA4C5,
  0x9CA6, 0xAD91, 0xA0E9, 0xA0A4, 0xA4C5, 0xA4A5, 0xA8C6, 0xB107, 0xB128, 0xE2F6, 0xF7BC, 0xFFFF, 0xFFFF, 0xE737, 0xEF9A, 0xFFFF,
  0xFFFF, 0xFFFF, 0xE316, 0xDA72, 0xA8E7, 0xFFFF, 0xFFFF, 0xFFFF, 0xFFFF, 0xF79C, 0xAD27, 0xEB14, 0xDAB2, 0xEB37, 0xD672, 0xFFFD,
  0xFFFF, 0xFFFF, 0xFFFF, 0xFFFF, 0xFFFF, 0xFFFF, 0xFBBC, 0xD251, 0xEB38, 0xF39B, 0xEF7A, 0xEF7A, 0xEF7A, 0xEB59, 0xEF79, 0xEF7A,
  0xEF7A, 0xF7BC, 0xD251, 0xDEB3, 0xFFFF, 0xFFFF, 0xFFFF, 0xFFFF, 0xFFFF, 0xFFFF, 0xFFFF, 0xEF79, 0xDAB3, 0xE6F5, 0xD250, 0xDEB3,
  0xA907, 0xFFFF, 0xFFFF, 0xFFFF, 0xFFFF, 0xFBBD, 0xA8E6, 0xE6F4, 0xE2F4, 0xDA92, 0xC9ED, 0xF379, 0xFFFE, 0xFFFF, 0xFFFF, 0xFFFF,
  0xFFFF, 0xFFFF, 0xF39A, 0xFBFE, 0xFFFF, 0xFFFF, 0xFFFF, 0xFFFF, 0xFFFF, 0xFFFF, 0xFFFF, 0xFFFF, 0xFFFF, 0xFFFF, 0xFFFF, 0xE316,
  0xFFFE, 0xFFFF, 0xFFFF, 0xFFFF, 0xFFFF, 0xFFFF, 0xFFFF, 0xD692, 0xC1AC, 0xDA72, 0xDA71, 0xDE92, 0xA4C5, 0xFFFF, 0xFFFF, 0xFFFF,
  0xFFFF, 0xFFFF, 0xDEB5, 0xB96A, 0xEF36, 0xE2B3, 0xCE0E, 0xE6F4, 0xE715, 0xEF58, 0xEF79, 0xF3BA, 0xFFFF, 0xFFFE, 0xF3BA, 0xFFFF,
  0xFFFF, 0xFFFF, 0xFFFF, 0xFFFF, 0xFFFF, 0xFFFF, 0xFFFF, 0xFFFF, 0xFFFF, 0xFFFF, 0xFFFF, 0xFFFF, 0xF7BB, 0xFFFF, 0xFFFF, 0xEB58,
  0xEB37, 0xE716, 0xDAB2, 0xD250, 0xC9CD, 0xDE92, 0xE293, 0xB549, 0xDAB4, 0xFFFF, 0xFFFF, 0xFFFF, 0xFFFF, 0xFFFF, 0xEF5B, 0xA0A4,
  0xCE0E, 0xDE92, 0xCE0E, 0xE6F5, 0xEB36, 0xE6F4, 0xE2F4, 0xE2F4, 0xEB57, 0xD251, 0xE716, 0xFFFE, 0xFFFD, 0xFFFF, 0xFFFF, 0xFFFF,
  0xFFFF, 0xFFFF, 0xFFFF, 0xFFFF, 0xFFFF, 0xFFFF, 0xFFFF, 0xF399, 0xD250, 0xD672, 0xE715, 0xDA92, 0xDA92, 0xDEB2, 0xE2D3, 0xD650,
  0xC9CD, 0xDE92, 0xC9CD, 0x9862, 0xF79C, 0xFFFF, 0xFFFF, 0xFFFF, 0xFFFF, 0xFFFF, 0xEB39, 0xB96A, 0xCDEE, 0xB529, 0xC9CD, 0xDE93,
  0xE2D4, 0xE715, 0xE715, 0xE715, 0xE2F4, 0xC5AC, 0xDEB2, 0xEF77, 0xEB56, 0xEF77, 0xEF77, 0xEF77, 0xEF77, 0xEF77, 0xEF77, 0xEF77,
  0xEB77, 0xEB57, 0xE736, 0xE714, 0xC5AC, 0xCA0E, 0xDED3, 0xDEB2, 0xDED3, 0xDEB3, 0xDEB3, 0xD651, 0xBD6A, 0xB549, 0xC9CD, 0xA8E6,
  0xEF5A, 0xFFFF, 0xFFFF, 0xFFFF, 0xFFFF, 0xFFFF, 0xEB39, 0xB98B, 0xE2B4, 0xBD6A, 0xB949, 0xB549, 0xC9CD, 0xDE92, 0xE2F4, 0xE715,
  0xEB35, 0xC9CD, 0xE2B3, 0xF798, 0xEB56, 0xEB56, 0xEB56, 0xEB56, 0xEB56, 0xEB56, 0xEB56, 0xEB56, 0xEB35, 0xE735, 0xE735, 0xEB35,
  0xC5CD, 0xCE2F, 0xE2F4, 0xDEB3, 0xDAB2, 0xDA92, 0xC1AC, 0xBD6A, 0xBD6A, 0xB949, 0xDA51, 0xACE7, 0xEF7B, 0xFFFF, 0xFFFF, 0xFFFF,
  0xFFFF, 0xFFFF, 0xEB39, 0xB549, 0xDA72, 0xCDEE, 0xD650, 0xD22F, 0xB96A, 0xB128, 0xC18B, 0xD250, 0xDEB3, 0xC9CD, 0xDA92, 0xE715,
  0xEB56, 0xEF77, 0xEF77, 0xEF77, 0xEF57, 0xEF77, 0xEF77, 0xEF77, 0xEF57, 0xEF57, 0xE736, 0xE6F4, 0xC5CD, 0xC9EE, 0xDA92, 0xDA92,
  0xC5AC, 0xB528, 0xB528, 0xC5CD, 0xD650, 0xC18B, 0xD20F, 0xA8E6, 0xF37B, 0xFFFF, 0xFFFF, 0xFFFF, 0xFFFF, 0xFFFF, 0xEB39, 0xB107,
  0xC18B, 0xC9ED, 0xDA92, 0xE716, 0xDED4, 0xDEB3, 0xC1AC, 0xB528, 0xBD8A, 0xC18B, 0xC18B, 0xD22F, 0xDA92, 0xDEB3, 0xDEB3, 0xDE92,
  0xDE92, 0xDE92, 0xDE92, 0xDE92, 0xDEB3, 0xDEB3, 0xD671, 0xCE0F, 0xBD6A, 0xB549, 0xB969, 0xB549, 0xBD6A, 0xCE0E, 0xD20F, 0xD22F,
  0xD230, 0xBD6A, 0xBD6A, 0xA0A4, 0xF79C, 0xFFFF, 0xFFFF, 0xFFFF, 0xFFFF, 0xFFFF, 0xEF5A, 0xBDAC, 0xD651, 0xB949, 0xD22F, 0xE6F5,
  0xE715, 0xEB37, 0xCE2F, 0xDEB3, 0xE6F4, 0xDED3, 0xDA92, 0xC9CD, 0xC5AC, 0xB949, 0xB96A, 0xBD8B, 0xBD6A, 0xBD6A, 0xBD6A, 0xBD8A,
  0xBD6A, 0xBD6A, 0xBD8A, 0xC5CD, 0xD230, 0xD651, 0xD651, 0xD230, 0xC9CD, 0xD22F, 0xD230, 0xD230, 0xC9CD, 0xB528, 0xCDEE, 0xA8E6,
  0xEF7A, 0xFFFF, 0xFFFF, 0xDBF7, 0xD7F7, 0xFBFE, 0xDEF5, 0xB98B, 0xDED3, 0xD671, 0xC9ED, 0xC9ED, 0xDA92, 0xDEB3, 0xD22F, 0xE6F5,
  0xEF78, 0xF39A, 0xF379, 0xF379, 0xEF58, 0xC9EE, 0xDA92, 0xE716, 0xE2F5, 0xE6F5, 0xE715, 0xE716, 0xDEB3, 0xCDEE, 0xD671, 0xF379,
  0xEB57, 0xEB37, 0xDA92, 0xD250, 0xC9ED, 0xD22F, 0xC9EE, 0xC5CC, 0xC18B, 0xC9EE, 0xD650, 0xB108, 0xC290, 0xFFFF, 0xDBF7, 0xFFFF,
  0xD7F7, 0xC3EF, 0xADA6, 0xBD6A, 0xD250, 0xE6F5, 0xEB16, 0xC5CC, 0xC9CD, 0xCE2F, 0xC9CD, 0xDA72, 0xE716, 0xEB37, 0xF39A, 0xFBFC,
  0xF79A, 0xD250, 0xEB58, 0xFBDC, 0xF7BA, 0xF7BA, 0xF7DA, 0xFBDB, 0xF399, 0xCE0F, 0xDE92, 0xF379, 0xEB57, 0xEF57, 0xD671, 0xC9EE,
  0xBD6A, 0xC18B, 0xC1AC, 0xB96A, 0xC9ED, 0xD22F, 0xCDEE, 0xA8C6, 0xB64A, 0xC7EF, 0xD3F4, 0xFFFF, 0xBFF1, 0xC3EE, 0xB1C7, 0xB528,
  0xC1AB, 0xDA92, 0xE716, 0xCE2F, 0xEB58, 0xFFFF, 0xE6F5, 0xCE0F, 0xD230, 0xD22F, 0xDEB3, 0xE2F5, 0xDEB3, 0xC5CC, 0xDEB3, 0xE736,
  0xEB36, 0xEB36, 0xEB57, 0xE716, 0xE2D4, 0xC9EE, 0xCDEE, 0xD650, 0xD22F, 0xD650, 0xD630, 0xC9ED, 0xBD8A, 0xC9EE, 0xD651, 0xC18B,
  0xCDEE, 0xCE0E, 0xB96A, 0xA8C6, 0xBA49, 0xC7CD, 0xBFAD, 0xDBF7, 0xC3F1, 0xC3AE, 0xADA6, 0xCE0F, 0xD651, 0xBD8A, 0xDA71, 0xD22F,
  0xEB36, 0xF399, 0xF7BB, 0xFFFD, 0xFBBB, 0xCE0E, 0xCE0F, 0xCE30, 0xCE0F, 0xCE2F, 0xDA92, 0xDA92, 0xCE0E, 0xCE2F, 0xCE2F, 0xD671,
  0xDA92, 0xD651, 0xCA0E, 0xCE0F, 0xCE0F, 0xC5AC, 0xCE0E, 0xDA71, 0xD671, 0xD671, 0xD250, 0xC18B, 0xBD6A, 0xB949, 0xCDCD, 0xB948,
  0xB649, 0xC7CD, 0xBFAD, 0xCBF3, 0xBFF1, 0xC3AD, 0xADA6, 0xC9EE, 0xE2F4, 0xCE0E, 0xC18B, 0xC5CC, 0xDA92, 0xDA92, 0xEF58, 0xF7DA,
  0xF7BA, 0xD250, 0xF79A, 0xFBFC, 0xFBDC, 0xF7DB, 0xF7DB, 0xF399, 0xDA92, 0xC18B, 0xDAB3, 0xEF58, 0xF39A, 0xF79A, 0xF7BB, 0xFBDC,
  0xFBBB, 0xD250, 0xCE0F, 0xDE92, 0xDA72, 0xCE2F, 0xC18B, 0xB549, 0xB949, 0xC62E, 0xDB14, 0xB127, 0xB629, 0xC3AD, 0xC3F0, 0xC3F1,
  0xBFF1, 0xBFCE, 0xBE8B, 0xB569, 0xDA51, 0xCDEE, 0xDEB3, 0xEB36, 0xD251, 0xD230, 0xDE92, 0xDA92, 0xE2B4, 0xC9EE, 0xEB37, 0xF399,
  0xEB58, 0xEF99, 0xF3B9, 0xF7DB, 0xF379, 0xC9EE, 0xEF58, 0xF7BA, 0xEF78, 0xEF78, 0xF379, 0xEB37, 0xE716, 0xD230, 0xC9CD, 0xD22F,
  0xC9EE, 0xC18B, 0xBD8B, 0xC5AC, 0xC5CC, 0xCF74, 0xD395, 0xB1A8, 0xB689, 0xBF8C, 0xC7F2, 0xC7F2, 0xBBF1, 0xBFF0, 0xBFAE, 0xBAAC,
  0xAD46, 0xC5AC, 0xDA72, 0xE6F5, 0xF79A, 0xFBBA, 0xC9ED, 0xCE0F, 0xD22F, 0xD22F, 0xCE0F, 0xD230, 0xDA92, 0xE715, 0xEB37, 0xE715,
  0xDA92, 0xC5AC, 0xCE0E, 0xE2D4, 0xE715, 0xE716, 0xE6F5, 0xD22F, 0xCDEE, 0xC5CC, 0xC5AC, 0xC5AC, 0xC18B, 0xD20F, 0xD650, 0xDA51,
  0xCA4F, 0xC3D4, 0xAE4A, 0xC70C, 0xBF8C, 0xC3EF, 0xC7F3, 0xBFF0, 0xBFF2, 0xBBF1, 0xBBEF, 0xBFEF, 0xBF0D, 0xAD67, 0xC64E, 0xDAB2,
  0xDAB2, 0xE2D4, 0xD22F, 0xF378, 0xF799, 0xF399, 0xD692, 0xD230, 0xC9EE, 0xD251, 0xD672, 0xD251, 0xD230, 0xCE2F, 0xCA0E, 0xCE50,
  0xD250, 0xC5CD, 0xC5AC, 0xCE0F, 0xDA93, 0xE2D4, 0xE2B3, 0xDE92, 0xC5CD, 0xD650, 0xD651, 0xCDEE, 0xB9EB, 0xC3D2, 0xB2AC, 0xC7D0,
  0xC7F3, 0xC7F4, 0xC3F2, 0xE3F9, 0xF7FF, 0xBFF3, 0xBFF2, 0xBBF1, 0xC3F0, 0xAEC9, 0xCFF3, 0xB22B, 0xCAF2, 0xDB14, 0xC9CD, 0xE2D3,
  0xDEB3, 0xE715, 0xF378, 0xF399, 0xC1CC, 0xE2F5, 0xF379, 0xF7BA, 0xF7BA, 0xF7BA, 0xF7BA, 0xF399, 0xEB36, 0xDE92, 0xBD6A, 0xDA51,
  0xF79A, 0xF358, 0xDEB3, 0xDA72, 0xC9CC, 0xCE0E, 0xC9CD, 0xBD8A, 0xB208, 0xBFAE, 0xBFF0, 0xBFF1, 0xC3F2, 0xC3F2, 0xDBF8, 0xFFFF,
};
#define assets_c06_W 44
#define assets_c06_H 44

static const unsigned short assets_c07[1936] = {
  0xFFFF, 0xFFFF, 0xFFFF, 0xFFFF, 0xFFFF, 0xFFFF, 0xFFFF, 0xFFFF, 0xFFFF, 0xFFFF, 0xFFFF, 0xFFFF, 0xFFFF, 0xFFFF, 0xFFFF, 0xB5AE,
  0xA194, 0xA12C, 0xFFFF, 0xFFFF, 0xFFFF, 0xFFFF, 0xFFFF, 0xFFFF, 0xFFFF, 0xFFFF, 0xFFFF, 0xFFFF, 0xFFFF, 0xFFFF, 0xFFFF, 0xFFFF,
  0xFFFF, 0xFFFF, 0xFFFF, 0xFFFF, 0xFFFF, 0xFFFF, 0xFFFF, 0xFFFF, 0xFFFF, 0xFFFF, 0xFFFF, 0xFFFF, 0xFFFF, 0xFFFF, 0xFFFF, 0xFFFF,
  0xFFFF, 0xFFFF, 0xFFFF, 0xFFFF, 0xFFFF, 0xFFFF, 0xE73A, 0xC632, 0xFFFF, 0xFFFF, 0xFFFF, 0xB5AE, 0xA193, 0x9D2C, 0xFFFF, 0xFFFF,
  0xFFFF, 0xFFFF, 0xFFFF, 0xFFFF, 0xA509, 0xB9CF, 0xFFFF, 0xFFFF, 0xFFFF, 0xFFFF, 0xA54C, 0xA96E, 0xA10A, 0xD6B7, 0xFFFF, 0xFFFF,
  0xFFFF, 0xFFFF, 0xFFFF, 0xFFFF, 0xFFFF, 0xFFFF, 0xFFFF, 0xFFFF, 0xFFFF, 0xFFFF, 0xFFFF, 0xFFFF, 0xFFFF, 0xFFFF, 0xFFFF, 0xFFFF,
  0xFFFF, 0xEF7C, 0x94ED, 0xADF7, 0x90C8, 0xE319, 0xFFFF, 0xAD4C, 0xA194, 0xA14D, 0xFFFF, 0xFFFF, 0xFFFF, 0xFFFF, 0xFFFF, 0xCA53,
  0xA5B5, 0xA195, 0xCA54, 0xFFFF, 0xDEF8, 0x9D50, 0xBABF, 0xB6BF, 0xC2FF, 0xB219, 0x94A6, 0xD6D7, 0xFFFF, 0xFFFF, 0xFFFF, 0xFFFF,
  0xFFFF, 0xFFFF, 0xFFFF, 0xFFFF, 0xFFFF, 0xFFFF, 0xFFFF, 0xFFFF, 0xFFFF, 0xFFFF, 0xFFFF, 0xFFFF, 0xFFFF, 0xF7BD, 0x98E9, 0xA993,
  0xB65C, 0xA150, 0x94A8, 0x94AA, 0xADD7, 0x94CA, 0xFFFF, 0xFFFF, 0xFFFF, 0xFFFF, 0xFFFF, 0xA10C, 0xB25D, 0xB67F, 0xAD70, 0xAD6D,
  0x9D74, 0xC31F, 0xBF3F, 0xC31F, 0xB67F, 0xAE1D, 0xC2DF, 0x9930, 0xC632, 0xFFFF, 0xFFFF, 0xFFFF, 0xFFFF, 0xFFFF, 0xFFFF, 0xFFFF,
  0xFFFF, 0xFFFF, 0xFFFF, 0xFFFF, 0xFFFF, 0xFFFF, 0xFFFF, 0xFFFF, 0xFFFF, 0xFFFF, 0xFFFF, 0xE319, 0x98EB, 0xA150, 0xB1B5, 0xADB5,
  0xA9D6, 0xA593, 0x94A8, 0xFFFF, 0xFFFF, 0xFFFF, 0xAD6D, 0xA9B6, 0xB65E, 0xB1F8, 0x94AB, 0xA596, 0xBF1F, 0xB29F, 0xB67F, 0xA5DA,
  0xAE1C, 0xB69F, 0xBEFF, 0xBEDF, 0x992E, 0xE318, 0xFFFF, 0xFFFF, 0xFFFF, 0xFFFF, 0xFFFF, 0xFFFF, 0xFFFF, 0xFFFF, 0xFFFF, 0xFFFF,
  0xFFFF, 0xFFFF, 0xFFFF, 0xFFFF, 0xFFFF, 0xFFFF, 0xFFFF, 0xFFFF, 0xFFFF, 0xDEF8, 0x98A7, 0x8C66, 0xA993, 0xADD7, 0xA572, 0x9086,
  0xF39D, 0xD6D6, 0x990E, 0xBABF, 0xADFA, 0x9D32, 0xB21B, 0xBABF, 0xAE5F, 0xAE1C, 0xB23D, 0xC2FF, 0xC31F, 0xBEFF, 0xAE5F, 0xBEDF,
  0xA194, 0xD295, 0xFFFF, 0xFFFF, 0xFFFF, 0xFFFF, 0xFFFF, 0xFFFF, 0xFFFF, 0xFFFF, 0xFFFF, 0xFFFF, 0xFFFF, 0xFFFF, 0xFFFF, 0xFFFF,
  0xFFFF, 0xFFFF, 0xFFFF, 0xFFFF, 0xFFFF, 0xFFFF, 0xFFFF, 0xF7BE, 0xA10A, 0xA12D, 0xA994, 0xB1B5, 0x8845, 0x94EC, 0xBA7F, 0xB69F,
  0xA5B8, 0xBE9F, 0xB27F, 0xAE5F, 0xC2FF, 0xBEDF, 0xBA9F, 0xAE3D, 0xAA1C, 0xAE3D, 0xB23D, 0xADD8, 0xB1B6, 0x98CB, 0xF7BD, 0xFFFF,
  0xFFFF, 0xFFFF, 0xFFFF, 0xFFFF, 0xFFFF, 0xFFFF, 0xFFFF, 0xFFFF, 0xFFFF, 0xFFFF, 0xFFFF, 0xFFFF, 0xFFFF, 0xFFFF, 0xFFFF, 0xFFFF,
  0xFFFF, 0xFFFF, 0xFFFF, 0xFFFF, 0xFFFF, 0xB16C, 0x9066, 0x90A8, 0xA151, 0xBA9F, 0xBADF, 0xB27F, 0xC31F, 0xBF1F, 0xC31F, 0xC31F,
  0xBABF, 0xAE3D, 0xAE3E, 0xB67F, 0xB67E, 0xB1FA, 0xA151, 0x94AB, 0xA952, 0x90AA, 0xF79C, 0xFFFF, 0xFFFF, 0xFFFF, 0xFFFF, 0xFFFF,
  0xFFFF, 0xFFFF, 0xFFFF, 0xA96D, 0xBE12, 0xFFFF, 0xFFFF, 0xFFFF, 0xFFFF, 0xFFFF, 0xFFFF, 0xFFFF, 0xFFFF, 0xFFFF, 0xFFFF, 0xFFFF,
  0xD6B6, 0x9087, 0x9D0F, 0xB65D, 0xBADF, 0xBAFF, 0xBF1F, 0xB69F, 0xBA9F, 0xBA9F, 0xADFA, 0xA9D9, 0xB25E, 0xB65F, 0xB21B, 0xB21B,
  0xA594, 0x98ED, 0xA994, 0xADB7, 0xBE5C, 0x94CC, 0xF39C, 0xFFFF, 0xFFFF, 0xFFFF, 0xFFFF, 0xFFFF, 0xC653, 0xFFFF, 0xFFFF, 0x9D2C,
  0x98ED, 0xC654, 0xFFFF, 0xFFFF, 0xFFFF, 0xFFFF, 0xFFFF, 0xFFFF, 0xFFFF, 0xFFFF, 0xBDCF, 0x8C87, 0xB1F9, 0xB23E, 0xBADF, 0xC33F,
  0xBB1F, 0xB69F, 0xA9F9, 0xA5B7, 0xA9DA, 0xADFB, 0xA997, 0xB23D, 0xB65D, 0xADD8, 0xA574, 0xA996, 0xADD8, 0xB1D7, 0xADB6, 0xAD95,
  0xAD95, 0x9489, 0xFBDE, 0xFFFF, 0xFFFF, 0xFFFF, 0xFFFF, 0xFFFF, 0xA151, 0xA12C, 0xFFFF, 0xFFFF, 0xA972, 0x990F, 0xCA75, 0xFFFF,
  0xFFFF, 0xFFFF, 0xFFFF, 0xFFFF, 0xC652, 0x990A, 0xADF9, 0xB25F, 0xB27F, 0xC33F, 0xC33F, 0xB69F, 0xB21C, 0xA597, 0xA596, 0xB65F,
  0xB69F, 0xB27F, 0xB67F, 0xB23C, 0xA9B8, 0xA997, 0xB63B, 0xADD7, 0xA974, 0xAD94, 0xA531, 0xA932, 0xB152, 0x9488, 0xE2F7, 0xFFFF,
  0xFFFF, 0xFFFF, 0xFFFF, 0xFFFF, 0x990E, 0xA152, 0x98EB, 0xFFFF, 0xFFFF, 0xA9B4, 0x9931, 0xB9F1, 0xFFFF, 0xFFFF, 0xFFFF, 0xE33B,
  0xA9B5, 0xDBFF, 0xE7FF, 0xCB7F, 0xBEFF, 0xB23E, 0xA9B8, 0xA597, 0xA9DA, 0xBABF, 0xBEFF, 0xB69F, 0xB67F, 0xB25D, 0xA1B7, 0xADD9,
  0xB63B, 0xB219, 0xA994, 0xA131, 0xA952, 0xA531, 0xAD53, 0xA930, 0x98AA, 0x9489, 0x98EC, 0x94C9, 0xE31A, 0xFFFF, 0xFFFF, 0xFFFF,
  0xCA53, 0x9D0C, 0x9D31, 0xA150, 0xC232, 0xB5B0, 0xA995, 0x9D30, 0xAD6D, 0xF7BD, 0xCA74, 0xC6FF, 0xD3BF, 0xBF3F, 0xCFFF, 0xEFFF,
  0xBE9B, 0x98CF, 0xADFA, 0xB69F, 0xBEDF, 0xBABF, 0xB65E, 0xA5B8, 0xA9B8, 0xADFB, 0xBA7E, 0xADD7, 0xA551, 0xA0ED, 0xA531, 0xAD53,
  0xAD52, 0xAD51, 0xA0EC, 0x9889, 0x9D0F, 0xB21B, 0xBEDF, 0xCB5F, 0xA9D6, 0xCA54, 0xFFFF, 0xFFFF, 0xFFFF, 0xFFFF, 0xA96E, 0x8CAB,
  0x94CC, 0x94CA, 0xA573, 0xB21A, 0xA594, 0x8C66, 0xA591, 0xE3FF, 0xBF3F, 0xCB7F, 0xC37F, 0xD7FF, 0xC2FF, 0xB67C, 0xBABF, 0xB21C,
  0xADFA, 0xB1FA, 0xA9B8, 0xB63D, 0xB63C, 0xB1F8, 0xA552, 0x9CED, 0xA952, 0xAD53, 0xAD53, 0xA931, 0xA0ED, 0x98A8, 0x9067, 0xA573,
  0xBEBF, 0xBEFF, 0xC33F, 0xB23E, 0xA5B8, 0xA9B6, 0xD6D8, 0xFFFF, 0xFFFF, 0xFFFF, 0xFFFF, 0xDEF7, 0xBDF3, 0xADB5, 0xB21A, 0xA9D8,
  0xB61A, 0x9CEC, 0xAE17, 0xD3FF, 0xCF9F, 0xC33F, 0xCB9F, 0xCB7F, 0xBAFF, 0xF3FF, 0xB239, 0xA111, 0xB1B8, 0xADD9, 0xB65E, 0xB21B,
  0x9D0F, 0x9CCC, 0xA952, 0xAD73, 0xA952, 0xAD52, 0xA50E, 0x9CA9, 0x9487, 0xA551, 0xA9D8, 0xC2FF, 0xBEFF, 0xBEFF, 0xA9FB, 0xA9FA,
  0xBA9F, 0xC73F, 0x9D51, 0xE319, 0xFFFF, 0xFFFF, 0xFFFF, 0xFFFF, 0xCE74, 0x94CC, 0xB1F8, 0xADD6, 0xA971, 0x9066, 0xB259, 0xE3FF,
  0xC77F, 0xCB9F, 0xC79F, 0xCB9F, 0xBF3F, 0xCBDF, 0xD7DF, 0xADB5, 0xADB7, 0xB65D, 0xADF8, 0xA552, 0xA530, 0xAD73, 0xA952, 0xA951,
  0xA50D, 0x98A9, 0x9066, 0xA12F, 0xA9B8, 0xAE3D, 0xBAFF, 0xC31F, 0xBEDF, 0xAE1C, 0xB23D, 0xBEFF, 0xBABF, 0xAE3E, 0xBA5D, 0x94CA,
  0x94CB, 0x94EC, 0x94EC, 0x90CB, 0x98EC, 0xADB4, 0xA971, 0x9088, 0x9065, 0x8822, 0xB25A, 0xDBFF, 0xC77F, 0xC77F, 0xDBFF, 0xBF3F,
  0xC33F, 0xC3BF, 0xE3FF, 0xB65A, 0xADB6, 0xA551, 0x9CEE, 0xA952, 0xAD75, 0xA952, 0xA50E, 0xA0EC, 0x9487, 0x98CC, 0xADD8, 0xB65F,
  0xAE5F, 0xC31F, 0xC33F, 0xB69F, 0xAE3C, 0xBA9F, 0xBABF, 0xB69F, 0xB23E, 0xADD9, 0xB1B7, 0x98CA, 0x990F, 0x992F, 0x990F, 0x9D50,
  0xAD92, 0xA12D, 0x98CA, 0xA572, 0xBA5C, 0x98CB, 0xB258, 0xDFFF, 0xC35F, 0xC33F, 0xD7FF, 0xDBFF, 0xB2DF, 0xC39F, 0xDFFF, 0xB63B,
  0x98CC, 0xA530, 0xA973, 0xA952, 0xA50F, 0x9CCC, 0x9487, 0xA10F, 0xA9B7, 0xB21C, 0xB25F, 0xAA3E, 0xC31F, 0xC33F, 0xAE5E, 0xA9FB,
  0xBA9F, 0xB23D, 0xADF9, 0xADD8, 0xADB6, 0xA130, 0xA0EE, 0xA52F, 0xE318, 0xE318, 0xEB5B, 0xCE73, 0x8844, 0x990D, 0xAE19, 0xB27F,
  0xB69F, 0xBA7D, 0x94CB, 0xC2DD, 0xCBBF, 0xB6FF, 0xBF3F, 0xDBFF, 0xCFDF, 0xBB3F, 0xEBFF, 0xB65B, 0xA110, 0xAD73, 0xA530, 0x9CCB,
  0x9487, 0x94A9, 0xA974, 0xB63E, 0xB25F, 0xB27F, 0xB27F, 0xCB7F, 0xC73F, 0xAA1C, 0xB23D, 0xB65D, 0xA153, 0xA552, 0xA972, 0xA0ED,
  0xA0ED, 0xA531, 0xAD75, 0xB195, 0xFFFF, 0xFFFF, 0xFFFF, 0xD2B7, 0xADF7, 0xC73F, 0xBF1F, 0xC33F, 0xC33F, 0xAE3B, 0x9D0E, 0x8C45,
  0xC2DD, 0xD7FF, 0xC7BF, 0xC37F, 0xBF7F, 0xB71F, 0xCBBF, 0xDBDF, 0xA552, 0xA0EC, 0x9888, 0x9487, 0x9D0E, 0xB1D8, 0xADFB, 0xAE3E,
  0xB6BF, 0xC73F, 0xC75F, 0xBAFF, 0xB69F, 0xB21C, 0xA9B6, 0xA132, 0xA974, 0xA972, 0xA0ED, 0xA10F, 0xA973, 0xAD74, 0xA952, 0x9088,
  0xFFFF, 0xFFFF, 0xFFFF, 0x8889, 0xDBFF, 0xD3FF, 0xCFDF, 0xC75F, 0xC75F, 0xB25A, 0xA574, 0xA951, 0x94A8, 0xADF5, 0xCB5F, 0xE7FF,
  0xDFFF, 0xC33F, 0xBAFF, 0xBA7B, 0x98A9, 0x98A9, 0x98ED, 0xADD8, 0xB63D, 0xAE1D, 0xBEBF, 0xC73F, 0xCB7F, 0xB6BF, 0xB25F, 0xB23D,
  0xADD8, 0xA553, 0xA995, 0xAD96, 0xAD95, 0xA530, 0xA972, 0xA974, 0xA973, 0xA50E, 0x98A8, 0xE319, 0xFFFF, 0xFFFF, 0xFFFF, 0x90EC,
  0xCFFF, 0xC39F, 0xBAFF, 0xAE5E, 0xC77F, 0xE3FF, 0xBEDF, 0xA595, 0xA952, 0x9488, 0x8C66, 0xB635, 0xBE99, 0xBE79, 0xADD4, 0x8C45,
  0x94CA, 0xADD7, 0xB67F, 0xB67F, 0xB69F, 0xBADF, 0xCFBF, 0xCB9F, 0xB6BF, 0xA9FA, 0xA9B7, 0xA996, 0xA9B6, 0xB1FA, 0xB1F9, 0xA973,
  0xA10F, 0xA952, 0xAD94, 0xA973, 0xA50E, 0x8844, 0xD275, 0xFFFF, 0xFFFF, 0xFFFF, 0xFFFF, 0x90CB, 0xD7FF, 0xC7BF, 0xC79F, 0xD3FF,
  0xB2FF, 0xBF5F, 0xE3FF, 0xB25C, 0xA574, 0xAD94, 0xA530, 0x9089, 0x9067, 0x9466, 0x8C23, 0xB1D4, 0xCF7F, 0xB2BF, 0xB6DF, 0xC33F,
  0xC33F, 0xC77F, 0xB2BF, 0xB25F, 0xA9B6, 0xA131, 0xB1D8, 0xADFA, 0xB21B, 0xA995, 0xA110, 0xA510, 0xA974, 0xAD95, 0xA972, 0x9CCB,
  0x98A8, 0xA52F, 0xBDF3, 0xCA52, 0xFFFF, 0xFFFF, 0xDAD7, 0x90CA, 0xCFBF, 0xCFFF, 0xBB3F, 0xC79F, 0xD7FF, 0xB6FF, 0xC37F, 0xDBFF,
  0xA196, 0xA996, 0xA975, 0xAD94, 0xA50D, 0x8C45, 0xB216, 0xE7FF, 0xD3FF, 0xEBFF, 0xCB9F, 0xBAFF, 0xBF1F, 0xB69F, 0xADF9, 0xA552,
  0xA552, 0xADB6, 0xB21B, 0xB1D9, 0xA552, 0xA510, 0xA953, 0xAD96, 0xAD96, 0xA952, 0x98CA, 0x94A8, 0xA930, 0xA951, 0x9068, 0x94CB,
  0xF7BD, 0xC211, 0xA12F, 0x98CB, 0xA9B3, 0xCFFF, 0xCBDF, 0xBB1F, 0xCB9F, 0xDBFF, 0xB2BF, 0xBB3F, 0xE3FF, 0xA595, 0xA10E, 0x9488,
  0x9087, 0xBE9A, 0xD7FF, 0xCBBF, 0xBF3F, 0xB6FF, 0xE7FF, 0xCFBF, 0xB23B, 0xA131, 0xA530, 0xA994, 0xADD8, 0xADB7, 0xA973, 0xA50F,
  0xA530, 0xAD96, 0xAD96, 0xAD95, 0xA52F, 0x98A8, 0x98AA, 0xA951, 0xA52F, 0x98CA, 0xA993, 0xB65D, 0xA591, 0xAA1A, 0xA9FB, 0xA594,
  0x9489, 0xB25A, 0xCFFF, 0xCBDF, 0xBF3F, 0xC79F, 0xCBBF, 0xD3BF, 0xBA59, 0xA0EC, 0x8C43, 0xA12D, 0xD3BF, 0xEBFF, 0xC39F, 0xC37F,
  0xDFFF, 0xBF5F, 0xB2BF, 0xDFFF, 0xA9F7, 0xA552, 0xADB7, 0xADD8, 0xA994, 0xA50F, 0xA0EE, 0xA952, 0xAD96, 0xA995, 0xA972, 0x98A9,
  0x98A8, 0xA0EC, 0xA952, 0xA530, 0x98CC, 0xA9B4, 0xB25C, 0xB27E, 0xCB7F, 0xCBBF, 0xCBBF, 0xBA9F, 0xA131, 0x98CC, 0xC6FF, 0xDFFF,
  0xDBFF, 0xCBDF, 0xD3FF, 0xBA5A, 0x9466, 0x9466, 0x9CCA, 0xADB4, 0xE3FF, 0xDBFF, 0xCBBF, 0xCBBF, 0xC35F, 0xDBFF, 0xB6FF, 0xBB3F,
  0xDBDF, 0xA596, 0xB1F9, 0xA531, 0x9CED, 0xA930, 0xAD74, 0xAD96, 0xAD74, 0xA52F, 0x9488, 0xA0EC, 0xA10E, 0xA0EE, 0xA974, 0xA593,
  0xAE19, 0xB25C, 0xB23A, 0xA994, 0xD7FF, 0xCFDF, 0xCFFF, 0xD3DF, 0xA9D9, 0xA552, 0x9CED, 0xA171, 0xC75F, 0xB69D, 0xA571, 0x9487,
  0x9CCC, 0xA994, 0xA974, 0x9088, 0xCB3F, 0xDBFF, 0xDBFF, 0xCBBF, 0xB6DF, 0xCFDF, 0xD3FF, 0xC39F, 0xC73F, 0xA152, 0xA530, 0xA10E,
  0xA953, 0xA974, 0xA973, 0xA530, 0xA0ED, 0x9488, 0xA52F, 0xA10E, 0xA10F, 0xA9B5, 0xADF9, 0xB25C, 0xB23B, 0xB1F7, 0xA12F, 0x98CC,
  0xCBBF, 0xCFDF, 0xC37F, 0xC35F, 0xDFFF, 0xB21A, 0xA110, 0x98AA, 0x9488, 0x8C44, 0x8C66, 0xB1F7, 0xC6FF, 0xCB5F, 0xC73F, 0xA9B5,
  0x94A9, 0x9CEC, 0xD77F, 0xCFBF, 0xC35F, 0xCBBF, 0xD3FF, 0xC35F, 0xC77F, 0xCB3F, 0x9D0F, 0xAD74, 0xA974, 0xA951, 0x98A8, 0x9066,
  0x98CA, 0xA951, 0x9CED, 0xA12F, 0xB1F8, 0xAE1A, 0xB23C, 0xB21A, 0xA551, 0x98EC, 0xA592, 0xB639, 0xCFFF, 0xC37F, 0xBF5F, 0xC77F,
  0xCFDF, 0xBABF, 0x9D32, 0xA530, 0x9CEA, 0x98EB, 0xD39F, 0xCB5F, 0xA63C, 0xBB1F, 0xCBDF, 0xD3DF, 0xA152, 0x9CCB, 0x94A8, 0xBE7A,
  0xE3FF, 0xD7FF, 0xCBFF, 0xCBBF, 0xBF3F, 0xCB7F, 0xA575, 0xA973, 0xA52F, 0x9086, 0x98A8, 0xA50E, 0xA950, 0x9CED, 0xA572, 0xADF8,
  0xA9F9, 0xB23C, 0xADD6, 0x98ED, 0xA9B5, 0xB65B, 0xB219, 0xA993, 0xC79F, 0xBF3F, 0xCBBF, 0xCBBF, 0xC79F, 0xC77F, 0xB65C, 0x9CEF,
  0x9488, 0xB659, 0xD3FF, 0xCBBF, 0xE7FF, 0xCB5F, 0xB2BF, 0xCFFF, 0xCFBF, 0xA595, 0xA10E, 0x98CA, 0x992D, 0xCB7F, 0xDFFF, 0xC77F,
  0xC37F, 0xCB7F, 0xA574, 0xA10D, 0x9066, 0x9CCB, 0xA930, 0xA952, 0xA130, 0xADB5, 0xB1F8, 0xA9F8, 0xB25D, 0xB218, 0xA130, 0xB1F8,
  0xBA7D, 0xADD7, 0xA130, 0xA10F, 0xCBDF, 0xC37F, 0xC79F, 0xCBBF, 0xCBBF, 0xC79F, 0xBA9F, 0x9CEF, 0x98AA, 0xA9D5, 0xCFBF, 0xCFFF,
  0xCFDF, 0xE7FF, 0xC75F, 0xAE9F, 0xDBFF, 0xC31F, 0xA111, 0xA50E, 0x9466, 0x9CEA, 0xA56F, 0xBA9D, 0xDBFF, 0xCF5F, 0x98EC, 0x9487,
  0xA50E, 0xA52F, 0xA530, 0xA593, 0xADD7, 0xADD5, 0x990D, 0xA594, 0xBEDF, 0xA573, 0xA972, 0xBA5C, 0xA994, 0xA510, 0xAD94, 0xAD73,
  0xC37F, 0xCFDF, 0xCFDF, 0xCB9F, 0xB71F, 0xD3FF, 0xBA9E, 0xA111, 0x9CCB, 0x9D72, 0xD7FF, 0xDBFF, 0xBB3F, 0xC79F, 0xDBFF, 0xC33F,
  0xB71F, 0xDBFF, 0xA596, 0xA531, 0xA50D, 0xA0CB, 0x9466, 0x94A8, 0x990C, 0x98CB, 0x9CCC, 0xA52F, 0xA950, 0x9CEC, 0xB1F7, 0xADD7,
  0xA993, 0x9CED, 0xA9B3, 0xBA7C, 0xA594, 0xA10F, 0xAD94, 0xA995, 0xAD94, 0xB195, 0xA531, 0x9CCB, 0xC79F, 0xCBBF, 0xC77F, 0xBF3F,
  0xCBBF, 0xD3FF, 0xBEBF, 0xA110, 0x9CCA, 0xA194, 0xD7FF, 0xD7FF, 0xD7FF, 0xC37F, 0xBAFF, 0xD7FF, 0xB71F, 0xC77F, 0xC2DF, 0xA131,
  0xA930, 0xA952, 0xAD50, 0xA0A7, 0x8C21, 0xA0EB, 0xA973, 0xB1B6, 0xA150, 0xB1F6, 0xA592, 0xA12E, 0x98CC, 0xADF7, 0xBABF, 0xA5B5,
  0x9CED, 0xA551, 0xADB7, 0xAD95, 0xA10E, 0x98A9, 0x9CC8, 0xF79D, 0xCB3F, 0xC77F, 0xD3FF, 0xDBFF, 0xD7FF, 0xD3DF, 0xB219, 0x9487,
  0x9064, 0xA194, 0xDBFF, 0xD3FF, 0xBB3F, 0xCFFF, 0xBB3F, 0xC37F, 0xD7FF, 0xB6FF, 0xC6DF, 0xA131, 0xA531, 0xA952, 0xA50E, 0x9CC8,
  0xA54C, 0xADD2, 0xB216, 0xA593, 0xB618, 0xA571, 0x98C9, 0x94EB, 0xB639, 0xB219, 0xA593, 0xA151, 0xA972, 0xA994, 0xA973, 0x94A9,
  0xA52A, 0xF37C, 0xFFFF, 0xFFFF, 0xA52B, 0x9D2E, 0xBEDF, 0xBADF, 0xC2FF, 0xA173, 0x98C8, 0xFFFF, 0xF79C, 0x94ED, 0xCB9F, 0xD3FF,
  0xC37F, 0xBB3F, 0xC79F, 0xCBBF, 0xCFFF, 0xBF1F, 0x9D31, 0xA531, 0xA952, 0xA52F, 0x9487, 0xA14E, 0xFBFF, 0xFBFF, 0xDFFF, 0xA171,
  0xA10C, 0x98CB, 0xADD5, 0xBEBE, 0xA9B4, 0x94A9, 0xA12F, 0xB1D6, 0xA573, 0xAD94, 0x98CA, 0xBDF0, 0xFFFF, 0xFFFF, 0xFFFF, 0xFFFF,
  0xFFFF, 0xFFFF, 0xA52A, 0xA94C, 0xA92B, 0xC211, 0xFFFF, 0xFFFF, 0xFFFF, 0xCE75, 0xA1B6, 0xC79F, 0xC79F, 0xC77F, 0xCB9F, 0xC79F,
  0xB2DF, 0xCFDF, 0xCF3F, 0xA111, 0xA0ED, 0x9465, 0x9086, 0xCF7F, 0xC7BF, 0xD3FF, 0xD3FF, 0xA9D5, 0x9CCC, 0xB1D6, 0xADB5, 0xA12F,
  0xA12E, 0xAD94, 0xAD93, 0x9CED, 0xAD73, 0x98ED, 0xAD6C, 0xFFFF, 0xFFFF, 0xFFFF, 0xFFFF, 0xFFFF, 0xFFFF, 0xFFFF, 0xFFFF, 0xFFFF,
  0xFFFF, 0xFFFF, 0xFFFF, 0xFFFF, 0xFFFF, 0xFFFF, 0xA94C, 0xAE19, 0xC75F, 0xC77F, 0xC79F, 0xC79F, 0xD3FF, 0xD3FF, 0xB65C, 0x9CCD,
  0x9066, 0x9064, 0xBE7A, 0xCB9F, 0xC77F, 0xDBFF, 0xCFFF, 0xBEBD, 0xA572, 0xAD94, 0x98EC, 0xA992, 0xB618, 0xA551, 0x98AA, 0xAD51,
  0xA530, 0x98A8, 0xFFFF, 0xFFFF, 0xFFFF, 0xFFFF, 0xFFFF, 0xFFFF, 0xFFFF, 0xFFFF, 0xFFFF, 0xFFFF, 0xFFFF, 0xFFFF, 0xFFFF, 0xFFFF,
  0xFFFF, 0xFFFF, 0xFFFF, 0xCE74, 0xC2BB, 0xCB7F, 0xCB5F, 0xD3BF, 0xD3DF, 0xB65D, 0x8C68, 0xA52B, 0xCE53, 0xA12B, 0xCF9F, 0xBB3F,
  0xC77F, 0xBF3F, 0xD7FF, 0xEBFF, 0xBE9B, 0x9CEC, 0xA993, 0xB63A, 0xA572, 0x9CCB, 0xA950, 0x98CB, 0x94A7, 0xFFFF, 0xFFFF, 0xFFFF,
  0xFFFF, 0xFFFF, 0xFFFF, 0xFFFF, 0xFFFF, 0xFFFF, 0xFFFF, 0xFFFF, 0xFFFF, 0xFFFF, 0xFFFF, 0xFFFF, 0xFFFF, 0xFFFF, 0xFFFF, 0xFFFF,
  0xE73A, 0xA94B, 0xB1AF, 0x8C86, 0x8424, 0x9066, 0xB5AD, 0xFFFF, 0xFFFF, 0xA12A, 0xC75F, 0xBF7F, 0xBF5F, 0xC35F, 0xC77F, 0xE3FF,
  0xEFFF, 0xADD3, 0xB1F8, 0xA572, 0x9CED, 0xAD73, 0x9CEC, 0xB18D, 0xFFFF, 0xFFFF, 0xFFFF, 0xFFFF, 0xFFFF, 0xFFFF, 0xFFFF, 0xFFFF,
  0xFFFF, 0xFFFF, 0xFFFF, 0xFFFF, 0xFFFF, 0xFFFF, 0xFFFF, 0xFFFF, 0xFFFF, 0xFFFF, 0xFFFF, 0xFFFF, 0xFFFF, 0xFFFF, 0xFFFF, 0xFFFF,
  0xE2F7, 0xF37B, 0xFFFF, 0xFFFF, 0xFFFF, 0xA96C, 0xB69D, 0xCFDF, 0xCBDF, 0xCFFF, 0xBF3F, 0xD3FF, 0xE7FF, 0xCF5F, 0x94A9, 0x9CEC,
  0xB173, 0x98CB, 0xCA53, 0xFFFF, 0xFFFF, 0xFFFF, 0xFFFF, 0xFFFF, 0xFFFF, 0xFFFF, 0xFFFF, 0xFFFF, 0xFFFF, 0xFFFF, 0xFFFF, 0xFFFF,
  0xFFFF, 0xFFFF, 0xFFFF, 0xFFFF, 0xFFFF, 0xFFFF, 0xFFFF, 0xFFFF, 0xFFFF, 0xFFFF, 0xFFFF, 0xFFFF, 0xFFFF, 0xFFFF, 0xFFFF, 0xFFFF,
  0xFFFF, 0xFFFF, 0xA52B, 0xA9D6, 0xBF1F, 0xCBDF, 0xD3FF, 0xAE7F, 0xC77F, 0xCB1F, 0x9467, 0xB172, 0x9489, 0xCA53, 0xFFFF, 0xFFFF,
  0xFFFF, 0xFFFF, 0xFFFF, 0xFFFF, 0xFFFF, 0xFFFF, 0xFFFF, 0xFFFF, 0xFFFF, 0xFFFF, 0xFFFF, 0xFFFF, 0xFFFF, 0xFFFF, 0xFFFF, 0xFFFF,
  0xFFFF, 0xFFFF, 0xFFFF, 0xFFFF, 0xFFFF, 0xFFFF, 0xFFFF, 0xFFFF, 0xFFFF, 0xFFFF, 0xFFFF, 0xFFFF, 0xFFFF, 0xFFFF, 0xFFFF, 0xCA32,
  0xBDF3, 0xB65A, 0xB6BF, 0xC75F, 0xC31F, 0xB1F5, 0x9467, 0x9CCA, 0xDAD6, 0xFFFF, 0xFFFF, 0xFFFF, 0xFFFF, 0xFFFF, 0xFFFF, 0xFFFF,
  0xFFFF, 0xFFFF, 0xFFFF, 0xFFFF, 0xFFFF, 0xFFFF, 0xFFFF, 0xFFFF, 0xFFFF, 0xFFFF, 0xFFFF, 0xFFFF, 0xFFFF, 0xFFFF, 0xFFFF, 0xFFFF,
  0xFFFF, 0xFFFF, 0xFFFF, 0xFFFF, 0xFFFF, 0xFFFF, 0xFFFF, 0xFFFF, 0xFFFF, 0xFFFF, 0xFFFF, 0xFFFF, 0xFFFF, 0xB58D, 0xAD6D, 0xA592,
  0xA9B3, 0x9087, 0xAD4B, 0xE318, 0xFFFF, 0xFFFF, 0xFFFF, 0xFFFF, 0xFFFF, 0xFFFF, 0xFFFF, 0xFFFF, 0xFFFF, 0xFFFF, 0xFFFF, 0xFFFF,
};
#define assets_c07_W 44
#define assets_c07_H 44

static const unsigned short assets_c08[1936] = {
  0xFFFF, 0xFFFF, 0xFFFF, 0xFFFF, 0xC254, 0xB239, 0xBEFF, 0xA193, 0xBABF, 0xA991, 0xFFFF, 0xFFFF, 0xE33A, 0xADF8, 0xC256, 0xFFFF,
  0xFFFF, 0xFFFF, 0xFFFF, 0xBA49, 0xCB0B, 0xDA92, 0xFFFF, 0xFFFF, 0xFFFF, 0xFFFF, 0xFFFF, 0xFFFF, 0xFFFF, 0xFFFF, 0xFFFF, 0xD6B5,
  0x9DCA, 0xAFF6, 0xAFF8, 0x95C8, 0xAF72, 0xABF5, 0xAF93, 0xAE6F, 0xCA73, 0xFFFF, 0xFFFF, 0xFFFF, 0xFFFF, 0xFFFF, 0xFFFF, 0xFFFF,
  0xFFFF, 0x9D0B, 0xAE39, 0xBA9E, 0xAE39, 0xA990, 0xFFFF, 0xFFFF, 0xA12D, 0xBADF, 0xA990, 0xFFFF, 0xFFFF, 0xFFFF, 0xFFFF, 0xBA69,
  0xCF8D, 0xC60C, 0xFFFF, 0xEF79, 0x90A1, 0xEF79, 0xFFFF, 0xFFFF, 0xFFFF, 0xFFFF, 0xFFFF, 0xFFFF, 0xFFFF, 0xBA90, 0xAAF0, 0xA22B,
  0xAB2F, 0xA6EF, 0xA26E, 0xBE50, 0xFFFF, 0xFFFF, 0xFFFF, 0xFFFF, 0xFFFF, 0xFFFF, 0xC632, 0x90ED, 0xA9F8, 0xB25B, 0xB27D, 0xB6BF,
  0xB2BF, 0xA171, 0xFFFF, 0xFFFF, 0xA56F, 0xB69F, 0xADB0, 0xFFFF, 0xFFFF, 0xFFFF, 0xFFFF, 0xB648, 0xDBF0, 0xBA29, 0xB588, 0xCB0D,
  0xC28A, 0xEF58, 0xFFFF, 0xFFFF, 0xFFFF, 0xFFFF, 0xFFFF, 0xFFFF, 0xC6B2, 0xFFFF, 0xBA0E, 0x9987, 0xB310, 0x8CE3, 0xCE52, 0xFFFF,
  0xFFFF, 0xFFFF, 0xFFFF, 0xFFFF, 0xFFFF, 0xFFFF, 0xFFFF, 0xB215, 0xAA18, 0xAE3A, 0xAE3A, 0x9DB5, 0xBADF, 0xB69E, 0xBA13, 0xFFFF,
  0xA16F, 0xB6BF, 0xB5D2, 0xFFFF, 0x98A3, 0xCA2E, 0xFFFE, 0xB5E6, 0xD7F0, 0xC2CB, 0xADA5, 0xE3F3, 0xB246, 0xE6F5, 0xFFFF, 0xFFFF,
  0xFFFF, 0xFFFF, 0xFFFF, 0xAD6A, 0xA732, 0xAAAF, 0xFFFF, 0xB66F, 0x9987, 0xE738, 0xFBDD, 0xBDEE, 0xFFFF, 0xFFFF, 0xFFFF, 0xFFFF,
  0xFFFF, 0xFFFF, 0xFFFF, 0xFFFF, 0xCE73, 0xD295, 0xD295, 0xCE95, 0x9D50, 0xB6BE, 0xA9F6, 0xBA57, 0xAE18, 0xB69F, 0xB1D0, 0xFFFF,
  0xB5E8, 0xC72C, 0xAD65, 0xBA28, 0xD3EF, 0xBAAA, 0xADC6, 0xD3EF, 0xBE4A, 0xFFFF, 0xFFFF, 0xFFFF, 0x9106, 0x9A6E, 0x9E6E, 0x9DEB,
  0xAFD5, 0xAFB4, 0xE799, 0xB24E, 0xD2F5, 0xFFFF, 0xAF11, 0xB373, 0xADAB, 0xFFBD, 0xFFFF, 0xFFFF, 0xFFFF, 0xFFFF, 0xFFFF, 0xFFFF,
  0xFFFF, 0xFFFF, 0xFFFF, 0xFFFF, 0xE73A, 0xA9B2, 0xBA9D, 0x9551, 0xCB7F, 0x9D71, 0xFFFF, 0xFFFF, 0xADE7, 0xDBF2, 0xB648, 0xB1E6,
  0xCFF0, 0xB28A, 0xBA8A, 0xC72C, 0xC64E, 0xFFFF, 0xFFFF, 0xFFFF, 0xA62C, 0xBBFC, 0xB3FB, 0xB7F6, 0x9A4A, 0xBBD5, 0x9166, 0xC714,
  0xCAB3, 0xB2B0, 0xB7F8, 0xAF93, 0xA6AE, 0x9DCA, 0xA108, 0xFFFF, 0xFFFF, 0xFFFF, 0xFFFF, 0xFFFF, 0xFFFF, 0xFFFF, 0xF7BD, 0xFBDF,
  0xFFFF, 0xA54C, 0xAA18, 0xB27D, 0xBF1F, 0xA171, 0xFFFF, 0xFFFF, 0xCE92, 0xC74D, 0xCBAF, 0xB207, 0xCB6D, 0xBF0C, 0xBA8A, 0xC68E,
  0xFFFF, 0xFFFF, 0xFFFF, 0xFFFF, 0xFFFF, 0x8987, 0xA3D4, 0x9F91, 0xA70F, 0xA68C, 0xA24C, 0xAA4D, 0x9A0A, 0xB3B3, 0xB3B3, 0xA2EE,
  0xCBFD, 0x9E0B, 0xF7BD, 0xFFFF, 0xFFFF, 0xFFFF, 0xFFFF, 0xFFFF, 0xF7BE, 0xA9D3, 0xAE19, 0xAE18, 0xA1B5, 0xBAFF, 0xC33F, 0xB27E,
  0xBF3F, 0x9D93, 0xFFFF, 0xFFFF, 0xFFFF, 0xA587, 0xD3D0, 0xB668, 0xB668, 0xC74D, 0xB207, 0xB9AA, 0xF37C, 0xFFFF, 0xFFFF, 0xEF5A,
  0xE739, 0xFFFF, 0xE7FB, 0xCFFB, 0xB7F8, 0x9A09, 0xB311, 0xA28C, 0xB3F7, 0xABF3, 0xA2AB, 0xAF30, 0x9E6D, 0xBE51, 0xFFFF, 0xFFFF,
  0xFFFF, 0xFFFF, 0xFFFF, 0xFFFF, 0xEB7B, 0xADD4, 0xA9F8, 0xA5F6, 0xA9F7, 0xA1B5, 0xA1D5, 0x9D72, 0xBABF, 0xBEFF, 0x990B, 0xCA57,
  0xD73F, 0xA992, 0xB1E6, 0xC72C, 0xB6A9, 0xC30C, 0xB1C6, 0xA9A6, 0xA5E8, 0xB189, 0xFFFF, 0xDBB9, 0xAE6F, 0xEB39, 0xEB5A, 0xAE0D,
  0x9209, 0x9DC9, 0xAF11, 0xA6CF, 0xAFD5, 0xAFF4, 0x9DEA, 0xE338, 0xEF7B, 0xFFFF, 0xFFFF, 0xFFFF, 0xFFFF, 0xFFFF, 0xFFFF, 0xFFFF,
  0xFFFF, 0xFFFF, 0xF39D, 0xEF7B, 0xE739, 0xF79D, 0xFBBE, 0xF7BD, 0xA990, 0xB6BF, 0xB25B, 0x98EB, 0x9D2B, 0xA54A, 0xAD65, 0xCB6D,
  0xCBAD, 0xBECA, 0xAD85, 0xBF2D, 0xD7F3, 0xA523, 0xD6AC, 0xBFF4, 0xBBF7, 0x8421, 0xB18B, 0xDF17, 0xE337, 0xA98A, 0xAF11, 0xA66D,
  0x9166, 0xAE4E, 0xCA92, 0xFFFF, 0xFFFF, 0xFFFF, 0xFFFF, 0xFFFF, 0xFFFF, 0xFFFF, 0xFFFF, 0xFFFF, 0xFFFF, 0xFFFF, 0xFFFF, 0xFFFF,
  0xFFFF, 0xF7BD, 0xEF7B, 0xEB7D, 0xB216, 0xAE5D, 0xBF1F, 0xA170, 0xBA29, 0xCF0C, 0xADA6, 0xADC6, 0xC30A, 0xC2EB, 0xADA5, 0xC7AE,
  0xCBF0, 0xA523, 0xBA8B, 0xBBB2, 0x99E8, 0xAEF0, 0xC692, 0xFFFF, 0xFFFF, 0xBA0F, 0xCBFC, 0xC314, 0xFFFF, 0xFBDD, 0xFFFF, 0xE339,
  0xFFFF, 0xFFFF, 0xFFFF, 0xFFFF, 0xFFFF, 0xFFFF, 0xFFFF, 0xFFFF, 0xFFFF, 0xFFFF, 0xC758, 0xB230, 0xCE77, 0xB23B, 0xA5F9, 0xAE3B,
  0xB25C, 0xA5D8, 0xBABF, 0xB23C, 0xA589, 0xD7F0, 0xCFAF, 0xB627, 0xB667, 0xC70B, 0xB647, 0xCFF1, 0xC30C, 0x9D23, 0xAFB2, 0xB3F5,
  0x9A6C, 0xB7F7, 0x9988, 0xFFFF, 0xFFFF, 0xC6D4, 0xB2D2, 0xFBFF, 0xFFFF, 0xB1ED, 0x99CA, 0xA1CA, 0xDB16, 0xF7DC, 0xFFFF, 0xFFFF,
  0xFFFF, 0xFFFF, 0xFFFF, 0xFFFF, 0xFFFF, 0xFFFF, 0xBEB1, 0xB2CF, 0x94C8, 0xBA5A, 0xB23A, 0x9D71, 0x98EA, 0xBE12, 0x9D50, 0xBEDF,
  0xADF6, 0xA9A8, 0xCB6D, 0xC7AD, 0xBF2B, 0xBEEA, 0xBEEA, 0xCBAE, 0xA585, 0xA6EE, 0xB7F8, 0xABF5, 0xABF4, 0xA70E, 0x99EA, 0xDB58,
  0xDFBA, 0xBFF9, 0x9588, 0xC691, 0xA5CB, 0x962A, 0xA730, 0xAB50, 0x9EEE, 0x9ECE, 0xA5CB, 0xFFFF, 0xCA71, 0xCA71, 0xBE0E, 0xFFFF,
  0xFFFF, 0xFFFF, 0xC20E, 0xAECD, 0xB310, 0x98E5, 0xB58B, 0xE317, 0xFFFF, 0xFFFF, 0xD296, 0x9930, 0xBEFF, 0xA9D7, 0xA587, 0xCB8D,
  0xCBEE, 0xB709, 0xC32B, 0xBA47, 0xA629, 0xBBFA, 0x9A09, 0xA2AC, 0xBFF7, 0x99C8, 0x9167, 0xAAF2, 0xA66E, 0xAB53, 0x95C9, 0xA6CF,
  0xA7D3, 0xABF5, 0xAFF5, 0xB7F6, 0xBBFB, 0xCBFE, 0x99C9, 0x8C62, 0xA7D3, 0xA790, 0xB3B1, 0xAE8D, 0xEB79, 0xFFFF, 0xFFFF, 0xA64C,
  0xBFFB, 0xAF11, 0xC20E, 0xE318, 0xCA74, 0xC632, 0xC234, 0xADF8, 0xB27F, 0xBEFF, 0xA96F, 0xAD85, 0xC74B, 0xC7AC, 0xC32B, 0xB5E6,
  0xA5A6, 0xAA8C, 0x9D66, 0xAA2B, 0x9E08, 0xCEB3, 0xFFFF, 0xC6B2, 0x9588, 0xAB32, 0xA6F1, 0xB7F5, 0xA7F4, 0xA7F4, 0x9E6C, 0x9588,
  0x95EA, 0xA22C, 0xF3DD, 0xFFFF, 0xAFF9, 0xB3F5, 0xAFF1, 0xAB4C, 0xA649, 0xD6F4, 0xFFFF, 0xCAB3, 0xA730, 0xBBF9, 0xA62C, 0x94C8,
  0xA5D8, 0xA9F8, 0x952B, 0xA14E, 0xA96F, 0xA9B1, 0xAD8C, 0xAD45, 0xB184, 0xBEA9, 0xC76C, 0xAD84, 0xBA47, 0xCF6C, 0xBA29, 0xA5A8,
  0xA24B, 0xBEB1, 0xF39B, 0xBE70, 0x99A8, 0xAB32, 0xA6D0, 0x88E4, 0x9E4C, 0xB3F7, 0xA66E, 0xF7BD, 0xFFFF, 0xFFFF, 0xFFFF, 0xFFFF,
  0xA790, 0xB7F7, 0xB7F5, 0xBBF3, 0xB72B, 0xA5E5, 0xF3BB, 0xFFFF, 0x9946, 0xAF91, 0xAFB2, 0x9506, 0xA150, 0xAA13, 0xBBD6, 0xA66B,
  0xA124, 0xCAEC, 0xC74C, 0xC2CA, 0xAD23, 0xB206, 0xCB8E, 0xADA5, 0xBEE9, 0xD7F0, 0xBA69, 0xA1E8, 0xB7F4, 0xB3F4, 0x8481, 0x9D67,
  0xA20B, 0xA730, 0xC2D3, 0xFFFF, 0x98E6, 0x9A6C, 0xAED0, 0xFFFF, 0xFFFF, 0xFFFF, 0xFFFF, 0xFFFF, 0xADCA, 0x9165, 0x91A6, 0x9586,
  0x9964, 0x9D84, 0x90A2, 0xE718, 0xE2F6, 0x9E09, 0xB7F5, 0xB392, 0x94E5, 0x94C5, 0xAFB1, 0xBBF8, 0xAF2F, 0xB269, 0xC70A, 0xCBAC,
  0xBECA, 0xAE05, 0xCBCE, 0xB668, 0xBEC9, 0xD7F0, 0xA9C7, 0xA22A, 0x9A69, 0xA74F, 0xAAEE, 0xA22A, 0xA20A, 0xB732, 0x9948, 0xFFFF,
  0xFFFF, 0xC630, 0x90C5, 0xFFFF, 0xFFFF, 0xFFFF, 0xFFFF, 0xFFFF, 0xFFFF, 0xFFFF, 0xFFFF, 0xFFFF, 0xFFFF, 0xFFFF, 0xFFFF, 0x9905,
  0xBA2C, 0x9D24, 0x99E7, 0xBBF5, 0x9DA8, 0xA0E7, 0x9DC7, 0xB3F4, 0xAFF7, 0xAB30, 0xA164, 0xBA47, 0xBEA9, 0xBE88, 0xC36C, 0xC30B,
  0xB606, 0xBA29, 0x9985, 0xB7D3, 0xABB1, 0xAF92, 0xAAEE, 0xA24B, 0x9987, 0x9187, 0xB7F8, 0xAE4F, 0xC230, 0xCEF5, 0xEBBC, 0xEB7A,
  0xFFFF, 0xFFFF, 0xFFFF, 0xFFFF, 0xFFFF, 0xFFFF, 0xFFFF, 0xFFFF, 0xDAD4, 0xCA71, 0xC66F, 0xB2ED, 0xAAEA, 0xBF0D, 0xA5E6, 0xA68A,
  0xB26C, 0xFFFF, 0xDEF5, 0xAAAC, 0xB3F6, 0xAFF6, 0xAAEE, 0xA544, 0xA964, 0xAD85, 0xBEEB, 0xC76D, 0xB185, 0x9D44, 0xB3D2, 0x9ACB,
  0xB3F4, 0xB7F4, 0x9545, 0xAA6C, 0xA2AD, 0xBFF9, 0xA710, 0x9A2B, 0xAB31, 0xAF52, 0xAA4C, 0x9D68, 0xFFFF, 0xFFFF, 0xFFFF, 0xFFFF,
  0xFFFF, 0xFFFF, 0xFFFF, 0xB9ED, 0xA24A, 0xA6ED, 0xA2AA, 0xB78E, 0xAEEB, 0xB2CA, 0xB6AA, 0xB2EB, 0xB32E, 0xCF96, 0xE358, 0xA566,
  0xB76F, 0xB3F5, 0xABB2, 0xAA07, 0xC72C, 0xA102, 0xA9A5, 0xCFCF, 0xA984, 0xA5A7, 0xB7B0, 0xAB2F, 0xAFB3, 0xA28C, 0x90E4, 0xA6AC,
  0xB772, 0x9587, 0x9E0A, 0xB352, 0xAF2F, 0x9A6A, 0xB7D4, 0xB373, 0xBE71, 0xFFFF, 0xFFFF, 0xFFFF, 0xFFFF, 0xEFBB, 0xA64C, 0xAF91,
  0xB3F4, 0xB3F4, 0xB7F2, 0xAAEC, 0xA187, 0xB1AA, 0xB1AA, 0xAE09, 0xBB8F, 0xB7F3, 0xAF71, 0xA185, 0xA164, 0xB38F, 0xB7F4, 0xA1A6,
  0xBEC9, 0xBAA9, 0xADA4, 0xC36D, 0xBB4E, 0xA124, 0xA985, 0xAEAD, 0xB7D9, 0xA24F, 0x90C3, 0xB730, 0x99A7, 0x9E0A, 0xB331, 0x8CE3,
  0x9DA7, 0xB791, 0x9A4A, 0xB7B4, 0xA6AF, 0xCA72, 0xFFFF, 0xFFFF, 0xCA72, 0xA22A, 0xB7F4, 0xB3F4, 0xA6CC, 0x9DA8, 0x9D68, 0xCAB3,
  0xFFFF, 0xFFFF, 0xFFFF, 0xD291, 0x9502, 0x9DC6, 0xB3B0, 0xB7F2, 0xAAAB, 0xA689, 0xB76F, 0xADC8, 0xAD84, 0xC74B, 0xBF09, 0xAA26,
  0xBBF3, 0x9DE7, 0xAD44, 0xA103, 0xA1EF, 0xB2F9, 0x90E6, 0xAEAC, 0xA6AC, 0xA68D, 0x9526, 0xFBDD, 0xBE6F, 0xB330, 0xA60A, 0xA98A,
  0xB20E, 0xC652, 0xFFFF, 0xFFFF, 0xCA51, 0xA569, 0xA9AA, 0xA9CA, 0xA989, 0xFFFF, 0xFFFF, 0xFFFF, 0xFFFF, 0xC650, 0xB1EB, 0xAA2A,
  0xBB6F, 0xBAEC, 0xAE48, 0xAF0C, 0xB7AF, 0xB38F, 0xAEEC, 0xA585, 0xA4E3, 0xB1A5, 0xC72A, 0xB666, 0xB36E, 0xB3D1, 0xA164, 0xAD44,
  0x9907, 0xB33C, 0x9DCE, 0xA208, 0xB771, 0x9546, 0xFFFF, 0xFFFF, 0xFFFF, 0xB1EC, 0x90C3, 0xFFFF, 0xFFFF, 0xFFFF, 0xFFFF, 0xFFFF,
  0xFFFF, 0xFFFF, 0xFFFF, 0xFFFF, 0xFFFF, 0xFFFF, 0xFFFF, 0xFFFF, 0xA9EB, 0xAF4F, 0xAFF2, 0xB7F2, 0xB74D, 0xA9C5, 0xB5C6, 0xB1C5,
  0xA9C6, 0xB2AA, 0xB32C, 0xB32D, 0xAE28, 0xA923, 0xAD63, 0xC6C9, 0xB267, 0xB36F, 0xAF0D, 0x9903, 0xA527, 0xAE96, 0xA673, 0xA629,
  0xA64A, 0xFBDD, 0xFFFF, 0xFFFF, 0xFFFF, 0xFFFF, 0xDEF7, 0xFFFF, 0xFFFF, 0xFFFF, 0xFFFF, 0xFFFF, 0xFFFF, 0xFFFF, 0xFFFF, 0xFFFF,
  0xFFFF, 0xFFFF, 0xEFDB, 0xA68C, 0xB7F4, 0xB3F4, 0xBBF5, 0xB72E, 0xA984, 0xC247, 0xC2A8, 0xBE47, 0xB627, 0xB1E5, 0xAA05, 0xB32B,
  0xBBEF, 0xB72C, 0xA9C6, 0xAD63, 0xB164, 0xA164, 0xB7F2, 0xB390, 0xA186, 0x9D4A, 0xB2F7, 0xA1E9, 0x9903, 0xEF7A, 0xFFFF, 0xFFFF,
  0xFFFF, 0xFFFF, 0xFFFF, 0xFFFF, 0xFFFF, 0xFFFF, 0xFFFF, 0xFFFF, 0xFFFF, 0xFFFF, 0xFFFF, 0xFFFF, 0xFFFF, 0xFFFF, 0xA189, 0xAB91,
  0xA7F1, 0xB3B0, 0xA1C7, 0xA544, 0xB606, 0xBAA8, 0xB6C8, 0xBB2C, 0xBF4C, 0xBAEB, 0xBEEB, 0xB6AA, 0xAA48, 0xB30D, 0xBFF2, 0xAEAA,
  0xA9A6, 0xA103, 0xAA6A, 0xB7F2, 0xA669, 0x9D26, 0xAE74, 0xA1CE, 0xA18D, 0x992B, 0xEF9C, 0xFFFF, 0xFFFF, 0xFFFF, 0xFFFF, 0xFFFF,
  0xFFFF, 0xFFFF, 0xFFFF, 0xFFFF, 0xFFFF, 0xFFFF, 0xFFFF, 0xFFFF, 0xFFFF, 0xFFFF, 0xCE72, 0xADAB, 0xB1ED, 0xB1EC, 0x9D44, 0xB2CB,
  0xBBD1, 0xB36E, 0xBB6F, 0xB6EB, 0xAE27, 0x9D44, 0xA144, 0xA544, 0xA103, 0xA123, 0xA607, 0xB3AE, 0xB7AF, 0xAE8A, 0x9D23, 0xA648,
  0xBFD1, 0x9D87, 0x992B, 0xCF9F, 0xD7FF, 0xD3BF, 0xA9B2, 0xDAB5, 0xFFFF, 0xFFFF, 0xFFFF, 0xFFFF, 0xFFFF, 0xFFFF, 0xFFFF, 0xFFFF,
  0xFFFF, 0xFFFF, 0xFFFF, 0xFFFF, 0xFFFF, 0xFFFF, 0xFFFF, 0xFFFF, 0xFFFF, 0xCED2, 0xAEEB, 0xBBF3, 0xAF2F, 0xAE0C, 0xA567, 0xA144,
  0xB206, 0xB648, 0xB668, 0xB668, 0xBA88, 0xBA47, 0xB1A6, 0xA9C6, 0xA647, 0xBB4C, 0xBB4C, 0xAA27, 0x9DC8, 0xB254, 0xDFFF, 0xCB5F,
  0xB259, 0xAE39, 0xB67A, 0x992D, 0xFFFF, 0xFFFF, 0xFFFF, 0xFFFF, 0xFFFF, 0xFFFF, 0xFFFF, 0xFFFF, 0xFFFF, 0xFFFF, 0xFFFF, 0xFFFF,
  0xFFFF, 0xFFFF, 0xFFFF, 0xFFFF, 0xF3BC, 0xA628, 0xB30C, 0x9986, 0xBE0E, 0xFFFF, 0xB9EC, 0xAA07, 0xBB4C, 0xB34B, 0xBBD0, 0xBF4E,
  0xB647, 0xA543, 0xAD85, 0xA964, 0xA523, 0xA984, 0xB668, 0xAA09, 0xA9F3, 0xDBFF, 0xB279, 0xA9F6, 0xC2DD, 0xC71F, 0xC71F, 0xC6DD,
  0x9D09, 0xFFFF, 0xFFFF, 0xFFFF, 0xFFFF, 0xFFFF, 0xFFFF, 0xFFFF, 0xFFFF, 0xFFFF, 0xFFFF, 0xFFFF, 0xFFFF, 0xFFFF, 0xFFFF, 0xFFFF,
  0x98E5, 0x9985, 0xA9A9, 0xFFFF, 0xFFFF, 0xCED3, 0xA6CC, 0xB3F2, 0xAFF2, 0xAF91, 0xB730, 0xA565, 0xA544, 0xA585, 0xB248, 0xBAAA,
  0xBAA9, 0xBE89, 0xA103, 0xA9D1, 0xE3FF, 0xAE59, 0xBABD, 0xD7BF, 0xA9F3, 0x952C, 0x94E9, 0x9908, 0xA549, 0xFFFF, 0xFFFF, 0xFFFF,
  0xFFFF, 0xFFFF, 0xFFFF, 0xFFFF, 0xFFFF, 0xFFFF, 0xFFFF, 0xFFFF, 0xFFFF, 0xFFFF, 0xFFFF, 0xFFFF, 0xCE72, 0xC20F, 0xFFFF, 0xFFFF,
  0xFFFF, 0x9EAA, 0xB3F2, 0x9F0D, 0xA24B, 0xB1EC, 0xA126, 0xA564, 0xBAEC, 0xB72C, 0xA206, 0xA1A5, 0xA1C5, 0xB208, 0xA14A, 0xC73F,
  0xB6BD, 0xC73F, 0xCF9F, 0xA16D, 0x9D4A, 0xC35E, 0xAA55, 0x9D88, 0xBF52, 0x9D88, 0xFFFF, 0xFFFF, 0xFFFF, 0xFFFF, 0xFFFF, 0xFFFF,
  0xFFFF, 0xFFFF, 0xFFFF, 0xFFFF, 0xFFFF, 0xFFFF, 0xFFFF, 0xFFFF, 0xFFFF, 0xFFFF, 0xFFFF, 0xFFFF, 0x88C2, 0xA6AC, 0xA64B, 0xC630,
  0xDEF7, 0xFFFF, 0xB60B, 0xB70C, 0xAECA, 0x99A6, 0xB5CD, 0xCE72, 0xCE73, 0xA508, 0xB659, 0xC31F, 0xAE17, 0xD79F, 0x9D4C, 0xA986,
  0xA125, 0xA1D0, 0xC39F, 0x9DAE, 0xA64B, 0xB750, 0xA189, 0xFFFF, 0xFFFF, 0xFFFF, 0xFFFF, 0xFFFF, 0xFFFF, 0xFFFF, 0xFFFF, 0xFFFF,
  0xFFFF, 0xFFFF, 0xFFFF, 0xFFFF, 0xFFFF, 0xFFFF, 0xFFFF, 0xFFFF, 0xD6B4, 0xCE53, 0xEB5A, 0xFFFF, 0xFFFF, 0xFFFF, 0xB1EC, 0x9123,
  0xB5ED, 0xE739, 0xFFFF, 0xFFFF, 0xFFFF, 0xC210, 0xA5B4, 0xAE18, 0xC71F, 0xA592, 0xA146, 0xBAEB, 0xA1C6, 0x9D68, 0xAE98, 0xBB3F,
  0x994A, 0xA229, 0xBBD2, 0x9DE9, 0xEB5A, 0xFFFF, 0xFFFF, 0xFFFF, 0xFFFF, 0xFFFF, 0xFFFF, 0xFFFF, 0xFFFF, 0xFFFF, 0xFFFF, 0xFFFF,
  0xFFFF, 0xFFFF, 0xFFFF, 0xFFFF, 0xFFFF, 0xFFFF, 0xFFFF, 0xFFFF, 0xFFFF, 0xFFFF, 0xF39B, 0xD274, 0xFFFF, 0xFFFF, 0xFFFF, 0xFFFF,
  0xFFFF, 0xFFFF, 0xB1AF, 0xAA17, 0xCF5F, 0xA990, 0x98E4, 0xB2EC, 0xBB6E, 0xA5E8, 0xA1AD, 0xBB5F, 0xB2BA, 0x90E5, 0xB32D, 0xBBF3,
  0xA68C, 0xB20D, 0xFFFF, 0xFFFF, 0xFFFF, 0xFFFF, 0xFFFF, 0xFFFF, 0xFFFF, 0xFFFF, 0xFFFF, 0xFFFF, 0xFFFF, 0xFFFF, 0xFFFF, 0xFFFF,
  0xFFFF, 0xFFFF, 0xFFFF, 0xFFFF, 0xFFFF, 0xFFFF, 0xFFFF, 0xFFFF, 0xFFFF, 0xFFFF, 0xFFFF, 0xFFFF, 0xFFFF, 0xFFFF, 0xFFFF, 0xBE12,
  0x8CA9, 0xA54E, 0xA98F, 0xA1C8, 0xAAEC, 0xAA69, 0xAA0A, 0x9D8D, 0xC3BF, 0xAE78, 0x9947, 0xA669, 0xBBF4, 0xAF91, 0xA1EA, 0xDEF7,
  0xFFFF, 0xFFFF, 0xFFFF, 0xFFFF, 0xFFFF, 0xFFFF, 0xFFFF, 0xFFFF, 0xFFFF, 0xFFFF, 0xFFFF, 0xFFFF, 0xFFFF, 0xFFFF, 0xFFFF, 0xFFFF,
  0xFFFF, 0xFFFF, 0xFFFF, 0xFFFF, 0xFFFF, 0xFFFF, 0xFFFF, 0xFFFF, 0xFFFF, 0xFFFF, 0xFFFF, 0xFFFF, 0xD6B4, 0xA52B, 0xBE9C, 0xA1AD,
  0xAEED, 0xAAAA, 0xB70C, 0x9924, 0xAA34, 0xC7FF, 0xA613, 0xA548, 0xA5C8, 0xA6CD, 0xB7D3, 0xA6CE, 0xFFFF, 0xFFFF, 0xFFFF, 0xFFFF,
  0xFFFF, 0xFFFF, 0xFFFF, 0xFFFF, 0xFFFF, 0xFFFF, 0xFFFF, 0xFFFF, 0xFFFF, 0xFFFF, 0xFFFF, 0xFFFF, 0xFFFF, 0xFFFF, 0xFFFF, 0xFFFF,
  0xFFFF, 0xFFFF, 0xFFFF, 0xFFFF, 0xFFFF, 0xFFFF, 0xFFFF, 0xFFFF, 0xFFFF, 0xB9CF, 0xB659, 0xA16D, 0xB32E, 0xAACC, 0xAECA, 0xB2CC,
  0x9906, 0xAE77, 0xBB9F, 0xAE33, 0xEB59, 0xB9ED, 0x95A7, 0xB3D3, 0xFFFF, 0xFFFF, 0xFFFF, 0xFFFF, 0xFFFF, 0xFFFF, 0xFFFF, 0xFFFF,
  0xFFFF, 0xFFFF, 0xFFFF, 0xFFFF, 0xFFFF, 0xFFFF, 0xFFFF, 0xFFFF, 0xFFFF, 0xFFFF, 0xFFFF, 0xFFFF, 0xFFFF, 0xFFFF, 0xFFFF, 0xFFFF,
  0xFFFF, 0xFFFF, 0xFFFF, 0xFFFF, 0xFFFF, 0xA56D, 0xCB1F, 0xA56E, 0xA68B, 0xB391, 0x9D85, 0xBB4E, 0xA607, 0x98C5, 0xAE98, 0xB73F,
  0xA5AF, 0xFFFF, 0xE318, 0x9526, 0xFFFF, 0xFFFF, 0xFFFF, 0xFFFF, 0xFFFF, 0xFFFF, 0xFFFF, 0xFFFF, 0xFFFF, 0xFFFF, 0xFFFF, 0xFFFF,
  0xFFFF, 0xFFFF, 0xFFFF, 0xFFFF, 0xFFFF, 0xFFFF, 0xFFFF, 0xFFFF, 0xFFFF, 0xFFFF, 0xFFFF, 0xFFFF, 0xFFFF, 0xFFFF, 0xFFFF, 0xFFFF,
  0xD6B6, 0xBE9B, 0xD33F, 0x98C8, 0xA1C8, 0xBBF3, 0xAA4A, 0xA608, 0xC370, 0x9904, 0x98C7, 0xAE36, 0xB2FD, 0xADF1, 0xFFFF, 0xFFFF,
  0xFFFF, 0xFFFF, 0xFFFF, 0xFFFF, 0xFFFF, 0xFFFF, 0xFFFF, 0xFFFF, 0xFFFF, 0xFFFF, 0xFFFF, 0xFFFF, 0xFFFF, 0xFFFF, 0xFFFF, 0xFFFF,
  0xFFFF, 0xFFFF, 0xFFFF, 0xFFFF, 0xFFFF, 0xFFFF, 0xFFFF, 0xFFFF, 0xFFFF, 0xFFFF, 0xFFFF, 0xFFFF, 0xA54C, 0xD79F, 0xA590, 0xFFDE,
  0xC22F, 0xA6EC, 0xB32F, 0x94E3, 0xAA6A, 0xB74E, 0xA1A7, 0x94A4, 0xB279, 0xB71F, 0xADF2, 0xEB5B, 0xFFFF, 0xFFFF, 0xFFFF, 0xFFFF,
  0xFFFF, 0xFFFF, 0xFFFF, 0xFFFF, 0xFFFF, 0xFFFF, 0xFFFF, 0xFFFF, 0xFFFF, 0xFFFF, 0xFFFF, 0xFFFF, 0xFFFF, 0xFFFF, 0xFFFF, 0xFFFF,
  0xFFFF, 0xFFFF, 0xFFFF, 0xFFFF, 0xFFFF, 0xFFFF, 0xFFFF, 0xD6B6, 0xAE38, 0xCB5F, 0xA56E, 0xFFFF, 0xD6B4, 0xA66B, 0xAB0E, 0xEB7A,
  0x9925, 0xAF4E, 0xB7B0, 0x9D46, 0x9086, 0xAE9A, 0xBF3F, 0xA1B2, 0xFFFF, 0xFFFF, 0xFFFF, 0xFFFF, 0xFFFF, 0xFFFF, 0xFFFF, 0xFFFF,
  0xFFFF, 0xFFFF, 0xFFFF, 0xFFFF, 0xFFFF, 0xFFFF, 0xFFFF, 0xFFFF, 0xFFFF, 0xFFFF, 0xFFFF, 0xFFFF, 0xFFFF, 0xFFFF, 0xFFFF, 0xFFFF,
  0xFFFF, 0xFFFF, 0xFFFF, 0xE318, 0x950C, 0xBABD, 0xBE9A, 0xDF1A, 0xFFFF, 0xBA4E, 0xA6CC, 0xD715, 0xEB39, 0xA189, 0xAF2E, 0xA5EA,
  0xFFBD, 0xB1CF, 0xAE7A, 0xBEDD, 0xFFFF, 0xFFFF, 0xFFFF, 0xFFFF, 0xFFFF, 0xFFFF, 0xFFFF, 0xFFFF, 0xFFFF, 0xFFFF, 0xFFFF, 0xFFFF,
  0xFFFF, 0xFFFF, 0xFFFF, 0xFFFF, 0xFFFF, 0xFFFF, 0xFFFF, 0xFFFF, 0xFFFF, 0xFFFF, 0xFFFF, 0xFFFF, 0xFFFF, 0xFFFF, 0xFFFF, 0xFFFF,
  0xFFFF, 0xC255, 0xC6BC, 0x9D2C, 0xFFFF, 0xC650, 0xAAAB, 0x8D04, 0xFFFF, 0xBE2F, 0xAACC, 0xA9EA, 0xFFFF, 0xFFFF, 0x9D2B, 0x990A,
};
#define assets_c08_W 44
#define assets_c08_H 44

static const unsigned short assets_c09[1936] = {
  0xB7F9, 0xB7F9, 0xB7F9, 0xB7F9, 0xB7F9, 0xBFF5, 0xBFEF, 0xC3F1, 0xBBF6, 0xB7FA, 0xBFFB, 0xBBB4, 0x9D09, 0xB170, 0xAD91, 0xB191,
  0xAD70, 0xA50C, 0xA50B, 0xA4EA, 0xA0E9, 0xA0E8, 0xA509, 0xA509, 0xA10B, 0xA0EC, 0xA0E8, 0xA909, 0x98E7, 0x9109, 0xBA7E, 0xD37F,
  0xCB5F, 0xCB5F, 0xCB7F, 0xCF9F, 0xCB5F, 0xCB7F, 0xCB7F, 0xC77F, 0xCF9F, 0xA9B9, 0xB312, 0xBFFB, 0xB7F9, 0xB7F9, 0xB7F9, 0xB7F9,
  0xB7F9, 0xBBF8, 0xBFF4, 0xBBCE, 0xBBF6, 0xBBFA, 0xBBF8, 0x9947, 0xAD4D, 0xB592, 0xB191, 0xB191, 0xB5B2, 0xB9B2, 0xB5B1, 0xB190,
  0xB190, 0xA92D, 0x98C8, 0x98CA, 0xB1D9, 0xCADF, 0xA551, 0x9CC7, 0xA92E, 0xB61E, 0xCF7F, 0xCB7F, 0xCB5F, 0xCB7F, 0xCB5F, 0xBEDF,
  0xB25F, 0xCB5F, 0xCB7F, 0xC77F, 0xCF9F, 0xA5B9, 0xB312, 0xBFFB, 0xBBF9, 0xBBF9, 0xBBFA, 0xB7F9, 0xB7F9, 0xB7F9, 0xB7F9, 0xBBF7,
  0xB7F8, 0xBBFA, 0xBFF8, 0x98C6, 0xB12D, 0xAD4E, 0xAD4E, 0xAD4D, 0xA4EB, 0xA0CB, 0x9CCB, 0x98CB, 0xA974, 0xA998, 0xB23E, 0xCB3F,
  0xD37F, 0xCB3F, 0xCADF, 0x9CC9, 0xA551, 0xBA5F, 0xCB5F, 0xD3BF, 0xD39F, 0xC71F, 0xBA7F, 0xA9BE, 0xBEBF, 0xCB9F, 0xCB7F, 0xCB7F,
  0xCF9F, 0xA5B9, 0xB332, 0xBFFB, 0xB7FA, 0xBBFA, 0xBFF8, 0xBBF8, 0xB7F9, 0xB7F9, 0xB7F9, 0xB7F9, 0xB7F9, 0xBBF9, 0xB352, 0x9CE7,
  0xA90A, 0xA90B, 0xA90C, 0xA50A, 0xA952, 0xC25F, 0xC2BF, 0xCB3F, 0xCB3F, 0xCB5F, 0xCB7F, 0xD3BF, 0xCB1F, 0x9D31, 0x9D0E, 0x98CA,
  0xA953, 0xBA5F, 0xBE9F, 0xC2DF, 0xC2BF, 0xBE5F, 0xA99A, 0xB21F, 0xCB7F, 0xCB7F, 0xCB7F, 0xC77F, 0xCF7F, 0xA5B8, 0xB332, 0xBFFB,
  0xBBF9, 0xBFFA, 0xB7AE, 0xBBF3, 0xBBFA, 0xB7F9, 0xB7F8, 0xB7F8, 0xB7F9, 0xBBF6, 0x90A3, 0xA0C8, 0xAD4D, 0xA92D, 0xB14E, 0xA4EB,
  0xADDA, 0xDBDF, 0xD7FF, 0xD39F, 0xD39F, 0xCF7F, 0xCB7F, 0xD3DF, 0xB23F, 0xADDA, 0xCAFF, 0xBA3E, 0xA532, 0xBE5F, 0xBA5F, 0xBE7F,
  0xBE5F, 0xB9FC, 0x9D12, 0xBA7F, 0xCB7F, 0xCB7F, 0xCB7F, 0xCB7F, 0xCB3F, 0xA153, 0xB332, 0xBFFB, 0xBFF5, 0xBFF9, 0xBBCF, 0xBBF4,
  0xBBFA, 0xB7F9, 0xB7F9, 0xB7F8, 0xB7F9, 0xBBF6, 0x94C5, 0xA50B, 0xB5B2, 0xB5B3, 0xB591, 0xA10D, 0xCB1F, 0xCFBF, 0xCF7F, 0x98EE,
  0x94CB, 0x94CF, 0xCB3F, 0xCFBF, 0xCB3F, 0xC2BF, 0xBE7F, 0xBA3F, 0x9CEE, 0xA932, 0xB5B9, 0xAD77, 0xAD74, 0xA50D, 0xB1DC, 0xC2DF,
  0xCB9F, 0xCB7F, 0xCB7F, 0xCB7F, 0xCB3F, 0x98EE, 0xB352, 0xBFFB, 0xBBF5, 0xBBF7, 0xBFF9, 0xBBF9, 0xB7F9, 0xB7F8, 0xB7F8, 0xBFF9,
  0xC3FA, 0xC3F8, 0x90A4, 0xA90C, 0xB191, 0xB191, 0xB5B1, 0x9CCA, 0xBA3C, 0xD37F, 0xA994, 0xA131, 0xB61F, 0xC29F, 0xC71F, 0xCB5F,
  0xD39F, 0xA598, 0x9D11, 0xB61D, 0xBA3D, 0xA0ED, 0xA969, 0xB62C, 0xB5EC, 0x9CA6, 0xB198, 0xCABF, 0xCB1F, 0xCB7F, 0xD3BF, 0xCF9F,
  0xCAFF, 0x98ED, 0xB372, 0xBFFB, 0xBBF9, 0xBBF9, 0xB7F9, 0xBBF9, 0xBFFA, 0xC3FB, 0xCBFA, 0xA24B, 0xA64D, 0xAA4E, 0x9486, 0xA0C8,
  0xA50B, 0xA92C, 0xB591, 0xA90B, 0xA551, 0xC6BF, 0x9910, 0xC2BF, 0xCF5F, 0xC6FF, 0xADFE, 0xBEBF, 0xD39F, 0xB65F, 0xB61E, 0xD37F,
  0xD7BF, 0xB1D7, 0xA9E8, 0xC74E, 0xBA0B, 0xC9EE, 0xDA73, 0xE2B5, 0xDA95, 0xC67C, 0xC6DF, 0xCB3F, 0xCADF, 0x9D0C, 0xB393, 0xBFFB,
  0xBFFA, 0xBFFA, 0xBBF7, 0xC3F8, 0xAAF1, 0x9DCD, 0xA1EE, 0xB1F6, 0xA997, 0xA997, 0xA531, 0x9886, 0xA90B, 0xA50B, 0xA92C, 0xA92C,
  0xA10C, 0xBA7F, 0xD39F, 0xCB1F, 0xBA7F, 0xA997, 0xADB9, 0xCF5F, 0xCB7F, 0xD3BF, 0xBA9F, 0xB65F, 0xDBFF, 0xA595, 0xA9E7, 0xBEAC,
  0xB569, 0xFFFF, 0xFFFF, 0xFFFF, 0xFFFF, 0xF7BC, 0xD276, 0xBE3D, 0xB9FC, 0x9908, 0xBBF4, 0xBBFA, 0xBFF7, 0xBFF7, 0x9DCD, 0x9D6E,
  0xBEDF, 0xCB1F, 0xC6FF, 0xD37F, 0xD7DF, 0xD37F, 0xB5FE, 0x98A9, 0xA0C8, 0xA92C, 0xA50A, 0xA50A, 0xA0C7, 0xA572, 0xDBDF, 0xCB3F,
  0xA576, 0xB65E, 0xD7DF, 0xD3BF, 0xCB9F, 0xCF9F, 0xBA7F, 0xB23F, 0xD7DF, 0xBA7F, 0xA56A, 0xB5E9, 0xD671, 0xFFFF, 0xFFFF, 0xFFFF,
  0xFFFF, 0xFFFF, 0xFFFF, 0xDA95, 0xB150, 0xAE4C, 0xC3F8, 0xB7F9, 0x998D, 0xA192, 0xC71F, 0xD39F, 0xCFBF, 0xD3DF, 0xD3DF, 0xCFBF,
  0xCFBF, 0xCF7F, 0xC29F, 0xA553, 0x9484, 0xA0C8, 0x9CEB, 0xA550, 0xA0EA, 0x9CEB, 0xBE9F, 0xD7FF, 0xDBFF, 0xD7FF, 0xCFDF, 0xCBBF,
  0xCFBF, 0xBEDF, 0xA9DD, 0xC6FF, 0xD7DF, 0xD39F, 0x9D0D, 0xB147, 0xFFFF, 0xFFFF, 0xFFFF, 0xFFFF, 0xFFFF, 0xFFFF, 0xFFFF, 0xFFFF,
  0xB548, 0xAE4A, 0xBFF7, 0xBBF8, 0xCB1F, 0xDBDF, 0xCFBF, 0xC79F, 0xCB9F, 0xCB9F, 0xCB9F, 0xCF9F, 0xCFBF, 0xCF7F, 0xBE9F, 0xBA1F,
  0xA0CB, 0x9884, 0xBA3B, 0xD35F, 0xB5FA, 0x9CED, 0xB63E, 0xD3BF, 0xCFBF, 0xCFBF, 0xCFBF, 0xCFBF, 0xCB9F, 0xCB7F, 0xD7BF, 0xCF5F,
  0xC33F, 0xD39F, 0x98ED, 0xE2F3, 0xFFFF, 0xFFFF, 0xFFFF, 0xFFFF, 0xFFFF, 0xFFFF, 0xFFFF, 0xFFFF, 0xE6F4, 0x9D86, 0xC3F6, 0xBBF1,
  0xCFBF, 0xCBBF, 0xCFBF, 0xCFBF, 0xCFBF, 0xCFBF, 0xCB9F, 0xCB7F, 0xCB3F, 0xC29F, 0xBE3F, 0xB5DB, 0xA0EC, 0x9884, 0xB1D7, 0xC2DF,
  0xC2BF, 0xC6DF, 0xC2DF, 0xC31F, 0xCB9F, 0xCFBF, 0xCFBF, 0xCB9F, 0xC73F, 0xCB5F, 0xBABF, 0xB25F, 0xCB5F, 0xD7BF, 0x9CEE, 0xEB37,
  0xFFFF, 0xFFFF, 0xFFFF, 0xFFFF, 0xFFFF, 0xFFFF, 0xFFFF, 0xFFFE, 0xDEB2, 0xA1C6, 0xC7F2, 0xB78C, 0xCB9F, 0xCFBF, 0xC73F, 0xC2FF,
  0xC73F, 0xCB3F, 0xC73F, 0xBA9F, 0xBA1F, 0xAD78, 0xA50F, 0xA56A, 0xADC8, 0xB5E9, 0x9486, 0xBA1C, 0xBA7F, 0xCB1F, 0xCF3F, 0xC2DF,
  0xBEDF, 0xC77F, 0xCFDF, 0xCB7F, 0xBABF, 0xBEDF, 0xC71F, 0xC31F, 0xCF9F, 0xCF9F, 0x98ED, 0xEB37, 0xFFFF, 0xFFFF, 0xFFFF, 0xFFFF,
  0xFFFF, 0xFFFF, 0xFFFF, 0xEF13, 0xAD66, 0xBF6D, 0xBFEE, 0xBBEF, 0xCB9F, 0xCFBF, 0xCB3F, 0xBEBF, 0xAE1F, 0xADDF, 0xA99B, 0xB5DB,
  0xA510, 0xA529, 0xBA6B, 0xC32B, 0xC36B, 0xC74C, 0xA987, 0x9866, 0xB1B7, 0xB5FC, 0xB5FC, 0xBE5F, 0xBEBF, 0xC2FF, 0xCB9F, 0xD3DF,
  0xD3DF, 0xD3DF, 0xD3BF, 0xC73F, 0xCF9F, 0xCF3F, 0xA52D, 0xFFFE, 0xFFFF, 0xFFFF, 0xFFFF, 0xFFFF, 0xFFFF, 0xFFFF, 0xFFFE, 0xE28F,
  0xA564, 0xC7EE, 0xBBEC, 0xC3F8, 0xCB9F, 0xCBBF, 0xCFBF, 0xD3BF, 0xD39F, 0xBEDF, 0xB21C, 0x94CC, 0x9CC5, 0xBE4A, 0xADE5, 0xBAEA,
  0xC3CD, 0xBFAB, 0xC36C, 0xADC7, 0x9CA6, 0xA4C8, 0xA0C8, 0xA975, 0xB61F, 0xB65F, 0xCB5F, 0xCF7F, 0xD3BF, 0xD7DF, 0xD39F, 0xCB3F,
  0xC2DF, 0xAD94, 0xEF7A, 0xFFFF, 0xFFFF, 0xFFFF, 0xFFFF, 0xFFFF, 0xFFFF, 0xFFFF, 0xFFFE, 0xDE90, 0x9D44, 0xC7ED, 0xBBCC, 0xBFF7,
  0xCF9F, 0xCFBF, 0xCB9F, 0xCB9F, 0xCB9F, 0xCFBF, 0xD7DF, 0xC6FF, 0xBA16, 0xB5AC, 0xDAD3, 0xBA0C, 0xB689, 0xC3AD, 0xC3ED, 0xC76C,
  0xADC7, 0xA908, 0xA8C7, 0xA50E, 0xB5DD, 0xB1DF, 0xB65F, 0xBA7F, 0xBE7F, 0xBE9F, 0xB63E, 0xADB9, 0xA133, 0xA50C, 0xFFFE, 0xFFFF,
  0xFFFF, 0xFFFF, 0xFFFF, 0xFFFF, 0xFFFF, 0xFFFF, 0xFFFB, 0xAD46, 0xBACB, 0xC3EE, 0xBBF0, 0xBBF8, 0xC2FF, 0xCF9F, 0xCFBF, 0xCB9F,
  0xCB9F, 0xCB9F, 0xC77F, 0xCFBF, 0xD37F, 0xCA9A, 0xFFFF, 0xFFFF, 0xCA2F, 0xADC7, 0xBACA, 0xC30B, 0xCB0C, 0xAD67, 0xA4A5, 0xA4EC,
  0xB1BB, 0xBA3F, 0xB1DC, 0xA998, 0xA998, 0xA577, 0xA977, 0xA998, 0xBA1E, 0xA977, 0xAD4E, 0xFFFF, 0xFFFF, 0xFFFF, 0xFFFF, 0xFFFF,
  0xFFFE, 0xFFFA, 0xFB96, 0xA104, 0xBF6D, 0xC3F2, 0xBFFA, 0xB7FA, 0xBE5F, 0xBE9F, 0xCB3F, 0xCB9F, 0xCB9F, 0xCB9F, 0xCB9F, 0xCB9F,
  0xCFBF, 0xC25A, 0xFFFF, 0xFFFF, 0xFFFF, 0xF7BC, 0xD271, 0xB547, 0xC5EB, 0xD24F, 0xD64F, 0xB54A, 0xB197, 0xBE7F, 0xBA5F, 0xBA5F,
  0xB63F, 0xBA5F, 0xBA3F, 0xBA3F, 0xB21F, 0xB65F, 0xB5FA, 0xDA93, 0xFFFF, 0xFFFF, 0xFFFF, 0xFFFF, 0xFFFF, 0xFFFC, 0xE2B0, 0xA566,
  0xBB6C, 0xBFF3, 0xBBFA, 0xB7F9, 0xBE1F, 0xBA5F, 0xBA7F, 0xBEDF, 0xC2FF, 0xC75F, 0xCB9F, 0xCBBF, 0xD3BF, 0xBE39, 0xFFFF, 0xFFFF,
  0xFFFF, 0xFFFF, 0xFFFF, 0xFFFF, 0xFFFF, 0xFFFF, 0xFFFF, 0xFFFF, 0xCE52, 0xB5DA, 0xBA5F, 0xBA9F, 0xBA9F, 0xB65F, 0xB65F, 0xB65F,
  0xCF7F, 0xCF7F, 0xD33F, 0xD274, 0xFFFF, 0xFFFF, 0xFFFF, 0xFFFF, 0xFFFF, 0xFFFF, 0xB126, 0xAE48, 0xC7F0, 0xBBF4, 0xB7FA, 0xB7F9,
  0xA54E, 0xBA1E, 0xBA5F, 0xB63F, 0xBE9F, 0xBA9F, 0xCB5F, 0xD3DF, 0xD7DF, 0xBE59, 0xFFFF, 0xFFFF, 0xFFFF, 0xFFFF, 0xFFFF, 0xFFFF,
  0xFFFF, 0xFFFF, 0xFFFF, 0xFFFF, 0xFFFF, 0xEF7A, 0xB9D4, 0xC25F, 0xC6DF, 0xCF9F, 0xD39F, 0xD7BF, 0xD3DF, 0xD3BF, 0xC6FF, 0xCE52,
  0xFFFF, 0xFFFF, 0xFFFF, 0xFFFF, 0xFFFF, 0xFFFF, 0xCE4F, 0xA9E7, 0xC3EF, 0xBFF8, 0xB7F9, 0xB7F9, 0xB649, 0xA12C, 0xB5DB, 0xBE5F,
  0xBA5F, 0xBE9F, 0xC6FF, 0xC71F, 0xD37F, 0xC259, 0xFFFF, 0xFFFF, 0xFFFF, 0xFFFF, 0xFFFF, 0xFFFF, 0xFFFF, 0xFFFF, 0xFFFF, 0xFFFF,
  0xFFFF, 0xFFFF, 0xFFFD, 0xD250, 0xCA33, 0xC279, 0xC67B, 0xC27B, 0xD39F, 0xD7FF, 0xCB3F, 0xD275, 0xFFFF, 0xFFFF, 0xFFFF, 0xFFFF,
  0xFFFF, 0xFFFF, 0xFFFF, 0xAD66, 0xB76C, 0xC3F8, 0xB7F9, 0xBBF8, 0xC32A, 0xB648, 0xA54A, 0xA973, 0xBE5F, 0xC29F, 0xBE7F, 0xC2BF,
  0xBA1D, 0xC611, 0xFFFF, 0xFFFF, 0xFFFF, 0xFFFF, 0xFFFF, 0xFFFF, 0xFFFF, 0xFFFF, 0xFFFF, 0xFFFF, 0xFFFF, 0xFFFF, 0xFFFF, 0xFFFF,
  0xFFFF, 0xFFFF, 0xFFFF, 0xFFFF, 0xCEBA, 0xC67B, 0xB5F5, 0xFFFF, 0xFFFF, 0xFFFF, 0xFFFF, 0xFFFF, 0xFFFF, 0xFFFF, 0xFFFF, 0xB188,
  0xBFAE, 0xBFF8, 0xB7F9, 0xB7F9, 0xBB08, 0xBEC8, 0xC6CA, 0xAD88, 0xA52F, 0xBE1F, 0xC27F, 0xC25F, 0xB9B2, 0xFFFF, 0xFFFF, 0xFFFF,
  0xFFFF, 0xFFFF, 0xFFFF, 0xFFFF, 0xFFFF, 0xFFFF, 0xFFFF, 0xFFFF, 0xFFFF, 0xFFFF, 0xFFFF, 0xFFFF, 0xFFFF, 0xFFFF, 0xFFFF, 0xFFFF,
  0xFFFF, 0xFFFF, 0xFFFF, 0xE315, 0xFFFF, 0xFFFF, 0xFFFF, 0xFFFF, 0xFFFF, 0xFFFF, 0xFFFF, 0xD24E, 0xAA28, 0xBFF8, 0xB7F9, 0xB7F9,
  0xC329, 0xC329, 0xBEE8, 0xC6EA, 0xB188, 0xB14B, 0xA531, 0xA952, 0xDAB4, 0xFFFF, 0xFFFF, 0xFFFF, 0xFFFF, 0xFFFF, 0xFFFF, 0xFFFF,
  0xFFFF, 0xFFFF, 0xFFFF, 0xFFFF, 0xFFFF, 0xFFFF, 0xFFFF, 0xFFFF, 0xFFFF, 0xFFFF, 0xFFFF, 0xFFFF, 0xFFFF, 0xFFFF, 0xFFFF, 0xFFFF,
  0xFFFF, 0xFFFF, 0xFFFF, 0xFFFF, 0xFFFF, 0xFFFF, 0xFFFF, 0xFFFB, 0x9D45, 0xBBF7, 0xB7F9, 0xB7F9, 0xBB48, 0xBB6B, 0xC7F4, 0xC7CE,
  0xB5E7, 0xE2B1, 0xE6D2, 0xE2D2, 0xFFD9, 0xFFD9, 0xFFFC, 0xFFFE, 0xFFFF, 0xFFFF, 0xFFFF, 0xFFFF, 0xFFFF, 0xFFFF, 0xFFFF, 0xFFFF,
  0xFFFF, 0xFFFF, 0xFFFF, 0xFFFF, 0xFFFF, 0xFFFF, 0xFFFF, 0xFFFF, 0xFFFF, 0xFFFF, 0xFFFF, 0xFFFF, 0xFFFF, 0xFFFF, 0xFFFF, 0xFFFF,
  0xFFFF, 0xFFFF, 0xFFFF, 0xFFFC, 0x9D46, 0xBFF8, 0xB7F9, 0xB7F9, 0xBBF2, 0xB7F2, 0xCBFA, 0xC3EE, 0xC6E9, 0xC62A, 0xC5CB, 0xE6D3,
  0xFFFC, 0xFFD9, 0xFFB7, 0xFFD9, 0xFFFD, 0xFFFF, 0xFFFF, 0xFFFF, 0xFFFF, 0xFFFF, 0xFFFF, 0xFFFF, 0xFFFF, 0xFFFF, 0xFFFF, 0xFFFF,
  0xFFFF, 0xFFFF, 0xFFFF, 0xFFFF, 0xFFFF, 0xFFFF, 0xFFFF, 0xFFFF, 0xFFFF, 0xFFFF, 0xFFFF, 0xFFFF, 0xFFFF, 0xFFFF, 0xFFFF, 0xFFFF,
  0xD290, 0xA20A, 0xBBF9, 0xB3F9, 0xBBF9, 0xBFF8, 0xBBCE, 0xC78B, 0xC76A, 0xC309, 0xBA48, 0xB186, 0xBD89, 0xC9CC, 0xFFDA, 0xFFFA,
  0xFFF9, 0xFFFD, 0xFFFF, 0xFFFF, 0xFFFF, 0xFFFF, 0xFFFF, 0xFFFF, 0xFFFF, 0xFFFF, 0xFFFF, 0xFFFF, 0xFFFF, 0xFFFF, 0xFFFF, 0xFFFF,
  0xFFFF, 0xFFFF, 0xFFFF, 0xFFFF, 0xFFFF, 0xFFFF, 0xFFFF, 0xFFFF, 0xFFFF, 0xFFFF, 0xFFFF, 0xFFFF, 0xEF55, 0x9505, 0xC3FB, 0xB3F9,
  0xB7F8, 0xBFF8, 0xBB4B, 0xBAE7, 0xCBF0, 0xC7AC, 0xCB8B, 0xC72A, 0xBE89, 0xB9E8, 0xC5EB, 0xC9EC, 0xFF97, 0xFFF9, 0xFFFB, 0xFFFB,
  0xFFFC, 0xFFFE, 0xFFFB, 0xFFFF, 0xFFFF, 0xFFFF, 0xFFFF, 0xFFFF, 0xFFFF, 0xFFFF, 0xFFFF, 0xFFFF, 0xFFFF, 0xFFFF, 0xFFFF, 0xFFFF,
  0xFFFF, 0xFFFF, 0xFFFF, 0xFFFF, 0xFFFF, 0xFFFF, 0xFFFF, 0xFFFF, 0xFFD9, 0xB1CA, 0xBBF5, 0xBBFA, 0xB7F9, 0xBBF9, 0xBFF6, 0xC3F5,
  0xBFF2, 0xBB8B, 0xBF49, 0xC76A, 0xC78B, 0xCB4B, 0xBECA, 0xB608, 0xB147, 0xBD8A, 0xFF99, 0xFFFA, 0xFFB7, 0xFFB6, 0xFFB7, 0xFFFF,
  0xFFFF, 0xFFFF, 0xFFFF, 0xFFFF, 0xFFFF, 0xFFFF, 0xFFFF, 0xFFFF, 0xFFFF, 0xFFFF, 0xFFFF, 0xFFFF, 0xFFFF, 0xFFFF, 0xFFFF, 0xFFFF,
  0xFFFF, 0xFFFF, 0xFFFF, 0xFFFF, 0xFFFF, 0xDEB1, 0x99A8, 0xC3FB, 0xB7F9, 0xB7FA, 0xBBFA, 0xBFFB, 0xBBF7, 0xC3F6, 0xC3F2, 0xBB8B,
  0xC34A, 0xC36A, 0xC78A, 0xC74B, 0xBE89, 0xB5E8, 0xAD06, 0xD22D, 0xFFB7, 0xFF96, 0xFF96, 0xFFF9, 0xFFFF, 0xFFFF, 0xFFFF, 0xFFFF,
  0xFFFF, 0xFFFF, 0xFFFF, 0xFFFF, 0xFFFF, 0xFFFF, 0xFFFF, 0xFFFF, 0xFFFF, 0xFFFF, 0xFFFF, 0xFFFF, 0xFFFF, 0xFFFF, 0xFFFF, 0xFFFF,
  0xFFFF, 0xFFDB, 0xA1A9, 0xCBFB, 0xBBF9, 0xB7FA, 0xB7FA, 0xB7FA, 0xBBFA, 0xBBFB, 0xBFFA, 0xC3F6, 0xBBAC, 0xBF8B, 0xC36A, 0xC349,
  0xC729, 0xC2E9, 0xBE89, 0xB187, 0xCE0D, 0xFFD8, 0xFFB7, 0xFFB8, 0xFFFF, 0xFFFF, 0xFFFF, 0xFFFF, 0xFFFF, 0xFFFF, 0xFFFF, 0xFFFF,
  0xFFFF, 0xFFFF, 0xFFFF, 0xFFFF, 0xFFFF, 0xFFFF, 0xFFFF, 0xFFFF, 0xFFFF, 0xFFFF, 0xFFFF, 0xFFFF, 0xFFFF, 0xFFFF, 0xDB12, 0x9E2A,
  0xBFF7, 0xB7FA, 0xB7FA, 0xB7FA, 0xB7FA, 0xB7F9, 0xB7FA, 0xBBFA, 0xC3F8, 0xBFF4, 0xC3F2, 0xBB6A, 0xC34A, 0xBF2A, 0xC34B, 0xBEAA,
  0xA4E5, 0xD22E, 0xFFFA, 0xFFD8, 0xFFFB, 0xFFFF, 0xFFFF, 0xFFFF, 0xFFFF, 0xFFFF, 0xFFFF, 0xFFFF, 0xFFFF, 0xFFFF, 0xFFFF, 0xFFFF,
  0xFFFF, 0xFFFF, 0xFFFF, 0xFFFF, 0xFFFF, 0xFFFF, 0xFFFF, 0xFFFF, 0xFFFF, 0xFFFF, 0xFFFF, 0xB1CB, 0xBFF7, 0xB7FA, 0xB7FA, 0xB7FA,
  0xB7FA, 0xB7FA, 0xB7FA, 0xB7FA, 0xB7FA, 0xBBFA, 0xBFF9, 0xBBF2, 0xBBEE, 0xC3F4, 0xC7D0, 0xC309, 0xBE6A, 0xA905, 0xEF14, 0xFFFB,
  0xFFD8, 0xFFFF, 0xFFFF, 0xFFFF, 0xFFFF, 0xFFFF, 0xFFFF, 0xFFFF, 0xFFFF, 0xFFFF, 0xFFFF, 0xFFFF, 0xFFFF, 0xFFFF, 0xFFFF, 0xFFFF,
  0xFFFF, 0xFFFF, 0xFFFF, 0xFFFF, 0xFFFF, 0xFFFF, 0xFFFF, 0xFFFF, 0xBBF9, 0xB7FA, 0xB7FA, 0xB7FA, 0xB7FA, 0xB7FA, 0xB7F9, 0xB7FA,
  0xB7F9, 0xBBF8, 0xBBF7, 0xBBF5, 0xBBF2, 0xC7F4, 0xB708, 0xC309, 0xC329, 0xC289, 0xB147, 0xEAF4, 0xFFF9, 0xFFFD, 0xFFFF, 0xFFFF,
  0xFFFF, 0xFFFF, 0xFFFF, 0xFFFF, 0xFFFF, 0xFFFF, 0xFFFF, 0xFFFF, 0xFFFF, 0xFFFF, 0xFFFF, 0xFFFF, 0xFFFF, 0xFFFF, 0xFFFF, 0xFFFF,
  0xFFFF, 0xFFFF, 0xFFFF, 0xFFFF, 0xB7FA, 0xB7F9, 0xB7FA, 0xB7FA, 0xB7FA, 0xB7FA, 0xB7FA, 0xB7F9, 0xB7F9, 0xBBF7, 0xAF8D, 0xC3F5,
  0xC3F2, 0xBB8C, 0xC3AD, 0xC3CE, 0xC38C, 0xC749, 0xB607, 0xC1AB, 0xFFFB, 0xFFF9, 0xFFFF, 0xFFFF, 0xFFFF, 0xFFFF, 0xFFFF, 0xFFFF,
  0xFFFF, 0xFFFF, 0xFFFF, 0xFFFF, 0xFFFF, 0xFFFF, 0xFFFF, 0xFFFF, 0xFFFF, 0xFFFF, 0xFFFF, 0xDA51, 0xE6D4, 0xC18B, 0xB506, 0xBD26,
  0xB7F9, 0xBBFA, 0xB7FA, 0xB7FA, 0xB7FA, 0xB7F9, 0xB7FA, 0xB7F9, 0xB7F9, 0xBBF8, 0xBFF5, 0xB7F1, 0xBBAD, 0xBFCF, 0xC3F1, 0xBFF2,
  0xC3EE, 0xBF48, 0xC72A, 0xB5A7, 0xCE0D, 0xFFFB, 0xFFFF, 0xFFFF, 0xFFFF, 0xFFFF, 0xFFFF, 0xFFFF, 0xFFFF, 0xFFFF, 0xFFFF, 0xFFFF,
  0xFFFF, 0xFFFF, 0xFFFF, 0xFFFF, 0xFFFD, 0xCE0D, 0xD60C, 0xE20A, 0xDE09, 0xDE2C, 0xDA4F, 0xDA4F, 0xBBFA, 0xBBF7, 0xBFF9, 0xBFF9,
  0xBBF9, 0xB7FA, 0xB7F9, 0xB7F9, 0xB7F9, 0xBBF9, 0xBBF9, 0xBBF7, 0xBFF7, 0xBBF5, 0xBBF3, 0xBFF3, 0xC3EF, 0xC36A, 0xC38B, 0xC2EA,
  0xB568, 0xFB98, 0xFFFF, 0xFFFF, 0xFFFD, 0xFFFF, 0xFFFF, 0xFFFF, 0xFFFF, 0xFFFF, 0xFFFF, 0xFFFF, 0xFFFF, 0xFFFF, 0xDAF8, 0xC9ED,
  0xE26D, 0xF70F, 0xF6EE, 0xF6CD, 0xEEAD, 0xDA2E, 0xCA32, 0xCA54, 0xC3F8, 0xBBF2, 0xC7F4, 0xB78E, 0xBFF4, 0xB7F6, 0xB7F8, 0xB7F9,
  0xB7F9, 0xB7F9, 0xB7F9, 0xB7F9, 0xB7F9, 0xBBFA, 0xBBF6, 0xBFF3, 0xC3F0, 0xBFCE, 0xCBF4, 0xC36C, 0xBA28, 0xCDED, 0xFFFF, 0xFFFF,
  0xFFFA, 0xFFFF, 0xFFFF, 0xFFFF, 0xFFFF, 0xFFFF, 0xFFFF, 0xFFFF, 0xFFFF, 0xC5CD, 0xC589, 0xE28E, 0xFFB5, 0xFB78, 0xEEF2, 0xE64B,
  0xC124, 0xB4E5, 0xB0E5, 0xACC4, 0xB38C, 0xC7F1, 0xBFEF, 0xBAE9, 0xBAE9, 0xB3CF, 0xBBF8, 0xB7F9, 0xB7F9, 0xB7F9, 0xBBF9, 0xBBF9,
  0xBBF9, 0xBBFA, 0xBFFB, 0xBBF7, 0xBBEF, 0xBFF0, 0xCBF8, 0xBB6A, 0xCB2B, 0xBDA8, 0xE2B1, 0xFFFC, 0xFFD8, 0xFFFF, 0xFFFF, 0xFFFF,
  0xFFFF, 0xFFFF, 0xFFFF, 0xD693, 0xC9CB, 0xF2EE, 0xFB52, 0xFB75, 0xE2B1, 0xC9CE, 0xC568, 0xCD66, 0xD5A7, 0xDDE8, 0xE208, 0xEE69,
  0xBBD0, 0xB36C, 0xC3F7, 0xBBAF, 0xB2A7, 0xBFF6, 0xB7F9, 0xB7F9, 0xB7F9, 0xB7F9, 0xB7F9, 0xBBF9, 0xBBF9, 0xBBF9, 0xBBF7, 0xC3FB,
  0xBFF3, 0xBBEE, 0xCBF6, 0xBFCF, 0xC76B, 0xBE49, 0xBD89, 0xFFD9, 0xFFF9, 0xFFFF, 0xFFFF, 0xFFFF, 0xFFFF, 0xFFFF, 0xB58E, 0xC9CD,
  0xF310, 0xFB2F, 0xE6B0, 0xDA4F, 0xB0E4, 0xB4E4, 0xDDE9, 0xEE6A, 0xF68B, 0xE628, 0xFEEC, 0xFF2C, 0xBFF9, 0xBFF9, 0xB7F9, 0xBFF8,
  0xB7F2, 0xB7F8, 0xB7F9, 0xBBF7, 0xBBF8, 0xB7F9, 0xB7F9, 0xB7F9, 0xBBFA, 0xBFF8, 0xB7F2, 0xBFFA, 0xC3F8, 0xBFCC, 0xBBCC, 0xCBF7,
  0xBF4B, 0xCB0A, 0xAD46, 0xEAF3, 0xFFFA, 0xFFB7, 0xFFFF, 0xFFFF, 0xE6F3, 0xAD28, 0xDEB8, 0xFFDA, 0xDA4C, 0xC567, 0xC547, 0xC525,
  0xE20A, 0xE20A, 0xD5A7, 0xFAEC, 0xFF2D, 0xF289, 0xFACB, 0xFF0C, 0xB7F9, 0xB7F9, 0xB7F9, 0xB7F9, 0xBBF9, 0xB7F9, 0xBFF8, 0xB3CF,
  0xBBF7, 0xB7F9, 0xB7F9, 0xB7F9, 0xB7FA, 0xBBFA, 0xBFFA, 0xBBFA, 0xBFF9, 0xBFF3, 0xBBF0, 0xBFF5, 0xBB8D, 0xC309, 0xB1E7, 0xC1AA,
  0xFFFB, 0xFFD8, 0xFFFF, 0xDED4, 0xBD68, 0xEAF5, 0xF737, 0xE270, 0xB927, 0xB8E4, 0xD5A7, 0xEA4A, 0xEE8A, 0xEE8A, 0xE629, 0xE629,
  0xFF0C, 0xFF0C, 0xEA49, 0xFACC, 0xB7F8, 0xB7F8, 0xB7F9, 0xB7F9, 0xB7F9, 0xB7F9, 0xBBF4, 0xBBAD, 0xBFF8, 0xB7FA, 0xB7F9, 0xB7F9,
  0xB7F9, 0xBBF9, 0xBBF9, 0xBBF9, 0xBBF9, 0xBFFA, 0xBFF9, 0xBBF8, 0xC3F5, 0xBB0A, 0xC2EA, 0xB9C9, 0xEB14, 0xFFFC, 0xE6F4, 0xB549,
  0xEAB2, 0xE6D5, 0xE670, 0xBCE4, 0xCD87, 0xF26B, 0xEE6A, 0xF6CB, 0xFAEC, 0xFAEC, 0xFACC, 0xD9E7, 0xE629, 0xFF0D, 0xEA49, 0xEA49,
};
#define assets_c09_W 44
#define assets_c09_H 44

static const unsigned short assets_c10[1936] = {
  0xFFFF, 0xFFFF, 0xFFFF, 0xEFFF, 0xCEFB, 0xCEFC, 0xCADA, 0xCEFA, 0xBA12, 0xCE52, 0xCE74, 0xCE74, 0xCE73, 0xC675, 0xCEFA, 0xCADA,
  0xCEDA, 0xCADA, 0xCEFB, 0xCAFB, 0xCAFB, 0xD73C, 0xCA75, 0xB9CF, 0xB18D, 0xF7BD, 0xFFFF, 0xFFDE, 0xA928, 0xCE2F, 0xDEB3, 0xE715,
  0xD230, 0xAD07, 0xC9CC, 0xB128, 0x9463, 0xD252, 0xFFFF, 0xFFFF, 0xFFFF, 0xFFFF, 0xFFFF, 0xFFFF, 0xFFFF, 0xFFF5, 0xFFFF, 0xFFFF,
  0xFFFF, 0xFFFF, 0xFFFF, 0xFFFF, 0xEFFF, 0xDBBF, 0xDFDF, 0xE7FF, 0xE7FF, 0xFFFF, 0xFFFF, 0xFFFF, 0xFFFF, 0xFFFF, 0xFFFF, 0xFFFF,
  0xFFFF, 0xFFFF, 0xF3FF, 0xEFFF, 0xFFFF, 0xD2D8, 0xAD08, 0xB569, 0xDA92, 0xEB35, 0xFBB9, 0xEF37, 0xE2D3, 0xC1AC, 0xB108, 0xA8C6,
  0xB16B, 0xFFFF, 0xFFFF, 0xFFFF, 0xFFFF, 0xFFFF, 0xFFFF, 0xA908, 0xFFFF, 0xFFC6, 0xFFEB, 0xFFF1, 0xFFF1, 0xFFF1, 0xFFF6, 0xFFF8,
  0xFFFF, 0xFFFF, 0xFFFF, 0xFFFF, 0xFFFA, 0xFFF9, 0xFFF9, 0xFFFA, 0xFFF9, 0xFFF8, 0xFFF8, 0xFFF7, 0xFFFF, 0xFFFF, 0xFFFF, 0xFFFF,
  0xFFFF, 0xC653, 0xC9ED, 0xDE92, 0xF378, 0xFFDA, 0xFB99, 0xEB16, 0xCA0E, 0xCE0E, 0xB107, 0x9843, 0xA4E7, 0xDAB5, 0xDED7, 0xD6B6,
  0xDAD7, 0xD273, 0x9CA5, 0xB528, 0xFFFF, 0xFFE9, 0xFFE8, 0xFFC8, 0xFFC7, 0xFFC7, 0xFFE7, 0xFFE7, 0xFFED, 0xFFF2, 0xFFF2, 0xFFEC,
  0xFFE8, 0xFFEA, 0xFFEB, 0xFFEA, 0xFFEA, 0xFFE8, 0xFFE8, 0xFFE8, 0xFFEC, 0xFFEF, 0xFFEE, 0xFFF9, 0xC630, 0xA0A5, 0xB969, 0xB569,
  0xB98B, 0xDEB3, 0xE2D3, 0xD24F, 0xD22F, 0xB128, 0xC1CD, 0xE6F6, 0xE6F5, 0xA4E6, 0x98C8, 0xE7DF, 0xBE55, 0x9022, 0xC18B, 0xDE92,
  0xFFFF, 0xFFC9, 0xFFE8, 0xFFC8, 0xFFE8, 0xFFE9, 0xFFEB, 0xFFEC, 0xFFEB, 0xFFEA, 0xFFEA, 0xFFEB, 0xFFEC, 0xFFEC, 0xFFEE, 0xFFEF,
  0xFFED, 0xFFEC, 0xFFEA, 0xFFEA, 0xFFEA, 0xFFED, 0xFFED, 0xB944, 0xB548, 0xDEB2, 0xEB15, 0xF357, 0xD671, 0xACE6, 0xC1AC, 0xD20E,
  0xB528, 0xA0A4, 0xB96A, 0xE6F5, 0xE6F5, 0xD650, 0xAD29, 0xB1AF, 0xA509, 0xB108, 0xB969, 0xC5ED, 0xFFEE, 0xFFE8, 0xFFE8, 0xFFE7,
  0xFFE9, 0xFFEC, 0xFFEB, 0xFFEC, 0xFFEC, 0xFFED, 0xFFEC, 0xFFEC, 0xFFEB, 0xFFF2, 0xFFFF, 0xFFFF, 0xF3FF, 0xFFFF, 0xFFF4, 0xFFEC,
  0xFFEF, 0xF72C, 0xB547, 0xC1CB, 0xEB34, 0xF7B8, 0xFBB9, 0xF778, 0xEAF5, 0xC5CD, 0xA8C6, 0xB507, 0xCE0F, 0xEF59, 0xCA0F, 0xA8E6,
  0xB96A, 0xCDEE, 0xB107, 0xAD07, 0xCA0D, 0xE2D3, 0xF757, 0xEB16, 0xFFC9, 0xFFE8, 0xFFE8, 0xFFEB, 0xFFEC, 0xFFEC, 0xFFF3, 0xFFF5,
  0xFFFC, 0xFFFF, 0xFFFF, 0xFFF5, 0xFFEF, 0xFFFF, 0xE7FF, 0xE7FF, 0xEBFF, 0xEBFF, 0xFBFF, 0xFFFF, 0xE6EC, 0xC5CA, 0xF778, 0xFFFD,
  0xFFD9, 0xFFFB, 0xF378, 0xE6F4, 0xD22E, 0xD20F, 0xB0E7, 0xB107, 0xACE6, 0xCE0F, 0xFFDD, 0xD230, 0xA8C6, 0xACE6, 0xC1AB, 0xD691,
  0xEF56, 0xF798, 0xF778, 0xE6D3, 0xFFEB, 0xFFE7, 0xFFE8, 0xFFEC, 0xFFED, 0xFFF9, 0xF7FF, 0xEFFF, 0xEFFF, 0xE7FF, 0xE3FF, 0xF3FF,
  0xF7FF, 0xE7FF, 0xCBFF, 0xCBFF, 0xE3FF, 0xE7FF, 0xEFFF, 0xC2B8, 0xAD28, 0xD22E, 0xCE0E, 0xDA72, 0xFFFD, 0xF778, 0xE2D3, 0xD24F,
  0xD22F, 0xC9CD, 0xACE6, 0xACC6, 0xBD49, 0xB908, 0xB949, 0xC18C, 0xB508, 0xC9EE, 0xD671, 0xE2D3, 0xF779, 0xF357, 0xE2D3, 0xDE92,
  0xFFEA, 0xFFE9, 0xFFEB, 0xFFEC, 0xFFFB, 0xF3FF, 0xDBFF, 0xC3FF, 0xBFFC, 0xC7FC, 0xBBF7, 0xC3FD, 0xCBFF, 0xBBFC, 0xB3F6, 0xAFF7,
  0xBFFF, 0xEFFF, 0xC2DB, 0xA8E7, 0xCDED, 0xA8E3, 0xBDE6, 0xB164, 0xB107, 0xF758, 0xDEB2, 0xC9ED, 0xC5CC, 0xB948, 0xBD49, 0xA884,
  0xB0C6, 0xB0C6, 0xB908, 0xB508, 0xA8A5, 0xACE7, 0xAD07, 0xA907, 0xC1CD, 0xE6F5, 0xD650, 0xD20F, 0xFFE9, 0xFFEA, 0xFFEC, 0xFFF3,
  0xF7FF, 0xE3FF, 0xC7FD, 0xB3EF, 0xBBED, 0xBBAB, 0xBB89, 0xBBAB, 0xB7AC, 0xB7F2, 0xB7F7, 0xB3F6, 0xB3FB, 0xE3FF, 0xB678, 0xB548,
  0xB507, 0xD6A9, 0xFFEB, 0xEBCA, 0xB185, 0xAD07, 0xDE93, 0xC9EE, 0xB529, 0xB949, 0xB528, 0x9CC4, 0xA1E8, 0xA62A, 0xA927, 0xACA6,
  0xBD6A, 0xD24F, 0xEF37, 0xF357, 0xC5CD, 0xB108, 0xC9EE, 0xB96A, 0xFFE9, 0xFFEC, 0xFFED, 0xFFFB, 0xEBFF, 0xD3FF, 0xB7F2, 0xC7ED,
  0xC388, 0xC78A, 0xC38A, 0xBF49, 0xBB07, 0xBBF0, 0xBBF6, 0xB3F6, 0xAFF8, 0xC3FF, 0xA671, 0xB949, 0xB928, 0xE74B, 0xEFE7, 0xEBE7,
  0xEFEC, 0xB5C5, 0xBD8A, 0xCDEE, 0xB508, 0xB529, 0x9863, 0xA1E9, 0xBFF4, 0xB7B1, 0x98E4, 0xBD49, 0xDE91, 0xF377, 0xFFDC, 0xFFBA,
  0xE6F4, 0xBD8B, 0xA8C6, 0xC18B, 0xFFEC, 0xFFEF, 0xFFF3, 0xFFFF, 0xDBFF, 0xBFFA, 0xC3F1, 0xA628, 0xAA0A, 0xAA08, 0xBB0A, 0xC38A,
  0xBB28, 0xBB29, 0xB76A, 0xBBF2, 0xBBF8, 0xB7F8, 0xA24C, 0xBD6B, 0xBD49, 0xC5E7, 0xF7EB, 0xFBEB, 0xDFC6, 0xD769, 0xAD26, 0xC9CD,
  0xB508, 0x9C85, 0x9D47, 0xAF4D, 0xAF2C, 0x9D46, 0xC9EE, 0xE6D3, 0xEB15, 0xFFBA, 0xF779, 0xEB15, 0xE2B3, 0xC9ED, 0xA8E6, 0xB528,
  0xFFED, 0xFFF5, 0xFFFF, 0xE7FF, 0xCFFF, 0xBFD3, 0x9DAB, 0xB6BA, 0xCBBF, 0xC75F, 0xA60E, 0xB72A, 0xBFCB, 0xBB48, 0xBB06, 0xB707,
  0xB78D, 0xBBF6, 0xB372, 0xA928, 0xDA31, 0xB507, 0xD68A, 0xFFED, 0xE7E9, 0xDB6A, 0xAD26, 0xC9CD, 0xA8C6, 0x9905, 0xB32C, 0xAF0B,
  0xA166, 0xC9CD, 0xEF37, 0xFB9A, 0xFFFF, 0xFFFE, 0xEF36, 0xE2B3, 0xD20E, 0xC5AB, 0xB549, 0xA8C6, 0xFFF2, 0xFFFF, 0xDBFF, 0xB7FF,
  0xBBF9, 0xB350, 0xB6BA, 0xAA57, 0x94C8, 0x9990, 0xBF1E, 0xAEED, 0xBFF2, 0xBBF1, 0xBBEF, 0xBB8C, 0xB34B, 0xB3F4, 0xB3F9, 0xA690,
  0xB98C, 0xDA51, 0xB106, 0xCA09, 0xCE49, 0xB9A7, 0xB969, 0xBD8C, 0x9D05, 0xB30C, 0xB76D, 0xA187, 0xBD8B, 0xB528, 0xA083, 0xA0C4,
  0xC9CE, 0xFFFF, 0xEB15, 0xCE2E, 0xC5CC, 0xC18A, 0xBD6A, 0xA084, 0xFFFF, 0xE7FF, 0xDBFF, 0xCFFF, 0xD3FF, 0xB752, 0xAE78, 0xA216,
  0xD37C, 0xB235, 0xA1B3, 0xAAAD, 0xBBF5, 0xB7F8, 0xBBF8, 0xBFF7, 0xBBF7, 0xBFFF, 0xC7FF, 0xC7FF, 0xAAB2, 0xB98A, 0xDE52, 0xBD6B,
  0xBD6B, 0xC5AC, 0xB96B, 0xA146, 0xB30C, 0xB3AC, 0xAECC, 0xB148, 0xB0E7, 0xB147, 0xE32C, 0xF7EF, 0xB586, 0xA8C6, 0xF758, 0xDA50,
  0xC18A, 0xC18B, 0xB949, 0xB504, 0xFFFD, 0xFFFF, 0xFFFF, 0xFBFF, 0xF7FF, 0xD7FD, 0xA1AF, 0xB2BD, 0xD3FF, 0xC35F, 0x994F, 0xAA6C,
  0xC7F9, 0xBBFB, 0xB7F9, 0xB7FB, 0xC3FF, 0xD3FF, 0xDBFF, 0xD7FF, 0xCBFF, 0xAE91, 0xA8E6, 0xBD6B, 0xBD6A, 0xB549, 0xA566, 0xB74C,
  0xB3CD, 0xB7F3, 0xB2EF, 0xB107, 0xB508, 0xB9A7, 0xF3E9, 0xFFED, 0xE369, 0xB9A6, 0xB969, 0xDE92, 0xC5AC, 0xB949, 0xA8A4, 0xE207,
  0xFFEE, 0xFFF2, 0xFFFF, 0xFFFF, 0xFFFF, 0xCF5B, 0xA9F1, 0xA5B2, 0xA657, 0xAA79, 0xA1D3, 0xB252, 0xA1EC, 0xAF12, 0xBFF9, 0xBFFF,
  0xD7FF, 0xDBFF, 0xDBFF, 0xDFFF, 0xDBFF, 0xD3FF, 0xB757, 0xA608, 0xA9E6, 0xAA27, 0xBB8C, 0xB3EF, 0xB3F3, 0xBFF9, 0xAF10, 0xB128,
  0xB508, 0xBDA7, 0xEFEA, 0xDB84, 0xE7E8, 0xE38A, 0xAD24, 0xC9CD, 0xC5AC, 0xACE7, 0xBD24, 0xFF09, 0xFFEC, 0xFFEE, 0xFFF1, 0xFFF3,
  0xD715, 0xC6DA, 0xDBFF, 0xDBFF, 0xDBFF, 0xDBFF, 0xD7FF, 0xDBFF, 0xD39F, 0xBE76, 0xAE52, 0xC7FF, 0xD7FF, 0xDBFF, 0xDFFF, 0xDFFF,
  0xDBFF, 0xCFFF, 0xC3FF, 0xB7F4, 0xBFF2, 0xBFF2, 0xB3F2, 0xBBF7, 0xB3F6, 0xB7F7, 0xAF30, 0xA4E6, 0xD1EF, 0xB106, 0xCEA9, 0xE7E9,
  0xD784, 0xDBA7, 0xB9C7, 0xC5AC, 0xBD4A, 0xA062, 0xEA27, 0xFF67, 0xFFE9, 0xFFEC, 0xFFEB, 0xDB32, 0xDBFF, 0xDFFF, 0xCF7F, 0xA192,
  0xA9D4, 0xA9D4, 0xA9D4, 0xA5D4, 0xBEFD, 0xD3FF, 0xD7FF, 0xAE56, 0xCBDF, 0xEFFF, 0xE3FF, 0xCFFF, 0xD3FF, 0xD3FF, 0xB3F9, 0xB3F7,
  0xB3F7, 0xB3F7, 0xB7F7, 0xB3F6, 0xB3F6, 0xB3F6, 0xBFF5, 0x9D87, 0xC18C, 0xCDCE, 0xACC5, 0xD26A, 0xEFAE, 0xCEA9, 0xAD24, 0xC5AC,
  0xACE6, 0xD185, 0xFF48, 0xFF86, 0xFFEB, 0xFFCA, 0xCED3, 0xDBFF, 0xBAFF, 0xA5D5, 0xBE99, 0xE3BF, 0xDB7F, 0xDF7F, 0xDB5F, 0xDF9F,
  0xBE57, 0xA5B2, 0xAE7A, 0xD3FF, 0xAA37, 0xC75F, 0xEBFF, 0xC7FF, 0xBBFF, 0xBBFF, 0xB3F8, 0xB3F7, 0xB3F8, 0xB3F8, 0xB7F7, 0xB7F7,
  0xB7F7, 0xB3F6, 0xB3F4, 0xB7D3, 0x9D27, 0xC16A, 0xD60E, 0xB528, 0xB127, 0xB127, 0xB969, 0xB128, 0xC146, 0xFEC7, 0xFF88, 0xFFEA,
  0xFFCA, 0xCE90, 0xD3FF, 0xB6FE, 0xBA79, 0xEFFF, 0xFBFF, 0xFFFF, 0xFFFF, 0xDBBF, 0xFFFF, 0xFFFF, 0xEBFF, 0xDF9F, 0xBE79, 0xAE9C,
  0xD7FF, 0xAA37, 0xE3FF, 0xDFFF, 0xC3FF, 0xB3FD, 0xB3F7, 0xB7F7, 0xB7F2, 0xBFF2, 0xBBF0, 0xB7CD, 0xB7F0, 0xBBF5, 0xB3F5, 0xB7F5,
  0xB7D6, 0xA18B, 0xB128, 0xC9CD, 0xC5AD, 0xC1AD, 0xB128, 0xC145, 0xFEC9, 0xFEE6, 0xFF67, 0xFFE9, 0xD22A, 0xC79F, 0xC7BF, 0xB216,
  0xF7FF, 0xFFFF, 0xFFFF, 0xFFFF, 0xFFFF, 0xDBBF, 0xFFFF, 0xDF9F, 0xB1FF, 0xFFFF, 0xF3FF, 0xBA79, 0xC39F, 0xCBBF, 0xBEFD, 0xE7FF,
  0xD3FF, 0xC3FF, 0xB3FA, 0xB7F6, 0xBBEE, 0xBB47, 0xBF26, 0xBEE6, 0xBAE6, 0xB7AC, 0xB7F4, 0xB7F9, 0xCBFF, 0xE3FF, 0xBE52, 0xB0E3,
  0xB904, 0xB8E4, 0xBD04, 0xFAA9, 0xFF28, 0xFF88, 0xFFC8, 0xFFE8, 0xA9B0, 0xD3FF, 0xAE58, 0xDF9F, 0xFFFF, 0xFFFF, 0xFBFF, 0xFFFF,
  0xFFFF, 0xD73F, 0xCEDF, 0x993F, 0xCADF, 0xFFFF, 0xFFFF, 0xE3BF, 0xB69A, 0xCFFF, 0xAA36, 0xC75F, 0xE7FF, 0xD7FF, 0xC3FF, 0xB3F9,
  0xBFF4, 0xB728, 0xBAC6, 0xBEC6, 0xC2E6, 0xBB06, 0xBBF3, 0xBBFD, 0xDFFF, 0xE3FF, 0xFFFF, 0xFFCB, 0xFFEA, 0xFFEA, 0xFFCA, 0xFFA9,
  0xFFE9, 0xFFE9, 0xFFE9, 0xFFE9, 0xA9D2, 0xCBFF, 0xC2DB, 0xFFFF, 0xFFFF, 0xFFFF, 0xFFFF, 0xFFFF, 0xDF7F, 0x993F, 0x991F, 0x9D5F,
  0xFFFF, 0xFFFF, 0xFFFF, 0xFFFF, 0xCAFC, 0xC3DF, 0xAA36, 0xCF5F, 0xF7FF, 0xE7FF, 0xDBFF, 0xC3FF, 0xB3FA, 0xBBF7, 0xBBF3, 0xB36B,
  0xC789, 0xBF06, 0xBFEF, 0xBBFC, 0xD3FF, 0xDFFF, 0xFFFF, 0xFFEF, 0xFFED, 0xFFED, 0xFFE9, 0xFFEA, 0xFFEA, 0xFFE9, 0xFFE9, 0xFFE9,
  0xA9D2, 0xCFFF, 0xC2DB, 0xF7FF, 0xF7FF, 0xF7FF, 0xFBFF, 0xFBFF, 0xDF39, 0xE7FF, 0xA17F, 0xC27F, 0xFFFF, 0xFFFF, 0xFFFF, 0xF7FF,
  0xC6DB, 0xCBFF, 0xA615, 0xDF9C, 0xFFFF, 0xFFFF, 0xEFFF, 0xD3FF, 0xBBFF, 0xAFFD, 0xAFF9, 0xBFF6, 0xBF68, 0xBF05, 0xB78B, 0xB7F8,
  0xB7FF, 0xDBFF, 0xFFFF, 0xFFF2, 0xFFEC, 0xFFEC, 0xFFE8, 0xFFE9, 0xFFA8, 0xFFC9, 0xFFE9, 0xFFE9, 0xA9F2, 0xCFFF, 0xCAFC, 0xEFFF,
  0xE7FF, 0xEFFF, 0xEBFF, 0xF396, 0xFFD2, 0xFFFF, 0xA955, 0xEF9E, 0xFFFF, 0xF3FF, 0xF7FF, 0xFFFF, 0xD33E, 0xCBFF, 0xAA35, 0xEF2B,
  0xFFF2, 0xFFF4, 0xFFFF, 0xEFFF, 0xDBFF, 0xC3FF, 0xB7FF, 0xBBF7, 0xB7EE, 0xBBF3, 0xBBF8, 0xB3F9, 0xAFFA, 0xC7FF, 0xFFFF, 0xFFFB,
  0xFFEB, 0xFFED, 0xFFEA, 0xFFE9, 0xFFEA, 0xFFE8, 0xFFE8, 0xFFE9, 0xA9F2, 0xD3FF, 0xCB1E, 0xFFFF, 0xFFFF, 0xFFFF, 0xFFFF, 0xFFCF,
  0xFEA5, 0xD1E9, 0xFFDC, 0xFFFF, 0xFFFF, 0xFFFF, 0xFFFF, 0xFFFF, 0xDB9F, 0xCBFF, 0xAE57, 0xF2E5, 0xFFEC, 0xFFEA, 0xFFF2, 0xFFFF,
  0xFBFF, 0xE7FF, 0xC3FF, 0xB7FA, 0xBFF9, 0xB7FA, 0xB3F9, 0xB3F9, 0xAFF9, 0xB3FF, 0xD7FF, 0xFFFF, 0xFFF6, 0xFFED, 0xFFED, 0xFFED,
  0xFFEE, 0xFFEC, 0xFFEA, 0xFFE8, 0xA5B1, 0xEBFF, 0xCB7F, 0xFBFF, 0xFFFF, 0xFFFF, 0xFFF7, 0xF2A4, 0xDE6B, 0xEF99, 0xFFFF, 0xFFFF,
  0xFFFF, 0xFFFF, 0xFFFF, 0xFFFF, 0xC71E, 0xEBFF, 0xA5D4, 0xF6E7, 0xFFEE, 0xFFEC, 0xFFEB, 0xFFF4, 0xFFFF, 0xEFFF, 0xC3FF, 0xB7FA,
  0xBBF9, 0xB7FA, 0xB3F9, 0xB3F9, 0xB3FB, 0xB7FF, 0xBFFF, 0xEBFF, 0xFFFF, 0xFFEE, 0xFFEE, 0xFFE9, 0xFFE9, 0xFFED, 0xFFEC, 0xFFE9,
  0x992F, 0xBB7F, 0xE7FF, 0xCB5F, 0xFFFF, 0xFFFF, 0xEF0E, 0xFF95, 0xFFFF, 0xF7FF, 0xFBFF, 0xFFFF, 0xFFFF, 0xFFFF, 0xFFFF, 0xDFDF,
  0xE3FF, 0xCFFF, 0x950D, 0xFB08, 0xFFED, 0xFFED, 0xFFEC, 0xFFED, 0xFFFF, 0xF3FF, 0xC3FF, 0xBBFE, 0xB7FB, 0xBBFF, 0xBBFF, 0xB7FF,
  0xBFFF, 0xD7FF, 0xE3FF, 0xFFFF, 0xFFFA, 0xFFEE, 0xFFEE, 0xFFED, 0xFFEB, 0xFFEB, 0xFFEC, 0xFFEA, 0xA94F, 0xA23E, 0xD3FF, 0xE7FF,
  0xCB5F, 0xFFFF, 0xFFFF, 0xFFFF, 0xFFFF, 0xE7FF, 0xF7FF, 0xFFFF, 0xFFFF, 0xFFFF, 0xCF3E, 0xEBFF, 0xDFFF, 0xAA7F, 0xA10D, 0xFF28,
  0xFFEC, 0xFFEB, 0xFFEC, 0xFFEC, 0xFFFD, 0xEFFF, 0xC3FF, 0xB3FF, 0xC7FF, 0xDFFF, 0xE7FF, 0xE7FF, 0xE7FF, 0xF7FF, 0xFFFF, 0xFFF7,
  0xFFF0, 0xFFEC, 0xFFF7, 0xFFFF, 0xFFFF, 0xFFF3, 0xFFEA, 0xFFEB, 0xCDA8, 0xA9D6, 0xA67F, 0xD7FF, 0xEFFF, 0xC35F, 0xCF7F, 0xFFFF,
  0xFFFF, 0xFFFF, 0xFFFF, 0xFFFF, 0xD35E, 0xCF7F, 0xEFFF, 0xDFFF, 0xAA9F, 0xA9F9, 0xC9A9, 0xFFEB, 0xFFEA, 0xFFE9, 0xFFED, 0xFFF9,
  0xFFFF, 0xE7FF, 0xCBFF, 0xC7FF, 0xDFFF, 0xFFFF, 0xFFFF, 0xFFFF, 0xFFFF, 0xFFFD, 0xFFF1, 0xFFEC, 0xFFEE, 0xFFF2, 0xFFFF, 0xDFFF,
  0xEBFE, 0xFFFC, 0xFFEE, 0xFFE9, 0xFEC9, 0xB529, 0xA1D9, 0xA25F, 0xC3BF, 0xE3FF, 0xE7FF, 0xD7FF, 0xD39F, 0xDFBF, 0xD79F, 0xE3FF,
  0xE7FF, 0xE7FF, 0xCBFF, 0xA25E, 0xAA3C, 0xA94C, 0xFEC8, 0xFFEC, 0xFFEB, 0xFFEA, 0xFFF1, 0xFFFF, 0xE3FF, 0xE3FF, 0xE3FF, 0xE7FF,
  0xFBFF, 0xFFFF, 0xFFF0, 0xFFEE, 0xFFED, 0xFFEC, 0xFFEC, 0xFFED, 0xFFF2, 0xEFFB, 0xC3F7, 0xBFFD, 0xD3FD, 0xFFFA, 0xFFF6, 0xFFE8,
  0xFF69, 0xE606, 0xA4E9, 0xA5F9, 0xA65F, 0xA27F, 0xBFBF, 0xE3FF, 0xDFFF, 0xE3FF, 0xE3FF, 0xE3FF, 0xDBFF, 0xAEBF, 0xA23C, 0xA61B,
  0xA56F, 0xDA08, 0xFFEB, 0xFFEC, 0xFFEB, 0xFFEB, 0xFFF0, 0xFFFF, 0xFBFF, 0xEBFF, 0xF3FF, 0xFFFF, 0xFFFB, 0xFFEF, 0xFFED, 0xFFED,
  0xFFED, 0xFFED, 0xFFF1, 0xFFFC, 0xFFFF, 0xBBF6, 0xA3AE, 0xCBFF, 0xF7FF, 0xFFFF, 0xFFF2, 0xFFE8, 0xFFEA, 0xFF4A, 0xE1E6, 0xA8E8,
  0xA5B5, 0xAA3D, 0xA67F, 0xA69F, 0xA69F, 0xA67F, 0xA67F, 0xA27F, 0xA65E, 0xA21A, 0xA9F8, 0xA52C, 0xD9E7, 0xFF8B, 0xFFEB, 0xFFEC,
  0xFFEB, 0xFFEB, 0xFFEB, 0xFFEE, 0xFFFA, 0xFFFE, 0xFFFE, 0xFFF2, 0xFFEB, 0xFFEB, 0xFFE9, 0xFFEC, 0xFFF2, 0xFFFD, 0xFFFF, 0xEBFF,
  0xC3FD, 0xB3F4, 0xAFAE, 0xCFFF, 0xFFFF, 0xFFF5, 0xFFEF, 0xFFE9, 0xFFE9, 0xFFCA, 0xFF49, 0xEE27, 0xB926, 0xA92B, 0xA5B4, 0xAA3C,
  0xA61A, 0xA5F9, 0xA5F9, 0xA61A, 0xA5D7, 0xA52C, 0xBD68, 0xEA48, 0xFF69, 0xFFEA, 0xFFEB, 0xFFEB, 0xFFEB, 0xFFEB, 0xFFEA, 0xFFEB,
  0xFFEC, 0xFFEB, 0xFFEB, 0xFFEB, 0xFFEA, 0xFFE8, 0xFFEB, 0xFFF1, 0xFFFE, 0xDFFF, 0xC3FC, 0xB3F4, 0xABF0, 0xB3F1, 0xA74E, 0xD3FF,
  0xFFFF, 0xFFEC, 0xFFEB, 0xFFEA, 0xFFE9, 0xFFE8, 0xFFCA, 0xFF69, 0xFEE7, 0xFEA8, 0xD185, 0xBD47, 0xBD46, 0xB926, 0xB926, 0xB926,
  0xC166, 0xEA27, 0xFF08, 0xFFCA, 0xFFEA, 0xFFEC, 0xFFEB, 0xFFEC, 0xFFEB, 0xFFEC, 0xFFEB, 0xFFEB, 0xFFEB, 0xFFEA, 0xFFE9, 0xFFE9,
  0xFFE8, 0xFFE8, 0xFFEB, 0xFFFA, 0xDFFF, 0x9FD3, 0xABF2, 0xB3F5, 0xB7D9, 0xB7D9, 0xCBFF, 0xFFFF, 0xFFF4, 0xFFEB, 0xFFE8, 0xFFEB,
  0xFFCC, 0xFFEB, 0xFFE9, 0xFFE9, 0xFFEA, 0xFF69, 0xFF29, 0xFF08, 0xFF08, 0xFEE8, 0xFF08, 0xFF09, 0xFF08, 0xFFCB, 0xFFEA, 0xFFEA,
  0xFFE9, 0xFF88, 0xFF68, 0xFF88, 0xFFA7, 0xFFE9, 0xFFE8, 0xFFE8, 0xFFE8, 0xFFE9, 0xFFE9, 0xFFE9, 0xFFE9, 0xFFE9, 0xFFEB, 0xFFF7,
  0xF3FF, 0xB7F9, 0xB7D8, 0xD7FF, 0xDBFF, 0xD7FF, 0xEFFF, 0xFFFA, 0xFFEC, 0xFFEA, 0xFFE9, 0xFFEB, 0xFFFF, 0xFFFF, 0xFFEF, 0xFFEA,
  0xFFEA, 0xFF47, 0xFFE8, 0xFFE8, 0xFFE8, 0xFFE7, 0xFFE7, 0xFFE8, 0xFFE9, 0xFFE9, 0xFFEA, 0xFFEA, 0xFFEB, 0xFF88, 0xFF48, 0xFF47,
  0xFFE9, 0xFFE9, 0xFFE9, 0xFFE9, 0xFFE9, 0xFFE9, 0xFFE9, 0xFFE9, 0xFFE9, 0xFFE8, 0xFFEA, 0xFFEA, 0xFFF5, 0xFFFF, 0xFFFF, 0xFFFF,
  0xCB39, 0xE7FD, 0xFFFF, 0xFFF2, 0xFFE9, 0xFFA9, 0xFFEA, 0xFFED, 0xFFFF, 0xFFFF, 0xFFFF, 0xFFFF, 0xFFFC, 0xFFF4, 0xFFF5, 0xFFF4,
  0xFFF4, 0xFFF4, 0xFFF6, 0xFFF0, 0xFFEA, 0xFFEA, 0xFFE8, 0xFFE8, 0xFFE8, 0xFFEA, 0xFFEB, 0xFFEA, 0xFFEA, 0xFFEA, 0xFFE9, 0xFFE9,
  0xFFE9, 0xFFE9, 0xFFE9, 0xFFE9, 0xFFE9, 0xFFE9, 0xFFE9, 0xFFE9, 0xFFE9, 0xFFEA, 0xFFEE, 0xFFEF, 0xFFF0, 0xFFEE, 0xFFED, 0xFFC9,
  0xFF8E, 0xFFF3, 0xFFF3, 0xFFFE, 0xF3FF, 0xE3BF, 0xD75F, 0xFFFF, 0xFFFF, 0xFFFF, 0xFFFF, 0xFFFF, 0xFFFF, 0xFFFF, 0xFFFF, 0xFFFF,
  0xFFFF, 0xFFFF, 0xFFF4, 0xFFF5, 0xFFF6, 0xFFEF, 0xFFE9, 0xFFE9, 0xFFE8, 0xFFE8, 0xFFE9, 0xFFE9, 0xFFE9, 0xFFE9, 0xFFE9, 0xFFE9,
  0xFFE9, 0xFFE9, 0xFFEA, 0xFFEA, 0xFFEA, 0xFFE9, 0xFFE9, 0xFFE8, 0xFFE9, 0xFFEA, 0xFFE9, 0xFF28, 0xFFFD, 0xFBFF, 0xFBFF, 0xF3FF,
  0xCE95, 0xC632, 0xC233, 0xDF9F, 0xDB9F, 0xD77F, 0xDB7F, 0xCF3E, 0xCB1E, 0xCF1E, 0xCAFC, 0xF3FF, 0xFFFF, 0xFFFF, 0xFFFF, 0xFFFF,
  0xFFFF, 0xFFFF, 0xFFF8, 0xFFF7, 0xFFF7, 0xFFF3, 0xFFE8, 0xFFE7, 0xFFE7, 0xFFE7, 0xFFE7, 0xFFEA, 0xFFA9, 0xFFCA, 0xFFEB, 0xFFEA,
  0xFFEA, 0xFFEA, 0xFFEA, 0xFFEA, 0xFFEA, 0xFFEA, 0xFF8A, 0xFF2A, 0xFBFF, 0xEFFF, 0xE7FF, 0xDFFF, 0xFFFF, 0xFFFF, 0xFFFF, 0xB9CE,
  0xBDEF, 0xBDCF, 0xBDCF, 0xB9CE, 0xB9CE, 0xBDEF, 0xBDEF, 0xC255, 0xCADA, 0xCADB, 0xCAFC, 0xD33E, 0xE7BF, 0xFFFF, 0xFFFF, 0xFFFF,
  0xFFFF, 0xFFFF, 0xFFF8, 0xFFF6, 0xFFF7, 0xFFF7, 0xFFF6, 0xFFEF, 0xFF48, 0xFFA9, 0xFFEA, 0xFFE9, 0xFFE9, 0xFFE8, 0xFFE8, 0xFFE8,
  0xFF87, 0xFF69, 0xFF4A, 0xFF97, 0xF3FF, 0xDFFF, 0xD7BF, 0xCB3F, 0xFFFF, 0xFFFF, 0xFFFF, 0xFFFF, 0xFFFF, 0xFFFF, 0xFFFF, 0xFFFF,
  0xFFFF, 0xFFFF, 0xFFFF, 0xFFFF, 0xD273, 0xDAD6, 0xD6B6, 0xDAD6, 0xAD8D, 0xCAB9, 0xCF1D, 0xCAFC, 0xC6FC, 0xEBFF, 0xFFFF, 0xFFFF,
  0xFFFF, 0xFFFF, 0xFFFF, 0xFFFF, 0xFFF8, 0xFFF9, 0xFFF9, 0xFFF9, 0xFFF8, 0xFFF6, 0xFFF6, 0xFFF6, 0xFFD5, 0xFFD5, 0xFFD9, 0xF3FF,
  0xE3FF, 0xDBBF, 0xC29C, 0xBA13, 0xFFFF, 0xFFFF, 0xFFFF, 0xFFFF, 0xFFFF, 0xFFFF, 0xFFFF, 0xFFFF, 0xFFFF, 0xFFFF, 0xFFFF, 0xFFFF,
  0xFFFF, 0xFFFF, 0xFFFF, 0xFFFF, 0xFFFF, 0xC631, 0xCA52, 0xCA32, 0xC210, 0xC676, 0xCF1D, 0xCB1D, 0xCF1E, 0xCF3F, 0xD79F, 0xFFFF,
  0xFFFF, 0xFFFF, 0xFFFF, 0xFFFF, 0xFFFF, 0xFFFF, 0xFFFF, 0xFFFF, 0xF7FF, 0xF7FF, 0xF3FF, 0xE3FF, 0xD33F, 0xC279, 0xAD8E, 0xFFFF,
};
#define assets_c10_W 44
#define assets_c10_H 44

static const unsigned short assets_c11[1936] = {
  0xFFFF, 0xFFFF, 0xFFFF, 0xFFFF, 0xFFFF, 0xFFFF, 0xFFFF, 0xFFFF, 0xFFFF, 0xFFFF, 0xFFFF, 0xFFFF, 0xFFFF, 0xFFFF, 0xFFFF, 0xFFFF,
  0xFFFF, 0xFFFF, 0xFFFF, 0xFFFF, 0xFFFF, 0xFFFF, 0xFFFF, 0xFFFF, 0xFFFF, 0xFFFF, 0xFFFF, 0xFFFF, 0xFFFF, 0xFFFF, 0xFFFF, 0xFFFF,
  0xFFFF, 0xFFFF, 0xFFFF, 0xFFFF, 0xFFFF, 0xFFFF, 0xFFFF, 0xFFFF, 0xFFFF, 0xFFFF, 0xFFFF, 0xFFFF, 0xFFFF, 0xFFFF, 0xFFFF, 0xFFFF,
  0xFFFF, 0xFFFF, 0xFFFF, 0xFFFF, 0xFFFF, 0xFFFF, 0xFFFF, 0xFFFF, 0xFFFF, 0xFFFF, 0xFFFF, 0xFFFF, 0xFFFF, 0xFFFF, 0xFFFF, 0xFFFF,
  0xFFFF, 0xFFFF, 0x98C9, 0x90A9, 0x8C88, 0x8C67, 0x9088, 0x9089, 0x90AA, 0x94CB, 0x90A8, 0xEF5A, 0xFFFF, 0xFFFF, 0xFFFF, 0xFFFF,
  0xFFFF, 0xFFFF, 0xFFFF, 0xFFFF, 0xFFFF, 0xFFFF, 0xFFFF, 0xFFFF, 0xFFFF, 0xFFFF, 0xFFFF, 0xFFFF, 0xFFFF, 0xFFFF, 0xFFFF, 0xFFFF,
  0xFFFF, 0xFFFF, 0xFFFF, 0xFFFF, 0xFFFF, 0xFFFF, 0xFFFF, 0xFFFF, 0xFFFF, 0xFFFF, 0xFFFF, 0xB9F2, 0x90CD, 0x9510, 0xA9B9, 0xADDC,
  0xAE1E, 0xAE1E, 0xA9FC, 0xA19A, 0xA9DD, 0xAE1F, 0xADFC, 0x9511, 0x90EF, 0x90AB, 0xE739, 0xFFFF, 0xFFFF, 0xFFFF, 0xFFFF, 0xFFFF,
  0xFFFF, 0xFFFF, 0xFFFF, 0xFFFF, 0xFFFF, 0xFFFF, 0xFFFF, 0xFFFF, 0xFFFF, 0xFFFF, 0xFFFF, 0xFFFF, 0xFFFF, 0xFFFF, 0xFFFF, 0xFFFF,
  0xFFFF, 0xFFFF, 0xFFFF, 0xFBDD, 0xF37C, 0x9D2F, 0x90F0, 0xA5DA, 0xBAFF, 0xB69F, 0xAA1F, 0xB25F, 0xC31F, 0xBF1F, 0xCB9F, 0xCBBF,
  0xB2BF, 0xAA5F, 0xA5FD, 0xADFE, 0xB65F, 0xB23E, 0x9510, 0xB5D1, 0xFFFF, 0xFFFF, 0xFFFF, 0xFFFF, 0xFFFF, 0xFFFF, 0xFFFF, 0xFFFF,
  0xFFFF, 0xFFFF, 0xFFFF, 0xFFFF, 0xFFFF, 0xFFFF, 0xFFFF, 0xFFFF, 0xFFFF, 0xFFFF, 0xFFFF, 0xFFFF, 0xFFFF, 0xFFFF, 0xB5B1, 0x90CE,
  0x90F2, 0xB67F, 0xBAFF, 0xB2DF, 0xAABF, 0xAE9F, 0xAE9F, 0xAE7F, 0xA5FE, 0xA1DC, 0xBADF, 0xCFDF, 0xE7FF, 0xD3FF, 0xB2DF, 0xA198,
  0xA178, 0xAE3F, 0xB27F, 0xA5BA, 0x90CD, 0xDAB7, 0xFFFF, 0xFFFF, 0xFFFF, 0xFFFF, 0xFFFF, 0xFFFF, 0xFFFF, 0xFFFF, 0xFFFF, 0xFFFF,
  0xFFFF, 0xFFFF, 0xFFFF, 0xFFFF, 0xFFFF, 0xFFFF, 0xFFFF, 0xFFDE, 0xEB39, 0x8845, 0x9D12, 0xB1FE, 0xADFE, 0xA5DC, 0xA5DC, 0xAA1F,
  0xB2BF, 0xB2BF, 0xAE9F, 0xAA7F, 0xB2BF, 0xBB1F, 0xAE9F, 0xAA3F, 0xB6BF, 0xDFFF, 0xDBFF, 0xC79F, 0xAE3D, 0xA199, 0xAA3F, 0xAE5F,
  0xB23F, 0x9912, 0xC212, 0xFFFF, 0xFFFF, 0xFFFF, 0xFFFF, 0xFFFF, 0xFFFF, 0xFFFF, 0xFFFF, 0xFFFF, 0xFFFF, 0xFFFF, 0xFFFF, 0xFFFF,
  0xFFFF, 0xEF7B, 0x98CA, 0x9D52, 0x9D96, 0xAA1C, 0xAA1D, 0xA5FD, 0xAA1D, 0xA5FB, 0xA5FB, 0xA5DB, 0xA5BB, 0xA5DC, 0xB6BF, 0xB2DF,
  0xAA9F, 0xAEBF, 0xAA7F, 0xAE9F, 0xAE5F, 0xA61C, 0xCFBF, 0xDFFF, 0xCFFF, 0xB27F, 0xA1BC, 0xAE5F, 0xA63F, 0xB27F, 0x9D77, 0xB9D1,
  0xFFFF, 0xFFFF, 0xFFFF, 0xFFFF, 0xFFFF, 0xFFFF, 0xFFFF, 0xFFFF, 0xFFFF, 0xFFFF, 0xFFFF, 0xFFFF, 0xC1F1, 0x94CD, 0xA176, 0xBEDF,
  0xCFDF, 0xDBFF, 0xDFFF, 0xDBFF, 0xD7FF, 0xDFFF, 0xD3FF, 0xBF3F, 0xB27E, 0xA9FB, 0x9D9A, 0xAE5F, 0xB6DF, 0xB71F, 0xAEBF, 0xAEBF,
  0xB2DF, 0xAE7F, 0x9DBA, 0xD3DF, 0xDFFF, 0xCFFF, 0xAA3E, 0xA5FE, 0xAE5F, 0xA63F, 0xB27F, 0x9D76, 0xB9D2, 0xFFFF, 0xFFFF, 0xFFFF,
  0xFFFF, 0xFFFF, 0xFFFF, 0xFFFF, 0xFFFF, 0xFFFF, 0xCA32, 0x990F, 0x9D76, 0xB67F, 0xAE3F, 0xA1DD, 0xAE5F, 0xBEFF, 0xBEFF, 0xDFFF,
  0xEFFF, 0xEFFF, 0xE7FF, 0xDBFF, 0xE3FF, 0xC7BF, 0xBF1F, 0xA5DB, 0xA19A, 0xA5FE, 0xB6FF, 0xB2DF, 0xAEBF, 0xB2FF, 0xB29F, 0xA1FD,
  0xCFBF, 0xE3FF, 0xC77F, 0xA5BA, 0xA9FF, 0xAA5F, 0xAA3F, 0xB27F, 0xA197, 0xC654, 0xFFFF, 0xFFFF, 0xFFFF, 0xFFFF, 0xFFFF, 0xFFFF,
  0xFFFF, 0xA12D, 0x8CCF, 0xB6BF, 0xB6DF, 0xAE9F, 0xB2BF, 0xB2BF, 0xAE7F, 0xA21F, 0xA61F, 0xB29F, 0xBF3F, 0xCB9F, 0xE7FF, 0xEFFF,
  0xE7FF, 0xE7FF, 0xDFFF, 0xCFDF, 0xBADF, 0xA9FB, 0xA1DB, 0xB2DF, 0xAEBF, 0xAEBF, 0xB2DF, 0xB2BF, 0xA63F, 0xBF1F, 0xE3FF, 0xB25F,
  0xA9DD, 0xAE5F, 0xAA3F, 0xAA3F, 0xB25F, 0x8889, 0xFFFF, 0xFFFF, 0xFFFF, 0xFFFF, 0xFFFF, 0xFFFF, 0xA96F, 0xA5DC, 0xBAFF, 0xAEBF,
  0xAEBF, 0xB2DF, 0xAA9F, 0xAE9F, 0xAEBF, 0xAEDF, 0xB2FF, 0xAE9F, 0xAA7F, 0xA63F, 0xB29F, 0xBAFF, 0xE7FF, 0xE7FF, 0xEBFF, 0xE3FF,
  0xCFFF, 0xC33F, 0xA1B9, 0xA1BA, 0xB6BF, 0xAA9F, 0xAE9F, 0xB2FF, 0xB2DF, 0xA23F, 0xBF3F, 0xBEFF, 0xA199, 0xAE3F, 0xAA5F, 0xAA5F,
  0xB25F, 0xA596, 0xCA54, 0xFFFF, 0xFFFF, 0xFFFF, 0xFFFF, 0x9D0C, 0xA9DA, 0xB25F, 0xAE5F, 0xAE5F, 0xAE3F, 0xB29F, 0xB6FF, 0xB2DF,
  0xB2DF, 0xAEFF, 0xB2FF, 0xAEFF, 0xB2FF, 0xB2FF, 0xAE9F, 0xAA5F, 0xAA5F, 0xCB7F, 0xE3FF, 0xE7FF, 0xDFFF, 0xCBDF, 0xBF1F, 0xA1BA,
  0xAA1E, 0xB2BF, 0xAE9F, 0xB2BF, 0xAEBF, 0xB2BF, 0xA63F, 0xAE3F, 0xA5B9, 0xAA1E, 0xAA5F, 0xAE5F, 0xA5FE, 0xB21E, 0x8847, 0xFFFF,
  0xFFFF, 0xFFFF, 0xA10B, 0xA997, 0xA9DB, 0x9956, 0x9D77, 0xA178, 0xA178, 0xA199, 0xA5FE, 0xAA3F, 0xBB1F, 0xBF7F, 0xBB5F, 0xB31F,
  0xB31F, 0xB31F, 0xB31F, 0xB73F, 0xAEBF, 0xA61F, 0xAE7F, 0xD7FF, 0xE3FF, 0xE3FF, 0xCBFF, 0xC35F, 0xA1BA, 0xAE5F, 0xB2BF, 0xAA3F,
  0xAA5F, 0xAEBF, 0xB6DF, 0xAA3F, 0xA9FD, 0xAA3F, 0xAE5F, 0xA5DC, 0xA1BB, 0xAE1E, 0x90A9, 0xFFFF, 0xFFFF, 0xCE53, 0x90AB, 0xA599,
  0xAE3D, 0xCB3F, 0xCF7F, 0xCB5F, 0xC73F, 0xCB3F, 0xB69F, 0xA5FD, 0xA5DB, 0xA5DB, 0xA5FC, 0xB6DF, 0xBB5F, 0xB31F, 0xAF1F, 0xB31F,
  0xB33F, 0xB31F, 0xAE9F, 0x999A, 0xB6BF, 0xC75F, 0xE7FF, 0xD7FF, 0xB6BF, 0xA19B, 0xB69F, 0xAA1F, 0xAE5F, 0xAE7F, 0xAA5F, 0xAE5F,
  0xAA3F, 0xAA3F, 0xA5FD, 0xA5BB, 0xA9FD, 0xADDB, 0x98CC, 0xC211, 0xFFFF, 0xA12D, 0xA9DA, 0xBEFF, 0xDFFF, 0xE7FF, 0xD3FF, 0xCFFF,
  0xE7FF, 0xEBFF, 0xE3FF, 0xD7DF, 0xC73F, 0xBEDF, 0xBEDF, 0xAA1D, 0xA1DC, 0xB6BF, 0xB73F, 0xB31F, 0xB31F, 0xB31F, 0xAEDF, 0xB2DF,
  0xA63F, 0xA1DD, 0xB6DF, 0xE3FF, 0xCB9F, 0xA5DB, 0xA5DD, 0xB27F, 0xAE5F, 0xAE5F, 0xA5FE, 0xA1BB, 0xAA1F, 0xAA1F, 0xA9FE, 0xA9FE,
  0xA9FD, 0x9D34, 0xA532, 0x8845, 0xE2F8, 0x90F1, 0xC31F, 0xE7FF, 0xE7FF, 0xDFFF, 0xBB1F, 0xBF3F, 0xE3FF, 0xE7FF, 0xF3FF, 0xE7FF,
  0xE3FF, 0xE7FF, 0xC75F, 0xBEFF, 0xB67F, 0x9956, 0xA61E, 0xBB1F, 0xB31F, 0xB2FF, 0xAEDF, 0xAEBF, 0xB2BF, 0xB2BF, 0xA61F, 0xB6BF,
  0xC35F, 0xC35F, 0xA61F, 0xB27F, 0xAA5F, 0xAA5F, 0xAA3F, 0xAA1F, 0xAA1F, 0xAA1F, 0xAA1F, 0xA9FE, 0xA9FD, 0xA577, 0xA532, 0x9087,
  0xBDF2, 0xAE3B, 0xE3FF, 0xDFFF, 0xB6FF, 0xC75F, 0xBF3F, 0xD7FF, 0xE3FF, 0xE3FF, 0xD3DF, 0xD7FF, 0xE3FF, 0xE3FF, 0xBB1F, 0xD7FF,
  0xD7FF, 0xC31F, 0xA5DA, 0x9978, 0xAA1F, 0xAE9F, 0xB2DF, 0xAE5F, 0xA1FE, 0xAA7F, 0xAE9F, 0xA63F, 0xAA3F, 0xB2BF, 0xA5DC, 0xA19A,
  0xAE5F, 0xAA5F, 0xAA5F, 0xAE5F, 0xAA1E, 0xA199, 0xA9FD, 0xA9DC, 0xA599, 0xA575, 0xA953, 0x9086, 0x8CAB, 0xC73F, 0xE3FF, 0xD3DF,
  0xB29F, 0xC77F, 0xD3FF, 0xDFFF, 0xEBFF, 0xE3FF, 0xBAFF, 0xCB9F, 0xEBFF, 0xDBFF, 0xBF3F, 0xDFFF, 0xE7FF, 0xE7FF, 0xDFFF, 0xBEFF,
  0xA1B9, 0xA5DC, 0xB27F, 0xA61F, 0xB2BF, 0xB73F, 0xAEBF, 0xAE9F, 0xAE7F, 0xA5FF, 0xA9FD, 0xA5DC, 0xAE5F, 0xAA5F, 0xAA3F, 0xAA3F,
  0xB6BF, 0xAE1D, 0xA5BA, 0xA9B9, 0xA554, 0xA132, 0xA550, 0x94A9, 0x94CD, 0xCB5F, 0xCFDF, 0xB2BF, 0xC77F, 0xD7FF, 0xEBFF, 0xE7FF,
  0xE7FF, 0xE7FF, 0xE3FF, 0xE3FF, 0xE3FF, 0xDFFF, 0xDBFF, 0xE3FF, 0xE7FF, 0xE7FF, 0xF3FF, 0xEBFF, 0xCB9F, 0xAA3D, 0xA5DC, 0xAE5F,
  0xB71F, 0xB31F, 0xAEBF, 0xAA7F, 0xAE9F, 0xAA3F, 0xAA3F, 0xAE3F, 0xAA3F, 0xAE5F, 0xA9FE, 0xA5DD, 0xA9FE, 0xA9DC, 0xA9DB, 0xA175,
  0xA554, 0xA954, 0x9488, 0xA10E, 0x94CD, 0xC75F, 0xD3FF, 0xCBBF, 0xE7FF, 0xEBFF, 0xE7FF, 0xD3FF, 0xCBBF, 0xE3FF, 0xE3FF, 0xE3FF,
  0xDFFF, 0xD7FF, 0xE3FF, 0xE3FF, 0xE7FF, 0xD7FF, 0xC77F, 0xDFFF, 0xE7FF, 0xD3DF, 0xAE5E, 0xA1BB, 0xAE5F, 0xAA3F, 0xAA5F, 0xAE7F,
  0xB2BF, 0xB29F, 0xAA1F, 0xAA1F, 0xAA3F, 0xA5DC, 0xA5BB, 0xA9DC, 0xA9BC, 0xA9DB, 0xA597, 0xA576, 0xA576, 0xA976, 0x9488, 0x98EE,
  0x94CC, 0xC75F, 0xE3FF, 0xE7FF, 0xE7FF, 0xE7FF, 0xE3FF, 0xC35F, 0xCB9F, 0xE3FF, 0xDFFF, 0xDFFF, 0xDFFF, 0xD3FF, 0xDFFF, 0xE7FF,
  0xE7FF, 0xDFFF, 0xBF3F, 0xC37F, 0xE7FF, 0xE7FF, 0xD7FF, 0xA9FB, 0xA199, 0xB25F, 0xAA1F, 0xAA3F, 0xA5FE, 0xA1BB, 0xAA1F, 0xAA3F,
  0xAA1F, 0xA9FE, 0xA9FD, 0xA9DC, 0xA9B9, 0xA576, 0xA576, 0xA576, 0xA997, 0xA110, 0x98CC, 0xA132, 0x94CC, 0xBEFF, 0xDFFF, 0xDFFF,
  0xE3FF, 0xE3FF, 0xDBFF, 0xDFFF, 0xDBFF, 0xDFFF, 0xDFFF, 0xDFFF, 0xDFFF, 0xDFFF, 0xE3FF, 0xE3FF, 0xE7FF, 0xE3FF, 0xDFFF, 0xD3FF,
  0xB2DF, 0xE7FF, 0xDFFF, 0xC31F, 0xA198, 0xA9FD, 0xAA1F, 0xAA1F, 0xAA1F, 0xA9FD, 0xA5BB, 0xAA1F, 0xAA1F, 0xAE1F, 0xA9DC, 0xA9DB,
  0xA998, 0x9D11, 0xA976, 0xA577, 0xA973, 0x948A, 0xA131, 0xA576, 0x94AA, 0xAE1B, 0xE3FF, 0xE3FF, 0xCFDF, 0xC77F, 0xDBFF, 0xE7FF,
  0xE3FF, 0xD7FF, 0xC7BF, 0xDFFF, 0xE3FF, 0xE7FF, 0xDFFF, 0xBF1F, 0xCFBF, 0xEBFF, 0xCBBF, 0xBB1F, 0xB2BF, 0xBB1F, 0xE7FF, 0xDBFF,
  0xBADF, 0x9935, 0xAE1F, 0xAA1F, 0xAA1F, 0xAA1F, 0xA5BB, 0xA9FD, 0xA9FD, 0xA9DB, 0xA597, 0xA997, 0xA155, 0xA553, 0xA976, 0xA974,
  0x94AB, 0xA111, 0xA976, 0xA155, 0x9489, 0xA154, 0xCF9F, 0xE7FF, 0xD7FF, 0xD3FF, 0xD7FF, 0xDFFF, 0xDFFF, 0xDFFF, 0xCFDF, 0xCFDF,
  0xE3FF, 0xEBFF, 0xD3FF, 0xBF3F, 0xDBFF, 0xDFFF, 0xDBFF, 0xC35F, 0xCFDF, 0xD3FF, 0xDFFF, 0xE7FF, 0xD3FF, 0xA1B9, 0xA9FD, 0xAA1F,
  0xAA1F, 0xAE1F, 0xAE1F, 0xA5DA, 0xA9B9, 0xA596, 0xA554, 0xA575, 0xA977, 0xA997, 0xA574, 0x94AB, 0x9D10, 0xA576, 0xA555, 0xA155,
  0xA110, 0x98CD, 0xA5D9, 0xCFBF, 0xDFFF, 0xD7FF, 0xCBDF, 0xDBFF, 0xDFFF, 0xD7FF, 0xCBBF, 0xB6FF, 0xD3FF, 0xEBFF, 0xE3FF, 0xDBFF,
  0xE3FF, 0xDFFF, 0xDFFF, 0xDFFF, 0xE3FF, 0xE7FF, 0xDFFF, 0xE3FF, 0xDBFF, 0xC31F, 0x9D77, 0xAE1F, 0xAA1F, 0xA599, 0xA175, 0xA554,
  0xA553, 0xA553, 0xA553, 0xA554, 0xA975, 0xA553, 0x94AB, 0xA131, 0xA576, 0xA155, 0xA555, 0xA155, 0xA9B8, 0xA533, 0x98CE, 0xA5B8,
  0xCB7F, 0xD3FF, 0xDFFF, 0xC79F, 0xDFFF, 0xE3FF, 0xDFFF, 0xBF3F, 0xCFBF, 0xE7FF, 0xE3FF, 0xE3FF, 0xDFFF, 0xDFFF, 0xDFFF, 0xDFFF,
  0xDFFF, 0xDFFF, 0xDFFF, 0xDBFF, 0xC79F, 0xCF9F, 0xA177, 0xA9BB, 0xA9DC, 0xA576, 0xA975, 0xA553, 0xA554, 0xA975, 0xA553, 0xA974,
  0xA12F, 0x9489, 0xA111, 0xA576, 0xA155, 0xA155, 0xA555, 0xA156, 0x9D99, 0xB1DB, 0xA9B8, 0x98EF, 0x990F, 0xAE3A, 0xBEDF, 0xD3DF,
  0xDFFF, 0xE7FF, 0xE7FF, 0xE3FF, 0xE3FF, 0xE3FF, 0xDFFF, 0xD7FF, 0xD3FF, 0xD3FF, 0xD7FF, 0xD7FF, 0xD7FF, 0xCFDF, 0xD7FF, 0xE3FF,
  0xD7FF, 0xCFBF, 0xB25E, 0xA155, 0xADBA, 0xA177, 0xA575, 0xA553, 0xA574, 0xA554, 0xA573, 0x9D0E, 0x94AA, 0xA553, 0xA576, 0xA155,
  0xA577, 0xA577, 0xA556, 0xA599, 0xB6BF, 0xA199, 0xB23E, 0xADB9, 0x98CD, 0x94AB, 0x94CE, 0xADF9, 0xAE3C, 0xC31F, 0xD7FF, 0xE7FF,
  0xE3FF, 0xDFFF, 0xDBFF, 0xD7FF, 0xCB9F, 0xB6FF, 0xD3FF, 0xD7FF, 0xD7FF, 0xBF3F, 0xE3FF, 0xE7FF, 0xDFFF, 0xCBDF, 0xB69F, 0xA133,
  0xA998, 0xADFC, 0xA575, 0xA553, 0xA975, 0xA552, 0x98EC, 0x94AA, 0xA553, 0xA555, 0xA156, 0xA599, 0xB25F, 0xB23E, 0xA1B9, 0xBABF,
  0xC37F, 0xB27F, 0xA5BA, 0xB23F, 0xB23E, 0xA9B8, 0xA132, 0x98CD, 0x94AC, 0x98CF, 0xADD9, 0xB69E, 0xC75F, 0xCFBF, 0xDBFF, 0xDFFF,
  0xD7FF, 0xC37F, 0xD7FF, 0xDBFF, 0xCB9F, 0xBAFF, 0xE7FF, 0xE3FF, 0xE3FF, 0xD3FF, 0xB69F, 0xA132, 0xAD99, 0xA9B9, 0xA155, 0xA953,
  0x9CED, 0x94AA, 0x98CD, 0xA553, 0xA134, 0xA176, 0xA9DA, 0xB67F, 0xB27F, 0xA1BA, 0xB29F, 0xC35F, 0xC37F, 0xC35F, 0xAE5F, 0xA5DB,
  0xB69F, 0xB29F, 0xB25F, 0xA9FB, 0xADDA, 0xA132, 0x948B, 0x908A, 0x9910, 0xA195, 0xAE3A, 0xCB7F, 0xD7FF, 0xE3FF, 0xE3FF, 0xDFFF,
  0xBB1F, 0xBB1F, 0xE7FF, 0xE7FF, 0xE3FF, 0xC35F, 0xB25D, 0xA575, 0xA998, 0xA576, 0xA552, 0x98AA, 0x9489, 0x9D0F, 0xA133, 0xA155,
  0xA5B9, 0xAE3E, 0xB27F, 0xB25F, 0xA5DA, 0xB25F, 0xC75F, 0xCB7F, 0xBEDF, 0xC79F, 0xC37F, 0xB29F, 0xA61E, 0xB67F, 0xB69F, 0xB29F,
  0xB27F, 0xAE3E, 0xA9DA, 0xADD9, 0xA111, 0x908A, 0x908A, 0xA132, 0xA5B6, 0xC73F, 0xCB5F, 0xDBFF, 0xE3FF, 0xE3FF, 0xE3FF, 0xD7FF,
  0xCBDF, 0xB6DF, 0xA175, 0xA575, 0xA995, 0x9CEE, 0x98AA, 0x98CD, 0xA133, 0xA175, 0xA9DA, 0xAE3E, 0xB6BF, 0xB27F, 0xA9FB, 0xA5DA,
  0xB29F, 0xC35F, 0xCB7F, 0xB23D, 0xA176, 0xBADF, 0xCBBF, 0xC79F, 0xBEFF, 0xA5FD, 0xAA1E, 0xB6BF, 0xB6DF, 0xBB1F, 0xBAFF, 0xB69F,
  0xAE1D, 0xADFB, 0xA574, 0x908B, 0x94AC, 0x94AD, 0x9D32, 0xBA9E, 0xBF1F, 0xCBBF, 0xCB9F, 0xB71F, 0xBB1F, 0xBA9F, 0xA554, 0xA952,
  0x98AA, 0x9489, 0xA553, 0xA177, 0xA5B9, 0xB27F, 0xB69F, 0xB25F, 0xB25E, 0xA1B8, 0xA5DA, 0xB6BF, 0xC35F, 0xCB7F, 0xB23D, 0xA554,
  0xA532, 0xA175, 0xB27F, 0xCB7F, 0xCBBF, 0xCBBF, 0xB2BF, 0xA5FC, 0xAA1D, 0xB29F, 0xB27F, 0xBADF, 0xBF1F, 0xBF1F, 0xBADF, 0xAE3D,
  0xB65E, 0xB1FA, 0x94CE, 0x90AC, 0x9D32, 0xA9D7, 0xA5B7, 0xADF8, 0xA9B7, 0x9D11, 0xA10F, 0x94AC, 0xA152, 0xA597, 0xB23E, 0xBADF,
  0xB27F, 0xAE3E, 0xB25F, 0xA5DA, 0xA199, 0xAE5F, 0xBF3F, 0xC37F, 0xC73F, 0xA9FA, 0xA554, 0xA0EF, 0xA0EB, 0xA111, 0xA175, 0xA5D9,
  0xBEFF, 0xCB9F, 0xC79F, 0xC77F, 0xB2BF, 0xA61C, 0xA9FC, 0xA5FB, 0xB27F, 0xB27F, 0xB27F, 0xBADF, 0xBEFF, 0xB6BF, 0xB67F, 0xBA7F,
  0xA152, 0x98CD, 0x98CD, 0x98CC, 0x98CC, 0x98CC, 0x9D10, 0xADD9, 0xA9BA, 0xB23E, 0xAE3E, 0xB67F, 0xAA1D, 0xA5FB, 0xA61D, 0xB27F,
  0xB6FF, 0xC77F, 0xC77F, 0xB69F, 0xA597, 0xA153, 0x98CC, 0xA50B, 0xFFFF, 0xA52C, 0xA111, 0xA576, 0x9D55, 0xA5B9, 0xBEDF, 0xBF1F,
  0xC77F, 0xC37F, 0xC35F, 0xBADF, 0xAA3E, 0xAA1D, 0xAE3F, 0xAA3F, 0xAE3F, 0xAA1E, 0xAE3F, 0xAE1E, 0xADFC, 0xADFB, 0xADFA, 0xADFB,
  0xADFB, 0xADFB, 0xADFB, 0xA5DB, 0xAE3E, 0xAA3E, 0xAE3E, 0xAA1E, 0xB29F, 0xC35F, 0xC37F, 0xC7BF, 0xC33F, 0xBABF, 0xA5D9, 0xA155,
  0xA976, 0x98CD, 0xAD6D, 0xFFFF, 0xFFFF, 0xFFFF, 0xA52C, 0x98CE, 0xA975, 0xA575, 0x9933, 0xA197, 0xBA9F, 0xC31F, 0xBF3F, 0xC79F,
  0xCBDF, 0xCB9F, 0xC35F, 0xBB3F, 0xBB1F, 0xB2BF, 0xB29F, 0xB29F, 0xB2BF, 0xB29F, 0xB29F, 0xB2BF, 0xB2BF, 0xB6BF, 0xB6DF, 0xB6DF,
  0xBF3F, 0xBF3F, 0xC77F, 0xCB9F, 0xCFDF, 0xCFBF, 0xBEFF, 0xBEFF, 0xA5B8, 0x9D13, 0xA976, 0xA974, 0x98CC, 0xAD4C, 0xFFFF, 0xFFFF,
  0xFFFF, 0xFFFF, 0xFFFF, 0xD274, 0x94AB, 0x98EF, 0xA997, 0xA575, 0x9D32, 0x9933, 0xA9D9, 0xB69F, 0xBADF, 0xBF1F, 0xCFDF, 0xCBDF,
  0xCBDF, 0xCBDF, 0xCBDF, 0xCBBF, 0xCBBF, 0xCBBF, 0xC79F, 0xCBBF, 0xCBBF, 0xCBBF, 0xCBBF, 0xCBBF, 0xCBBF, 0xCFBF, 0xC31F, 0xC71F,
  0xB69F, 0xA9DA, 0x9D55, 0x9D35, 0xA597, 0xAD97, 0x98F0, 0x8C67, 0xC632, 0xFFFF, 0xFFFF, 0xFFFF, 0xFFFF, 0xFFFF, 0xFFFF, 0xFFFF,
  0xEF7B, 0x9CC9, 0x8C88, 0x98EE, 0xAD97, 0xA997, 0xA576, 0x9D55, 0xA156, 0xA598, 0xBABF, 0xBA9F, 0xBA9F, 0xBA9F, 0xB69F, 0xB69F,
  0xB69F, 0xB69F, 0xB69F, 0xB69F, 0xB69F, 0xBA9F, 0xB69F, 0xBA9F, 0xBEDF, 0xBE9F, 0xA177, 0x9D55, 0xA156, 0xA576, 0xADB8, 0xADB8,
  0x98EF, 0x90AA, 0xBDF1, 0xEF7C, 0xFFFF, 0xFFFF, 0xFFFF, 0xFFFF, 0xFFFF, 0xFFFF, 0xFFFF, 0xFFFF, 0xFFFF, 0xFFFF, 0xD6B4, 0xBDD1,
  0x9089, 0x8C8B, 0xA574, 0xB1D9, 0xADB9, 0xA9B8, 0xA175, 0x9D54, 0x9D55, 0x9D34, 0x9D34, 0x9D33, 0x9D34, 0x9D34, 0x9D34, 0x9D34,
  0x9D34, 0x9D34, 0x9D34, 0x9D34, 0x9D34, 0xA155, 0xADB8, 0xADB9, 0xB1D9, 0xA574, 0x94AD, 0x94AC, 0xCA33, 0xDEF6, 0xFFFF, 0xFFFF,
  0xFFFF, 0xFFFF, 0xFFFF, 0xFFFF, 0xFFFF, 0xFFFF, 0xFFFF, 0xFFFF, 0xFFFF, 0xFFFF, 0xFFFF, 0xFFFF, 0xE317, 0xE739, 0xA52C, 0x9089,
  0x94AB, 0x94CC, 0xADD7, 0xADD8, 0xADB7, 0xADB7, 0xADB7, 0xADB7, 0xAD97, 0xADB7, 0xAD97, 0xAD97, 0xAD97, 0xAD97, 0xAD97, 0xAD97,
  0xB1B7, 0xAD96, 0x94CD, 0x94AC, 0x90AB, 0xB190, 0xE739, 0xE739, 0xFFFF, 0xFFFF, 0xFFFF, 0xFFFF, 0xFFFF, 0xFFFF, 0xFFFF, 0xFFFF,
  0xFFFF, 0xFFFF, 0xFFFF, 0xFFFF, 0xFFFF, 0xFFFF, 0xFFFF, 0xFFFF, 0xFFFF, 0xFFFF, 0xFFFF, 0xFBDD, 0xFFFF, 0xF79D, 0x94AA, 0x8868,
  0x8C68, 0x8C68, 0x8868, 0x8868, 0x8868, 0x8868, 0x8C68, 0x8C68, 0x8867, 0x8C67, 0x8C68, 0x8C68, 0x8C68, 0x9088, 0xE719, 0xF79D,
  0xF39C, 0xFFFF, 0xFFFF, 0xFFFF, 0xFFFF, 0xFFFF, 0xFFFF, 0xFFFF, 0xFFFF, 0xFFFF, 0xFFFF, 0xFFFF, 0xFFFF, 0xFFFF, 0xFFFF, 0xFFFF,
  0xFFFF, 0xFFFF, 0xFFFF, 0xFFFF, 0xFFFF, 0xFFFF, 0xFFFF, 0xFFFF, 0xFFFF, 0xFFFF, 0xFFFF, 0xFBDE, 0xFBDE, 0xFBDE, 0xFBDD, 0xFBBD,
  0xFBDD, 0xFBBD, 0xFBBD, 0xFBBD, 0xFBBD, 0xFBBD, 0xFBDE, 0xFBDE, 0xFFDE, 0xFFFF, 0xFFFF, 0xFFFF, 0xFFFF, 0xFFFF, 0xFFFF, 0xFFFF,
  0xFFFF, 0xFFFF, 0xFFFF, 0xFFFF, 0xFFFF, 0xFFFF, 0xFFFF, 0xFFFF, 0xFFFF, 0xFFFF, 0xFFFF, 0xFFFF, 0xFFFF, 0xFFFF, 0xFFFF, 0xFFFF,
  0xFFFF, 0xFFFF, 0xFFFF, 0xFFFF, 0xFFFF, 0xFFFF, 0xFFFF, 0xFFFF, 0xFFFF, 0xFFFF, 0xFFFF, 0xFFFF, 0xFFFF, 0xFFFF, 0xFFFF, 0xFFFF,
  0xFFFF, 0xFFFF, 0xFFFF, 0xFFFF, 0xFFFF, 0xFFFF, 0xFFFF, 0xFFFF, 0xFFFF, 0xFFFF, 0xFFFF, 0xFFFF, 0xFFFF, 0xFFFF, 0xFFFF, 0xFFFF,
  0xFFFF, 0xFFFF, 0xFFFF, 0xFFFF, 0xFFFF, 0xFFFF, 0xFFFF, 0xFFFF, 0xFFFF, 0xFFFF, 0xFFFF, 0xFFFF, 0xFFFF, 0xFFFF, 0xFFFF, 0xFFFF,
  0xFFFF, 0xFFFF, 0xFFFF, 0xFFFF, 0xFFFF, 0xFFFF, 0xFFFF, 0xFFFF, 0xFFFF, 0xFFFF, 0xFFFF, 0xFFFF, 0xFFFF, 0xFFFF, 0xFFFF, 0xFFFF,
  0xFFFF, 0xFFFF, 0xFFFF, 0xFFFF, 0xFFFF, 0xFFFF, 0xFFFF, 0xFFFF, 0xFFFF, 0xFFFF, 0xFFFF, 0xFFFF, 0xFFFF, 0xFFFF, 0xFFFF, 0xFFFF,
};
#define assets_c11_W 44
#define assets_c11_H 44

static const unsigned short assets_c12[1936] = {
  0xFFFF, 0xFFFF, 0xFFFF, 0xFFFF, 0xFFFF, 0xFFFF, 0xFFFF, 0xFFFF, 0xFFFF, 0xFFFF, 0xFFFF, 0xFFFF, 0xFFFF, 0xFFFF, 0xFFFF, 0xFFFF,
  0xFFFF, 0xFFFF, 0xFFFF, 0xFFFF, 0xFFFF, 0xFFFF, 0xFFFF, 0xFFFF, 0xFFFF, 0xFFFF, 0xB68E, 0xAF90, 0xA70C, 0x9983, 0xAEEB, 0xAEC9,
  0xA1E4, 0xAB70, 0xBBF9, 0xB34E, 0xAE45, 0xBB0A, 0xAA06, 0x9D23, 0xFFFF, 0xFFFF, 0xFFFF, 0xFFFF, 0xFFFF, 0xFFFF, 0xFFFF, 0xFFFF,
  0xFFFF, 0xFFFF, 0xFFFF, 0xFFFF, 0xFFFF, 0xFFFF, 0xFFFF, 0xFFFF, 0xFFFF, 0xFFFF, 0xFFFF, 0xFFFF, 0xFFFF, 0xFFFF, 0xFFFF, 0xFFFF,
  0xFFFF, 0xFFFF, 0xFFFF, 0xFFFF, 0xFFFF, 0xFFFF, 0xFFFF, 0xA5EA, 0xB3D1, 0xAB2C, 0xA1E4, 0xA1C4, 0xAB2E, 0xB7F9, 0xA7F4, 0xAB2C,
  0xAA05, 0xAE46, 0xA5A4, 0xA586, 0xA9AA, 0xFBFE, 0xFFFF, 0xFFFF, 0xFFFF, 0xFFFF, 0xFFFF, 0xFFFF, 0xFFFF, 0xFFFF, 0xFFFF, 0xFFFF,
  0xFFFF, 0xFFFF, 0xFFFF, 0xFFFF, 0xFFFF, 0xFFFF, 0xFFFF, 0xFFFF, 0xFFFF, 0xFFFF, 0xFFFF, 0xFFFF, 0xFFFF, 0xFFFF, 0xFFFF, 0xFFFF,
  0xF7FD, 0xA588, 0xB60B, 0xA125, 0xA249, 0xB7F3, 0xA6C9, 0x9D84, 0xAFF1, 0xA3EF, 0xB3D0, 0xA667, 0xB6CA, 0xBFF1, 0xBFD1, 0xBBD2,
  0xB790, 0x9564, 0xC22F, 0xFFFF, 0xFFFF, 0xFFFF, 0xFFFF, 0xFFFF, 0xFFFF, 0xFFFF, 0xFFFF, 0xFFFF, 0xFFFF, 0xFFFF, 0xFFFF, 0xFFFF,
  0xFFFF, 0xFFFF, 0xFFFF, 0xFFFF, 0xFFFF, 0xFFFF, 0xFFFF, 0xFFFF, 0xFFFF, 0xFFFF, 0xFFFF, 0xFFFF, 0xFFFF, 0xA5E9, 0xAA69, 0xA1A5,
  0xA185, 0xAF6D, 0xAFAE, 0x9DC4, 0xAF2C, 0xAB2B, 0xA606, 0xA9E4, 0xAA46, 0xAA87, 0xAA68, 0xB66C, 0xC2B0, 0xC68F, 0xDF16, 0xFFFF,
  0xFFFF, 0xFFFF, 0xFFFF, 0xFFFF, 0xFFFF, 0xFFFF, 0xFFFF, 0xFFFF, 0xFFFF, 0xFFFF, 0xFFFF, 0xFFFF, 0xFFFF, 0xFFFF, 0xFFFF, 0xFFFF,
  0xFFFF, 0xFFFF, 0xFFFF, 0xFFFF, 0xFFFF, 0xFFFF, 0xFFFF, 0xFFFF, 0xFFFF, 0xFFFF, 0xB70F, 0xB72D, 0xAA05, 0xAA47, 0xAEE9, 0xAA04,
  0xA5C4, 0xA9E5, 0xA9A4, 0xAE67, 0xB30B, 0xBB8E, 0xAA49, 0xFFFF, 0xFFFF, 0xFFFF, 0xFFFF, 0xFFFF, 0xFFFF, 0xFFFF, 0xFFFF, 0xFFFF,
  0xFFFF, 0xFFFF, 0xFFFF, 0xFFFF, 0xFFFF, 0xFFFF, 0xFFFF, 0xFFFF, 0xFFFF, 0xFFFF, 0xFFFF, 0xFFFF, 0xFFFF, 0xFFFF, 0xFFFF, 0xFFFF,
  0xFFFF, 0xFFFF, 0xFFFF, 0xFFFF, 0xFFFF, 0xFFFF, 0xD272, 0x99A4, 0xB6E9, 0xAA46, 0xAA88, 0xAA89, 0xAA47, 0xA9C5, 0xADC5, 0xB6CA,
  0xAA68, 0x9DA6, 0x9D45, 0x8861, 0xD6B4, 0xFFFF, 0xFFFF, 0xFFFF, 0xFFFF, 0xFFFF, 0xFFFF, 0xFFFF, 0xFFFF, 0xFFFF, 0xC22F, 0x9123,
  0x95C5, 0x91C5, 0x91A4, 0x95A6, 0xFBFE, 0xFFFF, 0xFFFF, 0xFFFF, 0xFFFF, 0xFFFF, 0xFFFF, 0xFFFF, 0xFFFF, 0xFFFF, 0xFFFF, 0xFFFF,
  0xFFFF, 0x990D, 0x9D4F, 0xAA08, 0xB2A6, 0xAEC9, 0xBBF5, 0xB7F8, 0xBBF3, 0x9D83, 0xA543, 0xA143, 0x9902, 0xA947, 0xFFFF, 0xFFFF,
  0xFFFF, 0xFFFF, 0xFFFF, 0xFFFF, 0xFFFF, 0xFFFF, 0xFFFF, 0xFFFF, 0xFBDD, 0x9DE8, 0x9E88, 0x9F07, 0xA7C9, 0xA7EA, 0xA3EA, 0xAFED,
  0x9F09, 0x9E6A, 0xA589, 0xFFFF, 0xFFFF, 0xFFFF, 0xFFFF, 0xFFFF, 0xFFFF, 0xFFFF, 0xFFFF, 0x9D4E, 0xAA9E, 0xAF5F, 0xB2FF, 0xA189,
  0xA9A4, 0xA5A4, 0xA646, 0xAF6C, 0xA6C8, 0xAE68, 0xB2A9, 0xAE88, 0xAA89, 0xA608, 0xB1CB, 0xFFFF, 0xFFFF, 0xFFFF, 0xFFFF, 0xFFFF,
  0xFFFF, 0xFFFF, 0xFFFF, 0xFFFF, 0x9144, 0xABCD, 0xA7ED, 0xA7F1, 0xA3F2, 0xA3F1, 0xABF0, 0xAB6A, 0xA6E8, 0xB3B0, 0xA2D0, 0x9908,
  0xFFFF, 0xFFFF, 0xFFFF, 0xFFFF, 0xFFFF, 0xE319, 0x9950, 0xB39F, 0xA79F, 0xA2FF, 0xAA9F, 0x9DD7, 0x9972, 0xA1B4, 0x9D69, 0xAA45,
  0xAA45, 0xA5A4, 0xAA26, 0xA5C5, 0xAE0B, 0xB62D, 0xADAB, 0xDF17, 0xFFFF, 0xFFFF, 0xFFFF, 0xFFFF, 0x94C6, 0x9128, 0xDF58, 0xADAA,
  0xAF2D, 0xA72A, 0xA309, 0xABB2, 0xA794, 0xAB94, 0xA6F1, 0x954B, 0x912C, 0x8D0B, 0xA39F, 0xA7FF, 0x9A11, 0x99AB, 0xD316, 0xFFFF,
  0xEB5C, 0x95B5, 0xAB3F, 0xA75F, 0x9F1F, 0x9E9F, 0x9A5F, 0xAF9F, 0xA7BF, 0xA71F, 0x9DB7, 0xA5C6, 0xB248, 0x9D05, 0xA945, 0x9D03,
  0xFFFF, 0xFFFF, 0xFFFF, 0xE738, 0xFFFF, 0xFFFF, 0xFFFF, 0xFFFF, 0x94A5, 0xA22F, 0x8D68, 0xD356, 0xCF75, 0x8C88, 0x94AE, 0x8C6C,
  0x884C, 0x886C, 0x90AE, 0xA1F9, 0xA75F, 0x9FFF, 0x8FFF, 0x8FFF, 0x9BFF, 0x9FFB, 0x9F31, 0x98E7, 0xA5D6, 0xB35F, 0x9A5F, 0x9A5F,
  0xB3FF, 0xB7FF, 0xA31F, 0xAFFF, 0xB3FF, 0x9EFF, 0x95DD, 0x9D92, 0x992A, 0xA596, 0x9930, 0x98E7, 0xFFFF, 0xFFFF, 0xB18C, 0x94C7,
  0x90C8, 0xA54B, 0xFFFF, 0xFFFF, 0xFFFF, 0xA58B, 0x9949, 0xC673, 0xADB6, 0xA15F, 0xA19F, 0x9D9F, 0xA1DF, 0x9DDF, 0xA1FF, 0x993D,
  0x9111, 0x9ED9, 0x9BFF, 0x8FFD, 0x8FFD, 0x97FA, 0xA3D4, 0x952D, 0xA25F, 0xA2FF, 0xA2BF, 0xA31F, 0xABFF, 0xB3FF, 0xAFDF, 0xA6FF,
  0xA77F, 0x9F3F, 0xAB9F, 0xA6BF, 0x9999, 0xA69F, 0xAF1F, 0x9931, 0xFFFF, 0xFFFF, 0xA109, 0xAEBD, 0xBFBF, 0x996F, 0xBDEF, 0xFFFF,
  0xFFFF, 0xFFDF, 0x9086, 0x9914, 0x9D9F, 0x999F, 0x9A1F, 0x967F, 0x927F, 0x925F, 0x925F, 0x9A3F, 0x9DBF, 0x94F2, 0x9EB5, 0x9BF9,
  0x93FA, 0xA3F7, 0x9A4D, 0x9995, 0xA29F, 0xB3FF, 0xB3FF, 0xA31F, 0xB3FF, 0xB7FF, 0xA73F, 0x961F, 0x9A5F, 0xABFF, 0xA3FF, 0xA77F,
  0x95FF, 0xA6DF, 0xA31F, 0x9997, 0xA10A, 0xFFFF, 0xAD6D, 0xA69C, 0xAF3F, 0x954E, 0xC610, 0xFFFF, 0xFFFF, 0xCA79, 0x991F, 0xA1BF,
  0x99FF, 0x967F, 0x9B3F, 0x9F7F, 0xBBFF, 0xCBFF, 0xA77F, 0x8EBF, 0x967F, 0xA29F, 0x9578, 0x9A92, 0x9FF8, 0x9F10, 0x950C, 0xA65F,
  0xA2FF, 0xB7FF, 0xB3FF, 0x9A7F, 0xA6DF, 0x9EBF, 0xA79F, 0xAFFF, 0x9A9F, 0xA77F, 0xA7FF, 0xAFDF, 0x9A1F, 0x9E1F, 0x9A7F, 0xAABF,
  0x9D0C, 0xE2F7, 0xA16E, 0xA1F6, 0xAA7B, 0x950C, 0xC210, 0xFFFF, 0xD696, 0x8CB8, 0x9D9F, 0x95FF, 0x9AFF, 0x9B7F, 0x9B9F, 0xA7BF,
  0xE3FF, 0xFBFF, 0xE3FF, 0xA7BF, 0x931F, 0x92BF, 0x9E7F, 0x9573, 0xAB32, 0x9E4C, 0x9974, 0xB35F, 0x9A5F, 0xA2DF, 0x9EDF, 0xA75F,
  0x9E9F, 0xA31F, 0xAFFF, 0xA3FF, 0xAFDF, 0x9A7F, 0xA2FF, 0x9ABF, 0xA2DF, 0x99DD, 0x9E1F, 0xAF1F, 0x990C, 0x8422, 0xB35F, 0x9E39,
  0xAB1F, 0x9617, 0xCA52, 0xFFFF, 0xB195, 0x94FF, 0x99BF, 0x9A9F, 0x975F, 0x8F5F, 0x9B9F, 0xA3DF, 0xD3FF, 0xFBFF, 0xF3FF, 0xC3FF,
  0x979F, 0x8F5F, 0x971F, 0x9A3F, 0xA1CE, 0x9949, 0xA21D, 0xAAFF, 0x9A1F, 0x91BE, 0xA75F, 0xB3FF, 0xB3FF, 0xA33F, 0xABDF, 0xAFFF,
  0xABBF, 0x9A3F, 0x95DD, 0xAB7F, 0xAFFF, 0xA2BF, 0x9DDC, 0xA61B, 0x8CCA, 0xA6BB, 0xA7DF, 0x9A39, 0xB3FF, 0xA35F, 0xA96D, 0xFFFF,
  0x98FB, 0x951F, 0x919F, 0x96DF, 0x8F3F, 0x8B3F, 0x937F, 0x939F, 0xA3FF, 0xCFFF, 0xD3FF, 0xC3FF, 0x97BF, 0x8B9F, 0x8F7F, 0x9B1F,
  0x90EF, 0x9088, 0xA61E, 0x9A5F, 0xAB9F, 0x9EDF, 0xAB9F, 0xABFF, 0xB3FF, 0xA2FF, 0x9E7F, 0xA71F, 0x9F1F, 0xABBF, 0x9ABF, 0x9A9F,
  0xAB9F, 0xA27F, 0xA5B7, 0x90EC, 0xB79F, 0xA3DF, 0x9B7F, 0x9E59, 0xABFF, 0x9B5F, 0x8CCB, 0xA0E9, 0x98DC, 0x94FF, 0x959F, 0x96DF,
  0x8F3F, 0x8B3F, 0x8B5F, 0x8B5F, 0x8F7F, 0x97BF, 0xABFF, 0xAFFF, 0x93BF, 0x879F, 0x8FBF, 0x8F5F, 0x9A7F, 0x94CC, 0xA1BA, 0xA6DF,
  0xA7FF, 0xA73F, 0x9A7F, 0xAF9F, 0xA75F, 0xA2FF, 0x9E7F, 0x9A5F, 0xB3FF, 0xA3FF, 0xAB9F, 0x9E1E, 0x9DFE, 0xA1B9, 0x90CA, 0xAF5F,
  0xA7FF, 0xA3FF, 0x9FBF, 0x9A17, 0xB3FF, 0x9FFF, 0x9DD6, 0x9088, 0x98DC, 0x94FF, 0x959F, 0x96FF, 0x8F5F, 0x8B3F, 0x8F5F, 0x8F5F,
  0x8F5F, 0x8F7F, 0x8F7F, 0x8F7F, 0x8B9F, 0x8FFF, 0x8FDF, 0x8FFF, 0x9B5F, 0x8CAC, 0x9D34, 0x99FE, 0xAFDF, 0x9E9F, 0x95DD, 0x95DE,
  0xA2DF, 0xAFFF, 0xAFFF, 0x9EFF, 0xA75F, 0xB3FF, 0xA31F, 0x9999, 0xA5B9, 0x94EC, 0xAF9F, 0xA7FF, 0x9B9F, 0xB7FF, 0x92BF, 0xA73F,
  0xBBFF, 0xA7FF, 0xAB7F, 0x9D72, 0x98FC, 0x94FF, 0x959F, 0x9A7F, 0x933F, 0x8B5F, 0x8F7F, 0x8F7F, 0x8F7F, 0x8F9F, 0x8BBF, 0x8BBF,
  0x8BDF, 0x8BFF, 0x8BFF, 0x8BFF, 0x979F, 0x9995, 0xA175, 0xAA7F, 0x95BB, 0x9E5F, 0xAB5F, 0xA2BF, 0xA31F, 0xA7FF, 0xA3FF, 0xAFBF,
  0x99FF, 0xA6BF, 0xA6BF, 0x9953, 0x94EB, 0xAB5E, 0xB3FF, 0x937F, 0xB3FF, 0xA3FF, 0x9A9F, 0xBFFF, 0xB3FF, 0xA3FF, 0x9B9F, 0xB31F,
  0x98FA, 0x98FF, 0x99BF, 0x9A1F, 0x931F, 0x8FDF, 0x8BBF, 0x8BDF, 0x8BDF, 0x8BDF, 0x8BFF, 0x8BFF, 0x8FFF, 0x8BFF, 0x8BFF, 0x8FFF,
  0x93BF, 0x9A5E, 0x9931, 0xAE3D, 0x9DB9, 0xAF1F, 0xAB9F, 0xAF3F, 0xA2BF, 0xAFFF, 0xAFDF, 0xA25F, 0x9D75, 0x9952, 0x9D94, 0x99F4,
  0xAFFF, 0xB3FF, 0x93BF, 0xAFFF, 0xA3FF, 0x973F, 0x9EDF, 0xB7FF, 0xAFFF, 0x9FFF, 0x977F, 0xAF5F, 0x98D8, 0x98FF, 0x99DF, 0x9A1F,
  0x929F, 0x8FDF, 0x87FF, 0x8BFF, 0x8BFF, 0x8BFF, 0x8BFF, 0x8BFF, 0x8BFF, 0x8BFF, 0x8FFF, 0x8FDF, 0x8F9F, 0xA35F, 0x90EB, 0x9067,
  0x94ED, 0x9530, 0x9972, 0x9951, 0x9110, 0x9532, 0x9130, 0x9130, 0x95D4, 0x9636, 0xA6FB, 0xB7FF, 0xAFFF, 0x97BF, 0xA7FF, 0xAFFF,
  0x9FFF, 0x923D, 0xAFFF, 0xB3FF, 0xABFF, 0xA3FF, 0x9B9F, 0xAF3F, 0x98F6, 0x9D3F, 0x95DF, 0x9A5F, 0x925F, 0x933F, 0x8FFF, 0x8BFF,
  0x8BFF, 0x8BFF, 0x8BFF, 0x8BFF, 0x8BFF, 0x8FFF, 0x8FDF, 0x87BF, 0x939F, 0x9591, 0x8CC9, 0xA6FB, 0xA31C, 0xA31B, 0xA31A, 0xA31B,
  0xA73C, 0xA73C, 0xA73C, 0xB3FF, 0xBBFF, 0xBFFF, 0xBFFF, 0xA7FF, 0x97BF, 0x9FFF, 0xB3FF, 0xABFF, 0x975F, 0x9AFF, 0xB3FF, 0xABFF,
  0xABFF, 0x9BFF, 0x9FBF, 0xB39F, 0x90AB, 0x9D3C, 0x997F, 0x963F, 0x96DF, 0x929F, 0x933F, 0x8FDF, 0x8FFF, 0x8FFF, 0x8FFF, 0x8FFF,
  0x8FFF, 0x8BDF, 0x8BBF, 0x87DF, 0x9B7F, 0x8CA8, 0x9E7B, 0xAFFF, 0xB7FF, 0xB7FF, 0xB7FF, 0xBBFF, 0xBFFF, 0xBBFF, 0xBFFF, 0xB7FF,
  0xBFFF, 0xB3FF, 0x9B9F, 0x9FFF, 0xA7FF, 0xB7FF, 0xB3FF, 0x97FF, 0x92DF, 0xAFFF, 0xAFFF, 0xABFF, 0x9FFF, 0x93DF, 0xA37F, 0xAA9D,
  0x8C87, 0xA115, 0xA15F, 0x997F, 0x9ABF, 0x933F, 0x8F3F, 0x8FDF, 0x8BDF, 0x8BDF, 0x8FDF, 0x8BDF, 0x8BDF, 0x87DF, 0x8BDF, 0x8BDF,
  0x977F, 0x90CB, 0xAB7F, 0x9BFF, 0x9BFF, 0x9BFF, 0x9FFF, 0x9BFF, 0x8F5F, 0x931F, 0x8F1F, 0x931F, 0x933F, 0x9FFF, 0xABFF, 0xB3FF,
  0xBBFF, 0xAFFF, 0xA3FF, 0x92FF, 0xABFF, 0xB3FF, 0xABFF, 0xABFF, 0x97FF, 0x97BF, 0xAF3F, 0x8468, 0x950D, 0x9068, 0xA55A, 0x9D5F,
  0x999F, 0x96BF, 0x935F, 0x8FBF, 0x8BFF, 0x87DF, 0x87FF, 0x87FF, 0x87FF, 0x8BFF, 0x8BFF, 0x8BDF, 0x93DF, 0x9E99, 0x99D4, 0x9EDF,
  0x927F, 0x8A5E, 0x8E5E, 0x9B1F, 0x9FBF, 0xAFFF, 0xB3FF, 0xAFFF, 0xB3FF, 0xB7FF, 0xB3FF, 0xAFFF, 0xA7FF, 0x9BFF, 0x8EBF, 0xABFF,
  0xB3FF, 0xABFF, 0xABFF, 0x97FF, 0x97BF, 0xA7BF, 0x99B5, 0x9930, 0xC75F, 0x9D2E, 0x946A, 0xA15C, 0xA17F, 0x959F, 0x9ABE, 0x8F5D,
  0x8B5E, 0x8F9F, 0x8FDF, 0x8BFF, 0x8BFF, 0x87FF, 0x8BFF, 0x8BDF, 0x8FFF, 0x9FFF, 0x954B, 0x90ED, 0x9E5B, 0xC3FF, 0xB7FF, 0xBBFF,
  0xC3FF, 0xBBFF, 0xB3FF, 0xB3FF, 0xBFFF, 0xBBFF, 0xA7FF, 0x9FDF, 0x8F1F, 0x971F, 0xB3FF, 0xB3FF, 0xABFF, 0xAFFF, 0x9BFF, 0x97DF,
  0xABFF, 0x99B4, 0x950E, 0xBF3F, 0xBF5F, 0xCFBF, 0xA593, 0x94CE, 0x94B3, 0xA17D, 0x9E1E, 0x9ADC, 0x9319, 0x931A, 0x979F, 0x93BF,
  0x8FDF, 0x8FDF, 0x8FDF, 0x8FDF, 0x93FF, 0x9BDC, 0x9128, 0x9571, 0xABFF, 0xA7FF, 0xAFFF, 0xAFFF, 0xABFF, 0xA3FF, 0xA7FF, 0x9FFF,
  0x973F, 0x9B5F, 0x8EBF, 0x9F3F, 0xA7FF, 0xC3FF, 0xB7FF, 0xAFFF, 0xAFFF, 0x9BFF, 0x9FFF, 0xABBF, 0x9993, 0xA194, 0xBF3F, 0xBB3F,
  0xB2DF, 0xBB3F, 0xD3FF, 0xCB7F, 0xA5B5, 0x94CF, 0x94D0, 0x9D95, 0xA296, 0x9F17, 0x9B3B, 0x977E, 0x8F9D, 0x8F9E, 0x8F9E, 0x93BE,
  0x8FBA, 0x9395, 0x9E8F, 0x9590, 0xA3FF, 0x8B9F, 0x93DF, 0x9B9F, 0x8EBF, 0x8EBF, 0x8EBF, 0x92BF, 0x971F, 0x9B5F, 0xA3FF, 0xB7FF,
  0xBBFF, 0xBBFF, 0xAFFF, 0xABFF, 0x9FFF, 0x9B7F, 0x91B7, 0x9573, 0xB69E, 0xC79F, 0xBB1F, 0xAE5E, 0xA595, 0xB27F, 0xB6FF, 0xC7DF,
  0xCFFF, 0xBAFF, 0xA171, 0x94CA, 0x90EB, 0x952C, 0x916E, 0x9F16, 0x9B56, 0x9375, 0x8F75, 0x8F75, 0x8F74, 0x9393, 0x9B72, 0x99ED,
  0x95B3, 0x9F3F, 0x9AFF, 0x91B6, 0x92DF, 0x931F, 0x8EDF, 0x9BFF, 0xAFFF, 0xAFFF, 0xB3FF, 0xAFFF, 0xB7FF, 0x9B3F, 0x971F, 0x969C,
  0x99B5, 0x99B7, 0xBEFF, 0xC35F, 0xCBFF, 0xBB3F, 0xAE3C, 0x9D52, 0xA132, 0x9911, 0xAE3D, 0xB2BF, 0xBB3F, 0xC39F, 0xBF5F, 0xC79F,
  0xB27D, 0xAE1A, 0xA9F8, 0x8CEA, 0x8D28, 0x96B0, 0x9732, 0x9B11, 0x9B31, 0x9B31, 0x9B30, 0xA710, 0xA1EB, 0x950B, 0x90EB, 0xA234,
  0xBBFF, 0xB3FF, 0xB3FF, 0xB3FF, 0xAFFF, 0xB3FF, 0xA37F, 0x95D4, 0x99D5, 0xA5D6, 0xA194, 0xAA3A, 0xCB9F, 0xCFDF, 0xBF7F, 0xCFFF,
  0xBF3F, 0xA1B7, 0x990F, 0x9D0F, 0xB1D8, 0xA155, 0x9D32, 0x8CAD, 0xB23B, 0xA61C, 0xB2FF, 0xD3FF, 0xC3BF, 0xC3BF, 0xBF7F, 0xBB1F,
  0xBF3F, 0xB31F, 0x9590, 0x956C, 0x956C, 0x914B, 0x914B, 0x914A, 0x9529, 0x90A7, 0x90A7, 0x996D, 0x95B0, 0x9590, 0x95B0, 0x95B1,
  0x95B1, 0x9590, 0xAA3A, 0xBF1F, 0xAE9F, 0xBB3F, 0xD3FF, 0xBF5F, 0xBF7F, 0xBB3F, 0xB2BF, 0xB27D, 0x9930, 0x94CE, 0xA997, 0xADB7,
  0xA996, 0xADDB, 0xADFB, 0xA9F8, 0x98EF, 0x8C8A, 0xAE3A, 0xB6DF, 0xAA5D, 0xAE9F, 0xCBFF, 0xD3FF, 0xD3FF, 0xB73F, 0xCFFF, 0xD3FF,
  0xCFFF, 0xD3FF, 0xCBBF, 0xCFDF, 0xCBDF, 0xCBDF, 0xCFFF, 0xCBDF, 0xCFDF, 0xC33F, 0xC77F, 0xCBDF, 0xCBDF, 0xCBDF, 0xCFFF, 0xB33F,
  0xC7FF, 0xCBFF, 0xB2FF, 0xAE7E, 0xC73F, 0xA9F9, 0x9930, 0x94CE, 0xA9B7, 0xB65E, 0xB65F, 0xB1D7, 0x98EC, 0xA596, 0xA5B8, 0xB25E,
  0xB25E, 0xA9D7, 0x990F, 0x90AB, 0x8CAB, 0xA5D7, 0xB6DF, 0xB2BF, 0xB6DF, 0xAE9F, 0xBB5F, 0xD3FF, 0xD3FF, 0xCFFF, 0xB71F, 0xB2FF,
  0xC3DF, 0xC3DF, 0xC3BF, 0xC3DF, 0xBF7F, 0xAA9F, 0xC39F, 0xC7FF, 0xCBFF, 0xBF7F, 0xAE7F, 0xAE7E, 0xBAFF, 0xBAFF, 0xA194, 0x990E,
  0x990E, 0x94CC, 0xADD9, 0xAE1D, 0xAE5F, 0xAE3E, 0xA5B7, 0xAD6F, 0x94A6, 0xA573, 0xA9B9, 0xA1D9, 0xAA3E, 0xAA1B, 0xA5B6, 0xADFA,
  0xB21B, 0x9D52, 0x94CD, 0x94EF, 0x90EF, 0x94EF, 0xA5F9, 0xB27F, 0xAE7E, 0xAE5C, 0xA9FA, 0xAE3C, 0xAE5D, 0xAE5D, 0xAE5D, 0xB27E,
  0xA5F9, 0xA5B8, 0xB27F, 0xAE7F, 0xB29F, 0xA1B7, 0x90CD, 0x990F, 0x950F, 0x990F, 0x90CD, 0xA5B6, 0xB23C, 0xAE1B, 0x9D97, 0xB27F,
  0xAE3D, 0xADFB, 0xA996, 0xA52B, 0xFFFF, 0x90AA, 0xADB8, 0xA9D9, 0xB25F, 0xAE3C, 0xA5B8, 0xA5FB, 0xAA3E, 0xA5FB, 0xA5B8, 0xADFA,
  0xB23D, 0xB23D, 0x9911, 0x90AC, 0x94CC, 0x90AC, 0x94CD, 0x94EE, 0x94CD, 0x90CD, 0x90CD, 0x94CE, 0x90EE, 0x94EF, 0x94EF, 0x94CE,
  0x90CE, 0x9D33, 0xB21B, 0xAE1B, 0x9D54, 0xA597, 0xB23D, 0xAA3D, 0xB25F, 0xAA1C, 0xB67F, 0xBABF, 0xADFA, 0xA596, 0xA10F, 0xEF7C,
  0xFFFF, 0xAD6D, 0x90AC, 0xA9B8, 0xA5B9, 0xA5D9, 0xA1B8, 0xBAFF, 0xB6FF, 0xC35F, 0xBAFF, 0xA5FC, 0xAE7F, 0xAA5F, 0xAE5E, 0xAE3D,
  0xA9FA, 0xA9D9, 0xB25D, 0xB69F, 0xB69F, 0xB69F, 0xB69F, 0xB69F, 0xB6BF, 0xB6BF, 0xAE1D, 0xA9FB, 0xB27F, 0xAA5F, 0xA61D, 0xAA3E,
  0xAE3D, 0xB25E, 0xB29F, 0xBADF, 0xBEFF, 0xA198, 0xA197, 0xA197, 0xADD9, 0x9D11, 0xA0E9, 0xFFFF, 0xFFFF, 0xFFFF, 0x98C9, 0xADB7,
  0xA9FB, 0xB27F, 0xA5DA, 0x9D97, 0xAE5F, 0xA65F, 0xA63E, 0xA61D, 0xBB1F, 0xCBBF, 0xC37F, 0xC37F, 0xB2DF, 0xAE7F, 0xA63D, 0xA23E,
  0xA23E, 0xA63E, 0xA65E, 0xA65F, 0xAA7F, 0xA65F, 0xAE7F, 0xBB1F, 0xCBBF, 0xC37F, 0xC79F, 0xBB1F, 0xA5FB, 0xA5FA, 0xA1FB, 0xAA1C,
  0xA5D9, 0xADFB, 0xBA7F, 0xADFB, 0xB21B, 0x8C67, 0xF7BD, 0xFFFF, 0xFFFF, 0xFFFF, 0xEF7C, 0x8C89, 0xB21C, 0xA61C, 0xAE1C, 0xAE1C,
  0xAA3E, 0xC35F, 0xBB1F, 0xAE5F, 0xAE9F, 0xA23D, 0xA65E, 0xA65F, 0xA1FC, 0xA63D, 0xC37F, 0xC39F, 0xC39F, 0xC79F, 0xC79F, 0xC7BF,
  0xC7DF, 0xC39F, 0xAA9F, 0xA21D, 0xA65F, 0xA65F, 0xA23D, 0xAA5E, 0xAA1B, 0xB69F, 0xBADF, 0xBABF, 0xA5D9, 0xA9FA, 0xAE3D, 0xADB9,
  0x94CD, 0xCE74, 0xFFFF, 0xFFFF, 0xFFFF, 0xFFFF, 0xFFFF, 0xC211, 0x90CD, 0xB67F, 0xA5FB, 0xA5D9, 0xB27F, 0xA63E, 0xAA5E, 0x9997,
  0xAA5E, 0xC37F, 0xBB3F, 0xBF5F, 0xB6FF, 0xAA5E, 0xA63E, 0xAA7F, 0xA67F, 0xAA7F, 0xAA9F, 0xAABF, 0xAEBF, 0xA67F, 0xAA9F, 0xBB1F,
  0xC35F, 0xBB3F, 0xBF5F, 0xAE7F, 0x9975, 0xA5D9, 0xA5DA, 0xA5D9, 0xA5D8, 0xB65E, 0xB23E, 0x98EE, 0xB5AE, 0xFFFF, 0xFFFF, 0xFFFF,
  0xFFFF, 0xFFFF, 0xFFFF, 0xFFFF, 0xAD8E, 0x9510, 0xB21C, 0xADFB, 0xA1B9, 0xBAFF, 0xBAFF, 0xAE5E, 0xB27F, 0x9DFC, 0xA25E, 0xA67F,
  0x9DFC, 0xA63D, 0xBF3F, 0xC37F, 0xC37F, 0xC37F, 0xC39F, 0xC39F, 0xC79F, 0xC35F, 0xA65F, 0xA63E, 0xAA7F, 0xAA7F, 0xA65F, 0xAE7F,
  0xAA1C, 0xB69F, 0xBABF, 0xA9FA, 0xA9D9, 0xA596, 0x990F, 0xB5B0, 0xFFFF, 0xFFFF, 0xFFFF, 0xFFFF, 0xFFFF, 0xFFFF, 0xFFFF, 0xFFFF,
  0xFFFF, 0xCE95, 0x9D0C, 0x9D32, 0x9D54, 0xA5D9, 0xAA3D, 0x9D98, 0x9D97, 0xB29F, 0xBB3F, 0xBB3F, 0xB6FF, 0xAE9F, 0xA23E, 0xAA9F,
  0xAA9F, 0xAA9F, 0xAA9F, 0xAA9F, 0xAABF, 0xA65F, 0xAE7F, 0xBB1F, 0xBF5F, 0xBF3F, 0xBF1F, 0xA1DA, 0xA1D9, 0xB25F, 0xA5DA, 0xA195,
  0x990F, 0x98C9, 0xC632, 0xFFFF, 0xFFFF, 0xFFFF, 0xFFFF, 0xFFFF, 0xFFFF, 0xFFFF, 0xFFFF, 0xFFFF, 0xFFFF, 0xFFFF, 0xFFFF, 0xCE74,
  0xBE12, 0x992F, 0xA196, 0xA9FA, 0xADFB, 0xA1B9, 0xAA3D, 0xAA3E, 0xA61C, 0xAA3E, 0xBB1F, 0xC37F, 0xC37F, 0xC37F, 0xC39F, 0xC37F,
  0xC39F, 0xBF3F, 0xAA5F, 0xA63D, 0xA63E, 0xAA5F, 0xAA3D, 0xA5DA, 0xB67F, 0xA597, 0x9D10, 0xB18F, 0xC611, 0xFFFF, 0xFFFF, 0xFFFF,
  0xFFFF, 0xFFFF, 0xFFFF, 0xFFFF, 0xFFFF, 0xFFFF, 0xFFFF, 0xFFFF, 0xFFFF, 0xFFFF, 0xFFFF, 0xFFFF, 0xFFFF, 0xCE74, 0xB5AF, 0xA572,
  0xA173, 0xA9B6, 0xB67E, 0xAE5E, 0xB6BF, 0xB27F, 0xA1FB, 0xA63E, 0xA63D, 0xA63D, 0xA63D, 0xA63D, 0xA63E, 0xA1FB, 0xA5FC, 0xBEFF,
  0xB29F, 0xB25E, 0xB63B, 0xA153, 0xA995, 0xB1B0, 0xB5AD, 0xFFFF, 0xFFFF, 0xFFFF, 0xFFFF, 0xFFFF, 0xFFFF, 0xFFFF, 0xFFFF, 0xFFFF,
};
#define assets_c12_W 44
#define assets_c12_H 44

static const unsigned short assets_c13[1936] = {
  0xFFFF, 0xFFFF, 0xFFFF, 0xFFFF, 0xFFFF, 0xFFFF, 0xFFFF, 0xFFFF, 0xFFFF, 0xFFFF, 0xFFFF, 0xFFFF, 0xFFFF, 0xFFFF, 0xFFFF, 0xFFFF,
  0xFFFF, 0xFFFF, 0xFFFF, 0xFFFF, 0xFFFF, 0xFFFF, 0xFFFF, 0xFFFF, 0xFFFF, 0xFFFF, 0xFFFF, 0xFFFF, 0xFFFF, 0xFFFF, 0x90A8, 0xB65C,
  0xBF1F, 0xB6FF, 0xB29F, 0xB25F, 0xADFB, 0xA9DA, 0xB1FB, 0xADB9, 0xA174, 0xA174, 0xA572, 0xA52B, 0xFFFF, 0xFFFF, 0xFFFF, 0xFFFF,
  0xFFFF, 0xFFFF, 0xFFFF, 0xFFFF, 0xFFFF, 0xFFFF, 0xFFFF, 0xFFFF, 0xFFFF, 0xFFFF, 0xFFFF, 0xFFFF, 0xFFFF, 0xFFFF, 0xFFFF, 0xFFFF,
  0xFFFF, 0xFFFF, 0xFFFF, 0xFFFF, 0xFFFF, 0xFFFF, 0xFFFF, 0xFFFF, 0xFFFF, 0x9D2C, 0xB23C, 0xBAFF, 0xB6DF, 0xB27F, 0xAE1D, 0xA9B9,
  0xADB9, 0xA976, 0xA553, 0xA12F, 0x9CE9, 0xA52B, 0xA109, 0xFFFF, 0xFFFF, 0xFFFF, 0xFFFF, 0xFFFF, 0xFFFF, 0xFFFF, 0xFFFF, 0xFFFF,
  0xFFFF, 0xFFFF, 0xFFFF, 0xFFFF, 0xFFFF, 0xFFFF, 0xFFFF, 0xFFFF, 0xFFFF, 0xFFFF, 0xFFFF, 0xFFFF, 0xFFFF, 0xFFFF, 0xFFFF, 0xFFFF,
  0xFFFF, 0xFFFF, 0xFFFF, 0xFFFF, 0x9D0E, 0xB25E, 0xBAFF, 0xBADF, 0xAE3E, 0xADDB, 0xADD9, 0xA554, 0x9D0F, 0x98CA, 0x9CE8, 0xD295,
  0xFFFF, 0xFFFF, 0xFFFF, 0xFFFF, 0xFFFF, 0xFFFF, 0xFFFF, 0xFFFF, 0xFFFF, 0xFFFF, 0xFFFF, 0xFFFF, 0xFFFF, 0xFFFF, 0xFFFF, 0xFFFF,
  0xFFFF, 0xFFFF, 0xFFFF, 0xFFFF, 0xFFFF, 0xFFFF, 0xFFFF, 0xFFFF, 0xFFFF, 0xFFFF, 0xFFFF, 0xFFFF, 0xFFFF, 0xFFFF, 0xD6B6, 0x90EE,
  0xBABF, 0xBAFF, 0xB6BF, 0xA9FC, 0xA9DA, 0xADB8, 0x94CD, 0x9CE9, 0xB18C, 0xF7BD, 0xFFFF, 0xFFFF, 0xFFFF, 0xFFFF, 0xFFFF, 0xFFFF,
  0xFFFF, 0xFFFF, 0xFFFF, 0xFFFF, 0xFFFF, 0xFFFF, 0xFFFF, 0xFFFF, 0xFFFF, 0xFFFF, 0xFFFF, 0xFFFF, 0xFFFF, 0xFFFF, 0xFFFF, 0xFFFF,
  0xFFFF, 0xFFFF, 0xFFFF, 0xFFFF, 0xFFFF, 0xFFFF, 0xFFFF, 0xFFFF, 0xFFFF, 0xB18E, 0x9931, 0xBEFF, 0xBADF, 0xB69F, 0xA9DB, 0xADDA,
  0xA152, 0x9D0C, 0xB5AE, 0xFFFF, 0xFFFF, 0xFFFF, 0xFFFF, 0xFFFF, 0xFFFF, 0xFFFF, 0xFFFF, 0xFFFF, 0xFFFF, 0xFFFF, 0xFFFF, 0xFFFF,
  0xFFFF, 0xFFFF, 0xFFFF, 0xFFFF, 0xFFFF, 0xFFFF, 0xFFFF, 0xFFFF, 0xFFFF, 0xFFFF, 0xFFFF, 0xFFFF, 0xFFFF, 0xFFFF, 0xFFFF, 0xFFFF,
  0xFFFF, 0xFFFF, 0xFFFF, 0xFFFF, 0x98EB, 0xA9F9, 0xC31F, 0xBAFF, 0xB27F, 0xADDB, 0xADB8, 0xA131, 0xA109, 0xF7BD, 0xFFFF, 0xFFFF,
  0xFFFF, 0xFFFF, 0xFFFF, 0xFFFF, 0xFFFF, 0xFFFF, 0xFFFF, 0xFFFF, 0xFFFF, 0xFFFF, 0xFFFF, 0xFFFF, 0xFFFF, 0xFFFF, 0xFFFF, 0xFFFF,
  0xFFFF, 0xFFFF, 0xFFFF, 0xFFFF, 0xFFFF, 0xFFFF, 0xFFFF, 0xFFFF, 0xFFFF, 0xFFFF, 0xFFFF, 0xFFFF, 0xFFFF, 0xFFFF, 0xD6B8, 0x990C,
  0xBABF, 0xC33F, 0xBADF, 0xB25F, 0xADFC, 0xA975, 0x8C89, 0xB5AE, 0xFFFF, 0xFFFF, 0xFFFF, 0xFFFF, 0xFFFF, 0xFFFF, 0xFFFF, 0xFFFF,
  0xFFFF, 0xFFFF, 0xFFFF, 0xFFFF, 0xFFFF, 0xFFFF, 0xFFFF, 0xFFFF, 0xFFFF, 0xFFFF, 0xFFFF, 0xFFFF, 0xFFFF, 0xFFFF, 0xFFFF, 0xFFFF,
  0xFFFF, 0xFFFF, 0xFFFF, 0xFFFF, 0xFFFF, 0xFFFF, 0xFFFF, 0xFFFF, 0xFFFF, 0xA14E, 0xA5B8, 0xBEFF, 0xB6BF, 0xBADF, 0xB23F, 0xB1FC,
  0xA154, 0x9D0C, 0xDEF8, 0xFFFF, 0xFFFF, 0xFFFF, 0xFFFF, 0xFFFF, 0xFFFF, 0xFFFF, 0xFFFF, 0xFFFF, 0xFFFF, 0xFFFF, 0xFFFF, 0xFFFF,
  0xFFFF, 0xFFFF, 0xFFFF, 0xFFFF, 0xFFFF, 0xFFFF, 0xFFFF, 0xFFFF, 0xFFFF, 0xFFFF, 0xFFFF, 0xFFFF, 0xFFFF, 0xFFFF, 0xFFFF, 0xFFFF,
  0xFFFF, 0xFFFF, 0xFBBE, 0xA970, 0x9510, 0xB27F, 0xC31F, 0xB25F, 0xAE1D, 0xADDB, 0xADB9, 0x98EF, 0xB1B0, 0xFFFF, 0xFFFF, 0xFFFF,
  0xFFFF, 0xFFFF, 0xFFFF, 0xFFFF, 0xFFFF, 0xFFFF, 0xFFFF, 0xFFFF, 0xFFFF, 0xFFFF, 0xFFFF, 0xFFFF, 0xFFFF, 0xFFFF, 0xFFFF, 0xFFFF,
  0xFFFF, 0xFFFF, 0xFFFF, 0xFFFF, 0xFFFF, 0xFFFF, 0xFFFF, 0xFBDE, 0xBDEF, 0xA507, 0xA507, 0xCA51, 0xDEF7, 0xA56F, 0x9952, 0xB69F,
  0xBF1F, 0xB6BF, 0xB25F, 0xADDA, 0xADB8, 0xA132, 0x94CB, 0xD2B5, 0xFFFF, 0xFFFF, 0xFFFF, 0xFFFF, 0xFFFF, 0xFFFF, 0xFFFF, 0xFFFF,
  0xFFFF, 0xFFFF, 0xFFFF, 0xFFFF, 0xFFFF, 0xFFFF, 0xFFFF, 0xFFFF, 0xFFFF, 0xFFFF, 0xFFFF, 0xFFFF, 0xFFFF, 0xFFFF, 0xFFFF, 0xFFFF,
  0xFFFF, 0xFFFF, 0xCE52, 0xB149, 0xD670, 0xFFFF, 0xFFFF, 0xCE2F, 0x8C67, 0xBA9F, 0xC35F, 0xB6DF, 0xB69F, 0xA5B9, 0xADB8, 0xA574,
  0x8C69, 0x98C9, 0xE739, 0xFFFF, 0xFFFF, 0xFFFF, 0xFFFF, 0xFFFF, 0xFFFF, 0xFFFF, 0xFFFF, 0xFFFF, 0xFFFF, 0xFFFF, 0xFFFF, 0xFFFF,
  0xFFFF, 0xFFFF, 0xFFFF, 0xFFFF, 0xFFFF, 0xFFFF, 0xFFFF, 0xFFFF, 0xFFFF, 0xFFFF, 0xFFFF, 0xFFFF, 0xB18B, 0x98A4, 0xE2B3, 0xFFFF,
  0xFFFF, 0xFFFF, 0xFFFD, 0xFF98, 0xB9D0, 0xB67F, 0xB6BF, 0xB25F, 0xA9DA, 0xADB9, 0x90AC, 0x98EA, 0xE318, 0xFFFF, 0xFFFF, 0xFFFF,
  0xFFFF, 0xFFFF, 0xFFFF, 0xFFFF, 0xFFFF, 0xFFFF, 0xFFFF, 0xFFFF, 0xFFFF, 0xFFFF, 0xFFFF, 0xFFFF, 0xFFFF, 0xFFFF, 0xFFFF, 0xFFFF,
  0xFFFF, 0xFFFF, 0xFFFF, 0xFFFF, 0xFFFF, 0xFFFF, 0xFFFF, 0xCA30, 0xCA0E, 0xFFFD, 0xFFFF, 0xFFFF, 0xFFB9, 0xF756, 0xEAF2, 0xF756,
  0xD24F, 0xA570, 0xADDA, 0xADBA, 0xAD97, 0x908A, 0xCA33, 0xFFFF, 0xFFFF, 0xFFFF, 0xFFFF, 0xFFFF, 0xFFFF, 0xFFFF, 0xFFFF, 0xFFFF,
  0xFFFF, 0xFFFF, 0xFFFF, 0xFFFF, 0xFFFF, 0xFFFF, 0xFFFF, 0xFFFF, 0xFFFF, 0xFFFF, 0xFFFF, 0xFFFF, 0xFFFF, 0xFFFF, 0xFFFF, 0xFFFF,
  0xFFFF, 0xFFFF, 0xFFFF, 0xB56A, 0xEF15, 0xFFFF, 0xFFFF, 0xEF34, 0xEAF2, 0xF314, 0xF335, 0xF314, 0xFB56, 0xAD29, 0x9CEE, 0x98EE,
  0x8846, 0xD295, 0xFFFF, 0xFFFF, 0xFFFF, 0xFFFF, 0xFFFF, 0xFFFF, 0xFFFF, 0xFFFF, 0xFFFF, 0xFFFF, 0xFFFF, 0xFFFF, 0xFFFF, 0xFFFF,
  0xFFFF, 0xFFFF, 0xFFFF, 0xFFFF, 0xFFFF, 0xFFFF, 0xFFFF, 0xFFFF, 0xFFFF, 0xFFFF, 0xFFFF, 0xFFFF, 0xFFFF, 0xFFFF, 0xFBDF, 0x8C64,
  0xA0C6, 0xEAF4, 0xFF98, 0xE6D2, 0xF313, 0xF313, 0xF314, 0xF314, 0xEED2, 0xCDED, 0x8842, 0xE319, 0xFFFF, 0xFFFF, 0xFFFF, 0xFFFF,
  0xFFFF, 0xFFFF, 0xFFFF, 0xFFFF, 0xFFFF, 0xFFFF, 0xFFFF, 0xFFFF, 0xFFFF, 0xFFFF, 0xFFFF, 0xFFFF, 0xFFFF, 0xFFFF, 0xFFFF, 0xFFFF,
  0xFFFF, 0xFFFF, 0xFFFF, 0xFFFF, 0xFFFF, 0xFFFF, 0xFFFF, 0xFFFF, 0xFFFF, 0xFFFF, 0xAD92, 0xB21B, 0xA573, 0x9064, 0xEF15, 0xFB77,
  0xEAF2, 0xF313, 0xEAD2, 0xE270, 0xE26F, 0xE270, 0xA4E6, 0xFFFF, 0xFFFF, 0xFFFF, 0xFFFF, 0xFFFF, 0xFFFF, 0xFFFF, 0xFFFF, 0xFFFF,
  0xFFFF, 0xFFFF, 0xFFFF, 0xFFFF, 0xFFFF, 0xFFFF, 0xFFFF, 0xFFFF, 0xFFFF, 0xFFFF, 0xFFFF, 0xFFFF, 0xFFFF, 0xFFFF, 0xFFFF, 0xFFFF,
  0xFFFF, 0xFFFF, 0xFFFF, 0xFFFF, 0xFFFF, 0xDAD6, 0x90CE, 0xB69F, 0xBABF, 0xA993, 0xBDAD, 0xEAF3, 0xEF13, 0xE290, 0xDA2E, 0xDE4F,
  0xDE4F, 0xE270, 0xDA50, 0xCA30, 0xDAD6, 0xFFFF, 0xFFFF, 0xFFFF, 0xFFFF, 0xFFFF, 0xFFFF, 0xFFFF, 0xFFFF, 0xFFFF, 0xFFFF, 0xFFFF,
  0xFFFF, 0xFFFF, 0xFFFF, 0xFFFF, 0xFFFF, 0xFFFF, 0xFFFF, 0xFFFF, 0xFFFF, 0xFFFF, 0xFFFF, 0xFFFF, 0xFFFF, 0xFFFF, 0xFFFF, 0xFFFF,
  0xFFFF, 0xDAD6, 0x90CC, 0xB25F, 0xAE3F, 0xB1FB, 0xA0EC, 0xE2B2, 0xF314, 0xD60D, 0xDE4F, 0xDE4F, 0xE26F, 0xE691, 0xEED3, 0xCE0D,
  0xB96A, 0xCA31, 0xFFFF, 0xFFFF, 0xFFFF, 0xFFFF, 0xFFFF, 0xFFFF, 0xFFFF, 0xFFFF, 0xFFFF, 0xFFFF, 0xFFFF, 0xFFFF, 0xFFFF, 0xFFFF,
  0xFFFF, 0xFFFF, 0xFFFF, 0xFFFF, 0xFFFF, 0xFFFF, 0xFFFF, 0xFFFF, 0xFFFF, 0xFFFF, 0xFFFF, 0xFFFF, 0xFFFF, 0xFFFF, 0x98EB, 0xADB8,
  0xB1FB, 0xA974, 0x9087, 0xCE0E, 0xEAD2, 0xDA2E, 0xDE4F, 0xE270, 0xE691, 0xE6B1, 0xE691, 0xF2F3, 0xF315, 0xB98A, 0xB9AD, 0xBDEF,
  0xFFFF, 0xFFFF, 0xFFFF, 0xFFFF, 0xFFFF, 0xFFFF, 0xFFFF, 0xFFFF, 0xFFFF, 0xFFFF, 0xFFFF, 0xFFFF, 0xFFFF, 0xFFFF, 0xFFFF, 0xFFFF,
  0xFFFF, 0xFFFF, 0xFFFF, 0xFFFF, 0xFFFF, 0xFFFF, 0xFFFF, 0xFFFF, 0xFFFF, 0xFFFF, 0xFFFF, 0x8846, 0x90A9, 0x94C8, 0x9CE7, 0xB148,
  0xE6B2, 0xDE4F, 0xE270, 0xE691, 0xE691, 0xE691, 0xEAD2, 0xF735, 0xFB77, 0xFFB8, 0xDE91, 0xC60E, 0xB16A, 0xBDCE, 0xCE72, 0xCE52,
  0xCA52, 0xFFFF, 0xFFFF, 0xFFFF, 0xFFFF, 0xFFFF, 0xFFFF, 0xFFFF, 0xFFFF, 0xFFFF, 0xFFFF, 0xFFFF, 0xFFFF, 0xFFFF, 0xFFFF, 0xFFFF,
  0xFFFF, 0xFFFF, 0xFFFF, 0xFFFF, 0xFFFF, 0xFFFF, 0xFFFF, 0xFFFF, 0xFFFF, 0xFFFF, 0xEB5A, 0x9CA4, 0xF315, 0xEAD2, 0xE691, 0xE691,
  0xE691, 0xEEF3, 0xF755, 0xFB76, 0xFB76, 0xFB76, 0xFF98, 0xFF98, 0xE6F4, 0xDEB2, 0xFFDB, 0xFFFF, 0xB5AC, 0xDEF7, 0xFFFF, 0xFFFF,
  0xFFFF, 0xFFFF, 0xFFFF, 0xFFFF, 0xFFFF, 0xFFFF, 0xFFFF, 0xFFFF, 0xFFFF, 0xFFFF, 0xFFFF, 0xFFFF, 0xFFFF, 0xFFFF, 0xFFFF, 0xFFFF,
  0xFFFF, 0xFFFF, 0xFFFF, 0xFFFF, 0xFFFF, 0xFFFF, 0xFFFF, 0xCE51, 0xDE92, 0xFF99, 0xE691, 0xE6B1, 0xF314, 0xFB76, 0xF755, 0xFB75,
  0xF776, 0xF776, 0xFB76, 0xFB76, 0xFB97, 0xFFFF, 0xFFFF, 0xFFFF, 0x94A5, 0xEB5A, 0xFFFF, 0xFFFF, 0xFFFF, 0xFFFF, 0xFFFF, 0xFFFF,
  0xFFFF, 0xFFFF, 0xFFFF, 0xFFFF, 0xFFFF, 0xFFFF, 0xFFFF, 0xFFFF, 0xFFFF, 0xFFFF, 0xFFFF, 0xFFFF, 0xFFFF, 0xFFFF, 0xFFFF, 0xFFFF,
  0xFFFF, 0xFFFF, 0xFFFF, 0xE738, 0x9CC4, 0xFB78, 0xF314, 0xEEF3, 0xFB76, 0xFB55, 0xFB55, 0xFB75, 0xF775, 0xF776, 0xF775, 0xF776,
  0xFFFF, 0xFFFF, 0xFFFF, 0xB18A, 0xD294, 0xFFFF, 0xFFFF, 0xFFFF, 0xFFFF, 0xFFFF, 0xFFFF, 0xFFFF, 0xFFFF, 0xFFFF, 0xFFFF, 0xFFFF,
  0xFFFF, 0xFFFF, 0xFFFF, 0xFFFF, 0xFFFF, 0xFFFF, 0xFFFF, 0xFFFF, 0xFFFF, 0xFFFF, 0xFFFF, 0xFFFF, 0xFFFF, 0xFFFF, 0xFFFF, 0xDEF7,
  0x8C21, 0xEAF4, 0xFFD9, 0xF755, 0xFB76, 0xF755, 0xFB55, 0xFB75, 0xF775, 0xF755, 0xFFB8, 0xFFFF, 0xFFFF, 0xFFFF, 0xFFFC, 0x990C,
  0xC69B, 0xB5D0, 0xBDF1, 0xFFFF, 0xFFFF, 0xFFFF, 0xFFFF, 0xFFFF, 0xFFFF, 0xFFFF, 0xFFFF, 0xFFFF, 0xFFFF, 0xFFFF, 0xFFFF, 0xFFFF,
  0xFFFF, 0xFFFF, 0xFFFF, 0xFFFF, 0xFFFF, 0xFFFF, 0xFFFF, 0xFFFF, 0xFFFF, 0xEF7B, 0xA94B, 0xBA17, 0x98EB, 0xCE0E, 0xFFFB, 0xF755,
  0xFB76, 0xFB76, 0xFB76, 0xF755, 0xF754, 0xFFFA, 0xFFFF, 0xFFFF, 0xFFFF, 0xFFFF, 0xA56E, 0xC73F, 0xC33F, 0xB29F, 0xBEFF, 0xA9B5,
  0x90CA, 0x90A8, 0xF79D, 0xFFFF, 0xFFFF, 0xFFFF, 0xFFFF, 0xFFFF, 0xFFFF, 0xFFFF, 0xFFFF, 0xFFFF, 0xFFFF, 0xFFFF, 0xFFFF, 0xFFFF,
  0xFFFF, 0xFFFF, 0xFFFF, 0xFFFF, 0xE319, 0x9950, 0xB25E, 0xBADF, 0x990F, 0xC9ED, 0xFFFA, 0xFB55, 0xFB76, 0xF755, 0xF776, 0xFF98,
  0xFFFF, 0xFFFF, 0xFFFF, 0xFFFF, 0xEF58, 0x990C, 0xB69F, 0xC79F, 0xC7BF, 0xBF5F, 0xBF5F, 0xC37F, 0xCB9F, 0xC73F, 0xADF6, 0xE33A,
  0xFFFF, 0xFFFF, 0xFFFF, 0xFFFF, 0xFFFF, 0xFFFF, 0xFFFF, 0xFFFF, 0xFFFF, 0xFFFF, 0xFFFF, 0xFFFF, 0xFFFF, 0xFFFF, 0xFFFF, 0xF39C,
  0xA591, 0xCB7F, 0xBF5F, 0xCBBF, 0xA593, 0xBD89, 0xFFB8, 0xFB76, 0xFFB8, 0xFFFF, 0xFFFF, 0xFFFF, 0xFFFF, 0xFFFF, 0xFFFF, 0xD272,
  0xA170, 0xBF1F, 0xC35F, 0xC35F, 0xD3FF, 0xD7FF, 0xD7FF, 0xCBBF, 0xCBBF, 0xD7FF, 0xD3DF, 0xA9B4, 0xE739, 0xFFFF, 0xFFFF, 0xFFFF,
  0xFFFF, 0xFFFF, 0xFFFF, 0xFFFF, 0xFFFF, 0xFFFF, 0xFFFF, 0xFFFF, 0xFFFF, 0xFFFF, 0xFFFF, 0xE319, 0xB237, 0xD7FF, 0xC37F, 0xD3FF,
  0xAE17, 0x9441, 0xFF99, 0xFFFE, 0xFFFF, 0xFFFF, 0xFFFF, 0xFFFF, 0xFFFF, 0xEB37, 0xA0E7, 0x990D, 0xBF1F, 0xBF5F, 0xC35F, 0xD7FF,
  0xD7FF, 0xC77F, 0xD3FF, 0xD7FF, 0xD3FF, 0xBF5F, 0xD3FF, 0xB67C, 0xD273, 0xFFFF, 0xFFFF, 0xFFFF, 0xFFFF, 0xFFFF, 0xFFFF, 0xFFFF,
  0xFFFF, 0xFFFF, 0xFFFF, 0xFFFF, 0xFFFF, 0xFFFF, 0xFFFF, 0xEB5B, 0x910E, 0xE3FF, 0xD3FF, 0xCBDF, 0xC2FF, 0x94C9, 0xB1B1, 0xB5D2,
  0xB5D2, 0xB1B2, 0xB1B2, 0xB1B3, 0xADB2, 0xA9D5, 0xB27D, 0xB6DF, 0xB71F, 0xC37F, 0xD3FF, 0xD3FF, 0xCBDF, 0xD7FF, 0xDFFF, 0xDBFF,
  0xBF3F, 0xC37F, 0xE3FF, 0xAA17, 0xD6B5, 0xFFFF, 0xFFFF, 0xFFFF, 0xFFFF, 0xFFFF, 0xFFFF, 0xFFFF, 0xFFFF, 0xFFFF, 0xFFFF, 0xFFFF,
  0xFFFF, 0xFFFF, 0xFFFF, 0xEB5B, 0x888B, 0xBEDF, 0xDFFF, 0xD7FF, 0xCFFF, 0xBEFF, 0xBADF, 0xB6BF, 0xB6BF, 0xBF1F, 0xC77F, 0xC77F,
  0xCB9F, 0xCBBF, 0xCBDF, 0xC7BF, 0xC39F, 0xC7BF, 0xC79F, 0xC79F, 0xCFDF, 0xD3FF, 0xCFDF, 0xBF5F, 0xCBBF, 0xDFFF, 0xC75F, 0x8CAB,
  0xDAD5, 0xFFFF, 0xFFFF, 0xFFFF, 0xFFFF, 0xFFFF, 0xFFFF, 0xFFFF, 0xFFFF, 0xFFFF, 0xFFFF, 0xFFFF, 0xFFFF, 0xFFFF, 0xFFFF, 0xEB5A,
  0x94EE, 0xB21B, 0xAE3C, 0xC73F, 0xDBFF, 0xDBFF, 0xCFFF, 0xD3FF, 0xD3FF, 0xBF5F, 0xCBBF, 0xCBDF, 0xCBDF, 0xCFFF, 0xD3FF, 0xD3FF,
  0xCFFF, 0xD3FF, 0xCFDF, 0xC37F, 0xBADF, 0xCBBF, 0xC79F, 0xCFDF, 0xD7FF, 0xBA9F, 0xA9B8, 0x94ED, 0xDAD5, 0xFFFF, 0xFFFF, 0xFFFF,
  0xFFFF, 0xFFFF, 0xFFFF, 0xFFFF, 0xFFFF, 0xFFFF, 0xFFFF, 0xFFFF, 0xFFFF, 0xFFFF, 0xFFFF, 0xEB5A, 0x94EE, 0xB21B, 0xA9B8, 0xA132,
  0x9D53, 0xC73F, 0xCB9F, 0xD3DF, 0xD3DF, 0xC37F, 0xBF5F, 0xBF7F, 0xBF7F, 0xC37F, 0xC77F, 0xC79F, 0xC79F, 0xC39F, 0xC79F, 0xCBDF,
  0xCF9F, 0xBEFF, 0xDBFF, 0xC73F, 0xA597, 0xA997, 0xB1F9, 0x990E, 0xDAD6, 0xFFFF, 0xFFFF, 0xFFFF, 0xFFFF, 0xFFFF, 0xFFFF, 0xFFFF,
  0xFFFF, 0xFFFF, 0xFFFF, 0xFFFF, 0xFFFF, 0xFFFF, 0xFFFF, 0xEB5A, 0x94EE, 0xB21B, 0xADD9, 0xA974, 0xA974, 0xA9B8, 0xA598, 0xA9B7,
  0xA197, 0xC75F, 0xCBBF, 0xC77F, 0xC75F, 0xC77F, 0xC77F, 0xCB7F, 0xCB9F, 0xCB7F, 0xCB9F, 0xD7FF, 0xB67E, 0x94CF, 0xB21B, 0xA596,
  0xB1D9, 0xADD9, 0xB1D9, 0x98EF, 0xDAD6, 0xFFFF, 0xFFFF, 0xFFFF, 0xFFFF, 0xFFFF, 0xFFFF, 0xFFFF, 0xFFFF, 0xFFFF, 0xFFFF, 0xFFFF,
  0xFFFF, 0xFFFF, 0xFFFF, 0xEB5A, 0x94ED, 0xB1FA, 0xB1FA, 0xADD7, 0xA974, 0xADD8, 0xADB8, 0xADD8, 0xA9B8, 0xAE3D, 0xB27F, 0xA5B8,
  0xA596, 0xA597, 0xA597, 0xA5B7, 0xA9B9, 0xA9B8, 0xA9FB, 0xC33F, 0xB23C, 0xA110, 0xB5F9, 0xA553, 0xADD9, 0xADD9, 0xADD8, 0x98EE,
  0xDAD6, 0xFFFF, 0xFFFF, 0xFFFF, 0xFFFF, 0xFFFF, 0xFFFF, 0xFFFF, 0xFFFF, 0xFFFF, 0xFFFF, 0xFFFF, 0xFFFF, 0xFFFF, 0xFFFF, 0xEB5A,
  0x94CD, 0xB1D9, 0xADD9, 0xADD7, 0xA552, 0xADB7, 0xADB8, 0xADD9, 0xA9B8, 0xB25E, 0xB69F, 0xADDA, 0xADB8, 0xADB8, 0xADD8, 0xADD8,
  0xADD9, 0xADD9, 0xADFB, 0xBF1F, 0xB21C, 0x9CEF, 0xB5D8, 0xA553, 0xB1D8, 0xADD8, 0xADB7, 0x98ED, 0xD6B5, 0xFFFF, 0xFFFF, 0xFFFF,
  0xFFFF, 0xFFFF, 0xFFFF, 0xFFFF, 0xFFFF, 0xFFFF, 0xFFFF, 0xFFFF, 0xFFFF, 0xFFFF, 0xFFFF, 0xEF7B, 0x90CC, 0xB1FA, 0xA9B7, 0xAD95,
  0xA530, 0xAD95, 0xADD8, 0xADD8, 0xA9B8, 0xB23F, 0xB67F, 0xADDA, 0xA9B8, 0xADB8, 0xA996, 0xADD9, 0xADD9, 0xADB9, 0xA9FB, 0xBF1F,
  0xB23C, 0x9CEF, 0xAD74, 0xA952, 0xA995, 0xADD8, 0xB1FA, 0x94EE, 0xDEF7, 0xFFFF, 0xFFFF, 0xFFFF, 0xFFFF, 0xFFFF, 0xFFFF, 0xFFFF,
  0xFFFF, 0xFFFF, 0xFFFF, 0xFFFF, 0xFFFF, 0xFFFF, 0xFFFF, 0xCA51, 0x94CD, 0xB63D, 0xADB7, 0xA973, 0xA951, 0xA531, 0xADD7, 0xADD8,
  0xADFB, 0xB69F, 0xAE1C, 0xADD9, 0xADD8, 0xADB8, 0xA554, 0xB1D9, 0xADD9, 0xADD9, 0xA9FB, 0xBADF, 0xB67F, 0xA995, 0xA531, 0xAD73,
  0xA953, 0xA996, 0xB61C, 0x990F, 0xB18C, 0xFFFF, 0xFFFF, 0xE7F9, 0xFFFF, 0xFFFF, 0xFFFF, 0xFFFF, 0xFFFF, 0xFFFF, 0xFFFF, 0xFFFF,
  0xF7FD, 0xFFFF, 0xBEAE, 0x8423, 0xA9B5, 0xB21B, 0xADD8, 0xAD95, 0xA952, 0xA530, 0xB1D7, 0xADB8, 0xB27F, 0xBAFF, 0xAE1C, 0xADFA,
  0xA996, 0xADD8, 0xA574, 0xADD9, 0xADD9, 0xADB9, 0xADFA, 0xB6DF, 0xB6DF, 0xADFA, 0xA531, 0xA973, 0xA973, 0xA975, 0xB1FA, 0xADB7,
  0x8CA6, 0xDBB6, 0xE7F9, 0xDBF8, 0xFFFF, 0xFFFF, 0xFFFF, 0xFFFF, 0xFFFF, 0xFFFF, 0xFFFF, 0xFFFF, 0xFFFF, 0xC7D1, 0xB6AD, 0x98EB,
  0xB21A, 0xAE1A, 0xADD8, 0xAD95, 0xA973, 0xA10F, 0xB1D8, 0xA9B7, 0xB23D, 0xB6DF, 0xAE1B, 0xADD9, 0xADD8, 0xB1D8, 0xA574, 0xADD8,
  0xADB7, 0xADB8, 0xA9FA, 0xB6BF, 0xB2DF, 0xAE1B, 0xA531, 0xAD74, 0xA973, 0xA995, 0xADD9, 0xB21B, 0xA571, 0xA5E9, 0xC7F1, 0xC7F2,
  0xFFFF, 0xFFFF, 0xFFFF, 0xFFFF, 0xFFFF, 0xFFFF, 0xFFFF, 0xFBFF, 0xBFAF, 0xCB71, 0x94E7, 0xA572, 0xB21B, 0xADD8, 0xA995, 0xAD95,
  0xA972, 0xA10F, 0xB1F9, 0xA9B7, 0xAE3C, 0xBADF, 0xAE1B, 0xADD9, 0xADFA, 0xA995, 0xA532, 0xADB6, 0xA552, 0xADD8, 0xADD9, 0xB25E,
  0xB2BF, 0xB27F, 0xA573, 0xAD53, 0xAD74, 0xA975, 0xADD9, 0xADD9, 0xB1F9, 0xA12C, 0xAE2A, 0xC7F2, 0xFFFF, 0xFFFF, 0xFFFF, 0xFFFF,
  0xFFFF, 0xFFFF, 0xFFFF, 0xFFFF, 0xCFB2, 0xA9CC, 0xA573, 0xB21A, 0xADF9, 0xA994, 0xAD95, 0xA953, 0xA50F, 0xA530, 0xADB6, 0xA9B7,
  0xB25E, 0xB69F, 0xADFA, 0xADD9, 0xB1F9, 0xA974, 0xA510, 0xAD95, 0xA553, 0xADB6, 0xADD8, 0xADFB, 0xB2BF, 0xB6BF, 0xA995, 0xA4EF,
  0xAD95, 0xA974, 0xADB6, 0xB1F9, 0xADD8, 0xB1D7, 0x98EA, 0xA1A7, 0xDBF6, 0xFFFF, 0xFFFF, 0xFFFF, 0xFFFF, 0xFFFF, 0xFFFF, 0xFFFF,
  0x9D8A, 0xA9B5, 0xB65D, 0xADF9, 0xB1F8, 0xA552, 0xB1D5, 0xB5F6, 0xA0EE, 0xA530, 0xA953, 0xADFA, 0xB69F, 0xAE1B, 0xADD9, 0xB1FA,
  0xADB7, 0xA953, 0xA50F, 0xAD95, 0xAD96, 0xA132, 0xADB7, 0xA9D9, 0xB29F, 0xB6BF, 0xA9B6, 0xA4EE, 0xAD73, 0xAD94, 0xA973, 0xA995,
  0xB1D8, 0xADD7, 0xB1D6, 0xA10D, 0x9907, 0xC370, 0xFFFF, 0xFFFF, 0xFFFF, 0xFFFF, 0xDB57, 0x9D4C, 0xA9B6, 0xB21B, 0xA595, 0xAD95,
  0xB1B6, 0xA12F, 0xBA34, 0xB1F4, 0xA0EE, 0xA930, 0xA553, 0xB67F, 0xBADF, 0xAE1B, 0xADDA, 0xB1F9, 0xA973, 0xA952, 0xA10E, 0xAD95,
  0xAD95, 0xA531, 0xB1B7, 0xADF9, 0xB27F, 0xB6DF, 0xB21B, 0x9CCD, 0xA50F, 0xAD74, 0xAD93, 0xA991, 0xA953, 0xAD95, 0xB1B7, 0xB5F9,
  0xB1B4, 0x9927, 0xDFB6, 0xFFFF, 0xFFFF, 0xE3B8, 0x992A, 0xA574, 0xB63B, 0xA995, 0xA994, 0xAD92, 0xA10C, 0xA5AB, 0xBED0, 0x9D2A,
  0xA0EB, 0xA50E, 0xA553, 0xB27F, 0xBADF, 0xAE1B, 0xADD9, 0xB1F9, 0xA953, 0xA952, 0xA10E, 0xA974, 0xA995, 0xA531, 0xADB7, 0xADFA,
  0xB25E, 0xB6BF, 0xB69F, 0xA552, 0xA0ED, 0xA50D, 0xA54C, 0xBAF0, 0xA16C, 0xA951, 0xAD94, 0xAD95, 0xB5D7, 0xA92E, 0x94E4, 0xFFFF,
};
#define assets_c13_W 44
#define assets_c13_H 44

static const unsigned short assets_c14[1936] = {
  0xCE0D, 0xDE70, 0xE6B2, 0xD62F, 0xF714, 0xE6AF, 0xFFFF, 0xEF32, 0xFFFE, 0xD24C, 0xFFFE, 0xFFFF, 0xFFFF, 0xFFFF, 0xFFFF, 0xFFFF,
  0xFFFF, 0xFFFF, 0xFFFF, 0xFFFF, 0xFFFF, 0xFFFF, 0xFFFF, 0xFFFF, 0xFFFF, 0xFFFF, 0xFFFF, 0xFFFF, 0xFFFF, 0xFFFF, 0xFFFF, 0xFFFF,
  0xFFFF, 0xFFFF, 0xFFFF, 0xFFFF, 0xFFFF, 0xFFFF, 0xFFFF, 0xFFFF, 0xFFFF, 0xFFFF, 0xFFFF, 0xFFFF, 0xFFD9, 0xEAF3, 0xFFF9, 0xFFD8,
  0xD60D, 0xE24F, 0xFFB5, 0xFFFF, 0xE6F1, 0xFFFF, 0xD24B, 0xFFFF, 0xFFFF, 0xFFFF, 0xFFFF, 0xFFFF, 0xFFFF, 0xFFFF, 0xFFFF, 0xFFFF,
  0xFFFF, 0xFFFF, 0xFFFF, 0xFFFF, 0xFFFF, 0xFFFF, 0xFFFF, 0xFFFF, 0xFFFF, 0xFFFF, 0xFFFF, 0xFFFF, 0xFFFF, 0xFFFF, 0xFFFF, 0xFFFF,
  0xFFFF, 0xFFFF, 0xFFFF, 0xFFFF, 0xFFFF, 0xFFFF, 0xFFFF, 0xFFFF, 0xFFFB, 0xF314, 0xFFF8, 0xFFF7, 0xFFFB, 0xE271, 0xFFB7, 0xFFFD,
  0xF354, 0xFFFD, 0xDA6D, 0xFFF9, 0xFFFE, 0xFFFC, 0xFFFD, 0xFFFC, 0xFFFB, 0xFFFB, 0xFFFB, 0xFFFC, 0xFFFC, 0xFFFC, 0xFFFC, 0xFFFC,
  0xFFFC, 0xFFFC, 0xFFFC, 0xFFFC, 0xFFFC, 0xFFFB, 0xFFFB, 0xFFFB, 0xFFFB, 0xFFFB, 0xFFFB, 0xFFFB, 0xFFFB, 0xFFFC, 0xFFFC, 0xFFFC,
  0xFFFC, 0xFFFC, 0xFFFC, 0xFFFC, 0xE28E, 0xFF75, 0xE68F, 0xFB10, 0xFFD3, 0xEAB0, 0xF2F3, 0xF30F, 0xFFF5, 0xBD67, 0xFFF7, 0xD1E7,
  0xFF09, 0xFFA8, 0xFFA8, 0xFFA8, 0xFF87, 0xFFA7, 0xFFA7, 0xFFA8, 0xFFA8, 0xFFA7, 0xFFA7, 0xFFA8, 0xFF87, 0xFF87, 0xFFA7, 0xFF88,
  0xFF87, 0xFFA7, 0xFF87, 0xFF87, 0xFF87, 0xFFA7, 0xFFA7, 0xFFA7, 0xFFA7, 0xFF87, 0xFFA7, 0xFFA7, 0xFFA7, 0xFFA7, 0xFFA7, 0xFFA7,
  0xDE2D, 0xFF52, 0xE66F, 0xEE8C, 0xFF6E, 0xF2D1, 0xD60D, 0xF2CC, 0xFF4B, 0xEAAE, 0xE68D, 0xFF51, 0xD1A5, 0xFFC9, 0xFFA7, 0xFFA8,
  0xFFA8, 0xFFA7, 0xFFC7, 0xFFC8, 0xFFA8, 0xFFA8, 0xFFA7, 0xFFA7, 0xFFA8, 0xFFA7, 0xFFA7, 0xFFA7, 0xFFA8, 0xFFA7, 0xFFA7, 0xFFA8,
  0xFFC8, 0xFFC8, 0xFFC8, 0xFFC8, 0xFFC8, 0xFFA8, 0xFFA8, 0xFFA8, 0xFFC7, 0xFFC7, 0xFFC7, 0xFFC8, 0xEEB0, 0xFF90, 0xEEAE, 0xEE8C,
  0xFF6E, 0xFFB0, 0xE26D, 0xFB0F, 0xFF71, 0xFB12, 0xF2AE, 0xFFD5, 0xE68C, 0xFEE8, 0xFFC8, 0xFFA7, 0xFFA8, 0xFFA7, 0xFFA8, 0xFFA7,
  0xFFA7, 0xFFA8, 0xFFA8, 0xFFA8, 0xFFA7, 0xFFC8, 0xFFA8, 0xFFA7, 0xFFA7, 0xFFA7, 0xFFA7, 0xFFA7, 0xFFA7, 0xFFA7, 0xFFA7, 0xFFA7,
  0xFFA7, 0xFF87, 0xFF87, 0xFF87, 0xFFA7, 0xFFC7, 0xFFC7, 0xFFC7, 0xF2AF, 0xFFF1, 0xFF51, 0xF2AD, 0xFF2E, 0xFFEF, 0xFF4D, 0xF6EE,
  0xF6EF, 0xEEAF, 0xFF10, 0xEAAF, 0xFFF6, 0xD1C6, 0xFF69, 0xFFC8, 0xFFC8, 0xFFC8, 0xFFA7, 0xFFA8, 0xFFA7, 0xFFA8, 0xFFA7, 0xFFA7,
  0xFFA7, 0xFFA7, 0xFFA6, 0xFFE7, 0xFFE7, 0xFFE7, 0xFFE7, 0xFFE8, 0xFFE8, 0xFFE8, 0xFFE8, 0xFFE8, 0xFFE8, 0xFFE8, 0xFFE8, 0xFFE8,
  0xFFC7, 0xFFA7, 0xFFC7, 0xFFC7, 0xF2AF, 0xFFF3, 0xFFF4, 0xFFB0, 0xE68B, 0xFF8C, 0xFFED, 0xF2CC, 0xFF2C, 0xEA8E, 0xFAF0, 0xE26E,
  0xE6AE, 0xF2EF, 0xDA06, 0xFFCA, 0xFFA7, 0xFFA7, 0xFFA7, 0xFF87, 0xFF87, 0xFF87, 0xFFA7, 0xFFE8, 0xFFE8, 0xFFE9, 0xFFE9, 0xFFEA,
  0xFFEA, 0xFFEA, 0xFFEA, 0xFFE9, 0xFFE8, 0xFFE8, 0xFFE8, 0xFFE8, 0xFFE8, 0xFFE8, 0xFFE8, 0xFFE8, 0xFFA7, 0xFFA7, 0xFFA7, 0xFFA7,
  0xF710, 0xFFF2, 0xFFD1, 0xFFF1, 0xFF6D, 0xFFEF, 0xFB2C, 0xEACC, 0xFFF4, 0xE6AD, 0xFB2F, 0xFFEF, 0xFB2B, 0xFF91, 0xEEED, 0xF6C9,
  0xFFEA, 0xFFE7, 0xFFE7, 0xFFE7, 0xFFE7, 0xFFE8, 0xFFC7, 0xFFE8, 0xFFEA, 0xFFEA, 0xFFE9, 0xFFE9, 0xFFE8, 0xFFE8, 0xFFE8, 0xFFE7,
  0xFFE7, 0xFFE7, 0xFFE7, 0xFFE7, 0xFFE7, 0xFFE7, 0xFFE6, 0xFFE6, 0xFFE7, 0xFFE7, 0xFFE8, 0xFFE8, 0xF30E, 0xFFF1, 0xF751, 0xFF70,
  0xFFF1, 0xEECC, 0xFFB0, 0xFF6E, 0xFFB0, 0xFF6F, 0xFFB2, 0xFFF2, 0xFFF0, 0xF2EE, 0xFFF7, 0xE28B, 0xFF49, 0xFFEC, 0xFFE9, 0xFFE9,
  0xFFE9, 0xFFE9, 0xFFE9, 0xFFE7, 0xFFE7, 0xFFE7, 0xFFE7, 0xFFE7, 0xFFE7, 0xFFE7, 0xFFE6, 0xFFE9, 0xFFE9, 0xFFE9, 0xFFE9, 0xFFE9,
  0xFFE9, 0xFFE9, 0xFFE9, 0xFFE9, 0xFFE9, 0xFFE9, 0xFFE9, 0xFFE9, 0xEEEF, 0xFFF1, 0xF751, 0xEEF1, 0xFFF2, 0xDE4C, 0xFFF0, 0xFFF0,
  0xE28B, 0xFFED, 0xFF8D, 0xDE4B, 0xFFD3, 0xE68F, 0xE68D, 0xFFF6, 0xDE69, 0xFF68, 0xFFEA, 0xFFE8, 0xFFE8, 0xFFE8, 0xFFE8, 0xFFE9,
  0xFFE9, 0xFFE9, 0xFFE9, 0xFFE9, 0xFFE9, 0xFFE9, 0xFFE9, 0xFFE9, 0xFFE8, 0xFFE8, 0xFFE8, 0xFFE8, 0xFFE8, 0xFFE8, 0xFFE8, 0xFFE8,
  0xFFE8, 0xFFE8, 0xFFE8, 0xFFE8, 0xF732, 0xFFF2, 0xF730, 0xE2AE, 0xFFF0, 0xF311, 0xFFB2, 0xFFF3, 0xE28D, 0xFFCF, 0xFFF4, 0xF72F,
  0xFFF4, 0xFFCF, 0xEEEB, 0xFF50, 0xFFF4, 0xDA48, 0xFF89, 0xFFEB, 0xFFE8, 0xFFE8, 0xFFE8, 0xFFE8, 0xFFE8, 0xFFE8, 0xFFE8, 0xFFE8,
  0xFFE8, 0xFFE8, 0xFFE8, 0xFFE8, 0xFFE8, 0xFFE8, 0xFFE8, 0xFFE8, 0xFFE8, 0xFFE8, 0xFFE8, 0xFFE8, 0xFFE8, 0xFFE8, 0xFFE8, 0xFFE8,
  0xFFF5, 0xFFF0, 0xFFD1, 0xF750, 0xFFF2, 0xF310, 0xDE6D, 0xFFF3, 0xFFCF, 0xDE6C, 0xFFF8, 0xFFD4, 0xF70E, 0xFFF2, 0xFFF4, 0xFFF0,
  0xD629, 0xFFF4, 0xDE69, 0xF729, 0xFFEB, 0xFFE8, 0xFFE8, 0xFFE9, 0xFFE8, 0xFFE8, 0xFFE8, 0xFFE8, 0xFFE8, 0xFFE8, 0xFFE8, 0xFFE8,
  0xFFE8, 0xFFE8, 0xFFE8, 0xFFE8, 0xFFE8, 0xFFE8, 0xFFE8, 0xFFE8, 0xFFE8, 0xFFE7, 0xFFE7, 0xFFE8, 0xFFF5, 0xFF4F, 0xFFF1, 0xFF92,
  0xEEEE, 0xFFF2, 0xEACC, 0xFFEE, 0xFFED, 0xFFD1, 0xDE6F, 0xFF51, 0xFF91, 0xEACE, 0xFB52, 0xFFD2, 0xFFD5, 0xF310, 0xFFF4, 0xEAED,
  0xEEE9, 0xFFEB, 0xFFE8, 0xFFE7, 0xFFE7, 0xFFE8, 0xFFE8, 0xFFE8, 0xFFE8, 0xFFE8, 0xFFE8, 0xFFE8, 0xFFE7, 0xFFE7, 0xFFE7, 0xFFE7,
  0xFFE7, 0xFFE7, 0xFFE7, 0xFFE7, 0xFFE9, 0xFFEF, 0xFFEF, 0xFFEF, 0xFB30, 0xFFB1, 0xFFF3, 0xF752, 0xF30F, 0xFFF0, 0xFFED, 0xFFAD,
  0xFFF3, 0xFFF4, 0xFB4F, 0xFFF0, 0xFFF3, 0xFFF2, 0xE6AD, 0xFF4F, 0xFFF0, 0xFB4F, 0xEACD, 0xFFF6, 0xEB0C, 0xE688, 0xFFED, 0xFFF4,
  0xFFF0, 0xFFEA, 0xFFE8, 0xFFE7, 0xFFE7, 0xFFE7, 0xFFE7, 0xFFE7, 0xFFEF, 0xFFF3, 0xFFF2, 0xFFF2, 0xFFF2, 0xFFF3, 0xFFF3, 0xFFF2,
  0xFFE9, 0xFFEC, 0xFFEC, 0xFFEB, 0xFFF0, 0xFFF0, 0xFFF5, 0xFF72, 0xFFF3, 0xFFEF, 0xFFEF, 0xF72D, 0xFFF3, 0xFFF5, 0xFF70, 0xFF8F,
  0xFFF3, 0xFFF2, 0xFFF1, 0xF70B, 0xFFEE, 0xFFEF, 0xEEED, 0xE28B, 0xFFF4, 0xFFD0, 0xE28B, 0xFFED, 0xFFF0, 0xFFEB, 0xFFE9, 0xFFEE,
  0xFFEF, 0xFFEF, 0xFFF0, 0xFFF0, 0xFFF0, 0xFFED, 0xFFEE, 0xFFED, 0xFFED, 0xFFED, 0xFFED, 0xFFEC, 0xFFE7, 0xFFE5, 0xFFE6, 0xFFE6,
  0xFFF5, 0xFFF2, 0xFFF2, 0xFFF2, 0xFFF1, 0xFFF2, 0xFFF1, 0xE6AC, 0xEECF, 0xFFF2, 0xFFEE, 0xF2EC, 0xFFD3, 0xFFF1, 0xFF6F, 0xF30F,
  0xFFF1, 0xFFEF, 0xFFAE, 0xE28A, 0xFFEF, 0xFFF1, 0xFFCF, 0xDE68, 0xF728, 0xFFEC, 0xFFE9, 0xFFEC, 0xFFEC, 0xFFEC, 0xFFED, 0xFFEE,
  0xFFE9, 0xFFE5, 0xFFE5, 0xFFE7, 0xFFF0, 0xFFF1, 0xFFF0, 0xFFEE, 0xFFEC, 0xFFEC, 0xFFEC, 0xFFED, 0xFFF5, 0xFF92, 0xFFF3, 0xFFF0,
  0xFFB1, 0xFF91, 0xFFF1, 0xFFF1, 0xFF4F, 0xFFF2, 0xFFF0, 0xFFF0, 0xE68F, 0xF730, 0xFFEF, 0xFFF0, 0xF74D, 0xFB4D, 0xFFEC, 0xFFEF,
  0xE6AD, 0xF32E, 0xFFF0, 0xFFF3, 0xEAEE, 0xDE68, 0xFFEA, 0xFFE8, 0xFFE7, 0xFFE8, 0xFFE9, 0xFFE9, 0xFFEA, 0xFFEC, 0xFFEC, 0xFFEC,
  0xFFF0, 0xFFF0, 0xFFEF, 0xFFEF, 0xFFFC, 0xFFFF, 0xFFFF, 0xFFFF, 0xFFAF, 0xFFF2, 0xFFD3, 0xFFF2, 0xF72F, 0xF312, 0xFFF1, 0xFFF1,
  0xEEAC, 0xFB2F, 0xFFB0, 0xFF8D, 0xFF4C, 0xEEED, 0xFFEF, 0xFFEA, 0xFFEE, 0xEF0D, 0xF30D, 0xFFF1, 0xFFD2, 0xFFB0, 0xFFF2, 0xFB4B,
  0xFFF3, 0xFF92, 0xDE89, 0xFFEB, 0xFFEC, 0xFFEC, 0xFFEA, 0xFFEC, 0xFFEB, 0xFFEC, 0xFFF5, 0xFFFE, 0xFFFF, 0xFFFF, 0xFFFF, 0xFFFF,
  0xFFFF, 0xFFFF, 0xFFFF, 0xFFFF, 0xFFF2, 0xFFF3, 0xEAF0, 0xFFD0, 0xFFF8, 0xE6AE, 0xFFF4, 0xFFF8, 0xFFF8, 0xFF71, 0xFFF6, 0xFFF9,
  0xFFFB, 0xFFD3, 0xFFAF, 0xFFF8, 0xFFF4, 0xFFF6, 0xFFF5, 0xFFF7, 0xFFF2, 0xFFEE, 0xFFEF, 0xFFF8, 0xFFF3, 0xFFF6, 0xFFFF, 0xE2D0,
  0xD207, 0xFFF9, 0xFFFF, 0xFFFC, 0xFFFC, 0xFFFC, 0xFFFF, 0xFFFF, 0xFFFF, 0xFFFF, 0xFFFF, 0xFFFF, 0xF3FF, 0xEBFF, 0xF3FF, 0xF3FF,
  0xFFFF, 0xFFD3, 0xFFFF, 0xFFFF, 0xFFFB, 0xEAF0, 0xFFF2, 0xFFFF, 0xFFFF, 0xFFF9, 0xF793, 0xFFFF, 0xFFFF, 0xFF71, 0xF750, 0xE6F1,
  0xFFFF, 0xFFFF, 0xFFFF, 0xCE4B, 0xFFFF, 0xFFFF, 0xFFFC, 0xFFFF, 0xFFFF, 0xF378, 0xE2AF, 0xFFFF, 0xFFFF, 0xF314, 0xFFFF, 0xFFFF,
  0xFFFF, 0xFFFF, 0xFFFF, 0xFFFF, 0xFFFF, 0xE7FF, 0xE7FF, 0xE3FF, 0xD3FF, 0xD7FF, 0xD7FF, 0xD7FF, 0xFFFF, 0xEF53, 0xFFFF, 0xFFFF,
  0xCE2B, 0xFFFF, 0xFFB9, 0xC5EE, 0xD692, 0xFFFF, 0xFFFF, 0xEEF2, 0xFFFF, 0xFFFF, 0xFFFF, 0xFFFE, 0xDED3, 0xC20E, 0xE737, 0xFFFF,
  0xFFFF, 0xFFFF, 0xFFFF, 0xB9AC, 0xB98B, 0xF3BD, 0xEB9C, 0xEF55, 0xFFFC, 0xF799, 0xC60D, 0xFBFF, 0xFFFF, 0xE7FF, 0xEBFF, 0xEBFF,
  0xDBFF, 0xCFFF, 0xCFFF, 0xD3FF, 0xDBFF, 0xE3FF, 0xE7FF, 0xE3FF, 0xFFF9, 0xFFFF, 0xFFFE, 0xD28F, 0xF3FF, 0xFFFF, 0xDEF6, 0xFFFF,
  0xB58C, 0xEFBE, 0xEB9D, 0xEF14, 0xFFFF, 0xFBFF, 0xFFFF, 0xFFFF, 0xB988, 0xF757, 0xEF36, 0xC60E, 0xBDCC, 0xB9AC, 0xBDAA, 0xEEF1,
  0xFB33, 0xEB15, 0xBDEF, 0xB589, 0xB169, 0xF3FF, 0xF7FF, 0xBE10, 0xBE76, 0xDFFF, 0xD3FF, 0xCFFF, 0xD7FF, 0xDBFF, 0xDBFF, 0xDBFF,
  0xE3FF, 0xEBFF, 0xCF5F, 0xD35F, 0xEBFF, 0xFFFF, 0xCE94, 0xE7BE, 0xEFFF, 0xCED9, 0xAD6B, 0xFFFF, 0xB9EF, 0xE7FF, 0xE3FF, 0xCF1B,
  0xCAFA, 0xE7FF, 0xEBDF, 0xDEF3, 0xCA0B, 0xC5EA, 0xF734, 0xFF95, 0xFB53, 0xFF96, 0xFFFD, 0xFFFD, 0xFFFE, 0xFFFF, 0xFFFF, 0xFFFD,
  0xFFFE, 0xDAF6, 0xC2B7, 0xC694, 0xDA6F, 0xC275, 0xE3FF, 0xE7FF, 0xD7FF, 0xDBFF, 0xDBFF, 0xDBFF, 0xE7FF, 0xD33F, 0xDF7F, 0xEBFF,
  0xD39F, 0xDBFF, 0xDF7C, 0xEFFF, 0xDFFF, 0xA908, 0xF2F4, 0xFFFC, 0xB16A, 0xFBFF, 0xEFFF, 0xE7FF, 0xDBDF, 0xB98B, 0xFFFD, 0xFFFD,
  0xFFFF, 0xFFFA, 0xFFFA, 0xFFFD, 0xFFFC, 0xFFFF, 0xFFFF, 0xFFFF, 0xFFB8, 0xFFFB, 0xFFFB, 0xFB77, 0xFFFF, 0xFFFF, 0xC5CB, 0xD33B,
  0xE37A, 0xDEF5, 0xC674, 0xE7FF, 0xEFFF, 0xE7FF, 0xE7FF, 0xEFFF, 0xE3FF, 0xC29F, 0xE39F, 0xE39F, 0xD7BF, 0xDFFF, 0xDF5A, 0xDAD3,
  0xE7DF, 0xB56A, 0xFFD8, 0xFFFE, 0xE292, 0xCA51, 0xB9CE, 0xB5CE, 0xB5AD, 0xB989, 0xB568, 0xB167, 0xAD06, 0xE6B2, 0xFFFB, 0xFFFF,
  0xFFFF, 0xFFFF, 0xFFFF, 0xFFFF, 0xFFFD, 0xEAD1, 0xFFFE, 0xFFFE, 0xFFFF, 0xFFFB, 0xD22E, 0xB5CD, 0xC75E, 0xEFFF, 0xEF7A, 0xC20E,
  0xCB3A, 0xF7FF, 0xEBFF, 0xEBFF, 0xEFFF, 0xDFFF, 0xBA5F, 0xBA3F, 0xE3FF, 0xD3DF, 0xCE50, 0xF378, 0xD2B6, 0xE2D2, 0xEEF2, 0xE6B1,
  0xFFFF, 0xFFFB, 0xFFD7, 0xFFB6, 0xFFD7, 0xFFFC, 0xFB55, 0xF310, 0xFFD7, 0xF756, 0xA905, 0xC9EC, 0xDE91, 0xFFFB, 0xFFFC, 0xFFFC,
  0xFFFF, 0xFF55, 0xEEF0, 0xFFF8, 0xEEF3, 0xB567, 0xC5C9, 0xFFDA, 0xEBFF, 0xB233, 0xD2F8, 0xFFDC, 0xFBBA, 0xCEF8, 0xF7FF, 0xEFFF,
  0xEBFF, 0xEFFF, 0xE3FF, 0xD7FF, 0xD2F9, 0xA96C, 0xFFDA, 0xFFFF, 0xD7BF, 0xFFFC, 0xFFFA, 0xA905, 0xF755, 0xFFFF, 0xFFFA, 0xFFFE,
  0xFFFF, 0xE6D1, 0xC9EA, 0xFFFC, 0xFFFF, 0xE6B1, 0xE6D1, 0xFFFA, 0xF2F3, 0xB968, 0xAD26, 0xB968, 0xFF96, 0xFF55, 0xDE4D, 0xE28E,
  0xBD68, 0xFF76, 0xE6B0, 0xCE2D, 0xB989, 0xE358, 0xD33B, 0xC296, 0xFFFF, 0xFB98, 0xCAB5, 0xF7FF, 0xEBFF, 0xE7FF, 0xE7FF, 0xE7FF,
  0xBDEE, 0xFF97, 0xFFFF, 0xFFFF, 0xD3BF, 0xF777, 0xFFFA, 0xEB15, 0xB148, 0xE6B1, 0xFB75, 0xFFFD, 0xFFFF, 0xFFFF, 0xFFFC, 0xFFFF,
  0xFFFD, 0xEAF4, 0xFFFF, 0xFFFF, 0xFFFF, 0xFFFA, 0xD64D, 0xAD27, 0xB989, 0xBD8A, 0xB969, 0xB969, 0xCE0D, 0xDA6E, 0xFFFA, 0xFFF9,
  0xFFFC, 0xFFF9, 0xB5CD, 0xE3FF, 0xC651, 0xFFFD, 0xDE8F, 0xC251, 0xF7FF, 0xE7FF, 0xE7FF, 0xE7FF, 0xC232, 0xFB33, 0xFFFD, 0xFBFF,
  0xBA12, 0xF335, 0xCA0C, 0xB98A, 0xB569, 0xB568, 0xBD89, 0xB988, 0xE2B1, 0xFFD8, 0xFFFF, 0xFFFE, 0xC9EC, 0xFFFF, 0xFFFF, 0xFFFF,
  0xFF52, 0xFFB5, 0xFFFB, 0xBDAA, 0xDA70, 0xFFFF, 0xFFFF, 0xFFFF, 0xD250, 0x9CA4, 0xEEF3, 0xFFB6, 0xFFF9, 0xFFFF, 0xF336, 0x9CC5,
  0xEB9D, 0xF7BA, 0xB967, 0xDA4E, 0xD717, 0xEBFF, 0xE7FF, 0xE7FF, 0xA907, 0xFB35, 0xFFFF, 0xF314, 0xE292, 0xD20D, 0xFFDA, 0xFFFF,
  0xF336, 0xFF76, 0xFF96, 0xFF96, 0xD22C, 0xC188, 0xDA6D, 0xD64C, 0xFFB8, 0xFFFB, 0xFFF9, 0xFFB5, 0xFFFC, 0xFFFF, 0xFFFF, 0xFF97,
  0xB126, 0xD22D, 0xFFFE, 0xFFFF, 0xD651, 0xC9EE, 0xBD89, 0xDA4E, 0xFFFC, 0xFFFF, 0xFFFF, 0xCA0E, 0xB58B, 0xC5CC, 0xFFFD, 0xFFFF,
  0xFFFC, 0xBE75, 0xEBFF, 0xE3FF, 0xC1CE, 0xEAB0, 0xFFFC, 0xEEF3, 0xFF98, 0xFFFB, 0xFFFB, 0xC5CA, 0xFFFB, 0xFFFF, 0xFFFF, 0xFFFF,
  0xFFFF, 0xE6D2, 0xC5EC, 0xC1EB, 0xC5CB, 0xFB55, 0xFB33, 0xFFFE, 0xFFFF, 0xFFFF, 0xFFFD, 0xFFF9, 0xFFFF, 0xE2B1, 0xCDEC, 0xF336,
  0xD20E, 0xFF98, 0xFFFC, 0xD64E, 0xF313, 0xFFFE, 0xFFFF, 0xFFFD, 0xFFFF, 0xEF37, 0xFFFA, 0xFFFB, 0xFFD9, 0xBDCE, 0xDBFF, 0xEFFF,
  0xDF7F, 0xE715, 0xF314, 0xB568, 0xDA71, 0xFFDB, 0xFFFB, 0xFFFC, 0xE26E, 0xFFFF, 0xFFFF, 0xFFFF, 0xFFFF, 0xFFFF, 0xFFFF, 0xFFFF,
  0xCE4F, 0xCA2F, 0xC9EC, 0xFFD9, 0xFFFA, 0xFFD9, 0xDE8F, 0xE6D2, 0xFFFF, 0xFFFF, 0xFFFF, 0xC5CA, 0xD62E, 0xFFFC, 0xFFFB, 0xC5CC,
  0xB547, 0xFFD8, 0xFFFF, 0xFFFF, 0xF755, 0xFFFF, 0xC1CB, 0x9883, 0xAD27, 0xEF16, 0xB611, 0xEFFF, 0xE7BF, 0xFFFF, 0xD24E, 0xB968,
  0xC9EC, 0xB567, 0xFF97, 0xFFFD, 0xFFFF, 0xFF97, 0xFFFE, 0xFFFF, 0xFFFF, 0xFFFF, 0xFFF9, 0xF332, 0xFFFF, 0xFFFF, 0xFFFF, 0xBDAB,
  0xA4E5, 0xB569, 0xA4E5, 0xD250, 0xFFFD, 0xFFFC, 0xFF97, 0xBDAA, 0xFFFC, 0xFFFC, 0xFFFC, 0xD62F, 0xEEF4, 0xDA4E, 0xFFFF, 0xFFFF,
  0xDE4F, 0xFFFC, 0xD64F, 0xB98B, 0xAD07, 0xFFFA, 0xCA0D, 0xC71C, 0xCE51, 0xC1EF, 0xE2D3, 0xC5EC, 0xE690, 0xFFD9, 0xFF54, 0xFF74,
  0xFFF8, 0xFFFE, 0xFFFB, 0xFF97, 0xFF97, 0xFF97, 0xF732, 0xFFFB, 0xFFFF, 0xDEB3, 0xFFFF, 0xFFDC, 0xDA70, 0xFFD9, 0xD22E, 0xA906,
  0xA4E6, 0xA906, 0xA906, 0xF757, 0xFFFF, 0xFF76, 0xFFFA, 0xFFFF, 0xFFFB, 0xC1AA, 0xFFFD, 0xFFFF, 0xD62E, 0xFFFA, 0xFFFF, 0xDEB4,
  0xBA12, 0xFFFD, 0xD1EC, 0xBA54, 0xD2F9, 0xA92A, 0xD2DA, 0xE35B, 0xB547, 0xFF76, 0xFFFA, 0xFFFC, 0xFFFB, 0xF734, 0xEEF3, 0xF756,
  0xF337, 0xB989, 0xC1AA, 0xE2B0, 0xFFFF, 0xFFFF, 0xFFFF, 0xFFFC, 0xE6B1, 0xEEF2, 0xDA6E, 0xFB55, 0xEEF1, 0xEAF2, 0xFFFF, 0xFFFF,
  0xEF35, 0xB968, 0xD62E, 0xFFB7, 0xFFFD, 0xF313, 0xEAF2, 0xFFFC, 0xFFFC, 0xFFFB, 0xFFB8, 0xA98D, 0xEBFF, 0xF7BD, 0xB506, 0xA98E,
  0xEBFF, 0xDFDF, 0xDFFF, 0xFBDC, 0xE6D2, 0xC1AB, 0xBD89, 0xFF98, 0xF335, 0xB567, 0xDA6F, 0xFFFF, 0xFFFF, 0xFFFF, 0xFFFF, 0xDA91,
  0xD62D, 0xFFD7, 0xFF96, 0xCE0D, 0xBD8A, 0xFFFA, 0xFFFF, 0xFFFF, 0xFFFF, 0xFFFF, 0xFFFE, 0xBDAB, 0xC1AB, 0xCA0D, 0xB548, 0xB968,
  0xFF96, 0xFFFA, 0xB969, 0xDE90, 0xFFFB, 0xFFFC, 0xBDAC, 0xC73E, 0xE7FF, 0xFFDC, 0xF315, 0xC1EF, 0xD2B5, 0xEBDF, 0xDAD7, 0xDA4E,
  0xFFFD, 0xCA0D, 0xE6D1, 0xC5CB, 0xA4C4, 0xFFB8, 0xFFFF, 0xF2D0, 0xFFFE, 0xFFFF, 0xFFFF, 0xFFFF, 0xFB76, 0xDE6E, 0xC9CB, 0xC5CB,
  0xFFFF, 0xFFFF, 0xFFFF, 0xFFFF, 0xFFFF, 0xE6F5, 0xD64F, 0xEEF3, 0xFFFB, 0xFFFC, 0xFFF9, 0xE6B2, 0xDE70, 0xC1AA, 0xB149, 0xBD8A,
  0xEAD1, 0xB127, 0xDFDF, 0xD3FF, 0xDF7C, 0xFFFF, 0xFFFB, 0xEEF4, 0xBDF2, 0xDF3B, 0xA0E7, 0xCDEC, 0xFFFA, 0xFFFF, 0xFF76, 0xDE90,
  0xFFDA, 0xFB56, 0xF2F2, 0xFF75, 0xFB35, 0xFFFF, 0xFFFF, 0xFFFF, 0xFFFF, 0xFFB8, 0xF755, 0xFFFC, 0xFFFF, 0xFFFF, 0xFFFE, 0xFFB7,
  0xDE90, 0xD670, 0xDE91, 0xFFFF, 0xFFFF, 0xFFFE, 0xFFFF, 0xFFFE, 0xFFFF, 0xFF76, 0xBD8A, 0xB98B, 0xB611, 0xAE33, 0xDB7F, 0xD37F,
  0xDF3B, 0xDE4F, 0xBD69, 0xB126, 0xA54E, 0xCA55, 0xDB9F, 0xB9CD, 0xE6B1, 0xE6D2, 0xB526, 0xFF77, 0xFFFF, 0xFFFB, 0xEEF3, 0xFFFA,
  0xE291, 0xFFFF, 0xFFFC, 0xFFFF, 0xFFFF, 0xFFFF, 0xFFFF, 0xFFD9, 0xE2B2, 0xF335, 0xF756, 0xCA0C, 0xEAD2, 0xFFFF, 0xF736, 0xE6F4,
  0xFFFF, 0xFFFF, 0xFFFF, 0xFFFF, 0xFFFF, 0xFFFF, 0xFFFB, 0xC1CC, 0xC2D8, 0xFBFF, 0xC274, 0xC253, 0xCA71, 0xFFB8, 0xC210, 0xCB1D,
  0xCF9F, 0xB18E, 0xDFBF, 0xDB7F, 0xA906, 0xAD27, 0xC9EC, 0xC5CB, 0xEAF3, 0xF336, 0xF755, 0xFF76, 0xDA4F, 0xFF98, 0xFFFF, 0xFFF8,
  0xFFFD, 0xFFFE, 0xFFFF, 0xFFB9, 0xB548, 0xD670, 0xA906, 0xB989, 0xFFB7, 0xFFFC, 0xFFFF, 0xE6D3, 0xEF15, 0xFFFF, 0xFFFF, 0xFFFF,
  0xFFFF, 0xFFFF, 0xFFFF, 0xFFFF, 0xEB14, 0xB9EE, 0xB169, 0xFFD9, 0xFFFC, 0xE690, 0xC276, 0xE3FF, 0xD7FF, 0xCF3F, 0xBE14, 0xE7BF,
  0xEB35, 0xBD89, 0xFFD9, 0xE6D2, 0xA0A3, 0xC1AB, 0xC5EC, 0xA8E4, 0xDA70, 0xCE0E, 0xF336, 0xFFFE, 0xD64E, 0xD66F, 0xDA70, 0xDE91,
  0xFFFF, 0xFFFF, 0xFFFC, 0xEAF4, 0xC9EC, 0xCE0D, 0xFFB9, 0xFFFF, 0xD22E, 0xEAD2, 0xFFFC, 0xFFFF, 0xFFFF, 0xFFFF, 0xFFFF, 0xFFFF,
  0xFFFF, 0xFF76, 0xF755, 0xFFFF, 0xFFFF, 0x9CC5, 0xC2FE, 0xDFFF, 0xCFFF, 0xD7FF, 0xC279, 0xB9D2, 0xFBDC, 0xD24C, 0xB989, 0xEAF3,
  0xFB97, 0xFFDC, 0xFFFF, 0xF335, 0xFB56, 0xA907, 0xA4E6, 0xFFFD, 0xAD27, 0xCE2E, 0xC1AA, 0xE2B1, 0xFFFF, 0xFFFC, 0xFFFF, 0xFFFF,
  0xFFD9, 0xEF13, 0xCE0C, 0xFFFF, 0xFF99, 0xAD06, 0xCE0C, 0xDA4F, 0xFF76, 0xFFB7, 0xFF96, 0xFF75, 0xFFF8, 0xFFFE, 0xFFF9, 0xFFF8,
  0xF734, 0xBA96, 0xEFFF, 0xE7FF, 0xCFFF, 0xCBFF, 0xCFFF, 0xB635, 0xCA31, 0xF378, 0xB5CF, 0xB5AD, 0xEF35, 0xFFDB, 0xFFFC, 0xD64F,
  0xC5CC, 0xB98B, 0xD692, 0xFFFD, 0xFFFF, 0xFFFF, 0xDA91, 0xDA4D, 0xFB56, 0xFFFC, 0xFFFB, 0xFFFC, 0xFFFF, 0xFFFC, 0xD64F, 0xFFFB,
  0xFFFD, 0xDA70, 0xDA70, 0xCE0E, 0xA4C6, 0xAD28, 0xB128, 0xAD06, 0xC9EC, 0xDA4E, 0xFF74, 0xFFFA, 0xB967, 0xC2D9, 0xEFFF, 0xE7FF,
};
#define assets_c14_W 44
#define assets_c14_H 44

static const unsigned short assets_c15[1936] = {
  0xFFFF, 0xFFFF, 0xFFFF, 0xFFFF, 0xFFFF, 0xFFFF, 0xFFFF, 0xFFFF, 0xFFFF, 0xFFFF, 0xFFFF, 0xFFFF, 0xFFFF, 0xFFFF, 0xFFFF, 0xFFFF,
  0xFFFF, 0xFFFF, 0xFFFF, 0xFFFF, 0xFFFF, 0xFFFF, 0xFFFF, 0xFFFF, 0xFFFF, 0xFFFF, 0xFFFF, 0xFFFF, 0xFFFF, 0xFFFF, 0xFFFF, 0xFFFF,
  0xFFFF, 0xFFFF, 0xFFFF, 0xFFFF, 0xFFFF, 0xFFFF, 0xFFFF, 0xFFFF, 0xFFFF, 0xFFFF, 0xFFFF, 0xFFFF, 0xFFFF, 0xFFFF, 0xFFFF, 0xFFFF,
  0xFFFF, 0xFFFF, 0xFFFF, 0xFFFF, 0xFFFF, 0xFFFF, 0xFFFF, 0xFFFF, 0xFFFF, 0xFFFF, 0xFFFF, 0xFFFF, 0xFFFF, 0xFFFF, 0xFFFF, 0xFFFF,
  0xFFFF, 0xFFFF, 0xFFFF, 0xFFFF, 0xFFFF, 0xFFFF, 0xFFFF, 0xFFFF, 0xFFFF, 0xFFFF, 0xFFFF, 0xFFFF, 0xFFFF, 0xFFFF, 0xFFFF, 0xFFFF,
  0xFFFF, 0xFFFF, 0xFFFF, 0xFFFF, 0xFFFF, 0xFFFF, 0xFFFF, 0xFFFF, 0xFFFF, 0xFFFF, 0xFFFF, 0xFFFF, 0xFFFF, 0xFFFF, 0xFFFF, 0xFFFF,
  0xFFFF, 0xFFFF, 0xFFFF, 0xFFFF, 0xFFFF, 0xFFFF, 0xFFFF, 0xFFFF, 0xFFFF, 0xFFFF, 0xFFFF, 0xFFFF, 0xFFFF, 0xFFFF, 0xFFFF, 0xFFFF,
  0xFFFF, 0xFFFF, 0xFFFF, 0xFFFF, 0xFFFF, 0xFFFF, 0xFFFF, 0xFFFF, 0xFFFF, 0xFFFF, 0xFFFF, 0xFFFF, 0xFFFF, 0xFFFF, 0xFFFF, 0xFFFF,
  0xFFFF, 0xFFFF, 0xFFFF, 0xFFFF, 0xFFFF, 0xFFFF, 0xFFFF, 0xFFFF, 0xFFFF, 0xFFFF, 0xFFFF, 0xFFFF, 0xFFFF, 0xFFFF, 0xFFFF, 0xFFFF,
  0xFFFF, 0xFFFF, 0xFFFF, 0xFFFF, 0xFFFF, 0xFFFF, 0xFFFF, 0xFFFF, 0xFFFF, 0xFFFF, 0xFFFF, 0xFFFF, 0xFFFF, 0xFFFF, 0xFFFF, 0xFFFF,
  0xFFFF, 0xFFFF, 0xFFFF, 0xFFFF, 0xFFFF, 0xFFFF, 0xFFFF, 0xFFFF, 0xFFFF, 0xFFFF, 0xFFFF, 0xFFFF, 0xFFFF, 0xFFFF, 0xFFFF, 0xFFFF,
  0xFFFF, 0xFFFF, 0xFFFF, 0xFFFF, 0xFFFF, 0xFFFF, 0xFFFF, 0xFFFF, 0xFFFF, 0xFFFF, 0xFFFF, 0xFFFF, 0xFFFF, 0xFFFF, 0xFFFF, 0xFFFF,
  0xFFFF, 0xFFFF, 0xFFFF, 0xFFFF, 0xFFFF, 0xFFFF, 0xFFFF, 0xFFFF, 0xFFFF, 0xFFFF, 0xFFFF, 0xFFFF, 0xFFFF, 0xFFFF, 0xFFFF, 0xFFFF,
  0xFFFF, 0xFFFF, 0xFFFF, 0xFFFF, 0xFFFF, 0xFFFF, 0xFFFF, 0xFFFF, 0xFFFF, 0xFFFF, 0xFFFF, 0xFFFF, 0xFFFF, 0xFFFF, 0xFFFF, 0xFFFF,
  0xFFFF, 0xFFFF, 0xFFFF, 0xFFFF, 0xFFFF, 0xFFFF, 0xFFFF, 0xFFFF, 0xFFFF, 0xFFFF, 0xE73B, 0x90CB, 0x94CD, 0x94ED, 0x94EE, 0x94EE,
  0x94CD, 0x94CD, 0x94EE, 0x94EE, 0x94EE, 0x94EE, 0x94EE, 0x94CD, 0x94ED, 0x90A9, 0xDEF8, 0xFFFF, 0xFFFF, 0xFFFF, 0xFFFF, 0xFFFF,
  0xFFFF, 0xFFFF, 0xFFFF, 0xFFFF, 0xFFFF, 0xFFFF, 0xFFFF, 0xFFFF, 0xFFFF, 0xFFFF, 0xFFFF, 0xFFFF, 0xFFFF, 0xFFFF, 0xFFFF, 0xFFFF,
  0xFFFF, 0xFFFF, 0xFFFF, 0xCA53, 0x94CC, 0x94ED, 0x9D53, 0xBA7F, 0xBA9F, 0xBE9F, 0xBEBF, 0xBEBF, 0xBEBF, 0xBEBF, 0xBEBF, 0xBEBF,
  0xBEBF, 0xBEBF, 0xBEBF, 0xBABF, 0xBEBF, 0xBE9F, 0xA175, 0x9932, 0x94ED, 0xE719, 0xFFFF, 0xFFFF, 0xFFFF, 0xFFFF, 0xFFFF, 0xFFFF,
  0xFFFF, 0xFFFF, 0xFFFF, 0xFFFF, 0xFFFF, 0xFFFF, 0xFFFF, 0xFFFF, 0xFFFF, 0xFFFF, 0xFFFF, 0xFFFF, 0xFFFF, 0xDAD9, 0x990E, 0x9D75,
  0xC6FF, 0xBA9F, 0xBA5F, 0x9D34, 0x9913, 0x9912, 0x9CF3, 0x9D12, 0x9D12, 0x9D13, 0x9D12, 0x9D12, 0x9D12, 0x9912, 0x9912, 0x9913,
  0x9913, 0x9D56, 0xBE9F, 0xBEBF, 0xC2DF, 0xA5B6, 0x90AB, 0xEB3C, 0xFFFF, 0xFFFF, 0xFFFF, 0xFFFF, 0xFFFF, 0xFFFF, 0xFFFF, 0xFFFF,
  0xFFFF, 0xFFFF, 0xFFFF, 0xFFFF, 0xFFFF, 0xFFFF, 0xFFFF, 0xFFFF, 0xA94D, 0xA9FA, 0xBABF, 0xADFD, 0xA177, 0x9D33, 0x94F2, 0x9D13,
  0x9CF3, 0x98F2, 0x94F2, 0x94F1, 0x98F2, 0x98F2, 0x9912, 0x9D12, 0x9D12, 0x9D12, 0x9D12, 0x9D13, 0x9D14, 0x9D13, 0x98F3, 0x9D13,
  0xA156, 0xB65F, 0xC6FF, 0x90EF, 0xEB7C, 0xFFFF, 0xFFFF, 0xFFFF, 0xFFFF, 0xFFFF, 0xFFFF, 0xFFFF, 0xFFFF, 0xFFFF, 0xFFFF, 0xFFFF,
  0xFFFF, 0xFFFF, 0xFFFF, 0xC213, 0xA5BA, 0xBEDF, 0x9D57, 0x9D13, 0x9CF2, 0x98F3, 0xA5FA, 0xAA5C, 0xA63B, 0xAE9C, 0xBF7F, 0xBF5F,
  0xBF5F, 0xC37F, 0xBB3F, 0xAADF, 0xA6BF, 0xA69F, 0xA29F, 0xA29F, 0xAEDF, 0xAEDF, 0xA61B, 0x9D13, 0x9D12, 0x98F2, 0xA177, 0xC2FF,
  0x9953, 0xF3BE, 0xFFFF, 0xFFFF, 0xFFFF, 0xFFFF, 0xFFFF, 0xFFFF, 0xEF7D, 0xFFFF, 0xFFFF, 0xFBDF, 0x94CC, 0xFBFF, 0xFFFF, 0x9D0E,
  0xC73F, 0xA5BC, 0xA134, 0x9934, 0xAA5B, 0xA65A, 0xAF3A, 0xD3FF, 0xCBFF, 0xBBF6, 0xC3F7, 0xC7FA, 0xC7FB, 0xC3FB, 0xC3FF, 0xBFFF,
  0xA3FF, 0xBFFF, 0xDFFF, 0xDFFF, 0xC3FF, 0xC7FF, 0xC3FF, 0xA658, 0xAA1B, 0x9D33, 0x98F1, 0xB69F, 0xBEDF, 0x98EC, 0xFFFF, 0xFFFF,
  0x990C, 0xFFFF, 0xFFFF, 0xFFFF, 0x8889, 0xFFFF, 0xFFFF, 0xA12E, 0xB67F, 0x9D2F, 0xFFFF, 0xA592, 0xBF1F, 0xA599, 0x9934, 0xA27F,
  0xB37F, 0xA2BF, 0xAB1F, 0xBFFF, 0xB79F, 0x9ED7, 0xAB7B, 0xAFDC, 0xAFDC, 0xB3FE, 0xB3FF, 0xBBFF, 0xB3FF, 0xCFFF, 0xDBFF, 0xDFFF,
  0xBBF4, 0xBBF1, 0xB7F7, 0xB7FF, 0xBBFF, 0xAA7F, 0x9D34, 0xB25F, 0xBADF, 0x98EC, 0xFFFF, 0x98C9, 0xBA5E, 0xA56F, 0xFFFF, 0xFFFF,
  0x9D30, 0xDAD7, 0xDAB7, 0x94AB, 0x9D54, 0x98EC, 0xDAB6, 0x9D30, 0xC75F, 0xA5BA, 0x9534, 0xC3FF, 0xA77F, 0xA73F, 0xAF3F, 0x961F,
  0x9A1F, 0x921F, 0xAB9F, 0xCBFF, 0xD3FF, 0xC7FF, 0xB7FF, 0xBBFF, 0xC7FF, 0xC7FF, 0xA75F, 0x9276, 0xA2FA, 0x9ED8, 0xAF9F, 0xBBFF,
  0xAFDF, 0xB77F, 0x9935, 0xB25F, 0xBEDF, 0x90A9, 0xD273, 0x94C8, 0x9D30, 0xA10C, 0xDAB6, 0xEF7D, 0xB1FA, 0x8447, 0x98CD, 0xA575,
  0xA153, 0xA995, 0xA573, 0x94CC, 0xA5BA, 0xC71F, 0xAA1C, 0xA21A, 0xAAFF, 0xB7FF, 0xCFFF, 0xBFFF, 0xB35F, 0xC3FF, 0xC3FF, 0xCBFF,
  0xB7FE, 0xAFF3, 0xB3F1, 0xBBF3, 0xAF94, 0xBFFF, 0xDBFF, 0xDBFF, 0xBFFF, 0xC3FF, 0xC7FF, 0xB7FF, 0xAADF, 0x9DBB, 0xAE3E, 0xC2FF,
  0x9D54, 0xA151, 0x9910, 0xA573, 0xA153, 0xA995, 0x98ED, 0x8426, 0xADDA, 0xA153, 0x98EE, 0xA153, 0x9D52, 0x94EF, 0x9910, 0x8847,
  0x906A, 0xA9FD, 0xC73F, 0xAE1D, 0xA197, 0xA1F8, 0xA216, 0xAE58, 0xBFFF, 0xCBFF, 0xC7FF, 0xCFFF, 0xBBFF, 0xB7FC, 0xBFFE, 0xBFFD,
  0xBBDF, 0xCFFF, 0xCFFF, 0xD3FF, 0xC3FF, 0xA65D, 0x9E19, 0xA21B, 0xADFA, 0xA9DA, 0xC71F, 0xADFB, 0x90AB, 0x90AC, 0x90CD, 0x90CD,
  0x9D32, 0xA574, 0x9D30, 0xA995, 0xA153, 0xADDA, 0x9D32, 0x8868, 0xA94C, 0xF7BE, 0xF7BD, 0xEF7B, 0x9487, 0x9CF1, 0xA198, 0xBA9F,
  0xBABF, 0xB21B, 0xB21B, 0xADFA, 0x9997, 0x9598, 0x99B9, 0x99DA, 0xA1FB, 0xA1FB, 0xA1FB, 0xA1FB, 0xA21B, 0x9DFA, 0x99D9, 0x95D9,
  0x9DD9, 0xADD9, 0xB63B, 0xB21A, 0xBA7F, 0xBE9F, 0xA176, 0x98CE, 0x8C67, 0xE318, 0xFBDE, 0xFBDE, 0xB9D1, 0x8846, 0xA595, 0xB21B,
  0x98ED, 0xA9B9, 0xADFC, 0x9D0E, 0xFFFF, 0xFFFF, 0xFFFF, 0xFFFF, 0x94AA, 0xA513, 0x94AE, 0x9CF1, 0xA176, 0xB67F, 0xB29F, 0xBF1F,
  0xB67F, 0xB63C, 0xB65D, 0xB65E, 0xB25E, 0xB25E, 0xB25F, 0xB25F, 0xB25F, 0xB25E, 0xB65F, 0xBA7F, 0xBA7F, 0xC33F, 0xBADF, 0xB65F,
  0xA155, 0x94CE, 0x94AD, 0xA132, 0x9088, 0xFFFF, 0xFFFF, 0xFFFF, 0xFFFF, 0xA52C, 0xA5B8, 0xA176, 0xB18E, 0x9912, 0xADFB, 0xA96F,
  0xFFFF, 0xFFFF, 0xFFFF, 0xB1AF, 0x9D12, 0xAD99, 0xA112, 0x98CE, 0x98CE, 0x94AD, 0x98F0, 0xA198, 0xBA9F, 0xBADF, 0xBEBF, 0xBEDF,
  0xBEDF, 0xBEDF, 0xBEDF, 0xBEDF, 0xBEDF, 0xBABF, 0xBABF, 0xBEDF, 0xB65F, 0xA9DB, 0x9912, 0x98F0, 0xA112, 0x9CEF, 0xA133, 0xA999,
  0xA132, 0xB5B0, 0xFFFF, 0xFFFF, 0xFFFF, 0xA96D, 0x9D75, 0xA574, 0xBDF0, 0x94F0, 0xB21D, 0xA54E, 0xFFFF, 0xFFFF, 0xFFFF, 0x8868,
  0xA957, 0xA558, 0xA157, 0xA978, 0xA133, 0xA112, 0xA133, 0xA132, 0x9D11, 0x98F1, 0x9CF1, 0x98F1, 0x98F1, 0x98F1, 0x9CF1, 0x9CF1,
  0x98F0, 0x98F0, 0x98F0, 0x98F0, 0x98CE, 0xA0F0, 0xA532, 0xA133, 0xA557, 0xA578, 0xA157, 0xA578, 0xADBB, 0x8869, 0xFFFF, 0xFFFF,
  0xFFFF, 0xA94D, 0x9D76, 0xA574, 0xBDF0, 0x9911, 0xB23D, 0xA14E, 0xFFFF, 0xFFFF, 0xB9D0, 0x9D11, 0xA158, 0xA99A, 0xAE1E, 0xA9DC,
  0xA579, 0xA558, 0xA999, 0xA977, 0xA133, 0xA533, 0xA513, 0xA512, 0xA112, 0xA112, 0xA111, 0xA511, 0xA111, 0xA112, 0xA512, 0xA512,
  0xA532, 0xA955, 0xA999, 0xA599, 0xA579, 0xADFD, 0xADFE, 0xA179, 0xA999, 0xA133, 0xBDF1, 0xFFFF, 0xFFFF, 0xA96E, 0x9D77, 0xA596,
  0xC211, 0x9911, 0xB23E, 0xA12D, 0xFFFF, 0xFFFF, 0x9086, 0x9D15, 0xA159, 0xB21F, 0xB25F, 0xAE3F, 0xAE1F, 0xA9FE, 0xA5BC, 0xA179,
  0xA59A, 0xA59A, 0xA59A, 0xA57A, 0xA579, 0xA579, 0xA579, 0xA579, 0xA579, 0xA599, 0xA59A, 0xA59A, 0xA599, 0xA578, 0xA579, 0xA9DD,
  0xB25F, 0xB27F, 0xB69F, 0xA9DC, 0xA578, 0xA577, 0x9087, 0xFFFF, 0xFFFF, 0xAD8F, 0xA198, 0xA996, 0xC211, 0x9911, 0xB23E, 0xA12D,
  0xFFFF, 0xFFFF, 0x98C8, 0x9D14, 0xA57A, 0xAE1E, 0xAE3F, 0xB25F, 0xAE5F, 0xB27F, 0xAE5F, 0xAA3F, 0xAE3F, 0xAE3F, 0xAE3F, 0xAE3F,
  0xAE1F, 0xAE1F, 0xAE1F, 0xAE1F, 0xAE1F, 0xAE3F, 0xAE3F, 0xAE3F, 0xAE3F, 0xAE3F, 0xAE3F, 0xB27F, 0xB27F, 0xB27F, 0xAA3F, 0xAE1E,
  0xA578, 0xA556, 0x98C8, 0xFFFF, 0xFFFF, 0xAD8F, 0xA198, 0xA997, 0xC211, 0x9911, 0xB23E, 0xA12D, 0xFFFF, 0xFFFF, 0x94A8, 0x9D14,
  0xA57A, 0xAE1F, 0xA9FD, 0xA9FE, 0xAE5F, 0xAE5F, 0xAE5F, 0xAE7F, 0xAE7F, 0xAE7F, 0xAE7F, 0xB27F, 0xAE7F, 0xAE5F, 0xAE5F, 0xB25F,
  0xAE5F, 0xB27F, 0xB27F, 0xB27F, 0xB27F, 0xB27F, 0xAE5F, 0xAE5F, 0xB67F, 0xAE1E, 0xAE3F, 0xAE1E, 0xA579, 0xA577, 0x94A8, 0xFFFF,
  0xFFFF, 0xAD8F, 0xA198, 0xA997, 0xC211, 0x9911, 0xB23D, 0xA12D, 0xFFFF, 0xFFFF, 0x98C8, 0x9D14, 0xA57A, 0xB21F, 0xB23F, 0xAE1F,
  0xB27F, 0xB69F, 0xB27F, 0xBADF, 0xB6BF, 0xB27F, 0xAE5F, 0xAE5F, 0xAE5F, 0xAE5F, 0xAE5F, 0xAE5F, 0xAE5F, 0xAE5F, 0xAE5F, 0xAE7F,
  0xAE5F, 0xAE5F, 0xAE5F, 0xB25F, 0xA199, 0xA9FC, 0xB25F, 0xADFD, 0xA579, 0xA578, 0x98C9, 0xFFFF, 0xFFFF, 0xAD8E, 0xA198, 0xA996,
  0xC211, 0x9911, 0xB23D, 0xA12C, 0xFFFF, 0xFFFF, 0x94A8, 0x9D15, 0xA159, 0xA9DD, 0xAE3F, 0xB67F, 0xB67F, 0xA9FE, 0xB25F, 0xB25F,
  0xB25F, 0xB25F, 0xB27F, 0xB27F, 0xB27F, 0xB27F, 0xB27F, 0xB27F, 0xB27F, 0xB27F, 0xB27F, 0xB27F, 0xB27F, 0xAE7F, 0xB27F, 0xAE1E,
  0xA9DB, 0xB23F, 0xB23F, 0xA59A, 0xA59A, 0xA599, 0x94A8, 0xFFFF, 0xFFFF, 0xA96E, 0x9D97, 0xA596, 0xC210, 0x9510, 0xB23D, 0x9D2C,
  0xFFFF, 0xFFFF, 0xA94C, 0x9D14, 0xA559, 0xA57A, 0xB25F, 0xAE3F, 0xAE3F, 0xB25F, 0xC31F, 0xC31F, 0xA9DD, 0xA5BB, 0xA9DC, 0xA9DC,
  0xA9FD, 0xA9FD, 0xA9FE, 0xA9FE, 0xA9FE, 0xA9FD, 0xAE1F, 0xAE1F, 0xA9FF, 0xB69F, 0xB69F, 0xAA1F, 0xB25F, 0xB23F, 0xA599, 0xA579,
  0xA59A, 0xA997, 0xA94C, 0xFFFF, 0xFFFF, 0xA96D, 0x9D76, 0xA595, 0xBDF0, 0x94EF, 0xB23D, 0x9D0C, 0xFFFF, 0xFFFF, 0xFFFF, 0x94CB,
  0xA558, 0xA57A, 0xADFE, 0xB25F, 0xAE5F, 0xAE5F, 0xAA3F, 0xB27F, 0xBABF, 0xB67F, 0xAE3F, 0xAE1F, 0xAE1F, 0xAE3F, 0xAE3F, 0xAE3F,
  0xB23F, 0xA9DC, 0xA9FD, 0xB23F, 0xB25F, 0xAE5F, 0xAE5F, 0xB25F, 0xB23F, 0xB21F, 0xA578, 0xA578, 0xA999, 0x94CC, 0xFFFF, 0xFFFF,
  0xFFFF, 0xA96D, 0xA176, 0xA595, 0xBDEF, 0x94EF, 0xB21D, 0xA10C, 0xFFFF, 0xFFFF, 0xFFFF, 0x8C67, 0xA999, 0xA57A, 0xA159, 0xA5BC,
  0xB25F, 0xAE5F, 0xAE5F, 0xAE3F, 0xAA3F, 0xAE3F, 0xB25F, 0xB25F, 0xB25F, 0xB25F, 0xB25F, 0xB25F, 0xB25F, 0xB25F, 0xB23F, 0xB23F,
  0xAE1F, 0xAE3F, 0xB25F, 0xB25F, 0xADFE, 0xA179, 0xA578, 0xA558, 0xA978, 0x8C88, 0xFFFF, 0xFFFF, 0xFFFF, 0xA96E, 0x9D97, 0xA596,
  0xB9EF, 0x94EF, 0xB25F, 0xA12D, 0xFFFF, 0xFFFF, 0xFFFF, 0xDF1B, 0x9914, 0xA9BD, 0xA179, 0xA57A, 0xA59B, 0xAE1F, 0xAE3F, 0xAE3F,
  0xB23F, 0xB25F, 0xB25F, 0xB25F, 0xB25F, 0xAE5F, 0xAE5F, 0xB25F, 0xAE3F, 0xAE3F, 0xAE3F, 0xAA3F, 0xAA9F, 0xB2BF, 0xB23F, 0xA9DD,
  0xA179, 0xA579, 0xA558, 0xA57A, 0x98F0, 0xFFFF, 0xFFFF, 0xFFFF, 0xFFFF, 0xADB0, 0xA61D, 0xA596, 0xB9CF, 0x90CF, 0xB6BF, 0xA14F,
  0xFFFF, 0xFFFF, 0xFFFF, 0xFFFF, 0xA12F, 0xA5BE, 0xA1BE, 0xA179, 0xA579, 0xA158, 0xA57A, 0xAE1F, 0xAE3F, 0xB23F, 0xB25F, 0xB23F,
  0xAE5F, 0xAB1F, 0xAA7F, 0xAE3F, 0xB25F, 0xB25F, 0xB23F, 0xAA5F, 0xAF3F, 0xA23F, 0xA157, 0xA558, 0xA579, 0xA579, 0xA17B, 0xA5BD,
  0x8448, 0xFFFF, 0xFFFF, 0xFFFF, 0xFFFF, 0xADB1, 0xA63E, 0xA597, 0xB9CF, 0x90CF, 0xBADF, 0xA570, 0xFFFF, 0xFFFF, 0xFFFF, 0xFFFF,
  0xFFFF, 0x90D1, 0xAA3F, 0x9D9E, 0xA158, 0xA558, 0xA158, 0xA157, 0xA579, 0xA9BC, 0xA9BC, 0xA9BB, 0xA19D, 0xA29F, 0xA2FF, 0x9DFF,
  0xA9BD, 0xADDD, 0xADDD, 0xA9BC, 0xA19C, 0x9D58, 0xA157, 0xA557, 0xA158, 0x9D9D, 0xAE5F, 0x90D0, 0xCE74, 0xFFFF, 0xFFFF, 0xFFFF,
  0xFFFF, 0xB1D2, 0xA23F, 0xA597, 0xB9CF, 0x90F0, 0xBABF, 0xA570, 0xFFFF, 0xFFFF, 0xFFFF, 0xFFFF, 0xFFFF, 0xBE13, 0x94F4, 0xAA1F,
  0xA1DF, 0x999F, 0xA19E, 0x9D59, 0xA159, 0xA159, 0xA579, 0xA579, 0xA579, 0x993C, 0x9ADF, 0xA31F, 0x997D, 0xA159, 0xA579, 0xA578,
  0xA557, 0xA17B, 0xA159, 0xA159, 0x9DDF, 0xAE7F, 0x94F3, 0xD2DC, 0xFFFF, 0xFFFF, 0xFFFF, 0xFFFF, 0xFFFF, 0xB1D2, 0xAA9F, 0xA598,
  0xB9CE, 0x9911, 0xAE1E, 0x9D0E, 0xFFFF, 0xFFFF, 0xFFFF, 0xFFFF, 0xD7FF, 0xE7FF, 0x9979, 0x94F2, 0x9D9C, 0xA67F, 0x9A1F, 0x9A3F,
  0x999E, 0xA159, 0xA57A, 0xA57A, 0xA17B, 0x999C, 0x9AFF, 0xA37F, 0x9DDF, 0xA158, 0xA579, 0xA579, 0x9D39, 0x9E1F, 0x99FF, 0xA5FF,
  0xAA7F, 0x9978, 0x9975, 0xA67F, 0xFBFF, 0xFFFF, 0xFFFF, 0xFFFF, 0xFFFF, 0xADD2, 0xAABF, 0xA598, 0xB9CF, 0x9512, 0xBF1F, 0xA571,
  0xFFFF, 0xFFFF, 0xFFFF, 0xFFFF, 0xFFFF, 0xAB1F, 0x971F, 0xA29F, 0x90CE, 0x9512, 0x95FF, 0xA3DF, 0x9EFF, 0x99BF, 0xA5DF, 0xA5DF,
  0x99DF, 0xA77F, 0xABFF, 0x9AFF, 0x99DF, 0x9DBF, 0xA1DF, 0x9DBF, 0x95BF, 0x971F, 0xA37F, 0x9956, 0x8CAA, 0xAADF, 0xAFBF, 0xCBBF,
  0xFFFF, 0xFFFF, 0xFFFF, 0xFFFF, 0xFFFF, 0xADB2, 0xAABF, 0xA197, 0xB9CF, 0x9112, 0xBF5F, 0xA592, 0xFFFF, 0xFFFF, 0xFFFF, 0xFFFF,
  0xFFFF, 0xFFFF, 0x92DF, 0xA7FF, 0x9A9F, 0x9537, 0x8DBF, 0xA7FF, 0x9F7F, 0x9DFF, 0xA61F, 0x95DF, 0x9B1F, 0xB3FF, 0xA7FF, 0x967F,
  0x99DF, 0xA23F, 0xA63F, 0x9A1F, 0x9F3F, 0xA3FF, 0x9B3F, 0x9138, 0xA73F, 0xABFF, 0x925F, 0xFFFF, 0xFFFF, 0xFFFF, 0xFFFF, 0xFFFF,
  0xFFFF, 0xA9B2, 0xAABF, 0xA197, 0xB9D0, 0x9112, 0xBB5F, 0xA571, 0xFFFF, 0xFFFF, 0xFFFF, 0xFFFF, 0xFFFF, 0xFFFF, 0xA31F, 0xABFF,
  0x933F, 0x9B5F, 0x975F, 0xA7FF, 0xA39F, 0x90D4, 0x9117, 0xA33F, 0xA7FF, 0xB7FF, 0xA3FF, 0x9F3F, 0x9A1F, 0x94D4, 0x94D4, 0x9557,
  0xC7FF, 0xBBFF, 0x931F, 0x971F, 0xB7FF, 0xB7FF, 0x9A3F, 0xFFFF, 0xFFFF, 0xFFFF, 0xFFFF, 0xFFFF, 0xFFFF, 0xA9B1, 0xA69F, 0xA176,
  0xB9D0, 0x9112, 0xBB5F, 0xA571, 0xFFFF, 0xFFFF, 0xFFFF, 0xFFFF, 0xFFFF, 0xDEF9, 0x9E1F, 0xCFFF, 0xDFFF, 0xBBFF, 0x9BFF, 0xBBFF,
  0xCBFF, 0xB7FF, 0x927F, 0xABFF, 0xBBFF, 0xC3FF, 0xB3FF, 0xA7FF, 0x9F7F, 0x9A9F, 0x969F, 0xC3FF, 0xDFFF, 0xB3FF, 0x8B1F, 0xBFFF,
  0xCBFF, 0xA79F, 0x9DFF, 0xEB7F, 0xFFFF, 0xFFFF, 0xFFFF, 0xFFFF, 0xFFFF, 0xA990, 0xA67F, 0xA175, 0xB9CF, 0x8D12, 0xB75F, 0xA571,
  0xFFFF, 0xFFFF, 0xFFFF, 0xFFFF, 0xCE74, 0x8847, 0x9937, 0xB3BF, 0xDBFF, 0xC7FF, 0xA3FF, 0xD7FF, 0xF3FF, 0xDBFF, 0x9B9F, 0xAFFF,
  0xE3FF, 0xEFFF, 0xDBFF, 0xAFFF, 0xB3FF, 0x9BFF, 0x97DF, 0xC3FF, 0xDFFF, 0xABFF, 0xABFF, 0xDFFF, 0xCBFF, 0xA2FF, 0x993B, 0x8426,
  0xDED7, 0xFFFF, 0xFFFF, 0xFFFF, 0xFFFF, 0xA990, 0xA67F, 0xA175, 0xB5AF, 0x8CF1, 0xB73F, 0xA591, 0xFFFF, 0xFFFF, 0xFFFF, 0xE2F8,
  0x8424, 0xA534, 0x9915, 0x99DF, 0x9ABF, 0xA7BF, 0xAFFF, 0xD7FF, 0xDFFF, 0xEFFF, 0xCBFF, 0xABFF, 0xCFFF, 0xF7FF, 0xF3FF, 0xE3FF,
  0xE3FF, 0xD7FF, 0xD3FF, 0xCFFF, 0xCBFF, 0xAFFF, 0xBBFF, 0xC3FF, 0xA7DF, 0xA23F, 0x90D1, 0xA152, 0x8C68, 0xF37C, 0xFFFF, 0xFFFF,
  0xFFFF, 0xA590, 0xA65F, 0xA196, 0xB18E, 0x8CF1, 0xB33F, 0xA591, 0xFFFF, 0xFFFF, 0xFFFF, 0x98EF, 0xA9D9, 0xA9FC, 0xB69F, 0xAE5F,
  0xAA3F, 0x95BF, 0x9A9F, 0xB3FF, 0xAFFF, 0xF3FF, 0xEFFF, 0xC3FF, 0xBBFF, 0xF3FF, 0xFFFF, 0xF3FF, 0xEFFF, 0xEFFF, 0xEBFF, 0xD3FF,
  0xA7FF, 0x9B3F, 0x927F, 0x9F1F, 0xA27F, 0xA1BF, 0xB67F, 0xB29F, 0xC2DF, 0x9930, 0xFFFF, 0xFFFF, 0xFFFF, 0xA570, 0xA23F, 0xA597,
  0xB18E, 0x90F2, 0xB31F, 0xA591, 0xFFFF, 0xFFFF, 0xA94C, 0xAE3E, 0xBB1F, 0xB6BF, 0xBADF, 0xB25F, 0xADFF, 0xA9DF, 0x9D9F, 0x913C,
  0x9A5F, 0xB3FF, 0xC7FF, 0xBBFF, 0xA7FF, 0xCFFF, 0xDFFF, 0xB3FF, 0x9BBF, 0xA7FF, 0xABFF, 0xA7FF, 0x9EFF, 0x959F, 0x997B, 0x90F5,
  0x9D38, 0xADDD, 0xA5FD, 0xBEFF, 0xC33F, 0xBABF, 0xA54C, 0xFFFF, 0xFFFF, 0xA970, 0xA1FE, 0xA597, 0xB18D, 0x9912, 0xAE5F, 0x9D2D,
  0xFFFF, 0xFFFF, 0x98C9, 0xA5FC, 0xBB3F, 0xA61E, 0xB23F, 0xA9BC, 0x9D14, 0x98F1, 0x94F2, 0xA1FF, 0xA6DF, 0x9ABF, 0x9EDF, 0x9F3F,
  0x9E9F, 0x9A7F, 0x9EFF, 0x9ABF, 0x9A9F, 0x95DF, 0x99FF, 0xA67F, 0xAADF, 0xA6FF, 0xA65F, 0xA155, 0x908B, 0x9910, 0xA596, 0xBA9F,
  0xB27F, 0xB23D, 0x9D0A, 0xFFFF, 0xFFFF, 0xA56F, 0xA1DE, 0xA997, 0x9928, 0x9D12, 0xB1FB, 0x9D0B, 0xEFFD, 0xFFFF, 0xEF9D, 0xA5D8,
  0xBF3F, 0xA9DC, 0xA155, 0x9D11, 0x94CD, 0xA175, 0xAE3F, 0xAEDF, 0xAF5F, 0xB31F, 0x999E, 0xA5FF, 0x90AF, 0xA199, 0xAE7F, 0xAA5F,
  0xAE9F, 0xA5BD, 0x98F2, 0xA5BC, 0xAE7F, 0xB2DF, 0xAA5F, 0xB25F, 0xA9FB, 0x94CD, 0x8C67, 0xA174, 0xB65F, 0xA172, 0xFFFF, 0xFFFF,
  0xEFFC, 0x99CD, 0xAA1F, 0xA995, 0xCEF4, 0x98EE, 0x9D0F, 0xA58B, 0xD3F8, 0xFFFF, 0xFFFF, 0x9D2D, 0xB23D, 0xA595, 0x8846, 0x990E,
  0xBA7F, 0xBEFF, 0xB2BF, 0xB29F, 0xB29F, 0xAE3F, 0xA577, 0x9CEF, 0x9089, 0xA9B9, 0xAE3F, 0xAA1F, 0xAE3F, 0xA9BA, 0x908A, 0x9089,
  0xA999, 0xAA1F, 0xAE3F, 0xAE3F, 0xBAFF, 0xC71F, 0xBE9D, 0x98ED, 0x94CB, 0xC632, 0xFFFF, 0xFFFF, 0xBBAF, 0xA68E, 0x9D76, 0xA170,
};
#define assets_c15_W 44
#define assets_c15_H 44

static const unsigned short assets_c16[1936] = {
  0xADB6, 0xB1B7, 0xA92D, 0xA4E5, 0xA986, 0xB72C, 0xB7AE, 0xABF1, 0xBBF8, 0xAEAA, 0xFB4E, 0xFFF9, 0xFFF7, 0xFFF8, 0xFFF7, 0xFFF6,
  0xFFF6, 0xFFF8, 0xFFFB, 0xFFF9, 0xFFF8, 0xFFF7, 0xFFF4, 0xFFF3, 0xFFF4, 0xFFF5, 0xB5AB, 0xA54A, 0xA54B, 0xA991, 0xC6FF, 0xC73F,
  0xC2FF, 0xBEBF, 0xA9B6, 0xE2AF, 0xFFF9, 0xFFF6, 0xFFF7, 0xFFF6, 0xFFF6, 0xFFF6, 0xFFF6, 0xFFF6, 0xADD8, 0xA996, 0xB98C, 0xDA6C,
  0xA5C6, 0xBBCF, 0xB38D, 0xB7F3, 0xB3B0, 0xC248, 0xFFF8, 0xFFFB, 0xFFF8, 0xFFF8, 0xFFF9, 0xFFF9, 0xFFF8, 0xFFF9, 0xFFF5, 0xFFF4,
  0xFFF4, 0xFFF4, 0xB1AE, 0xAD8F, 0xADB0, 0xA9B2, 0xBEBF, 0xBEFF, 0xBEDF, 0xBA7E, 0xADFA, 0xA9D6, 0xA5B1, 0xAE0F, 0xA98A, 0xFFB3,
  0xFFFC, 0xFFF6, 0xFFF7, 0xFFF7, 0xFFF7, 0xFFF7, 0xFFF6, 0xFFF5, 0xADD8, 0xA971, 0xDEAF, 0xFFF9, 0xCF0B, 0xBF8C, 0xB74C, 0xB7F2,
  0xAECB, 0xFFF4, 0xFFFD, 0xFFF9, 0xCA95, 0xAD8E, 0xD24C, 0xFFF4, 0xFFD2, 0xF773, 0xADB0, 0xA5B3, 0xA9D3, 0xA5B4, 0xC2FF, 0xBABF,
  0xBABF, 0xBEBF, 0xB65C, 0xADD8, 0xA5B0, 0x9D6B, 0xA58A, 0xB20A, 0xBF4D, 0xBFAC, 0xBB4B, 0xC68A, 0xFFF6, 0xFFF9, 0xFFF6, 0xFFF7,
  0xFFF7, 0xFFF6, 0xFFF7, 0xFFF8, 0xA595, 0xBDCC, 0xFFFB, 0xFFFC, 0xFFF5, 0xA982, 0xB74C, 0xBFF5, 0xAE68, 0xFFF7, 0xFFF6, 0xA9B1,
  0xD3DF, 0xC31F, 0xA172, 0xA170, 0xA192, 0x9D72, 0xC2FF, 0xC31F, 0xBEDF, 0xBEBF, 0xADF7, 0x9D2C, 0xA58C, 0xA5AC, 0xA589, 0xA966,
  0xB649, 0xBB4B, 0xB76C, 0xBB2C, 0xBFAD, 0xBFF0, 0xB7ED, 0xB30C, 0xC669, 0xFFFA, 0xFFF8, 0xFFF7, 0xFFF8, 0xFFF9, 0xFFFD, 0xFFFF,
  0xA574, 0xBDA9, 0xFFFA, 0xFFF9, 0xFFF7, 0xCA48, 0xBB8E, 0xB36E, 0xC669, 0xFFFA, 0xFFF6, 0x9D0A, 0xCB3F, 0xCB7F, 0xBEBF, 0xBA7E,
  0xB67D, 0xBA9E, 0xB239, 0x9D6D, 0xA18A, 0xA5CA, 0xADE9, 0xB669, 0xBF2B, 0xBB2B, 0xBF8D, 0xB6EA, 0xB267, 0xBB8D, 0xB7F2, 0xB7F2,
  0xB2E9, 0xBF8C, 0xBBEF, 0xB7CE, 0xB32D, 0xD6CD, 0xFFFE, 0xFFFD, 0xFFFD, 0xFFFF, 0xFFFF, 0xFFFF, 0xA54F, 0xF352, 0xFFF9, 0xFFF8,
  0xFFFC, 0xFFF6, 0xB6A9, 0xC2CA, 0xFFF9, 0xFFFF, 0xF7F3, 0xA608, 0xB231, 0xB638, 0x9D0C, 0xA18A, 0x9DC9, 0xA1C9, 0xA9E9, 0xB6CB,
  0xBB4C, 0xBFCE, 0xBF6C, 0xBEE8, 0xC34B, 0xB76B, 0xB38C, 0xBFF2, 0xB2C9, 0xB2A9, 0xB7F1, 0xB3F4, 0xBBF2, 0xB2E9, 0xBF6D, 0xB7EE,
  0xB7F2, 0xAB0D, 0xE330, 0xFFFF, 0xFFFF, 0xFFFF, 0xFFFF, 0xFFFF, 0xB5AD, 0xFFFC, 0xFFFC, 0xFFFA, 0xFFF7, 0xFFFA, 0xF36E, 0xFFF4,
  0xFFFF, 0xFBB1, 0xB2EC, 0xBFB0, 0xA9C8, 0x9CC8, 0xA52A, 0xB2EB, 0xBBF2, 0xBBF4, 0xB32A, 0xB709, 0xBBF0, 0xB3EF, 0xBBEF, 0xBF4C,
  0xB687, 0xBF6D, 0xB3AD, 0xB3EF, 0xBFF2, 0xB288, 0xB70A, 0xBBF4, 0xB3F4, 0xB7F0, 0xB2C9, 0xC3AE, 0xB7EF, 0xBBF4, 0xA689, 0xEB31,
  0xFFFF, 0xFFFF, 0xFFFF, 0xFFFF, 0xC1EE, 0xFFFF, 0xFFFF, 0xFFFF, 0xFFFC, 0xFFFA, 0xFFFD, 0xFFFF, 0xFFF4, 0xB2CB, 0xBFF1, 0xA5E9,
  0xA10C, 0xAD52, 0xA52D, 0xB30B, 0xB3F0, 0xB3F8, 0xB3F2, 0xB30A, 0xB32C, 0xBBF3, 0xB3F0, 0xBBEF, 0xBB2B, 0xB2A8, 0xC3F1, 0xAFAD,
  0xB7F1, 0xBFF2, 0xB247, 0xB72B, 0xB7F1, 0xB3F4, 0xB3EF, 0xB6A8, 0xB709, 0xBBF1, 0xBFF4, 0xA229, 0xFFF6, 0xFFFF, 0xFFFF, 0xFFFF,
  0xC20F, 0xFFFF, 0xFFFF, 0xFFFF, 0xFFFF, 0xFFFD, 0xFFFF, 0xFFF3, 0xB6EC, 0xBFD0, 0xB26B, 0xA54C, 0xA50F, 0xA110, 0xA10C, 0xB6EC,
  0xB7AD, 0xB3F4, 0xB3F7, 0xB7F2, 0xB309, 0xB7F0, 0xB3F6, 0xAFF0, 0xBFF0, 0xB6CA, 0xB268, 0xBBF2, 0xABEE, 0xBBF4, 0xB38E, 0xAE26,
  0xBF8D, 0xB3F2, 0xBBF7, 0xAF0A, 0xBEC8, 0xB2E9, 0xB3EF, 0xBFF5, 0xAA29, 0xFFFA, 0xFFFF, 0xFFFF, 0xCA10, 0xFFFF, 0xFFFF, 0xFFFF,
  0xFFFF, 0xFFFF, 0xF792, 0xBAED, 0xBB90, 0xA9E8, 0xA96D, 0xA530, 0x9CED, 0xAD94, 0xAD93, 0xA969, 0xAA48, 0xBBF2, 0xB3F8, 0xB3F3,
  0xBBF0, 0xAF0B, 0xB7F7, 0xB3F6, 0xB3EE, 0xBFCF, 0xAE46, 0xBBF2, 0xB7F3, 0xABEF, 0xBBF5, 0xB30C, 0xADE5, 0xB32A, 0xBBF4, 0xBBF3,
  0xBF0A, 0xBECA, 0xA9E5, 0xAF2B, 0xBBF2, 0xC2CE, 0xFFFB, 0xFFFF, 0xC1CD, 0xFFFF, 0xFFFF, 0xFFFF, 0xFFFF, 0xFFF6, 0xBB2F, 0xBB90,
  0xAA08, 0xA0EB, 0xA951, 0xA0ED, 0xB195, 0xB1D8, 0xB1D7, 0xAD92, 0xA56A, 0xAF0C, 0xBBFA, 0xAFF2, 0xBBF4, 0xB36E, 0xAB0C, 0xBFF9,
  0xABEE, 0xB7F1, 0xBBAE, 0xAAA8, 0xBFF5, 0xB7F3, 0xAFF0, 0xB7F1, 0xB206, 0xBA88, 0xB2E9, 0xBBD0, 0xBFAE, 0xBF0A, 0xBA89, 0xB227,
  0xB2AA, 0xB26B, 0xFFF8, 0xFFFF, 0xFFD7, 0xFFFF, 0xFFFF, 0xFFFF, 0xFFF9, 0xBEAC, 0xBFB2, 0xAE69, 0xA549, 0xA50F, 0xA10F, 0xA952,
  0xADB6, 0xA995, 0xA995, 0xADB6, 0xA52C, 0xB32D, 0xBFFA, 0xAFB0, 0xB3F4, 0xB7F4, 0xA5E5, 0xB38F, 0xBBF6, 0xB3F4, 0xB7EF, 0xAE47,
  0xAEAA, 0xB7F1, 0xB7F4, 0xB3F3, 0xAEA9, 0xBEA9, 0xBAE9, 0xB6C9, 0xB6C9, 0xBF0A, 0xBAE9, 0xBECA, 0xB6AA, 0xB227, 0xFFF7, 0xFFFF,
  0xFFFF, 0xFFFF, 0xFFFF, 0xFFFF, 0xDB51, 0xB2CB, 0xB6AB, 0xB1EA, 0xA94E, 0xA0CC, 0xA951, 0xB1F9, 0xB65C, 0xB23C, 0xB65C, 0xA9B7,
  0xA570, 0xAF2D, 0xC3F9, 0xA2AA, 0xB3F4, 0xB7F6, 0xB289, 0xB267, 0xB3AE, 0xBBF8, 0xB7F3, 0xBB4B, 0xBAC9, 0xAA26, 0xB38E, 0xBFFB,
  0xBBF3, 0xB267, 0xC38D, 0xBB4C, 0xB287, 0xB6A8, 0xC34C, 0xB6A8, 0xBF8D, 0xBBF1, 0xBAED, 0xFFF9, 0xFFFF, 0xFFFF, 0xFFFF, 0xE330,
  0xBF71, 0xBFD0, 0xB6CD, 0xA98E, 0xA0ED, 0xA10F, 0xA553, 0xA9B7, 0xAE1A, 0xADFA, 0xAE1B, 0xBEBF, 0xB1F7, 0xAEAB, 0xC7F4, 0xA228,
  0xB7F4, 0xB7F1, 0xBB4B, 0xC38E, 0xAE87, 0xB34C, 0xC3F5, 0xB76C, 0xC3CE, 0xB74C, 0xAA26, 0xAF2C, 0xB2EB, 0xBA88, 0xBB4B, 0xB7CE,
  0xBBF2, 0xB30B, 0xBF2C, 0xC34C, 0xBAE9, 0xBBEF, 0xBBF3, 0xB66B, 0xFFFF, 0xFFFF, 0xFFF6, 0xCBB3, 0xAF4D, 0xB70E, 0xA98D, 0xA4EE,
  0xA931, 0xB21A, 0xB65E, 0xB25C, 0xAE1A, 0xA9F9, 0xAE1B, 0xB21C, 0xA572, 0xAE69, 0xC3AD, 0xA1C6, 0xBBF3, 0xB7CE, 0xBBCE, 0xBBCD,
  0xC78D, 0xB287, 0xAA88, 0xBAEB, 0xBB4C, 0xBBF0, 0xB76C, 0xB70A, 0xBF4C, 0xB288, 0xBAEA, 0xB7CE, 0xB3F3, 0xBBF4, 0xB34C, 0xBFAD,
  0xC3AD, 0xBB09, 0xB7EE, 0xC3F2, 0xFFFF, 0xFFFA, 0xCB30, 0xB36E, 0xC390, 0xA56A, 0xA4ED, 0xA0CD, 0xA973, 0xA996, 0xADFA, 0xADFA,
  0xB23B, 0xBABF, 0xC2FF, 0xB25E, 0xB1F9, 0xA5AD, 0xA9C8, 0xA9C7, 0xC3F2, 0xB7F0, 0xBBF7, 0xB3F0, 0xBFAD, 0xBFCE, 0xBFF2, 0xB2A9,
  0xBAA8, 0xB7F0, 0xB7F4, 0xB7AD, 0xB74C, 0xBF6E, 0xB288, 0xBFCF, 0xAFCE, 0xB3F2, 0xB7F4, 0xB36D, 0xBFAE, 0xC7EF, 0xB78C, 0xBFEF,
  0xFFF8, 0xD30F, 0xB32D, 0xBB4D, 0xADEA, 0xA0ED, 0xA510, 0xB1D7, 0xADF9, 0xA9D8, 0xA9D9, 0xA174, 0x98F1, 0xA154, 0xA175, 0xA597,
  0xB1FA, 0xB1FA, 0xB1D3, 0xA989, 0xBACA, 0xB7CE, 0xB7F7, 0xBBF7, 0xB7EF, 0xBB8C, 0xB3F0, 0xBBCF, 0xB246, 0xBFF1, 0xB3F5, 0xB3F4,
  0xB36C, 0xB74C, 0xBF8E, 0xB32A, 0xBBF3, 0xAFEE, 0xB3F5, 0xBBF4, 0xAA25, 0xBB6E, 0xC3F5, 0xAFAC, 0xF38E, 0xAE6A, 0xBB4D, 0xB66A,
  0xA0EA, 0xA0CC, 0xA0EE, 0xA995, 0xB23C, 0xBEFF, 0xBEFF, 0xBEDF, 0xB67F, 0xB25C, 0xB65D, 0xADFA, 0xA175, 0xA576, 0xA575, 0xAD91,
  0xA587, 0xBFF0, 0xB7F3, 0xB3F5, 0xB3F1, 0xB7AD, 0xB3CD, 0xBFF0, 0xB6A8, 0xB6EA, 0xB7F3, 0xAFF5, 0xB7F3, 0xB76D, 0xB70A, 0xBB4B,
  0xBBF2, 0xBBF4, 0xAFF0, 0xBFF3, 0xAE48, 0xAA07, 0xBFF2, 0xBBF3, 0xC289, 0xB78F, 0xB6AB, 0xA52A, 0xA531, 0xA10F, 0xA10E, 0xA152,
  0xA154, 0xA9B7, 0xA9B8, 0xA5B8, 0xB67F, 0xBEFF, 0xBEFF, 0xBEDF, 0xBEBF, 0xB25E, 0xB25D, 0xB21A, 0x9D89, 0xC3CF, 0xAACA, 0xB3F4,
  0xB3F4, 0xAFEE, 0xBBF3, 0xB38C, 0xC36C, 0xB266, 0xB30B, 0xBBF4, 0xB3F5, 0xB7F4, 0xB7AE, 0xBB0A, 0xB2C8, 0xB7EF, 0xB7F3, 0xAFF0,
  0xB6EC, 0xA964, 0xB267, 0xBF8E, 0xB26A, 0xBB4E, 0xA547, 0xA530, 0xB61B, 0xA553, 0xA993, 0xBEBF, 0xAE3C, 0xA9FA, 0xAE1C, 0xAE1C,
  0xA197, 0x9D53, 0xA153, 0xA174, 0xA5B7, 0xBABF, 0xBEFF, 0xBEBF, 0xB655, 0xB26C, 0x9986, 0xB7F4, 0xB3F6, 0xB3F1, 0xB7F5, 0xB7F3,
  0xB2C9, 0xC30A, 0xB246, 0xAEC9, 0xB7F4, 0xAFF7, 0xBBF6, 0xAAA9, 0xADE5, 0xB286, 0xB7F0, 0xB7F6, 0xB30F, 0x9CE5, 0xB188, 0xB1C5,
  0xB228, 0xB26A, 0xA0A6, 0xA950, 0xB23C, 0xA574, 0xA110, 0xA597, 0xAE3C, 0xBEFF, 0xBEFF, 0xC31F, 0xBEDF, 0xB69F, 0xB27F, 0xB69F,
  0xAE1A, 0x9D55, 0xA196, 0xA596, 0xADD7, 0x9CEC, 0x98C7, 0xAF8F, 0xB7F5, 0xAFCF, 0xB3F4, 0xB7F8, 0xB74E, 0xADE5, 0xBF0A, 0xB287,
  0xB7AE, 0xB3F7, 0xB3F8, 0xB7F3, 0xA9A6, 0xBE67, 0xAE86, 0xBFF1, 0xAEAE, 0x9CCB, 0x9CA8, 0xD248, 0xB1A7, 0xB1C9, 0xBD66, 0xB16D,
  0xB65D, 0xA595, 0xA574, 0xBEDF, 0xADF9, 0x9932, 0xA175, 0xA196, 0xA1B7, 0xB69F, 0xBADF, 0xBAFF, 0xBEFF, 0xBADF, 0xBABF, 0xBA9F,
  0xA5D9, 0xB1FA, 0x98EC, 0xAAEC, 0xBFF4, 0xA6A8, 0xB7F2, 0xB3F8, 0xB7F3, 0xA9E6, 0xC32C, 0xBF6B, 0xAEE8, 0xB3F2, 0xB3F9, 0xB3F4,
  0x9D07, 0xAD4A, 0xA127, 0xAE2B, 0xA9AD, 0xA931, 0xA0EB, 0xDE47, 0xEAE7, 0xBDA3, 0xDA46, 0xB16C, 0xB67E, 0xA5B7, 0xADD8, 0xB63C,
  0xA9D7, 0xBEBF, 0xB69F, 0xB69F, 0xB6BF, 0xA5FB, 0xA5D9, 0xA196, 0xA195, 0xA175, 0xA9F9, 0xBEBF, 0xBABF, 0xC2DF, 0xA131, 0xA5AA,
  0xB76D, 0xB72B, 0xB36C, 0xB3F5, 0xB7F7, 0xAEEC, 0xADC6, 0xBF2B, 0xBB6A, 0xAAA9, 0xA2AC, 0xBFF4, 0x98E9, 0xAD95, 0xA574, 0xB1D8,
  0xA973, 0xA974, 0xA50D, 0xE247, 0xFFE6, 0xFFE6, 0xFB46, 0xAD4B, 0xB67E, 0xA9B6, 0xA132, 0xA552, 0xA152, 0xA9D7, 0xAE3B, 0xBEFF,
  0xBADF, 0xBF1F, 0xC33F, 0xBADF, 0xB69F, 0xBA9F, 0xA596, 0x9D53, 0xA597, 0xA9D8, 0xA130, 0xA92E, 0xAA09, 0xBB8C, 0xB2E9, 0xAB2D,
  0xB7F7, 0xAB4F, 0x9CC8, 0xA987, 0xC34B, 0xB229, 0x9D46, 0xB6CB, 0x98C9, 0xB61A, 0xBA5D, 0xB1F9, 0xA532, 0xADB6, 0xA52E, 0xE267,
  0xFFF1, 0xFFF0, 0xFFED, 0xA92B, 0xB65E, 0xA995, 0xA573, 0xBEDF, 0xA174, 0x98CD, 0xA531, 0x9CCD, 0xA0CD, 0xA973, 0xAE19, 0xB65D,
  0xBEDF, 0xBEDF, 0xA9B6, 0xB63B, 0xBADF, 0xBABF, 0xA152, 0xAD72, 0xA148, 0xB729, 0xB6EA, 0x9525, 0xBFF2, 0xB350, 0xA531, 0xA92F,
  0xA948, 0xA92A, 0xAD4D, 0xA529, 0x9CA9, 0xA110, 0xAD95, 0xA554, 0xA131, 0xB1D8, 0xA54F, 0xE687, 0xFFFF, 0xFFFF, 0xFFFD, 0xA10B,
  0xB65D, 0xA595, 0xA594, 0xC75F, 0xA9D9, 0xADB6, 0xB1B5, 0x9C67, 0xA088, 0x9C88, 0x9C8A, 0x98AA, 0x98AB, 0x9CCE, 0x9CCD, 0x9D52,
  0xBEFF, 0xC31F, 0x9D31, 0xAD95, 0xA54E, 0xB209, 0xB20B, 0xA52D, 0xA14A, 0xA18C, 0xB1D8, 0xB196, 0xA0AA, 0xA4AA, 0xA50D, 0xA0CB,
  0x9CAA, 0xA974, 0xAE1B, 0xBA7F, 0xB1B7, 0xADD8, 0xA54F, 0xEAC7, 0xFFFF, 0xFFFF, 0xF7FF, 0x9CEC, 0xB65C, 0xA9B5, 0x9D10, 0xADFA,
  0xA574, 0xA9B6, 0xAD95, 0x9C68, 0xA0A9, 0xA088, 0x9C88, 0xA088, 0x9C89, 0xB5F7, 0xA552, 0xB219, 0xA9FA, 0xA595, 0x98CD, 0xAD95,
  0xAD94, 0xA0EB, 0xA0CC, 0xB1D8, 0xADB8, 0xADB7, 0xBE7F, 0xB1B7, 0xA0AA, 0xA4CA, 0x9C88, 0xA0CC, 0xA510, 0xB1F9, 0xB65C, 0xA9B7,
  0xA111, 0xB1F9, 0xA54F, 0xEAEA, 0xD3FF, 0xD3FF, 0xCFBF, 0x9CED, 0xB65D, 0xA9B6, 0xA173, 0xBABF, 0xA596, 0xA995, 0xAD94, 0x9C67,
  0xA0A9, 0xA089, 0xA089, 0xA4A9, 0xA0AB, 0xBA7D, 0xA174, 0xB69F, 0xBADF, 0xBEBF, 0x9D30, 0xAD95, 0xA996, 0xAD73, 0xA0EF, 0xBA3C,
  0xBA5D, 0xA995, 0xA974, 0xA552, 0xA4EC, 0xA0CB, 0xA92F, 0xB5D7, 0xAD72, 0x98CC, 0xA152, 0xA573, 0xA131, 0xB1D8, 0x9D2E, 0xE336,
  0xCFFF, 0xCFFF, 0xCF9F, 0x9D0D, 0xB67D, 0xA5B6, 0xA5B6, 0xCB7F, 0xA9D8, 0xA574, 0xA993, 0x9867, 0xA0A9, 0xA089, 0xA089, 0xA4A9,
  0x9CAB, 0xBA5C, 0xA174, 0xB23B, 0xBADF, 0xC6FF, 0x9D31, 0xB65C, 0xB65E, 0xA974, 0xA0EF, 0xAD74, 0xA574, 0xADD8, 0xB1FA, 0xB63C,
  0xAD94, 0xAD51, 0xA951, 0xA951, 0x9D0F, 0xA595, 0xB65D, 0xBA9F, 0xA994, 0xADD7, 0x9D0F, 0xC6FC, 0xCBFF, 0xD3FF, 0xD39F, 0x9D0E,
  0xBA9E, 0xA9B7, 0xA595, 0xC31F, 0xA5B6, 0xA573, 0xA972, 0x9867, 0xA0A9, 0xA089, 0xA089, 0xA4A9, 0x9C8A, 0xBA5C, 0xA153, 0x9D31,
  0xA597, 0xA995, 0x98CD, 0xB67E, 0xB69F, 0xA974, 0x9CEE, 0xADB6, 0xB25D, 0xB67F, 0xB23C, 0xB1F9, 0xA510, 0x9CCD, 0x9CCD, 0x9D10,
  0xB65C, 0xBABF, 0xB23C, 0xA9B7, 0xA110, 0xB1F9, 0x9D31, 0xC71E, 0xB7D5, 0xCFFF, 0xD3BF, 0x9D2F, 0xBA9F, 0xADD7, 0x9CEF, 0xA996,
  0x9D31, 0xA574, 0xA972, 0x9C67, 0xA4A9, 0xA089, 0xA089, 0xA4A9, 0x9C8A, 0xB63B, 0xA152, 0xB65C, 0xBEFF, 0xBA7E, 0x98F0, 0xB67E,
  0xB67F, 0xA974, 0x9CCD, 0xB61A, 0xB23C, 0xB1F9, 0xA131, 0x9D10, 0xA132, 0xA9D8, 0xBA9F, 0xBABF, 0xB65E, 0xA5B7, 0xA596, 0xA995,
  0xA530, 0xB1D6, 0xA110, 0xBE9B, 0xB7D0, 0xBFF9, 0xD3DF, 0x9D30, 0xBA9F, 0xA9B6, 0xA152, 0xC71F, 0xA9B6, 0xA573, 0xAD93, 0x9C68,
  0xA4A9, 0xA089, 0xA089, 0xA089, 0x9889, 0xB63A, 0x9D53, 0xB69F, 0xB71F, 0xC33F, 0xA5B7, 0xB67E, 0xB27E, 0xA553, 0xA0ED, 0xA552,
  0x9D11, 0xA574, 0xA9B7, 0xBA9F, 0xBADF, 0xB6BF, 0xB25E, 0xA175, 0xA574, 0xA596, 0xB21A, 0xB5F9, 0xA530, 0x9048, 0xA0EE, 0xA131,
  0xBFF6, 0xE3FF, 0xD7DF, 0x9D10, 0xBA7F, 0xA596, 0xA594, 0xC73F, 0xA5D6, 0xA574, 0xAD94, 0x9C68, 0xA4A9, 0xA489, 0xA089, 0xA089,
  0x9889, 0xB65B, 0xA153, 0xB23B, 0xB69F, 0xBEBF, 0xA174, 0xB65D, 0xB25D, 0xA553, 0x9CCD, 0xA995, 0xADFA, 0xBABF, 0xB67F, 0xAE3C,
  0xB23C, 0xA196, 0xA175, 0xB23C, 0xB65D, 0xB65C, 0xA995, 0x98CD, 0xA552, 0xB1F9, 0xB23C, 0xB69F, 0xB391, 0xDBFF, 0xD7BF, 0x990F,
  0xB67D, 0xA9B6, 0x98CD, 0x9D52, 0xA131, 0xA9B6, 0xAD94, 0x9C68, 0xA4A9, 0xA089, 0xA089, 0xA089, 0x9C8A, 0xBA5C, 0xA174, 0xA9B7,
  0xA9FA, 0xA9B7, 0x98EE, 0xB65D, 0xB25E, 0xA953, 0x9CCD, 0xBA5C, 0xB25D, 0xADF8, 0xA595, 0xA152, 0xA596, 0xB23C, 0xB65D, 0xB61A,
  0xA132, 0x98F0, 0xB21A, 0xBA9F, 0xB69F, 0xB6BF, 0xB6BF, 0xB27F, 0xCFFF, 0xDBFF, 0xD39F, 0x990F, 0xB67E, 0xA595, 0xA174, 0xC31F,
  0xA9B7, 0xA9B7, 0xAD95, 0xA068, 0xA4A9, 0xA089, 0xA088, 0xA068, 0x988A, 0xBA7D, 0xA174, 0xBABF, 0xC35F, 0xBEDF, 0x9D10, 0xB65C,
  0xB25D, 0xA553, 0xA0CD, 0xB1D7, 0xA154, 0xA553, 0xA573, 0xB1F9, 0xB1F9, 0xA996, 0xA153, 0x94AD, 0xA175, 0xBEDF, 0xB6BF, 0xAE7F,
  0xB29F, 0xAE3C, 0xAE1A, 0xA9D8, 0xDBFF, 0xD7FF, 0xCF9F, 0x990F, 0xBE9E, 0xA995, 0xA9D7, 0xC79F, 0xA5B8, 0xA597, 0xAD95, 0x9C68,
  0x9C68, 0x9867, 0x9CAB, 0xA0AC, 0x9CAB, 0xBA5D, 0xA174, 0xB67D, 0xBB1F, 0xC35F, 0xA594, 0xB63B, 0xB25C, 0xA553, 0xA0EE, 0xA553,
  0xB1FA, 0xB1F9, 0xA552, 0xA973, 0x98CE, 0x9D31, 0xA9F9, 0xBADF, 0xBAFF, 0xB2BF, 0xB2BF, 0xBADF, 0xB25E, 0xA9D8, 0xADF9, 0xADD8,
  0xDBFF, 0xDBFF, 0xD7FF, 0xADD6, 0x94CC, 0x98AB, 0xA130, 0xADF9, 0xA553, 0xB1F9, 0xAD94, 0x9C89, 0xAD72, 0xA552, 0xADB6, 0xB61A,
  0x9D10, 0xB65C, 0xA574, 0xA152, 0xADF9, 0xB23B, 0x9D10, 0xB65C, 0xB65E, 0xA974, 0xA511, 0xBA3B, 0xA996, 0xA110, 0x9CEF, 0x9CEF,
  0xB219, 0xBADF, 0xB6DF, 0xB6DF, 0xB2BF, 0xAE7F, 0xB69F, 0xAE1B, 0xA9D8, 0xADD8, 0xA9B7, 0xADB6, 0xDFFF, 0xDFFF, 0xD7FF, 0xC77F,
  0xB69E, 0xBEBF, 0xA9D8, 0xADF8, 0xA131, 0x9CCE, 0xA152, 0xA574, 0xB21C, 0xAE1C, 0xB23D, 0xBA7F, 0x9D31, 0xB23B, 0x9D52, 0xA9B6,
  0xADFA, 0xA595, 0x9CEF, 0xB67D, 0xB67F, 0xAD96, 0xA4EF, 0xA4EF, 0x9CEF, 0xA9B7, 0xB23C, 0xB6BF, 0xB6DF, 0xB2BF, 0xB29F, 0xA9F9,
  0xAE1B, 0xB23C, 0xB23C, 0xADD9, 0xB1B8, 0xAD95, 0xA952, 0xA0CD, 0xE7FF, 0xE7FF, 0xE3FF, 0xDFFF, 0xE3FF, 0xD7FF, 0xDBFF, 0xE3FF,
  0xCB5F, 0xADF7, 0xBABF, 0xC75F, 0xBF1F, 0xC33F, 0xB27F, 0xB25F, 0x9D32, 0xB65B, 0xA174, 0xBABF, 0xBB1F, 0xC31F, 0xA574, 0xB67E,
  0xB27E, 0xA975, 0xA0CC, 0xA552, 0xCB7F, 0xCFFF, 0xB6DF, 0xB25E, 0xB25D, 0xAE3C, 0xAE1A, 0xADF9, 0xADF9, 0xA9D7, 0xADB7, 0xAD95,
  0xA952, 0xA0CE, 0x9CAC, 0xADB4, 0xE7FF, 0xE7FF, 0xE7FF, 0xEBFF, 0xE7FF, 0xE3FF, 0xE3FF, 0xE3FF, 0xE3FF, 0xE3FF, 0xD7FF, 0xD3FF,
  0xD3FF, 0xD7FF, 0xC37F, 0xC31F, 0x9D32, 0xA130, 0x98EF, 0xBA7E, 0xBF3F, 0xC75F, 0xA174, 0xB65D, 0xB25E, 0xA553, 0x9D0F, 0xCB7F,
  0xBF7F, 0xC39F, 0xCBDF, 0xB27E, 0xA9B7, 0xB21A, 0xADF8, 0xA995, 0xAD96, 0xAD95, 0xAD95, 0xA0EE, 0x9CCD, 0xADD6, 0xB67D, 0xDFFF,
  0xE7FF, 0xE7FF, 0xEFFF, 0xEFFF, 0xEFFF, 0xEFFF, 0xEBFF, 0xE7FF, 0xE7FF, 0xE7FF, 0xE3FF, 0xDBFF, 0xDBFF, 0xDBFF, 0xCFFF, 0xCFFF,
  0xBABF, 0xA9B6, 0xADD7, 0x98F0, 0xA574, 0xA595, 0x9D0F, 0xBA7E, 0xBA7F, 0xA974, 0xA110, 0xCB7F, 0xB6FF, 0xC33F, 0xBB3F, 0xC75F,
  0xA595, 0xA995, 0xA995, 0xAD74, 0xA931, 0xA0ED, 0x9489, 0xA972, 0xBEDF, 0xDFFF, 0xDFFF, 0xD3FF, 0xE7FF, 0xEBFF, 0xDBFF, 0xDBDF,
  0xE7FF, 0xD7DF, 0xE3FF, 0xE7FF, 0xE7FF, 0xE7FF, 0xE7FF, 0xEBFF, 0xEBFF, 0xEBFF, 0xE3FF, 0xDBFF, 0xE3FF, 0xDBFF, 0xD7FF, 0xBA9E,
  0xB25B, 0xBA9D, 0x98CE, 0x9D0F, 0xA152, 0x98AD, 0x9D31, 0xD3FF, 0xC37F, 0xBB1F, 0xBB3F, 0xBF3F, 0xA574, 0xAD74, 0xA953, 0x9CCC,
  0x9026, 0xA551, 0xBA7B, 0xD3FF, 0xEBFF, 0xE7FF, 0xEBFF, 0xEBFF, 0xEFFF, 0xE7FF, 0xBA3F, 0xCADF, 0xD75F, 0xBE5F, 0xD39F, 0xEBFF,
  0xE7FF, 0xE7FF, 0xE7FF, 0xE7FF, 0xE7FF, 0xE7FF, 0xE7FF, 0xE7FF, 0xEBFF, 0xE7FF, 0xE3FF, 0xEBFF, 0xE7FF, 0xE7FF, 0xC75F, 0xBEBD,
  0xBABE, 0xC2DF, 0xBA7C, 0xA9F9, 0xD3FF, 0xC39F, 0xC39F, 0xC75F, 0xA531, 0xA0ED, 0x988A, 0xADD5, 0xBEBD, 0xCFBF, 0xE7FF, 0xE7FF,
  0xE7FF, 0xEBFF, 0xEBFF, 0xEFFF, 0xEBFF, 0xCF1F, 0xD31F, 0xE7FF, 0xE3FF, 0xD35F, 0xC6DF, 0xEBFF, 0xEBFF, 0xE7FF, 0xE7FF, 0xE7FF,
  0xE7FF, 0xE7FF, 0xE7FF, 0xE7FF, 0xE7FF, 0xE7FF, 0xE7FF, 0xE7FF, 0xE7FF, 0xE3FF, 0xE7FF, 0xEBFF, 0xEBFF, 0xE3FF, 0xD7FF, 0x9932,
  0xB67C, 0xCFBF, 0xC33F, 0xADF7, 0x948A, 0xA972, 0xBA9D, 0xD7FF, 0xE7FF, 0xDFFF, 0xE3FF, 0xE7FF, 0xE7FF, 0xE7FF, 0xEBFF, 0xEBFF,
};
#define assets_c16_W 44
#define assets_c16_H 44

static const unsigned short assets_c17[1936] = {
  0xA8C5, 0xA8C5, 0xA8C5, 0xA8C5, 0xA8C5, 0xA8C5, 0xA8C5, 0xA8C5, 0xA8C5, 0xA8C5, 0xA8C5, 0xA8C4, 0xA8C5, 0xACC5, 0xA4C5, 0x9913,
  0xA63F, 0xA0CA, 0xA8C4, 0xACC5, 0xA8A4, 0x98A8, 0xAA7F, 0xA9FE, 0xA085, 0xA8C6, 0xA8C5, 0xA8C5, 0xA8C5, 0xA8C5, 0xA8C5, 0xA8C5,
  0xA8C5, 0xA8C5, 0xA8C4, 0xA8C4, 0xA8C4, 0xACC5, 0xA8C5, 0xA8C5, 0xA8C5, 0xA8C5, 0xA8C5, 0xA8C5, 0xA8C5, 0xA8C5, 0xA8C5, 0xA8C5,
  0xA8C5, 0xA8C5, 0xA8C5, 0xA8C5, 0xA8C5, 0xA8C5, 0xA8C5, 0xA8C5, 0xA8C5, 0xACA4, 0x9CC9, 0xA25F, 0x9E5F, 0xA0CA, 0xACC4, 0xACC5,
  0xA4C7, 0x9937, 0x9A5F, 0x9DDF, 0xA084, 0xACC5, 0xA8C5, 0xA8C5, 0xA8C5, 0xA8C5, 0xA8C5, 0xA8C5, 0xA8C5, 0xA8C5, 0xA8C5, 0xA8C5,
  0xA8C5, 0xACC5, 0xA8C5, 0xA8C5, 0xA8C5, 0xA8C5, 0xA8C5, 0xA8C5, 0xA8C5, 0xA8C5, 0xA8C5, 0xA8C5, 0xA8C5, 0xA8C5, 0xACC5, 0xA8C5,
  0xACC5, 0xA8C5, 0xA8C5, 0xA8C5, 0xA8C5, 0xA8C4, 0xA0C8, 0xA63F, 0xA5DF, 0xA4C7, 0xACC5, 0xACA4, 0x98CD, 0x9A7F, 0x965F, 0xA156,
  0xA4A4, 0xACC5, 0xA8C5, 0xA8C5, 0xACC5, 0xA8C5, 0xA8C5, 0xA8C5, 0xA8C5, 0xA8C5, 0xA8C5, 0xA8C5, 0xA8C5, 0xACC5, 0xA8C5, 0xA8C5,
  0xA8C5, 0xA8C5, 0xA8C5, 0xA8C5, 0xA8C5, 0xA8C5, 0xA8C5, 0xA8C5, 0xA8C5, 0xA8C5, 0xA8C5, 0xA8C5, 0xACC5, 0xA8C5, 0xA8C5, 0xA8C5,
  0xA8C5, 0xA8C4, 0xA8C5, 0xA0C6, 0xA0A6, 0xACC5, 0xACC4, 0xA0A6, 0x9DBE, 0x8E5F, 0x923F, 0x94CE, 0xA8C5, 0xACC5, 0xA8C5, 0xA8C5,
  0xA8C5, 0xA8C5, 0xA8C5, 0xA8C5, 0xA8C5, 0xA8C5, 0xA8C5, 0xA8C5, 0xA8C4, 0xA8C5, 0xACC5, 0xA8C5, 0xA8C5, 0xA8C5, 0xA8C5, 0xA8C5,
  0xA8C5, 0xA8C5, 0xA8C5, 0xA8C5, 0xA8C5, 0xA8C5, 0xA8C5, 0xA8C5, 0xACC5, 0xACC5, 0xA8C5, 0xACC5, 0xACC5, 0xA8C5, 0xA8A3, 0xACC4,
  0xACC5, 0xACC5, 0xA8C6, 0x9D57, 0x9A7F, 0x865F, 0x8E7F, 0xA61F, 0x9C64, 0xACC5, 0xA8C5, 0xA8C5, 0xA8C5, 0xA8C4, 0xA8A4, 0xA8C5,
  0xA8C5, 0xA8C5, 0xA8C5, 0xA8C5, 0xA8C5, 0xA8C5, 0xACC5, 0xA8C5, 0xA8C5, 0xACC5, 0xA8C5, 0xA8C5, 0xA8C5, 0xA8C5, 0xA8C5, 0xA8C5,
  0xA8C5, 0xA8C5, 0xACC5, 0xA8C5, 0xA8C5, 0xA8C5, 0xACC5, 0xA8C5, 0xA8C4, 0xA4C6, 0xA52E, 0xA4C7, 0xACC5, 0xACC4, 0x9887, 0xA25F,
  0x8E5F, 0x863F, 0x8A5F, 0x9A1F, 0x9D10, 0xA8C5, 0xACC5, 0xA8C5, 0xA8C4, 0xA4C8, 0xA50D, 0xA8C5, 0xA8C5, 0xA8C5, 0xA8C5, 0xA8C5,
  0xA8C5, 0xA8C5, 0xA8C5, 0xA8C5, 0xA8C5, 0xA8C5, 0xA8C5, 0xA8C5, 0xA8C5, 0xA8C5, 0xA8C5, 0xA8C5, 0xA8C5, 0xA8C5, 0xA8C5, 0xA8C5,
  0xA8C5, 0xA8C5, 0xA8C5, 0xA8C5, 0xA8C4, 0xA0A8, 0xB61D, 0xA4EA, 0xACC4, 0xA8C6, 0x9D56, 0x923F, 0x8A5F, 0x8A3F, 0x863F, 0x8E5F,
  0x9E1F, 0x9C64, 0xACC5, 0xA8C5, 0xA8A3, 0x9D10, 0xAE1F, 0x9C64, 0xACC5, 0xA8C5, 0xA8C5, 0xA8C5, 0xA8C5, 0xA8C5, 0xA8C5, 0xA8C5,
  0xA8C4, 0xACC5, 0xA8C5, 0xA8C5, 0xA8C5, 0xA8C5, 0xA8C5, 0xA8C5, 0xA8C5, 0xA8C5, 0xA8C5, 0xA8C5, 0xA8C5, 0xA8C5, 0xA8C5, 0xACC5,
  0xA8A4, 0xAD0D, 0xA4CA, 0xA8C5, 0xACC4, 0x9CC9, 0xA27F, 0x8A5F, 0x863F, 0x8A3F, 0x8A3F, 0x8A3F, 0x921F, 0xA19A, 0xA0A6, 0xACC5,
  0xA4A3, 0x9911, 0xA67F, 0x9D53, 0xA4A4, 0xACC5, 0xA8C5, 0xA8C5, 0xA8C5, 0xA8C5, 0xA8C5, 0xA8C5, 0xA8C4, 0xA8C5, 0xA8C4, 0xA8C5,
  0xA8C4, 0xA8C5, 0xA8C5, 0xA8C5, 0xA8C5, 0xA8C5, 0xA8C5, 0xA8C5, 0xA8C5, 0xA8C5, 0xA8C5, 0xACC5, 0xA8A5, 0xA8EC, 0xA4C7, 0xACC5,
  0xACC4, 0x9CCA, 0x961F, 0x863F, 0x8A3F, 0x865F, 0x865F, 0x8A3F, 0x8A3F, 0x9A5F, 0x9D35, 0xA4A4, 0xA8A3, 0x9911, 0xA29F, 0xA1FF,
  0xA085, 0xACC5, 0xA8C5, 0xA8C5, 0xA8C5, 0xA8C5, 0xA8C5, 0xA8C5, 0xA8C5, 0xA8C5, 0xA8C5, 0xACC5, 0xACC5, 0xA8C5, 0xA8C5, 0xA8C5,
  0xA8C5, 0xA8C5, 0xA8C5, 0xA8C5, 0xA8C5, 0xA8C5, 0xA8C5, 0xACC5, 0xA4A6, 0xA576, 0xA153, 0xA084, 0xACC5, 0xA0CA, 0x9E5F, 0x8A3F,
  0x8A5F, 0x8F1F, 0x8F5F, 0x8A9F, 0x861F, 0x8A1F, 0x9A1F, 0x9D10, 0xA484, 0x9D12, 0xA2BF, 0x9DDF, 0xA085, 0xA8C5, 0xA8C5, 0xA8C5,
  0xA8C5, 0xA8C5, 0xA8C5, 0xA8C5, 0xA8C5, 0xA8C5, 0xA8C5, 0xA8C5, 0xA8C5, 0xA8C5, 0xA8C5, 0xA8C5, 0xA8C5, 0xA8C5, 0xA8C5, 0xA8C5,
  0xA8C5, 0xA8C5, 0xACC5, 0xACC4, 0x9C87, 0xA25F, 0x9E7F, 0xA133, 0xA8C5, 0xA4C7, 0x9D9C, 0x8E1F, 0x8ABF, 0x8B9F, 0x8B9F, 0x8F5F,
  0x8EBF, 0x85FF, 0x8E3F, 0xA1DF, 0x9C64, 0xA0EB, 0xA23F, 0xA1FF, 0xA085, 0xA8C5, 0xA8C5, 0xA8C5, 0xA8C5, 0xA8C5, 0xA8C5, 0xA8C5,
  0xA8C5, 0xA8C5, 0xA8C5, 0xA8C5, 0xA8C5, 0xA8C5, 0xA8C5, 0xA8C5, 0xA8C5, 0xA8C5, 0xA8C5, 0xA8C5, 0xA8C5, 0xA8C5, 0xA483, 0xACA4,
  0x9CA8, 0x9A5F, 0x96BF, 0xA1FF, 0xA065, 0xB0E5, 0x9489, 0x921F, 0x8AFF, 0x8BBF, 0x8B9F, 0x871F, 0x8B1F, 0x8A9F, 0x8A1F, 0x95DF,
  0xA131, 0xA062, 0xA177, 0xA5DB, 0xA083, 0xA8C5, 0xA8C5, 0xA8C5, 0xA8C5, 0xA8C5, 0xA8C5, 0xA8C5, 0xA8C5, 0xA8C5, 0xA8C5, 0xA8C5,
  0xA8C5, 0xA8C5, 0xA8C5, 0xA8C5, 0xA8C5, 0xA8C5, 0xA8A5, 0xA8C5, 0xA8C4, 0xA4A7, 0xAD95, 0xA4C8, 0xA0A7, 0xA1BE, 0x927F, 0x965F,
  0xA155, 0xA084, 0x9D55, 0x923F, 0x8AFF, 0x8BDF, 0x8FDF, 0x8AFF, 0x8AFF, 0x8B1F, 0x8A9F, 0x921F, 0xA1DF, 0xA062, 0xAD4E, 0xA950,
  0xA4A4, 0xA8C5, 0xA8C5, 0xA8C5, 0xA8C5, 0xA8C5, 0xA8C5, 0xA8C5, 0xA8C5, 0xA8C5, 0xA8C5, 0xA8C5, 0xA8C5, 0xA8C5, 0xA8C5, 0xA8C5,
  0xA8C5, 0xA8C5, 0xA8C5, 0xA8C5, 0xA8C4, 0xA4A7, 0xB195, 0xA4C9, 0xA8A4, 0x948A, 0x965F, 0x8E9F, 0x9A7F, 0x94F3, 0x9A1F, 0x8E5F,
  0x8AFF, 0x8BBF, 0x93FF, 0x8F7F, 0x86DF, 0x8AFF, 0x8ADF, 0x8E5F, 0x95FF, 0xA0CA, 0xA8A5, 0xA4A4, 0xA8A4, 0xA8C5, 0xA8C5, 0xA8C5,
  0xA8C5, 0xA8C5, 0xA8C5, 0xA8C5, 0xA8C5, 0xA8C5, 0xA8C5, 0xA8C5, 0xA8C5, 0xA8C5, 0xA8C5, 0xA8C5, 0xA8C5, 0xA8C5, 0xA8C5, 0xA8C5,
  0xA8C5, 0xA8A4, 0xA483, 0xA8A5, 0xACA4, 0x98A9, 0x9A5F, 0x869F, 0x8EBF, 0x923F, 0x8DFF, 0x8A5F, 0x8B1F, 0x8BBF, 0x8FFF, 0x8FFF,
  0x8B3F, 0x86DF, 0x8AFF, 0x8ABF, 0x967F, 0xA5BC, 0xA483, 0xACE7, 0xA8EA, 0xA0A5, 0xA8C5, 0xA8C5, 0xA8C5, 0xA8C5, 0xA8C5, 0xA8C5,
  0xA8C5, 0xA8C5, 0xA8C5, 0xA8C5, 0xA8C5, 0xA8C5, 0xA8C5, 0xA8C5, 0xA8C5, 0xA8C5, 0xA8C5, 0xA8C5, 0xA8C5, 0xA8A4, 0xA8C5, 0xA8C5,
  0xA4A6, 0x9914, 0x967F, 0x8A9F, 0x8A9F, 0x863F, 0x8A3F, 0x8ADF, 0x8F9F, 0x8BBF, 0x93FF, 0x8FFF, 0x8FFF, 0x86FF, 0x86FF, 0x8ABF,
  0x8A5F, 0x999E, 0xA0A4, 0xA0A6, 0xA599, 0xA552, 0xA4A4, 0xA8C5, 0xA8C5, 0xA8C5, 0xA8C5, 0xA8C5, 0xA8C5, 0xA8C5, 0xA8C5, 0xA8C5,
  0xA8C5, 0xA8C5, 0xA8C5, 0xA8C5, 0xA8C5, 0xA8C5, 0xA8C5, 0xA8C5, 0xA8A5, 0xA8C5, 0xA8A5, 0xA8C4, 0x9C87, 0x9E1F, 0x8E9F, 0x8A7F,
  0x8A7F, 0x8A5F, 0x8A5F, 0x8F5F, 0x8B9F, 0x93FF, 0x9FFF, 0x8FFF, 0x8FFF, 0x8F9F, 0x8AFF, 0x8ABF, 0x8E7F, 0xA1DE, 0xA083, 0x98CB,
  0xA25F, 0x9D9B, 0xA483, 0xA8C5, 0xA8C5, 0xA8C5, 0xA8C5, 0xA8C5, 0xA8C5, 0xA8C5, 0xA8C5, 0xA8C5, 0xA8C5, 0xA8C5, 0xA8C5, 0xA8C5,
  0xA8C5, 0xA8C5, 0xA8C5, 0xA8C5, 0xA8C5, 0xA8C5, 0xA8C5, 0xA4A4, 0x98F1, 0x965F, 0x8A7F, 0x8A7F, 0x8A7F, 0x865F, 0x8ADF, 0x8B7F,
  0x8BDF, 0x9FFF, 0x9BFF, 0x8FFF, 0x8FFF, 0x8FFF, 0x8ADF, 0x8A3F, 0x9E1F, 0x9CCC, 0x9CA7, 0x9DDF, 0x9EFF, 0x999A, 0xA083, 0xA8C5,
  0xA8C5, 0xA8C5, 0xA8C5, 0xA8C5, 0xA8C5, 0xA8C5, 0xA8C5, 0xA8C5, 0xA8C5, 0xA8C5, 0xA8C5, 0xA8C5, 0xA8C5, 0xA8C5, 0xA8C5, 0xA8C5,
  0xA8C5, 0xA8C5, 0xA8A5, 0x98AA, 0x9E3F, 0x8A7F, 0x867F, 0x865F, 0x8A7F, 0x8ADF, 0x8F9F, 0x879F, 0x8BDF, 0x9FFF, 0xA7FF, 0x93FF,
  0x8FFF, 0x93FF, 0x8AFF, 0x91FF, 0x9915, 0x9CCC, 0x9E1F, 0x9ABF, 0x96BF, 0x997A, 0xACE9, 0xACE9, 0xA8A4, 0xA8C5, 0xA8C5, 0xA8C5,
  0xA8C5, 0xA4A5, 0xA8C5, 0xA8C5, 0xA8C5, 0xA8C5, 0xA8C5, 0xA8C5, 0xA8C5, 0xA8C5, 0xA8C5, 0xA8C5, 0xA8C5, 0xACC5, 0x9CA6, 0x9DFF,
  0x8E7F, 0x865F, 0x8A9F, 0x8F1F, 0x8A9F, 0x8F7F, 0x8BBF, 0x879F, 0x8BBF, 0x9FFF, 0xB3FF, 0x9FFF, 0x8FFF, 0x8FFF, 0x8AFF, 0x8DFF,
  0x95BF, 0x9A1F, 0x96BF, 0x91FF, 0x99FF, 0xA1BA, 0xA4A6, 0xA8C7, 0xA8A4, 0xA8C5, 0xA8C5, 0xACC5, 0xA8A4, 0xB54C, 0xACE8, 0xA8A4,
  0xA8C6, 0xA8C5, 0xACC4, 0xA8C4, 0xA8C5, 0xA8C5, 0xA8C5, 0xA8C5, 0xACC5, 0xA8C5, 0x94AA, 0x961F, 0x8A7F, 0x8ADF, 0x8B5F, 0x8F9F,
  0x8B3F, 0x8B9F, 0x8BBF, 0x8B9F, 0x8BDF, 0xA3FF, 0xBFFF, 0xB3FF, 0x93FF, 0x8FFF, 0x8AFF, 0x8A1F, 0x8A5F, 0x8A7F, 0x8E9F, 0x99BE,
  0x98A9, 0xA4EB, 0xA4A4, 0xA8C4, 0xA8C5, 0xA8C5, 0xA8C5, 0xA8C4, 0xA8C4, 0xA8C7, 0xA8C6, 0xA8C5, 0xA8C5, 0xA8C5, 0xA8C5, 0xA8C4,
  0xA8C5, 0xA8C5, 0xA8C5, 0xA8C5, 0xACC4, 0xA0A6, 0xA21F, 0x8E5F, 0x8EFF, 0x8B9F, 0x8B9F, 0x8B9F, 0x8B9F, 0x8B9F, 0x8BBF, 0x8BBF,
  0x9BFF, 0xA3FF, 0xD7FF, 0xBFFF, 0x93FF, 0x8FFF, 0x8AFF, 0x85FF, 0x8EBF, 0x937F, 0x8EBF, 0x99BF, 0x9C84, 0xA4A4, 0xA4C5, 0xA8C4,
  0xA8C5, 0xA8C5, 0xA8C5, 0xA8C5, 0xA8C4, 0xA8A4, 0xA8C4, 0xA8C5, 0xA8C4, 0xA8C4, 0xA8C5, 0xA8C5, 0xA8C5, 0xA8C5, 0xA8A5, 0xA8C5,
  0xB0C6, 0x98AC, 0x963F, 0x8A9F, 0x97DF, 0x8BBF, 0x877F, 0x8B9F, 0x8B9F, 0x8B9F, 0x8BDF, 0x97FF, 0xA3FF, 0xA7FF, 0xD3FF, 0xC3FF,
  0x9BFF, 0x877F, 0x8AFF, 0x861F, 0x8F1F, 0x8FBF, 0x8A9F, 0x9A1F, 0x98EF, 0xA0A4, 0xA4A4, 0xA4A4, 0xA8C5, 0xA8C5, 0xA8C5, 0xA8C4,
  0xA8C4, 0xA8C5, 0xA8C5, 0xA8C5, 0xA8C5, 0xA8C5, 0xA8C5, 0xA8C5, 0xA8C5, 0xA8A5, 0xACC5, 0xB8E6, 0xB50B, 0xA1FF, 0x8E3F, 0x8ADF,
  0x9BFF, 0x8BBF, 0x8B9F, 0x8B9F, 0x8B9F, 0x8B9F, 0x9BFF, 0xA7FF, 0xA7FF, 0xB7FF, 0xD3FF, 0xBFFF, 0x9FFF, 0x8B9F, 0x8F5F, 0x8B3F,
  0x8F9F, 0x8F9F, 0x869F, 0x8E1F, 0x9DBF, 0xA8EC, 0xB906, 0xB907, 0xBD27, 0xBD07, 0xB927, 0xB0E6, 0xA8A4, 0xA8A4, 0xA8C5, 0xA8C5,
  0xACC5, 0xACC5, 0xA8A4, 0xB0E6, 0xBD28, 0xBD27, 0xBD28, 0xC527, 0xB10B, 0x9A1F, 0x863F, 0x8F7F, 0x9BFF, 0x8BBF, 0x8B7F, 0x8FDF,
  0x8BBF, 0x8FFF, 0xA7FF, 0xABFF, 0xB7FF, 0xE7FF, 0xD7FF, 0xB7FF, 0x93FF, 0x879F, 0x93FF, 0x93FF, 0x8FFF, 0x8B9F, 0x8ADF, 0x85FF,
  0x921F, 0xA976, 0xBD06, 0xC127, 0xC127, 0xC127, 0xC127, 0xC127, 0xBD27, 0xB506, 0xA8C5, 0xACC5, 0xC128, 0xBD27, 0xBD27, 0xC128,
  0xC128, 0xC128, 0xC128, 0xC127, 0xB10B, 0x95FF, 0x863F, 0x93DF, 0x9BFF, 0x8BDF, 0x8BDF, 0x93FF, 0x9BFF, 0x9FFF, 0xA3FF, 0xC3FF,
  0xF3FF, 0xFFFF, 0xD7FF, 0xB7FF, 0x93FF, 0xA3FF, 0x97FF, 0x9BFF, 0x97FF, 0x875F, 0x8F3F, 0x8A9F, 0x8A3F, 0x9DDF, 0xB10A, 0xC127,
  0xC127, 0xC127, 0xC127, 0xC127, 0xC528, 0xC548, 0xC127, 0xC128, 0xC548, 0xC548, 0xC548, 0xC128, 0xC128, 0xC128, 0xC128, 0xC127,
  0xB10B, 0x95FF, 0x8A3F, 0x8FDF, 0x9FFF, 0x9BFF, 0x93FF, 0x97FF, 0xB3FF, 0xA7FF, 0xBFFF, 0xF7FF, 0xFFFF, 0xEFFF, 0xC3FF, 0xAFFF,
  0xAFFF, 0xC3FF, 0xBBFF, 0x9BFF, 0x97FF, 0x8B9F, 0x8B7F, 0x939F, 0x8ADF, 0x9A9F, 0xAD96, 0xB906, 0xC128, 0xC127, 0xC127, 0xC127,
  0xC127, 0xC548, 0xC548, 0xC548, 0xC548, 0xC548, 0xC128, 0xC148, 0xC127, 0xC127, 0xC127, 0xC127, 0xB10A, 0x9A1F, 0x8A5F, 0x8FDF,
  0x9FFF, 0xABFF, 0x93FF, 0x9BFF, 0xB3FF, 0xBBFF, 0xEFFF, 0xFFFF, 0xFFFF, 0xE3FF, 0xABFF, 0xA7FF, 0xB3FF, 0xEFFF, 0xDFFF, 0x9BFF,
  0x97FF, 0x93FF, 0x97FF, 0x97FF, 0x8AFF, 0x965F, 0xA597, 0xB8E5, 0xC127, 0xC127, 0xC527, 0xC527, 0xC547, 0xC548, 0xC528, 0xC528,
  0xC528, 0xC548, 0xC548, 0xC548, 0xC128, 0xB94A, 0xB92A, 0xB94A, 0xB54C, 0xA19D, 0x925F, 0x8FDF, 0xA3FF, 0xABFF, 0x93FF, 0x9BFF,
  0xBBFF, 0xE3FF, 0xFBFF, 0xFFFF, 0xFFFF, 0xE3FF, 0xAFFF, 0xB3FF, 0xBBFF, 0xF3FF, 0xF7FF, 0xCFFF, 0xAFFF, 0x8FFF, 0x9FFF, 0x9BFF,
  0x8ADF, 0x963F, 0xA9B9, 0xBD6C, 0xC16C, 0xC128, 0xC149, 0xBD4A, 0xC14A, 0xC548, 0xC128, 0xC128, 0xC127, 0xC527, 0xC527, 0xC127,
  0xBD28, 0xB98D, 0xB5B2, 0xB5F5, 0xBE15, 0xA530, 0x9A1F, 0x8EFF, 0x9FFF, 0xABFF, 0x8FBF, 0x9BFF, 0xBBFF, 0xEBFF, 0xFFFF, 0xFFFF,
  0xFFFF, 0xEFFF, 0xC7FF, 0xE7FF, 0xDFFF, 0xE7FF, 0xFBFF, 0xEBFF, 0xB7FF, 0x97FF, 0xA3FF, 0x9BFF, 0x8ADF, 0x961F, 0xA598, 0xB16E,
  0xBDAF, 0xBD8D, 0xBDB0, 0xBDD2, 0xC1AE, 0xC128, 0xC127, 0xC127, 0xB94A, 0xBD4A, 0xBD4A, 0xB94B, 0xB94A, 0xB14B, 0xB5D4, 0xB5D4,
  0xB9B0, 0xA90B, 0x9D9F, 0x8A5F, 0x939F, 0xABFF, 0x97FF, 0x93FF, 0xAFFF, 0xD7FF, 0xFFFF, 0xFFFF, 0xFFFF, 0xFFFF, 0xFFFF, 0xFFFF,
  0xE3FF, 0xB7FF, 0xF3FF, 0xEBFF, 0xB3FF, 0x9BFF, 0x9FFF, 0x97FF, 0x8EFF, 0x959F, 0x94EF, 0x98EC, 0x9CCA, 0xB5B1, 0xB5F4, 0xB590,
  0xB56C, 0xB96C, 0xB94B, 0xBD4A, 0xB5B2, 0xB98F, 0xB98F, 0xB5D3, 0xB5D4, 0xB5F6, 0xAD90, 0x98CB, 0x98CD, 0x98AC, 0x951A, 0x923F,
  0x8ABF, 0x9FFF, 0x9FFF, 0x8FDF, 0x9FFF, 0xB7FF, 0xDFFF, 0xFFFF, 0xFFFF, 0xFFFF, 0xF7FF, 0xD3FF, 0xB7FF, 0xD3FF, 0xF7FF, 0xD7FF,
  0x9FFF, 0x9BFF, 0x93FF, 0x8AFF, 0x8E3F, 0x99FF, 0xAA3F, 0xB2BF, 0xAE3E, 0x9CED, 0xAD91, 0xB1F5, 0xB1D4, 0xB1D4, 0xB5B1, 0xBD8E,
  0xB507, 0xB529, 0xB54C, 0xB16E, 0xB1D4, 0xB1D5, 0x98EC, 0xA9FE, 0xAE7F, 0xA63F, 0xA21F, 0x961F, 0x8A1F, 0x8E9F, 0x9BFF, 0x9BFF,
  0x8BDF, 0x9FFF, 0xBBFF, 0xF3FF, 0xFFFF, 0xF7FF, 0xC3FF, 0x93FF, 0xA7FF, 0xEBFF, 0xE3FF, 0xB7FF, 0x9BFF, 0x93DF, 0x933F, 0x8E5F,
  0x91FF, 0xA23F, 0xA63F, 0xAE7F, 0xB29F, 0xADD8, 0x9D0C, 0xB1D4, 0xADD5, 0xB1D4, 0xB54C, 0xB906, 0xB529, 0xB58F, 0xB1D4, 0xB1D5,
  0xB617, 0x98C9, 0xA594, 0xAE3F, 0xA61F, 0xAA1F, 0xA9FF, 0xA1DF, 0x959F, 0x899F, 0x8A5F, 0x9BFF, 0x9BFF, 0x9BFF, 0xABFF, 0xCBFF,
  0xE7FF, 0xD3FF, 0xABFF, 0x97FF, 0xA3FF, 0xCBFF, 0xB3FF, 0x9BFF, 0x8EFF, 0x927F, 0x91BF, 0x959F, 0x9DDF, 0xA5FF, 0xAA1E, 0xA9FB,
  0x9D75, 0xB63C, 0x9CEC, 0xA56F, 0xB1F6, 0xB1D5, 0xB590, 0xB96D, 0xB1D3, 0xB1D4, 0xADD5, 0xB1D4, 0xB9D3, 0x9CC8, 0xA152, 0xADDA,
  0xA997, 0xA152, 0x98EF, 0x9911, 0x90F6, 0x91DF, 0x89DF, 0x8A3F, 0x92DF, 0x8A3F, 0x8EDF, 0xB3FF, 0xC3FF, 0xB7FF, 0x9BDF, 0x8A1F,
  0x8DFF, 0xA3BF, 0x92DF, 0x89FF, 0x923F, 0x95FF, 0x90D5, 0x98F1, 0x9069, 0x98CC, 0xA130, 0xA573, 0xA574, 0xB1D7, 0x9CCA, 0xA92C,
  0xB1D5, 0xADD5, 0xB1D5, 0xB5F5, 0xADD5, 0xADD5, 0xB1F5, 0xB56F, 0xBD28, 0xB0E7, 0xA50C, 0xA52F, 0x98AA, 0x9089, 0x9954, 0xAEBF,
  0xAF3F, 0xA6DF, 0x95FF, 0x95DF, 0x91BF, 0x919F, 0x95DF, 0x95FF, 0x9A9F, 0x925F, 0x923F, 0x95DF, 0x99BF, 0x95DF, 0x95BF, 0x99DF,
  0x99DF, 0xAEDF, 0xB2FF, 0xB6DF, 0xA9DA, 0xA595, 0x98EF, 0x9CED, 0xA10C, 0xAD0C, 0xACC7, 0xACC6, 0xB192, 0xB1F6, 0xB1D5, 0xADD4,
  0xB1D5, 0xADD5, 0xB1F6, 0xB590, 0xBD2A, 0xB8E7, 0x9885, 0x94CC, 0x9512, 0xBADF, 0xBB5F, 0xAF1F, 0xA6DF, 0xA67F, 0xAA5F, 0x957D,
  0x997D, 0xA5DF, 0x9937, 0x997B, 0xA27F, 0x9A3F, 0x9E3F, 0xA1FF, 0x90D0, 0xA9DE, 0xA1BF, 0xA1DE, 0x9DBC, 0xAA9F, 0xBB7F, 0xB73F,
  0xB2BF, 0xB6BF, 0xB25F, 0x9D52, 0x9D0C, 0x9886, 0xBD08, 0xB92B, 0xB1B3, 0xB1D5, 0xB1D4, 0xADD4, 0xB1D5, 0xB1D5, 0xB1D6, 0xBA16,
  0xA90B, 0xA52E, 0xA9D6, 0xB27F, 0xAE9F, 0xAEDF, 0xB2FF, 0xB2DF, 0xA21F, 0xA1BE, 0xA1BC, 0xADDC, 0xA9B9, 0x98EE, 0x8C46, 0xA1DD,
  0xA6BF, 0xA29F, 0xA25F, 0xA61F, 0x98EF, 0x8C67, 0xA553, 0xA575, 0xA197, 0x9D99, 0xBF1F, 0xAE7F, 0xAA1E, 0x9D99, 0xAA1D, 0xC77F,
  0xCF9F, 0xADD6, 0x9C85, 0xB96E, 0xB5D4, 0xB1D4, 0xB1D4, 0xB1D4, 0xADD5, 0xADD6, 0xB1F6, 0xAD4F, 0xA550, 0xC71F, 0xC77F, 0xCBDF,
  0xB2DF, 0x999B, 0x9DBC, 0xA5FF, 0xA9FD, 0xA598, 0xA996, 0xA131, 0x94AA, 0x9465, 0x94A9, 0xA1BB, 0xA67F, 0xA67F, 0xAA5F, 0xA5BF,
  0x9D11, 0x9464, 0x9486, 0x9CED, 0xAD95, 0xA996, 0xA197, 0xB23F, 0xB25F, 0xAE5F, 0xC77F, 0xC77F, 0xB6DF, 0xCB3F, 0xAD93, 0xA8E9,
  0xAD6F, 0xB1D5, 0xB1D4, 0xB1D4, 0xB1D5, 0xB1D6, 0xB5F6, 0x9C86, 0xB1F8, 0xBAFF, 0xB29F, 0xB6FF, 0xDBFF, 0xBEFF, 0xA19A, 0xA9D9,
  0xA175, 0xA552, 0x98CB, 0x9CA8, 0xA0A6, 0x9885, 0x98CB, 0x9D77, 0x999B, 0x9DBC, 0x999A, 0x9D57, 0x98EE, 0xA0A6, 0xB529, 0xA0A7,
  0x98CA, 0xA973, 0xA552, 0xA996, 0xA9FA, 0xBAFF, 0xCBBF, 0xB2BF, 0xAE5F, 0xB27F, 0xC2DF, 0x9CC9, 0xA94D, 0xB1F5, 0xB1D4, 0xB1D4,
  0xADD6, 0xADD6, 0xB5F6, 0x9C86, 0xB5F8, 0xBF1F, 0xB6DF, 0xBADF, 0xBB1F, 0xB29F, 0x9D53, 0xA152, 0x98ED, 0x98A8, 0x9C86, 0xB508,
  0xBD29, 0x9863, 0x990E, 0xBF3F, 0xC79F, 0xC37F, 0xCB9F, 0xBABF, 0x94AC, 0xA4C7, 0xC14A, 0xBD29, 0xB509, 0x9887, 0xA50D, 0xA52F,
  0x94CD, 0xB69F, 0xBF3F, 0xB29F, 0xBEDF, 0xB27F, 0xBA5D, 0x9CA8, 0xA94D, 0xB1F5, 0xB1D4, 0xB1D5, 0xADD5, 0xADD5, 0xB5F5, 0xB54C,
  0xA92E, 0xBEDF, 0xBAFF, 0xB6BF, 0xB27F, 0xBA9F, 0x98ED, 0x9487, 0x9486, 0xA8C6, 0xBD29, 0xBD28, 0xB907, 0x9CA8, 0xBEBF, 0xBB3F,
  0xB2FF, 0xB71F, 0xBF5F, 0xCFBF, 0xA596, 0xA0A7, 0xC149, 0xBD29, 0xBD29, 0xB508, 0x9C85, 0x9CC9, 0x98CB, 0xB65D, 0xBADF, 0xB27F,
  0xB27F, 0xC2BF, 0xA52F, 0xA4C7, 0xB190, 0xB1D5, 0xB1D5, 0xB1D5, 0xADD4, 0xADD5, 0xB1D5, 0xC1AF, 0xACC8, 0xA12E, 0xBEBF, 0xB69F,
  0xBEBF, 0xA572, 0x9886, 0xB0E7, 0xB929, 0xB929, 0xB908, 0xBD29, 0xB907, 0x9CEA, 0xBEFF, 0xAA7F, 0xBF5F, 0xC35F, 0xAA5F, 0xB6DF,
  0xBEBF, 0xA0A7, 0xC149, 0xBD29, 0xBD28, 0xB929, 0xBD29, 0xA4C6, 0x9465, 0xA150, 0xAE1A, 0xAE3D, 0xBEBF, 0xA94F, 0xACE8, 0xB58F,
  0xB1D4, 0xB1D4, 0xB1D4, 0xADD5, 0xB1D4, 0xB1D4, 0xB1D5, 0xB5D3, 0xBD8E, 0xACE7, 0xA52C, 0xA171, 0xA14F, 0x98A6, 0xB108, 0xBD2A,
  0xB96D, 0xB590, 0xB98E, 0xBD29, 0xB907, 0xA0EA, 0xBADF, 0xC35F, 0xCBBF, 0xB2DF, 0xBF1F, 0xBF1F, 0xB67F, 0xA0A7, 0xC149, 0xB928,
  0xB54B, 0xB590, 0xB56E, 0xB929, 0xB929, 0xA0A6, 0x9087, 0xA170, 0xA12C, 0xA8C7, 0xB98E, 0xB1D3, 0xADD4, 0xB1D4, 0xB1D5, 0xB1F5,
};
#define assets_c17_W 44
#define assets_c17_H 44

static const unsigned short assets_c18[1936] = {
  0xFFFF, 0xFFFF, 0xFFFF, 0xFFFF, 0xFFFF, 0xFFFF, 0xFFFF, 0xFFFF, 0xFFFF, 0xFFFF, 0xFFFF, 0xA928, 0xA507, 0xA908, 0xA928, 0xA507,
  0xAD29, 0xFFFF, 0xFFFF, 0xFFFF, 0xFFFF, 0xFFFF, 0xFFFF, 0xFFFF, 0xFFFF, 0xFFFF, 0xFFFF, 0xFFFF, 0xFFFF, 0xFFFF, 0xFFFF, 0xFFFF,
  0xFFFF, 0xFFFF, 0xFFFF, 0xFFFF, 0xFFFF, 0xFFFF, 0xFFFF, 0xFFFF, 0xFFFF, 0xFFFF, 0xFFFF, 0xFFFF, 0xFFFF, 0xFFFF, 0xFFFF, 0xFFFF,
  0xFFFF, 0xFFFF, 0xFFFF, 0xFFFF, 0xFFFF, 0xD293, 0xCA30, 0xFFFF, 0xFFFF, 0xFFFF, 0xFFFF, 0xFFFF, 0xFFFF, 0xB5AC, 0xE738, 0xFFFF,
  0xFFFF, 0xFFFF, 0xFFFF, 0xFFFF, 0xFFFF, 0xFFFF, 0xFFFF, 0xFFFF, 0xFFFF, 0xFFFF, 0xFFFF, 0xFFFF, 0xFFFF, 0xE7FF, 0xFFFF, 0xFFFF,
  0xFFFF, 0xFFFF, 0xFFFF, 0xFFFF, 0xFFFF, 0xFFFF, 0xFFFF, 0xFFFF, 0xFFFF, 0xFFFF, 0xFFFF, 0xFFFF, 0xFFFF, 0xFFFF, 0xFFFF, 0xFFFF,
  0xC630, 0xFFDB, 0xFFFF, 0xFFFF, 0xFFFF, 0xFFFF, 0xFFFF, 0xFFFF, 0xFFFF, 0xFFFF, 0xDEB4, 0xC610, 0xFFFF, 0xFFFF, 0xFFFF, 0xFFFF,
  0xFFFF, 0xFFFF, 0xFFFF, 0xFFFF, 0xFFFF, 0xFFFF, 0xFFFF, 0xFFFF, 0xFFFF, 0xEBFF, 0xFFFF, 0xFFFF, 0xFFFF, 0xFFFF, 0xFFFF, 0xFFFF,
  0xFFFF, 0xFFFF, 0xFFFF, 0xFFFF, 0xFFFF, 0xFFFF, 0xFFFF, 0xFFFF, 0xFFFF, 0xFFFF, 0xFFFF, 0xB9CE, 0xE716, 0xFFFF, 0xFFFF, 0xEF35,
  0xEAF3, 0xEAF4, 0xEB14, 0xE6D3, 0xF778, 0xFFFF, 0xFFFF, 0xFBBB, 0xB16B, 0xFFFF, 0xFFFF, 0xFFFF, 0xFFFF, 0xFFFF, 0xFFFF, 0xFFFF,
  0xFFFF, 0xFFFF, 0xFFFF, 0xFFFF, 0xFFFF, 0xFFFF, 0xFFFF, 0xFFFF, 0xFFFF, 0xFFFF, 0xFFFF, 0xFFFF, 0xFFFF, 0xFFFF, 0xFFFF, 0xFFFF,
  0xFFFF, 0xFFFF, 0xFFFF, 0xFFFF, 0xFFFF, 0xFFFF, 0xFFFF, 0xC5EF, 0xFFFF, 0xFFFF, 0xDE90, 0xEAF3, 0xDE70, 0xDA4F, 0xDE70, 0xEF14,
  0xE6D3, 0xE6D2, 0xFFFF, 0xFFFF, 0xC1EE, 0xFFFF, 0xFFFF, 0xFFFF, 0xFFFF, 0xFFFF, 0xFFFF, 0xFFFF, 0xFFFF, 0xFFFF, 0xFFFF, 0xFFFF,
  0xFFFF, 0xFFFF, 0xFFFF, 0xFFFF, 0xEBFF, 0xFFFF, 0xFFFF, 0xFFFF, 0xFFFF, 0xFFFF, 0xFFFF, 0xFFFF, 0xFFFF, 0xFFFF, 0xFFFF, 0xFFFF,
  0xFFFF, 0xFFFF, 0xB58C, 0xDEB3, 0xFFFF, 0xEF34, 0xE2B1, 0xD22E, 0xA8E6, 0xA4C5, 0xA8E6, 0xB969, 0xEAF4, 0xEAF3, 0xEB14, 0xFFFF,
  0xFFFF, 0xAD4A, 0xFFFF, 0xFFFF, 0xFFFF, 0xFFFF, 0xFFFF, 0xFFFF, 0xFFFF, 0xFFFF, 0xFFFF, 0xFFFF, 0xFFFF, 0xFFFF, 0xFFFF, 0xFFFF,
  0xBF7F, 0xFFFF, 0xFFFF, 0xFFFF, 0xFFFF, 0xFFFF, 0xFFFF, 0xFFFF, 0xFFFF, 0xFFFF, 0xFFFF, 0xFFFF, 0xFFFF, 0xFFFF, 0xC5EF, 0xE2D4,
  0xFFFF, 0xEAF4, 0xC9CC, 0x9863, 0xBDCE, 0xCA52, 0xCA32, 0xB98C, 0xA4E5, 0xEF14, 0xE6F2, 0xFFFF, 0xFFFF, 0xB9AC, 0xFFFF, 0xFFFF,
  0xFFFF, 0xFFFF, 0xFFFF, 0xFFFF, 0xFFFF, 0xFFFF, 0xFFFF, 0xFFFF, 0xFFFF, 0xFFFF, 0xFFFF, 0xFFFF, 0xEFFF, 0xFFFF, 0xFFFF, 0xFFFF,
  0xFFFF, 0xFFFF, 0xFFFF, 0xFFFF, 0xFFFF, 0xFFFF, 0xFFFF, 0xFFFF, 0xFFFF, 0xFFFF, 0xBDAC, 0xFFFE, 0xFFFF, 0xDA70, 0xA0C5, 0xD694,
  0xFFFF, 0xFFFF, 0xFFFF, 0xFFFF, 0xCE52, 0xC5CC, 0xE6D2, 0xFFFC, 0xFFFF, 0xB9CD, 0xFFFF, 0xFFFF, 0xFFFF, 0xFFFF, 0xFFFF, 0xFFFF,
  0xFFFF, 0xFFFF, 0xFFFF, 0xFFFF, 0xFFFF, 0xA6DF, 0xFFFF, 0xFFFF, 0xFFFF, 0xFFFF, 0xFFFF, 0xFFFF, 0xFFFF, 0xFFFF, 0xFFFF, 0xFFFF,
  0xFFFF, 0xFFFF, 0xFFFF, 0xFFFF, 0xFFFF, 0xD294, 0xA906, 0xFFFF, 0xFB99, 0xBD6A, 0x98A4, 0xFFFF, 0xFFFF, 0xFFFF, 0xFFFF, 0xFFFF,
  0xFFFF, 0x9463, 0xDE90, 0xFFFA, 0xFFFE, 0xB9CD, 0xFFFF, 0xFFFF, 0xFFFF, 0xFFFF, 0xFFFF, 0xFFFF, 0xFFFF, 0xFFFF, 0xFFFF, 0xFFFF,
  0xD7FF, 0x8A3F, 0xFFFF, 0xFFFF, 0xFFFF, 0xFFFF, 0xFFFF, 0xFFFF, 0xFFFF, 0xFFFF, 0xFFFF, 0xFFFF, 0xFFFF, 0xFFFF, 0xFFFF, 0xFFFF,
  0xFFFF, 0xD6B5, 0xCE4F, 0xFFFF, 0xF778, 0xA907, 0xDED6, 0xFFFF, 0xFFFF, 0xFFFF, 0xFFFF, 0xFFFF, 0xFFFF, 0x9483, 0xD64F, 0xFFDA,
  0xFFFD, 0xBDCD, 0xFFFF, 0xFFFF, 0xFFFF, 0xFFFF, 0xFFFF, 0xFFFF, 0xDFFF, 0xEFFF, 0xFFFF, 0xFFFF, 0x9F3F, 0x8A1F, 0xFFFF, 0xFFFF,
  0xFFFF, 0xFFFF, 0xFFFF, 0xFFFF, 0xFFFF, 0xFFFF, 0xFFFF, 0xFFFF, 0xFFFF, 0xFFFF, 0xFFFF, 0xFFFF, 0xFFFF, 0xB5AD, 0xE2F4, 0xFFFF,
  0xCE0E, 0xA4E6, 0xFFFF, 0xFFFF, 0xFFFF, 0xFFFF, 0xFFFF, 0xFFFF, 0xFFFF, 0x9483, 0xD22E, 0xFFD9, 0xFFFD, 0xB58C, 0xFFFF, 0xFFFF,
  0xFFFF, 0xFFFF, 0xFFFF, 0xFFFF, 0xF7FF, 0xFFFF, 0xFFFF, 0xDFFF, 0x863F, 0x8E5F, 0xDBFF, 0xFFFF, 0xFFFF, 0xFFFF, 0xFFFF, 0xFFFF,
  0xFFFF, 0xFFFF, 0xFFFF, 0xFFFF, 0xFFFF, 0xFFFF, 0xFFFF, 0xFFFF, 0xF7BD, 0xA0E6, 0xFFFE, 0xFB98, 0xBD8A, 0x9042, 0xFFFF, 0xFFFF,
  0xFFFF, 0xFFFF, 0xFFFF, 0xFFFF, 0xFFFF, 0x8C42, 0xDA70, 0xFFD9, 0xDEB2, 0xCA30, 0xFFFF, 0xFFFF, 0xFFFF, 0xFFFF, 0xFFFF, 0xFFFF,
  0xFFFF, 0xFFFF, 0xFFFF, 0xCBBF, 0x865F, 0x8E7F, 0x923F, 0xFFFF, 0xFFFF, 0xFFFF, 0xF7FF, 0xFFFF, 0xFFFF, 0xFFFF, 0xFFFF, 0xFFFF,
  0xFFFF, 0xFFFF, 0xFFFF, 0xFFFF, 0xD694, 0xD250, 0xFFFF, 0xD650, 0xA0C5, 0xE2F7, 0xFFFF, 0xFFFF, 0xFFFF, 0xFFFF, 0xFFFF, 0xFFFF,
  0xDEF7, 0xAD28, 0xE6F3, 0xFFFD, 0xA906, 0xDAB5, 0xFFFF, 0xFFFF, 0xFFFF, 0xFFFF, 0xFFFF, 0xFFFF, 0xFFFF, 0xFFFF, 0xFFFF, 0x9AFF,
  0x937F, 0x8EDF, 0x965F, 0xFFFF, 0xFFFF, 0xFFFF, 0xBB3F, 0xFFFF, 0xFFFF, 0xFFFF, 0xFFFF, 0xFFFF, 0xFFFF, 0xFFFF, 0xFFFF, 0xFFFF,
  0xE2F7, 0xD270, 0xFFFF, 0xD651, 0x98A5, 0xFFFF, 0xFFFF, 0xFFFF, 0xFFFF, 0xFFFF, 0xFFFF, 0xFFFF, 0x9884, 0xE2D3, 0xFFFC, 0xE2F3,
  0xB148, 0xFFDE, 0xFFFF, 0xFFFF, 0xFFFF, 0xFFFF, 0xFFFF, 0xFFFF, 0xFFFF, 0xFFFF, 0xD3DF, 0x86BF, 0x97FF, 0x8F1F, 0x8E5F, 0xD3DF,
  0xFFFF, 0xFFFF, 0xBAFF, 0xFFFF, 0xFFFF, 0xFFFF, 0xFFFF, 0xFFFF, 0xFFFF, 0xFFFF, 0xFFFF, 0xFFFF, 0xC5EE, 0xFFFE, 0xFFFC, 0xBD8A,
  0x9463, 0xFFFF, 0xFFFF, 0xFFFF, 0xFFFF, 0xFFFF, 0xFFFF, 0xF79C, 0xB149, 0xEB35, 0xFFFE, 0xBDAA, 0xB16B, 0xFFFF, 0xFFFF, 0xFFFF,
  0xFFFF, 0xFFFF, 0xFFFF, 0xFFFF, 0xFFFF, 0xFFFF, 0xD3BF, 0x8ADF, 0x97FF, 0x8AFF, 0x8A5F, 0x967F, 0xFFFF, 0xFFFF, 0xFFFF, 0xFFFF,
  0xFFFF, 0xFFFF, 0xFFFF, 0xFFFF, 0xFFFF, 0xFFFF, 0xFFFF, 0xCE52, 0xB9AA, 0xFFFF, 0xEB15, 0x9C83, 0xE718, 0xFFFF, 0xFFFF, 0xFFFF,
  0xFFFF, 0xFFFF, 0xFFFF, 0x98A4, 0xDE92, 0xFFFF, 0xFBBA, 0xAD49, 0xFFFF, 0xFFFF, 0xFFFF, 0xFFFF, 0xFFFF, 0xFFFF, 0xFFFF, 0xFFFF,
  0xFFFF, 0xFFFF, 0xFBFF, 0x8F1F, 0x97FF, 0x939F, 0x8ADF, 0x92BF, 0xBF3F, 0xFFFF, 0xFFFF, 0xFFFF, 0xF7FF, 0xFFFF, 0xFFFF, 0xFFFF,
  0xFFFF, 0xFFFF, 0xFFFF, 0xD6B5, 0xDA92, 0xFFFF, 0xE6F4, 0x9883, 0xFFFF, 0xFFFF, 0xFFFF, 0xFFFF, 0xFFFF, 0xFFFF, 0xE2F8, 0xB128,
  0xFB78, 0xFFFB, 0xB9AB, 0xFFFF, 0xFFFF, 0xFFFF, 0xFFFF, 0xFFFF, 0xFFFF, 0xFFFF, 0xFFFF, 0xFBFF, 0xFFFF, 0xFFFF, 0xE3FF, 0x8AFF,
  0x93FF, 0x9FFF, 0x8B3F, 0x8ABF, 0x8A1F, 0xFFFF, 0xFFFF, 0xEFFF, 0xA29F, 0xFFFF, 0xFFFF, 0xFFFF, 0xFFFF, 0xFFFF, 0xFFFF, 0xDAD6,
  0xEF58, 0xFFFE, 0xC18B, 0x9462, 0xFFFF, 0xFFFF, 0xFFFF, 0xFFFF, 0xFFFF, 0xFFFF, 0xA0E7, 0xDA92, 0xFFFC, 0xCE2E, 0xB58C, 0xFFFF,
  0xFFFF, 0xFFFF, 0xFFFF, 0xFFFF, 0xE3FF, 0xFFFF, 0xFFFF, 0xEBFF, 0xCB9F, 0xFFFF, 0xB35F, 0x873F, 0x9FFF, 0xA3FF, 0x93FF, 0x8F1F,
  0x8A5F, 0xF3FF, 0xFFFF, 0xB31F, 0x925F, 0xFFFF, 0xFFFF, 0xFFFF, 0xFFFF, 0xFFFF, 0xFFFF, 0xB9AC, 0xFFFF, 0xFF99, 0xA0A4, 0xEF5A,
  0xFFFF, 0xFFFF, 0xFFFF, 0xFFFF, 0xFFFF, 0xFFFF, 0xA928, 0xF356, 0xEB15, 0xAD28, 0xFFFF, 0xFFFF, 0xFFFF, 0xFFFF, 0xFFFF, 0xFFFF,
  0xFFFF, 0xFFFF, 0xFFFF, 0xFBFF, 0x925F, 0x925F, 0x8EFF, 0x93FF, 0xB3FF, 0xAFFF, 0x97FF, 0x93BF, 0x8A9F, 0x9A9F, 0xD7FF, 0xA2FF,
  0x92DF, 0xCF9F, 0xFFFF, 0xFFFF, 0xFFFF, 0xFFFF, 0xD274, 0xCA30, 0xFFFF, 0xEB15, 0x9441, 0xFFFF, 0xFFFF, 0xFFFF, 0xFFFF, 0xFFFF,
  0xFFFF, 0xA929, 0xE716, 0xFFDB, 0xB169, 0xF37B, 0xFFFF, 0xFFFF, 0xFFFF, 0xFFFF, 0xFFFF, 0xFFFF, 0xFFFF, 0xD7FF, 0xFFFF, 0xF3FF,
  0x861F, 0x8EBF, 0x8B7F, 0xA3FF, 0xBBFF, 0xBBFF, 0x97FF, 0x97FF, 0x8F9F, 0x8A9F, 0x863F, 0x8EBF, 0x935F, 0x9A9F, 0xFFFF, 0xFFFF,
  0xFFFF, 0xFFFF, 0xE2F7, 0xDED4, 0xFFFB, 0xB127, 0xC5EF, 0xFFFF, 0xFFFF, 0xFFFF, 0xFFFF, 0xFFFF, 0xCE73, 0xB569, 0xFFFF, 0xDA92,
  0xA929, 0xFFFF, 0xFFFF, 0xFFFF, 0xFFFF, 0xFBFF, 0xF7FF, 0xFFFF, 0xFFFF, 0xDFFF, 0xFFFF, 0xE3FF, 0x8A7F, 0x8B1F, 0x9BFF, 0xABFF,
  0xBFFF, 0xE7FF, 0xA3FF, 0x93FF, 0x97FF, 0x8AFF, 0x8E9F, 0x979F, 0x97BF, 0x9ADF, 0xFFFF, 0xFFFF, 0xFFFF, 0xFFFF, 0xA928, 0xFFFC,
  0xFB99, 0x9462, 0xFFFF, 0xFFFF, 0xFFFF, 0xFFFF, 0xFFFF, 0xFFFF, 0xA908, 0xDA91, 0xFFFF, 0xB16A, 0xFFFF, 0xFFFF, 0xFFFF, 0xCE95,
  0xFFFF, 0xFFFF, 0xFFFF, 0xFFFF, 0xFFFF, 0xFFFF, 0xFFFF, 0x9EFF, 0x935F, 0x8FFF, 0xA7FF, 0xAFFF, 0xC3FF, 0xF7FF, 0xCFFF, 0xA7FF,
  0x97FF, 0x93DF, 0x86BF, 0x9BFF, 0x9BFF, 0x8EDF, 0xB2FF, 0xFFFF, 0xFFFF, 0xE739, 0x9CC4, 0xFFFF, 0xDEB2, 0x8C42, 0xFFFF, 0xFFFF,
  0xFFFF, 0xFFFF, 0xFFFF, 0xFFFF, 0xB16B, 0xFFFF, 0xFFFD, 0xA507, 0xFFFF, 0xFFFF, 0xFFFF, 0xE3FF, 0xDBFF, 0xF7FF, 0xFFFF, 0xFFFF,
  0xFFFF, 0xFFFF, 0xFFFF, 0x8EDF, 0x97FF, 0x97FF, 0xABFF, 0xB3FF, 0xBFFF, 0xFFFF, 0xFFFF, 0xB3FF, 0x93FF, 0x97FF, 0x97FF, 0x9BFF,
  0x9BFF, 0x8B1F, 0xAADF, 0xFFFF, 0xFFFF, 0xF37B, 0xD271, 0xFFFE, 0xC5ED, 0x8821, 0xFFFF, 0xFFFF, 0xFFFF, 0xFFFF, 0xFFFF, 0xFFFF,
  0xB18B, 0xFFFF, 0xFFFF, 0xAD29, 0xFFFF, 0xFFFF, 0xC232, 0xFFFF, 0xB7FF, 0xC33F, 0xFFFF, 0xEFFF, 0xE3FF, 0xFFFF, 0xFFFF, 0x96FF,
  0x9BFF, 0x9BFF, 0xB3FF, 0xD7FF, 0xEBFF, 0xFFFF, 0xFFFF, 0xC7FF, 0xA3FF, 0x9BFF, 0x9BFF, 0x97FF, 0x9BFF, 0x8AFF, 0xA6BF, 0xFFFF,
  0xFFFF, 0xA507, 0xFBBA, 0xF778, 0x98A4, 0xF79C, 0xFFFF, 0xFFFF, 0xFFFF, 0xFFFF, 0xFFFF, 0xFFFF, 0xAD6A, 0xFFFE, 0xFFFF, 0xFFFF,
  0xC610, 0xC631, 0xDF5C, 0xFFFF, 0xC7FF, 0xD37F, 0xFFFF, 0xFFFF, 0xBFFF, 0xCFFF, 0xFFFF, 0xD3FF, 0x97FF, 0x9FFF, 0xBFFF, 0xEBFF,
  0xFFFF, 0xFFFF, 0xFFFF, 0xF7FF, 0xD7FF, 0xBFFF, 0xA3FF, 0x97FF, 0x93FF, 0x8ABF, 0xB2FF, 0xFFFF, 0xFBDE, 0x9883, 0xFFFB, 0xEB15,
  0x9462, 0xFFFF, 0xFFFF, 0xFFFF, 0xFFFF, 0xFFFF, 0xFFFF, 0xFFFF, 0xB9CE, 0xDA93, 0xFFFF, 0xFFFF, 0xFFFF, 0xDF5C, 0xFFFF, 0xDFFF,
  0xC2DA, 0xFFFF, 0xFFFF, 0xDFFF, 0xFFFF, 0xCFFF, 0xFFFF, 0xFFFF, 0x9F9F, 0x9BFF, 0xBFFF, 0xEBFF, 0xFFFF, 0xFFFF, 0xFFFF, 0xFFFF,
  0xEFFF, 0xD3FF, 0xAFFF, 0x9BFF, 0x8F5F, 0x927F, 0xFFFF, 0xFFFF, 0xFFDE, 0xC5ED, 0xFFFF, 0xCA0D, 0x9CA5, 0xFFFF, 0xFFFF, 0xFFFF,
  0xFFFF, 0xFFFF, 0xFFFF, 0xFFFF, 0xFFFF, 0xC1CE, 0xCA0F, 0xFBFF, 0xFFFF, 0xFFFF, 0xD3DF, 0xC71C, 0xFFFF, 0xFFFF, 0xFFFF, 0xFFFF,
  0xFFFF, 0xFFFF, 0xFFFF, 0xFFFF, 0xE7FF, 0xABFF, 0xE7FF, 0xDBFF, 0xB1CE, 0xCB9F, 0xC33D, 0xFFFF, 0xF7FF, 0xBFFF, 0xABFF, 0x97DF,
  0x8A9F, 0xAEDF, 0xFFFF, 0xFFFF, 0xC610, 0xD671, 0xFFFE, 0xA4C5, 0xEF5A, 0xFFFF, 0xFFFF, 0xFFFF, 0xFFFF, 0xFFFF, 0xFFFF, 0xFFFF,
  0xFFFF, 0xFFFF, 0xD253, 0xAD6B, 0xB9D0, 0xC210, 0xD6D7, 0xFFFF, 0xFFFF, 0xFFFF, 0xFFFF, 0xFFFF, 0xFFFF, 0xFFFF, 0xFFFF, 0xFFFF,
  0xFFFF, 0xFFFF, 0xC6B8, 0xEFFF, 0xFFFF, 0xE7FF, 0x94E8, 0xDFFF, 0xCBFF, 0x97FF, 0x97FF, 0x8E9F, 0xA6BF, 0xFFFF, 0xFFFF, 0xFFFF,
  0xB9AC, 0xEB16, 0xE6F4, 0x9883, 0xFFFE, 0xFFFF, 0xFFFF, 0xFFFF, 0xFFFF, 0xFFFF, 0xFFFF, 0xFFFF, 0xFFFF, 0xFFFF, 0xFFFF, 0xFFFF,
  0xFFFF, 0xFFFF, 0xFFFF, 0xFFFF, 0xFFFF, 0xFFFF, 0xFFFF, 0xFFFF, 0xADB0, 0xA5B2, 0xA5B2, 0x9D91, 0xB633, 0xC79E, 0xFFFF, 0xFFFF,
  0xE7FF, 0xAD8E, 0xF7FF, 0xDBFF, 0xB7FF, 0x9F5F, 0xA6FF, 0xE7FF, 0xFFFF, 0xFFFF, 0xFFFF, 0xFFFF, 0xC60E, 0xFFBA, 0xBD8A, 0xE718,
  0xFFFF, 0xFFFF, 0xFFFF, 0xFFFF, 0xFFFF, 0xDBFF, 0xBBFF, 0xB3FF, 0xD7FF, 0xFFFF, 0xFFFF, 0xFFFF, 0xFFFF, 0xFFFF, 0xFFFF, 0xFFFF,
  0xFFFF, 0xFFFF, 0xBDEF, 0xAD8E, 0xBAFF, 0xBB9F, 0xA35F, 0x9BBF, 0xDFFF, 0xDFFF, 0xAADD, 0xFFFF, 0xC653, 0xFFFF, 0xFFFF, 0xFFFF,
  0xFFFF, 0xFFFF, 0xFFFF, 0xFFFF, 0xFFFF, 0xFFFF, 0xFFFF, 0xF3FF, 0xCA0E, 0xFF99, 0xAD06, 0xF37B, 0xFFFF, 0xFFFF, 0xFFFF, 0xFFFF,
  0xFFFF, 0xFFFF, 0xFFFF, 0xEBFF, 0xC7FF, 0xFBFF, 0xFFFF, 0xFFFF, 0xFFFF, 0xFFFF, 0xFFFF, 0xFFFF, 0xA94A, 0xB9AC, 0xBDCE, 0xD2FA,
  0xBEB9, 0xBA78, 0xAF3F, 0xABFF, 0xB7BF, 0xAF3F, 0xA2DF, 0xAE36, 0xCE52, 0xFFFF, 0xFFFF, 0xFFFF, 0xFFFF, 0xFFFF, 0xFFFF, 0xFFFF,
  0xFFFF, 0xFFFF, 0xEBFF, 0xFFFF, 0xBDAC, 0xCA0E, 0x9CC5, 0xFFFF, 0xFFFF, 0xFFFF, 0xFFFF, 0xFFFF, 0xFFFF, 0xFFFF, 0xFFFF, 0xFFFF,
  0xFFFF, 0xFFFF, 0xFFFF, 0xFFFF, 0xFFFF, 0xFFFF, 0xA928, 0xC60F, 0xD252, 0xC631, 0xC6FB, 0xB79F, 0xC7FF, 0xC7BF, 0xCB9F, 0xB237,
  0xAA5B, 0xA75F, 0xB39F, 0x9994, 0x990D, 0xC632, 0xFFFF, 0xFFFF, 0xFFFF, 0xFBFF, 0xDBFF, 0xFFFF, 0xFFFF, 0xFFFF, 0xFFFF, 0xFFFF,
  0xDEF7, 0xB18C, 0xFFFF, 0xFFFF, 0xFFFF, 0xFFFF, 0xFFFF, 0xFFFF, 0xFFFF, 0xFFFF, 0xFFFF, 0xFFFF, 0xFFFF, 0xFFFF, 0xFFFF, 0xFFFF,
  0xFBDE, 0xA907, 0xE2D4, 0xCE94, 0xC71C, 0xCB9F, 0xC3BF, 0xC7FF, 0xC77F, 0xBE78, 0xB258, 0xB6FF, 0xC3FF, 0xB35F, 0xA61C, 0xB6DF,
  0xBE7D, 0x8823, 0xFFFF, 0xFFFF, 0xFFFF, 0xFFFF, 0xE3FF, 0xF3FF, 0xFFFF, 0xFFFF, 0xFFFF, 0xFFFF, 0xFFFF, 0xFFFF, 0xFFFF, 0xFFFF,
  0xFFFF, 0xFFFF, 0xFFFF, 0xFFFF, 0xFFFF, 0xFFFF, 0xFFFF, 0xFFFF, 0xFFFF, 0xFFFF, 0xFFFF, 0xB16B, 0xB149, 0xE6D4, 0xD672, 0xCB5F,
  0xC3FF, 0xC71C, 0xD272, 0xDAB4, 0xD251, 0xCEDB, 0xC37F, 0xCFFF, 0xB2DD, 0xADF5, 0xBA7E, 0xB1F6, 0xB9B1, 0xAD4B, 0xFFFF, 0xFFFF,
  0xFFFF, 0xFFFF, 0xFFFF, 0xE7FF, 0xFBFF, 0xFFFF, 0xFFFF, 0xFFFF, 0xFFFF, 0xFFFF, 0xFFFF, 0xFFFF, 0xFFFF, 0xFFFF, 0xFFFF, 0xFFFF,
  0xFFFF, 0xFFFF, 0xFFFF, 0xFFFF, 0xFFFF, 0xFFFF, 0xA508, 0xC1CD, 0xEAF5, 0xDA92, 0xCF3F, 0xC37F, 0xC6B8, 0xD671, 0xE2B2, 0xDEB2,
  0xE2D4, 0xE2F8, 0xF39D, 0xE339, 0xB9AD, 0xB98D, 0xB9AE, 0xC5F1, 0x9CC6, 0xFBDE, 0xFFFF, 0xFFFF, 0xFFFF, 0xFFFF, 0xFFFF, 0xFFFF,
  0xFFFF, 0xFFFF, 0xFFFF, 0xFFFF, 0xFFFF, 0xFFFF, 0xFFFF, 0xFFFF, 0xFFFF, 0xFFFF, 0xFFFF, 0xFFFF, 0xFFFF, 0xFFFF, 0xFFFF, 0xFFFF,
  0xC1EF, 0xA0C6, 0xDA72, 0xEB15, 0xE2B2, 0xDAF7, 0xCB3E, 0xBE54, 0xDA92, 0xDEB2, 0xDA91, 0xDEB2, 0xF337, 0xFFBA, 0xDE92, 0xC1AC,
  0xBD8B, 0xC1CE, 0xCA11, 0xB14B, 0xB5AD, 0xFFFF, 0xFFFF, 0xF3FF, 0xDFFF, 0xFFFF, 0xFFFF, 0xFFFF, 0xFFFF, 0xFFFF, 0xFFFF, 0xFFFF,
  0xFFFF, 0xFFFF, 0xFFFF, 0xFFFF, 0xFFFF, 0xFFFF, 0xFFFF, 0xFFFF, 0xFFFF, 0xFFFF, 0xFFFF, 0xB9AD, 0xBDAC, 0xEB15, 0xE6D4, 0xE6B3,
  0xE6D4, 0xE2B3, 0xD651, 0xDE91, 0xEAF4, 0xE2B2, 0xE6D3, 0xFF9A, 0xF338, 0xC5CC, 0xB98A, 0xB98B, 0xBD8B, 0xC5EE, 0xB98C, 0xB16B,
  0xFFFF, 0xFFFF, 0xFFFF, 0xD7FF, 0xFFFF, 0xFFFF, 0xFFFF, 0xFFFF, 0xFFFF, 0xFFFF, 0xFFFF, 0xFFFF, 0xFFFF, 0xFFFF, 0xFFFF, 0xFFFF,
  0xFFFF, 0xFFFF, 0xFFFF, 0xFFFF, 0xFFFF, 0xFFFF, 0xA507, 0xC9EE, 0xF337, 0xE6D3, 0xE6D4, 0xEAD4, 0xE6D3, 0xE6B3, 0xE6D3, 0xE6D3,
  0xE6D3, 0xFB57, 0xFF9A, 0xDE92, 0xB549, 0xB96A, 0xB98B, 0xBD8C, 0xC1AC, 0xB149, 0xA929, 0xFFFF, 0xFFFF, 0xFFFF, 0xFFFF, 0xFFFF,
  0xFFFF, 0xFFFF, 0xFFFF, 0xFFFF, 0xFFFF, 0xFFFF, 0xFFFF, 0xFFFF, 0xFFFF, 0xFFFF, 0xFFFF, 0xFFFF, 0xFFFF, 0xFFFF, 0xFFFF, 0xFFFF,
  0xFFFF, 0xBDCD, 0xDA92, 0xF337, 0xE6F4, 0xEAF4, 0xEAF4, 0xE6D3, 0xE6D3, 0xE6D3, 0xE6D2, 0xF335, 0xFF98, 0xEF15, 0xC9ED, 0xB56A,
  0xBD8B, 0xB98B, 0xC1AC, 0xB129, 0xA0C6, 0xB16B, 0xFFFF, 0xFFFF, 0xFFFF, 0xFFFF, 0xFFFF, 0xFFFF, 0xFFFF, 0xFFFF, 0xFFFF, 0xFFFF,
  0xFFFF, 0xFFFF, 0xFFFF, 0xFFFF, 0xFFFF, 0xFFFF, 0xFFFF, 0xFFFF, 0xFFFF, 0xFFFF, 0xFFFF, 0xFFFF, 0xB14A, 0xDA92, 0xF336, 0xE6F4,
  0xEAF5, 0xEAF5, 0xEAF4, 0xE6D3, 0xE2B2, 0xEAF4, 0xFF98, 0xFFBA, 0xDA91, 0xB148, 0xBD8A, 0xC18B, 0xBD8B, 0xC5CD, 0xAD07, 0xB16A,
  0xCA52, 0xFFFF, 0xFFFF, 0xFFFF, 0xFFFF, 0xFFFF, 0xFFFF, 0xFFFF, 0xFFFF, 0xFFFF, 0xFFFF, 0xFFFF, 0xFFFF, 0xFFFF, 0xFFFF, 0xFFFF,
  0xFFFF, 0xFFFF, 0xFFFF, 0xFFFF, 0xFFFF, 0xFFFF, 0xFFFF, 0xCE52, 0xBDAC, 0xFFFE, 0xEF15, 0xE6F4, 0xEAF4, 0xEAF4, 0xE6D3, 0xEF14,
  0xFB78, 0xFB79, 0xEAF5, 0xC9ED, 0xB148, 0xBD8B, 0xB98A, 0xC1AC, 0xB98B, 0x9CC5, 0xAD4A, 0xFFFF, 0xFFFF, 0xFFFF, 0xFFFF, 0xFFFF,
  0xFFFF, 0xFFFF, 0xFFFF, 0xFFFF, 0xFFFF, 0xFFFF, 0xFFFF, 0xFFFF, 0xFFFF, 0xFFFF, 0xFFFF, 0xFFFF, 0xFFFF, 0xFFFF, 0xFFFF, 0xFFFF,
  0xFFFF, 0xFFFF, 0xFFFF, 0xD6B5, 0xB128, 0xF778, 0xFFFC, 0xFFBA, 0xF336, 0xF336, 0xFFBA, 0xFFFE, 0xEF16, 0xCE0E, 0xB549, 0xB96A,
  0xBD8A, 0xBD8B, 0xC1AC, 0xAD07, 0xA4E7, 0xDEF7, 0xFFFF, 0xFFFF, 0xFFFF, 0xFFFF, 0xFFFF, 0xFFFF, 0xFFFF, 0xFFFF, 0xFFFF, 0xFFFF,
  0xFFFF, 0xFFFF, 0xFFFF, 0xFFFF, 0xFFFF, 0xFFFF, 0xFFFF, 0xFFFF, 0xFFFF, 0xFFFF, 0xFFFF, 0xFFFF, 0xFFFF, 0xFFFF, 0xFFFF, 0xCE73,
  0x9C84, 0xBD8B, 0xCE0E, 0xEB15, 0xFFFD, 0xFFFD, 0xEB16, 0xD671, 0xB96A, 0xBD6A, 0xC18B, 0xBD8B, 0xBD8B, 0xB128, 0x9483, 0xA508,
  0xFFFF, 0xFFFF, 0xFFFF, 0xFFFF, 0xFFFF, 0xFFFF, 0xFFFF, 0xFFFF, 0xFFFF, 0xFFFF, 0xFFFF, 0xFFFF, 0xFFFF, 0xFFFF, 0xFFFF, 0xFFFF,
  0xFFFF, 0xFFFF, 0xFFFF, 0xFFFF, 0xFFFF, 0xFFFF, 0xFFFF, 0xFFFF, 0xFFFF, 0xFFFF, 0xFFFF, 0xFFFF, 0xBDAC, 0xBD8B, 0xC18B, 0xB96A,
  0xCE0E, 0xF779, 0xBD8B, 0xB96A, 0xC1AC, 0xC1AB, 0xC18B, 0xB549, 0xA0C6, 0xA929, 0xF39C, 0xFFFF, 0xFFFF, 0xFFFF, 0xFFFF, 0xFFFF,
  0xFFFF, 0xFFFF, 0xFFFF, 0xFFFF, 0xFFFF, 0xFFFF, 0xFFFF, 0xFFFF, 0xFFFF, 0xFFFF, 0xFFFF, 0xFFFF, 0xFFFF, 0xFFFF, 0xFFFF, 0xFFFF,
};
#define assets_c18_W 44
#define assets_c18_H 44

static const unsigned short assets_c19[1936] = {
  0xB205, 0xB205, 0xB225, 0xAE24, 0xB646, 0xBA67, 0xBA88, 0xBB0A, 0xC3F2, 0xBFF4, 0xB3AE, 0xAB4C, 0xBBF7, 0xAFF1, 0xAB6D, 0xB7F5,
  0xBBF6, 0xAEED, 0xC68F, 0xFFFF, 0xFFFF, 0xFFFF, 0xFFFF, 0xFFFF, 0xFFFF, 0xFFFF, 0xFFFF, 0xFFFF, 0xB28C, 0xBFF5, 0xBFF6, 0xBFF8,
  0xB3B0, 0xAEEB, 0xBFF1, 0xB7D0, 0xBFF1, 0xC38F, 0xB2A8, 0xBEC9, 0xB646, 0xC3CF, 0xB74B, 0xAE67, 0xB668, 0xBB2D, 0xBB0C, 0xBECA,
  0xB604, 0xBA25, 0xB625, 0xBAC8, 0xBB2B, 0xB76C, 0xBF6C, 0xB6E9, 0xBBF2, 0xBBF3, 0xAF0B, 0xAFAF, 0xB3F6, 0xB7F7, 0xAF91, 0xD734,
  0xFFFF, 0xFFFF, 0xFFFF, 0xFFFF, 0xFFFF, 0xFFFF, 0xFFFF, 0xBECD, 0xBFF6, 0xBFF6, 0xB36D, 0xAECA, 0xB248, 0xB1E5, 0xB667, 0xB246,
  0xB6C9, 0xBFAE, 0xC34C, 0xB646, 0xBE46, 0xBAC9, 0xB72A, 0xBF6C, 0xB78E, 0xB74D, 0xB70A, 0xBB4C, 0xC2A8, 0xBA46, 0xC34D, 0xBF0A,
  0xB225, 0xBA25, 0xBE46, 0xBA05, 0xAE68, 0xC7F5, 0xB78F, 0xBFF4, 0xB7D0, 0xB3D0, 0xBFF9, 0xAAEC, 0xFBFB, 0xFFFF, 0xFFFF, 0xFFFF,
  0xFFFF, 0xFFFF, 0xDB11, 0xAEA8, 0xB288, 0xBE4A, 0xB5E6, 0xE754, 0xFFFE, 0xAE27, 0xBA89, 0xB647, 0xB667, 0xB6A8, 0xBAA8, 0xBE47,
  0xBA06, 0xBA88, 0xC38D, 0xBF6D, 0xB7D0, 0xBB6D, 0xB6E9, 0xBF2C, 0xBA26, 0xB668, 0xBBAF, 0xB7AF, 0xC3D1, 0xB6A9, 0xB5E4, 0xBDE5,
  0xADA3, 0xCACE, 0xF7FB, 0xBF4E, 0xB266, 0xB2E9, 0xBFF6, 0xBBF5, 0xB66B, 0xFFFF, 0xFFFF, 0xFFFF, 0xFFFF, 0xFFFF, 0xC64C, 0xBA09,
  0xE734, 0xFFFF, 0xFFFF, 0xFFFF, 0xBACE, 0xBBF3, 0xBFF3, 0xBB8E, 0xBB4C, 0xBF4C, 0xBEC9, 0xB666, 0xBA67, 0xBEA8, 0xB688, 0xB267,
  0xB7D1, 0xB74D, 0xBB2C, 0xBA6A, 0xB146, 0xB289, 0xBBF6, 0xB3F1, 0xB3F1, 0xBFF5, 0xAEA9, 0xB1E4, 0xBA48, 0xB607, 0xB606, 0xB1E4,
  0xC649, 0xC6CC, 0xB78F, 0xC3F7, 0xB7B0, 0xDB33, 0xFFFF, 0xFFFF, 0xFFFF, 0xFFFF, 0xFFFF, 0xFFFF, 0xFFFF, 0xFFFF, 0xFFFF, 0xCB52,
  0xB3F3, 0xB7F4, 0xB36C, 0xB76C, 0xBF6C, 0xB287, 0xB266, 0xBF2B, 0xBF2B, 0xB647, 0xB6A9, 0xBB4C, 0xB3AF, 0xBB8E, 0xB68A, 0xAD8A,
  0xB54B, 0xB68B, 0xB7F6, 0xB3F2, 0xB36E, 0xB7F4, 0xB7D0, 0xAE05, 0xB626, 0xB689, 0xBAA8, 0xB246, 0xD6EF, 0xFFFF, 0xD2F0, 0xAAA9,
  0xC7F4, 0xB228, 0xFFFF, 0xFFFF, 0xFFFF, 0xFFFF, 0xFFFF, 0xFFFF, 0xFFFF, 0xFFFF, 0xBF0F, 0xB3F6, 0xB7F5, 0xB7AE, 0xB78C, 0xC38D,
  0xB688, 0xB2A9, 0xC3F0, 0xB34B, 0xBB2B, 0xB1E5, 0xB668, 0xB74C, 0xB72D, 0xB249, 0xAD69, 0xB14F, 0xB54D, 0xB228, 0xB3F2, 0xB3F3,
  0xB38E, 0xB3AF, 0xB7F4, 0xB2EB, 0xADC4, 0xBAA9, 0xB6C9, 0xBF2C, 0xAE88, 0xF3F9, 0xFFFF, 0xDF33, 0xB2A9, 0xBE48, 0xFFFF, 0xFFFF,
  0xFFFF, 0xFFFF, 0xFFFF, 0xFFFF, 0xFFFF, 0xF7FB, 0xA32D, 0xBBF9, 0xB3F0, 0xBBEF, 0xBFAE, 0xBA67, 0xB1C4, 0xBFF2, 0xB7F2, 0xB7AF,
  0xBB4D, 0xB206, 0xAD85, 0xB248, 0xCED0, 0xCA71, 0xAD2E, 0xB172, 0xB14E, 0xAE09, 0xB7F6, 0xB3F7, 0xB3D0, 0xAF4D, 0xB7F6, 0xB36E,
  0xADA3, 0xBECA, 0xB6EA, 0xB2EA, 0xB76D, 0xAAAA, 0xFFFF, 0xFFFF, 0xE354, 0xC22A, 0xFFFF, 0xFFFF, 0xFFFF, 0xFFFF, 0xFFFF, 0xFFFF,
  0xFFFF, 0xB2CC, 0xB7F7, 0xB3F1, 0xBBF0, 0xBBAE, 0xB2A8, 0xB183, 0xB6AB, 0xBBF6, 0xB3CF, 0xB3F1, 0xB7F1, 0xADE7, 0xAD2A, 0xAD6A,
  0xFFFF, 0xA50B, 0xB150, 0xB151, 0xB54E, 0xAE2A, 0xB3F6, 0xB3F5, 0xB3AF, 0xB36E, 0xB3F5, 0xB3F3, 0xB247, 0xBA66, 0xBF2B, 0xB70A,
  0xB34C, 0xB7CF, 0xB249, 0xFFFF, 0xFFFF, 0xFFFF, 0xFFFF, 0xFFFF, 0xFFFF, 0xFFFF, 0xFFFF, 0xFFFF, 0xFFFD, 0xAB4E, 0xB7F6, 0xB38D,
  0xB6E9, 0xB226, 0xCE6D, 0xC5E8, 0xBBD3, 0xB7F9, 0xAFAD, 0xAFAE, 0xBFF2, 0xADE7, 0xAD4E, 0xB16F, 0xFFFF, 0xA4EC, 0xB195, 0xB172,
  0xA90A, 0xA9E8, 0xC3F4, 0xAB2C, 0xB3F1, 0xB3F0, 0xABD0, 0xBBFB, 0xBB4E, 0xB5C3, 0xBA87, 0xBB0A, 0xB72C, 0xBBD0, 0xAE46, 0xFFFF,
  0xFFFF, 0xFFFF, 0xFFFF, 0xFFFF, 0xFFFF, 0xFFFF, 0xFFFF, 0xFFFF, 0xAE6A, 0xC3F7, 0xBBF3, 0xB74C, 0xA9C3, 0xDF13, 0xFFFF, 0xFFFD,
  0xAB2F, 0xB7F6, 0xB38D, 0xB7F1, 0xAA69, 0xA948, 0xB171, 0xB591, 0xF79D, 0xA0ED, 0xB5F8, 0xA950, 0xE2F7, 0xFBFB, 0x9D63, 0xAF6E,
  0xB7F8, 0xB3F1, 0xAFF1, 0xB7FB, 0xB30C, 0xCA29, 0xBE27, 0xBEA8, 0xBAC8, 0xB76D, 0xB2C9, 0xFFFF, 0xFFFF, 0xFFFF, 0xFFFF, 0xFFFF,
  0xFFFF, 0xFFFF, 0xFFFF, 0xFFFF, 0xB6AB, 0xBBD0, 0xB6EA, 0xB6CA, 0xD2AF, 0xFFFF, 0xFFFF, 0xFFFC, 0xAB2E, 0xB7F5, 0xAF4B, 0xBFF9,
  0xB72F, 0xA92B, 0xB172, 0xB16F, 0x9CCB, 0xB5D7, 0xAD94, 0xC5F2, 0xFFFF, 0xFFFF, 0xA206, 0xB7F7, 0xB3F7, 0xB3D0, 0xB3F1, 0xBBFB,
  0xA6AA, 0xFFFF, 0xFFFD, 0xB1A2, 0xBE86, 0xB74C, 0xB7AF, 0xADE6, 0xFFFF, 0xFFFF, 0xFFFF, 0xFFFF, 0xFFFF, 0xFFFF, 0xFFFF, 0xFFFF,
  0xB6AB, 0xC38E, 0xADA3, 0xE354, 0xFFFF, 0xFFFF, 0xFFFF, 0xFFFC, 0xA70D, 0xB7F5, 0xB36C, 0xB7CF, 0xAA48, 0xA0E6, 0xAD4D, 0xAD6F,
  0xA52F, 0xBA3B, 0xADB5, 0xC1F0, 0xFFFF, 0xFFFF, 0x9E26, 0xBBF5, 0xAFD0, 0xB7AF, 0xAFF1, 0xBBFB, 0xAAAB, 0xFFFF, 0xFFFF, 0xFBD9,
  0xADA3, 0xB74D, 0xB7AF, 0xB207, 0xFFFF, 0xFFFF, 0xFFFF, 0xFFFF, 0xFFFF, 0xFFFF, 0xFFFF, 0xFFFF, 0xB628, 0xB647, 0xF398, 0xFFFF,
  0xFFFF, 0xFFFF, 0xFFFF, 0xFFFC, 0xA70F, 0xB7F6, 0xB7AE, 0xBAEA, 0xCA4C, 0xEB17, 0xC5F1, 0xAD72, 0xADB5, 0xB219, 0xB1D4, 0xDEF8,
  0xFFFF, 0xFFFF, 0xBE8C, 0xB2EB, 0xAF8E, 0xBBF1, 0xAFF1, 0xBBFA, 0xAAAA, 0xFFFF, 0xFFFF, 0xFFFF, 0xEB56, 0xAA27, 0xBB8E, 0xB628,
  0xFFFF, 0xFFFF, 0xFFFF, 0xFFFF, 0xFFFF, 0xFFFF, 0xFFFF, 0xFFFF, 0xFFFD, 0xFBBA, 0xFFFF, 0xFFFF, 0xFFFF, 0xFFFF, 0xFFFF, 0xFFFB,
  0xAAED, 0xB7F6, 0xB7D0, 0xADE5, 0xFFFF, 0xFFFF, 0xEB3A, 0xA130, 0xB65B, 0xAE1A, 0xB9D1, 0xFFFF, 0xFFFF, 0xFFFF, 0xFFFF, 0xA626,
  0xC3F8, 0xB3AF, 0xB3AF, 0xBBF7, 0xAAAB, 0xFFFF, 0xFFFF, 0xFFFF, 0xFFFF, 0xEF98, 0xAE27, 0xBA07, 0xFFFF, 0xFFFF, 0xFFFF, 0xFFFF,
  0xFFFF, 0xFFFF, 0xFFFF, 0xFFFF, 0xFFFF, 0xFFFF, 0xFFFF, 0xFFFF, 0xFFFF, 0xFFFF, 0xFFFF, 0xFFFE, 0xAA27, 0xB7F3, 0xBBF2, 0xA9C5,
  0xFFFF, 0xFFFF, 0xDAB6, 0x9D30, 0xB65C, 0xAA19, 0xBDD1, 0xFFFF, 0xFFFF, 0xFFFF, 0xFFFF, 0xA1C3, 0xBFF4, 0xB7F0, 0xB38E, 0xBFF7,
  0xA269, 0xFFFF, 0xFFFF, 0xFFFF, 0xFFFF, 0xFFFF, 0xFBD9, 0xA944, 0xFFFF, 0xFFFF, 0xFFFF, 0xFFFF, 0xFFFF, 0xFFFF, 0xFFFF, 0xFFFF,
  0xFFFF, 0xFFFF, 0xFFFF, 0xFFFF, 0xFFFF, 0xFFFF, 0xFFFF, 0xFFFF, 0xE354, 0xAF8E, 0xBBF1, 0xCECF, 0xFFFF, 0xFFFF, 0xFFFF, 0xB9F3,
  0xB27E, 0xA9F8, 0xB16E, 0xFFFF, 0xFFFF, 0xFFFF, 0xFFFF, 0xD2AE, 0xB32C, 0xBBF3, 0xB3CF, 0xBBF2, 0xD773, 0xFFFF, 0xFFFF, 0xFFFF,
  0xFFFF, 0xFFFF, 0xFFFF, 0xFFFF, 0xFFFF, 0xFFFF, 0xFFFF, 0xFFFF, 0xFFFF, 0xFFFF, 0xFFFF, 0xFFFF, 0xFFFF, 0xFFFF, 0xFFFF, 0xFFFF,
  0xFFFF, 0xFFFF, 0xFFFF, 0xFFFF, 0xFFFF, 0xBEED, 0xAE88, 0xFFFF, 0xFFFF, 0xFFFF, 0xFFFF, 0xD6B6, 0xB23A, 0xB1D4, 0xFBDF, 0xFFFF,
  0xFFFF, 0xFFFF, 0xFFFF, 0xFFFF, 0xAEAA, 0xB7F2, 0xBBF2, 0xAECA, 0xFFFF, 0xFFFF, 0xFFFF, 0xFFFF, 0xFFFF, 0xFFFF, 0xFFFF, 0xFFFF,
  0xFFFF, 0xFFFF, 0xFFFF, 0xFFFF, 0xFFFF, 0xFFFF, 0xFFFF, 0xFFFF, 0xFFFF, 0xFFFF, 0xFFFF, 0xFFFF, 0xFFFF, 0xFFFF, 0xFFFF, 0xFFFF,
  0xFFFF, 0xF7FA, 0xB5E8, 0xFFFF, 0xFFFF, 0xFFFF, 0xFFFF, 0xCA32, 0xA9D6, 0xC212, 0xFFFF, 0xFFFF, 0xFFFF, 0xFFFF, 0xFFFF, 0xFFFF,
  0xAE8A, 0xB7F3, 0xBFF2, 0xB28A, 0xFFFF, 0xFFFF, 0xFFFF, 0xFFFF, 0xFFFF, 0xFFFF, 0xFFFF, 0xFFFF, 0xFFFF, 0xFFFF, 0xFFFF, 0xFFFF,
  0xFFFF, 0xFFFF, 0xFFFF, 0xFFFF, 0xFFFF, 0xFFFF, 0xFFFF, 0xFFFF, 0xFFFF, 0xFFFF, 0xFFFF, 0xFFFF, 0xFFFF, 0xFFFF, 0xFFFF, 0xFFFF,
  0xFFFF, 0xFFFF, 0xFFFF, 0xFFFF, 0xA595, 0xC213, 0xFFFF, 0xFFFF, 0xFFFF, 0xFFFF, 0xFFFF, 0xFFFF, 0xAEAA, 0xC7F6, 0xAEA9, 0xEFB7,
  0xFFFF, 0xFFFF, 0xFFFF, 0xFFFF, 0xFFFF, 0xFFFF, 0xFFFF, 0xFFFF, 0xFFFF, 0xFFFF, 0xFFFF, 0xFFFF, 0xFFFF, 0xFFFF, 0xFFFF, 0xFFFF,
  0xFFFF, 0xFFFF, 0xFFFF, 0xFFFF, 0xFFFF, 0xFFFF, 0xFFFF, 0xFFFF, 0xFFFF, 0xFFFF, 0xFFFF, 0xFFFF, 0xFFFF, 0xFFFF, 0xFFFF, 0xFFFF,
  0xA9F8, 0xC212, 0xFFFF, 0xFFFF, 0xFFFF, 0xFFFF, 0xFFFF, 0xFFFF, 0xBA89, 0xB2A8, 0xCEAE, 0xFFFF, 0xFFFF, 0xFFFF, 0xFFFF, 0xFFFF,
  0xFFFF, 0xFFFF, 0xFFFF, 0xFFFF, 0xFFFF, 0xFFFF, 0xFFFF, 0xFFFF, 0xFFFF, 0xFFFF, 0xFFFF, 0xFFFF, 0xFFFF, 0xFFFF, 0xFFFF, 0xFFFF,
  0xFFFF, 0xFFFF, 0xFFFF, 0xFFFF, 0xFFFF, 0xFFFF, 0xFFFF, 0xFFFF, 0xFFFF, 0xFFFF, 0xFFFF, 0xFFFF, 0xB25B, 0xC633, 0xFFFF, 0xFFFF,
  0xFFFF, 0xFFFF, 0xFFFF, 0xFFFF, 0xA161, 0xC249, 0xFFFF, 0xFFFF, 0xFFFF, 0xFFFF, 0xFFFF, 0xFFFF, 0xFFFF, 0xFFFF, 0xFFFF, 0xFFFF,
  0xFFFF, 0xFFFF, 0xFFFF, 0xFFFF, 0xFFFF, 0xFFFF, 0xFFFF, 0xFFFF, 0xFFFF, 0xFFFF, 0xFFFF, 0xFFFF, 0xFFFF, 0xFFFF, 0xFFFF, 0xFFFF,
  0xFFFF, 0xFFFF, 0xFFFF, 0xFFFF, 0xFFFF, 0xFFFF, 0xFFFF, 0xFFFF, 0xAE3A, 0xCA54, 0xFFFF, 0xFFFF, 0xFFFF, 0xFFFF, 0xFFFF, 0xFFFF,
  0xFBDA, 0xFFFF, 0xFFFF, 0xFFFF, 0xFFFF, 0xFFFF, 0xFFFF, 0xFFFF, 0xFFFF, 0xFFFF, 0xFFFF, 0xFFFF, 0xFFFF, 0xFFFF, 0xFFFF, 0xFFFF,
  0xFFFF, 0xFFFF, 0xFFFF, 0xFFFF, 0xFFFF, 0xFFFF, 0xFFFF, 0xFFFF, 0xFFFF, 0xFFFF, 0xFFFF, 0xFFFF, 0xFFFF, 0xFFFF, 0xFFFF, 0xFFFF,
  0xFFFF, 0xFFFF, 0xFFFF, 0xD6B6, 0xA152, 0xCA33, 0xFFFF, 0xFFFF, 0xFFFF, 0xFFFF, 0xFFFF, 0xFFFF, 0xFFFF, 0xFFFF, 0xFFFF, 0xFFFF,
  0xFFFF, 0xFFFF, 0xFFFF, 0xFFFF, 0xFFFF, 0xFFFF, 0xFFFF, 0xFFFF, 0xFFFF, 0xFFFF, 0xFFFF, 0xFFFF, 0xFFFF, 0xFFFF, 0xFFFF, 0xFFFF,
  0xFFFF, 0xFFFF, 0xFFFF, 0xFFFF, 0xFFFF, 0xFFFF, 0xFFFF, 0xFFFF, 0xFFFF, 0xFFFF, 0xFFFF, 0xFFFF, 0xFFFF, 0xFFFF, 0xFFFF, 0xBE14,
  0xC237, 0xD696, 0xFFFF, 0xFFFF, 0xFFFF, 0xFFFF, 0xFFFF, 0xFFFF, 0xFFFF, 0xFFFF, 0xFFFF, 0xFFFF, 0xFFFF, 0xFFFF, 0xFFFF, 0xFFFF,
  0xFFFF, 0xFFFF, 0xFFFF, 0xFFFF, 0xFFFF, 0xFFFF, 0xFFFF, 0xFFFF, 0xFFFF, 0xFFFF, 0xFFFF, 0xFFFF, 0xFFFF, 0xFFFF, 0xFFFF, 0xFFFF,
  0xFFFF, 0xFFFF, 0xFFFF, 0xFFFF, 0xFFFF, 0xFFFF, 0xFFFF, 0xFFFF, 0xFFFF, 0xE75E, 0xCEDC, 0xBE36, 0xCADD, 0xA94D, 0xFFFF, 0xFFFF,
  0xFFFF, 0xFFFF, 0xFFFF, 0xFFFF, 0xFFFF, 0xFFFF, 0xFFFF, 0xFFFF, 0xFFFF, 0xFFFF, 0xFFFF, 0xFFFF, 0xFFFF, 0xFFFF, 0xFFFF, 0xFFFF,
  0xFFFF, 0xFFFF, 0xFFFF, 0xFFFF, 0xFFFF, 0xFFFF, 0xFFFF, 0xFFFF, 0xFFFF, 0xFFFF, 0xFFFF, 0xFFFF, 0xFFFF, 0xFFFF, 0xFFFF, 0xFFFF,
  0xFFFF, 0xFFFF, 0xFFFF, 0xFFFF, 0xC656, 0xB1F4, 0xFFFF, 0xFFFF, 0xB191, 0xE31D, 0xDEFA, 0xFFFF, 0xFFFF, 0xFFFF, 0xFFFF, 0xFFFF,
  0xFFFF, 0xFFFF, 0xFFFF, 0xFFFF, 0xFFFF, 0xFFFF, 0xFFFF, 0xFFFF, 0xFFFF, 0xFFFF, 0xFFFF, 0xFFFF, 0xFFFF, 0xFFFF, 0xFFFF, 0xFFFF,
  0xFFFF, 0xFFFF, 0xFFFF, 0xFFFF, 0xFFFF, 0xFFFF, 0xFFFF, 0xFFFF, 0xFFFF, 0xFFFF, 0xFFFF, 0xFFFF, 0xFFFF, 0xFFFF, 0xD6B7, 0xD2FB,
  0xD71D, 0xFFFF, 0xFFFF, 0xE33C, 0x98A9, 0xD299, 0xF7DF, 0xD6B8, 0xFFFF, 0xFFFF, 0xFFFF, 0xFFFF, 0xFFFF, 0xFFFF, 0xFFFF, 0xFFFF,
  0xFFFF, 0xFFFF, 0xFFFF, 0xFFFF, 0xFFFF, 0xFFFF, 0xFFFF, 0xFFFF, 0xFFFF, 0xFFFF, 0xFFFF, 0xFFFF, 0xFFFF, 0xFFFF, 0xFFFF, 0xFFFF,
  0xFFFF, 0xFFFF, 0xFFFF, 0xFFFF, 0xFFFF, 0xFFFF, 0xFFFF, 0xFFFF, 0xFFFF, 0xE739, 0xFFFF, 0xC678, 0xFFFF, 0xFFFF, 0xEF9F, 0xB1F4,
  0x8C67, 0xC216, 0xCEFC, 0xDAFB, 0xDF1B, 0xE75C, 0xFFFF, 0xFFFF, 0xFFFF, 0xFFFF, 0xFFFF, 0xFFFF, 0xFFFF, 0xFFFF, 0xFFFF, 0xFFFF,
  0xFFFF, 0xFFFF, 0xFFFF, 0xFFFF, 0xFFFF, 0xFFFF, 0xFFFF, 0xFFFF, 0xFFFF, 0xFFFF, 0xFFFF, 0xFFFF, 0xFFFF, 0xFFFF, 0xFFFF, 0xFFFF,
  0xFFFF, 0xFFFF, 0xFFFF, 0xAD6D, 0xB5F4, 0xC29B, 0xBE36, 0xFFFF, 0xFFFF, 0xFFFF, 0xFFFF, 0xFBFF, 0x9088, 0x98CB, 0xDB5F, 0xC257,
  0xF39F, 0xFFFF, 0xB190, 0xFFFF, 0xFFFF, 0xFFFF, 0xFFFF, 0xFFFF, 0xFFFF, 0xFFFF, 0xFFFF, 0xFFFF, 0xFFFF, 0xFFFF, 0xFFFF, 0xFFFF,
  0xFFFF, 0xFFFF, 0xFFFF, 0xFFFF, 0xFFFF, 0xFFFF, 0xFFFF, 0xFFFF, 0xFFFF, 0xFFFF, 0xFFFF, 0xFFFF, 0xFFFF, 0xFFFF, 0xA94E, 0xA997,
  0xBA7F, 0xBEDF, 0xB65C, 0xB1D2, 0xB1B0, 0xA96E, 0xB9F2, 0xCEB9, 0xA52C, 0xEB3C, 0xDB1C, 0xFFFF, 0xD6DB, 0xDF1C, 0xFFFF, 0xE75D,
  0xC234, 0xFFFF, 0xFFFF, 0xFFFF, 0xFFFF, 0xFFFF, 0xFFFF, 0xFFFF, 0xFFFF, 0xFFFF, 0xFFFF, 0xFFFF, 0xFFFF, 0xFFFF, 0xFFFF, 0xFFFF,
  0xFFFF, 0xFFFF, 0xFFFF, 0xFFFF, 0xFFFF, 0xFFFF, 0xFFFF, 0xFFFF, 0xFFFF, 0xFFFF, 0x9CF5, 0xB5BF, 0x98F2, 0x98F1, 0xA153, 0xB65B,
  0xB27B, 0xB69D, 0xB29C, 0xB29E, 0xAD6E, 0xFFFF, 0xCA55, 0xFFFF, 0xFFFF, 0xF3DF, 0xFFFF, 0xFFFF, 0xEB5D, 0xFFFF, 0xFFFF, 0xFFFF,
  0xFFFF, 0xFFFF, 0xFFFF, 0xFFFF, 0xFFFF, 0xFFFF, 0xFFFF, 0xFFFF, 0xFFFF, 0xFFFF, 0xFFFF, 0xFFFF, 0xFFFF, 0xFFFF, 0xFFFF, 0xFFFF,
  0xFFFF, 0xFFFF, 0xFFFF, 0xFFFF, 0xFBDF, 0xA959, 0xAD7F, 0xA97F, 0xAD9F, 0xAD7F, 0xA51C, 0x98F4, 0x98F4, 0xA115, 0xA135, 0xA131,
  0xA96E, 0xFFFF, 0x98C8, 0x94CA, 0xA12E, 0xB1B3, 0xA52E, 0xA12E, 0xA991, 0xBA15, 0x9D0D, 0xA14E, 0xA0EA, 0xFFFF, 0xFFFF, 0xFFFF,
  0xFFFF, 0xFFFF, 0xFFFF, 0xFFFF, 0xFFFF, 0xFFFF, 0xFFFF, 0xFFFF, 0xFFFF, 0xFFFF, 0xFFFF, 0xFFFF, 0xFFFF, 0xFFFF, 0xFFFF, 0xF39E,
  0x98D5, 0xB19F, 0xA95F, 0xA9BF, 0xB1FF, 0xA95F, 0xA9BF, 0xB25F, 0xB9FF, 0xA91F, 0xB59F, 0xA4F0, 0xA94D, 0xFFFF, 0x90A8, 0xC29E,
  0xB67E, 0xB65E, 0xB63B, 0xB65B, 0xB67B, 0xB67C, 0xB67C, 0xBA9D, 0xB1F5, 0xB16D, 0xFFFF, 0xFFFF, 0xFFFF, 0xFFFF, 0xFFFF, 0xFFFF,
  0xFFFF, 0xFFFF, 0xFFFF, 0xFFFF, 0xFFFF, 0xFFFF, 0xFFFF, 0xFFFF, 0xFFFF, 0xFFFF, 0xFFFF, 0xA138, 0xB5BF, 0xAD5F, 0xA5BF, 0xAE1F,
  0xA95F, 0xA55F, 0xAA1F, 0xAE1F, 0xA93F, 0xB17F, 0xA11B, 0xEB5D, 0xA54D, 0xFFFF, 0xCE55, 0x988C, 0xA0D2, 0x9CD2, 0x9CD1, 0x9CD0,
  0x9CEF, 0x9D0F, 0x98CF, 0x9D13, 0x9D35, 0xA152, 0xFFFF, 0xFFFF, 0xFFFF, 0xFFFF, 0xFFFF, 0xFFFF, 0xFFFF, 0xFFFF, 0xFFFF, 0xFFFF,
  0xFFFF, 0xFFFF, 0xFFFF, 0xFFFF, 0xFFFF, 0xA131, 0x9D38, 0xBA1F, 0xA93F, 0xA9BF, 0xAE3F, 0xA59F, 0xA97F, 0xA9DF, 0xADFF, 0xA51F,
  0xB15F, 0x9CFA, 0xCA57, 0xFFFF, 0xA9B4, 0xC1F1, 0xFFFF, 0xDED8, 0x9C91, 0xB53F, 0xB11E, 0xB53F, 0xB53F, 0xB53C, 0xB53F, 0xB15F,
  0xB1FF, 0xBA9F, 0x9957, 0xFFFF, 0xFFFF, 0xFFFF, 0xFFFF, 0xFFFF, 0xFFFF, 0xFFFF, 0xFFFF, 0xFFFF, 0xFFFF, 0xFFFF, 0xFFFF, 0xA512,
  0x9918, 0xB23F, 0xB5FF, 0xA93F, 0xA9BF, 0xB23F, 0xA9DF, 0xADBF, 0xB1FF, 0xADBF, 0xA51F, 0xB59F, 0xA0FA, 0xBDD4, 0xFFFF, 0xFFFF,
  0xAE5A, 0xB9AF, 0xFFFF, 0xFFFF, 0xF39F, 0xA4D5, 0xB11F, 0xACFF, 0xB11F, 0xB11F, 0xB51F, 0xB11F, 0xAD1F, 0xA9BF, 0xBA9F, 0xA17A,
  0x9D2F, 0xFFFF, 0xFFFF, 0xFFFF, 0xFFFF, 0xFFFF, 0xFFFF, 0xFFFF, 0x9D52, 0x90D0, 0x98D6, 0xB1DF, 0xB23F, 0xAD9F, 0xA51F, 0xADBF,
  0xAE1F, 0xA9DF, 0xADBF, 0xB1DF, 0xA55F, 0xA53E, 0xB9DF, 0x9CFA, 0xB9B2, 0xFFFF, 0xFFFF, 0xFFFF, 0xAA5A, 0xB9D0, 0xFFFF, 0xFFFF,
  0xFFFF, 0xE71B, 0x9873, 0xB53F, 0xB11F, 0xB11F, 0xB51F, 0xB11F, 0xB11F, 0xAD1F, 0xA95F, 0xAA1F, 0xAE5F, 0x8CB1, 0x908C, 0x8C28,
  0x948F, 0x98D4, 0x98D4, 0x98F7, 0xBADF, 0xB67F, 0xB1DF, 0xAD9F, 0xAD9F, 0xAD7F, 0xB1DF, 0xAE3F, 0xA9BF, 0xA97F, 0xA97F, 0xA13A,
  0xADDF, 0xBE1F, 0xA11B, 0xB9D3, 0xFFFF, 0xFFFF, 0xFFFF, 0xFFFF, 0xAA18, 0xB9B0, 0xFFFF, 0xFFFF, 0xFFFF, 0xFFFF, 0xD698, 0x9873,
  0xB51F, 0xB53F, 0xB11F, 0xB51F, 0xB11F, 0xB11F, 0xAD1F, 0xA91F, 0xA9DF, 0xAE5F, 0xB27F, 0xA55B, 0xB1BF, 0xAD7F, 0xB57F, 0xB59F,
  0xAD3F, 0xAD3F, 0xB13F, 0xB13F, 0xB13F, 0xAD1F, 0xA95F, 0xA97F, 0xA97F, 0xA17C, 0xADFF, 0xC29F, 0xB1FF, 0x9CFA, 0xBDD3, 0xFFFF,
  0xFFFF, 0xFFFF, 0xFFFF, 0xFFFF, 0xB67D, 0xB5F4, 0xFFFF, 0xFFFF, 0xFFFF, 0xFFFF, 0xFFFF, 0xE2FA, 0xA4D3, 0xA8DC, 0xB93F, 0xB11F,
  0xB11F, 0xB11F, 0xB11F, 0xB11F, 0xAD1F, 0xA55F, 0xAA1F, 0xB2BF, 0xBB1F, 0xA5BE, 0x98D5, 0x9453, 0x9872, 0x9C73, 0xA098, 0xA098,
  0xA099, 0xA15C, 0x9D9C, 0xA19D, 0xAE3F, 0xB69F, 0xB61F, 0xA51F, 0xA516, 0xC636, 0xFFFF, 0xFFFF, 0xFFFF, 0xFFFF, 0xFFFF, 0xFFFF,
  0xBAFF, 0xB27C, 0xA54C, 0xFFFF, 0xFFFF, 0xFFFF, 0xFFFF, 0xFFFF, 0xFFFF, 0xAD31, 0xA098, 0xB11F, 0xB13F, 0xB11F, 0xB11F, 0xB11F,
  0xB11F, 0xB11F, 0xAD3F, 0xB1FF, 0xADFF, 0xB67F, 0xBAFF, 0xAE3F, 0xB21F, 0xAE1F, 0xB21F, 0xB23F, 0xB25F, 0xBABF, 0xBADF, 0xBEFF,
  0xB63F, 0xB17F, 0xAD5F, 0x9CD1, 0xF39D, 0xFFFF, 0xFFFF, 0xFFFF, 0xFFFF, 0xFFFF, 0xFFFF, 0xB9D0, 0xB6BF, 0xB27C, 0xB18F, 0xFFFF,
  0xFFFF, 0xFFFF, 0xFFFF, 0xFFFF, 0xFFFF, 0xFFFF, 0xCE56, 0xA8F4, 0x9C98, 0xACFF, 0xB53F, 0xB13F, 0xB11F, 0xB11F, 0xB11F, 0xB11F,
  0xB11F, 0xA91F, 0xA9BF, 0xA9DF, 0xA9DF, 0xADDF, 0xADDF, 0xADDF, 0xB21F, 0xA95F, 0xAD3F, 0xB15F, 0xAD3F, 0xA0DA, 0xA510, 0xFFFF,
  0xFFFF, 0xFFFF, 0xFFFF, 0xFFFF, 0xFFFF, 0xFFFF, 0xFFFF, 0xC613, 0xB69E, 0xB25B, 0xB18E, 0xFFFF, 0xFFFF, 0xFFFF, 0xFFFF, 0xFFFF,
  0xFFFF, 0xFFFF, 0xFFFF, 0xEF7C, 0xBDF2, 0xA8F4, 0x9C96, 0xB11F, 0xB53F, 0xB13F, 0xB11F, 0xB11F, 0xB11F, 0xB13F, 0xACFF, 0xACFF,
  0xB0FF, 0xB0FF, 0xB0FF, 0xB0FF, 0xB0FF, 0xB11F, 0xA4FA, 0x9CB6, 0xB156, 0xD296, 0xFFFF, 0xFFFF, 0xFFFF, 0xFFFF, 0xFFFF, 0xFFFF,
  0xFFFF, 0xFFFF, 0xFFFF, 0xAD92, 0xBADF, 0xB69E, 0xA96F, 0xFFFF, 0xFFFF, 0xFFFF, 0xFFFF, 0xFFFF, 0xFFFF, 0xFFFF, 0xFFFF, 0xFFFF,
  0xFFFF, 0xF37D, 0xCA54, 0xB556, 0xA8D7, 0xA8D9, 0xB53F, 0xB53F, 0xB11F, 0xB11F, 0xB11F, 0xB11F, 0xB11F, 0xB11F, 0xB51F, 0xA8F8,
  0xA8F5, 0xA4D3, 0xB591, 0xDAD7, 0xFFFF, 0xFFFF, 0xFFFF, 0xFFFF, 0xFFFF, 0xFFFF, 0xFFFF, 0xFFFF, 0xFFFF, 0xFFFF, 0xCE73, 0x9DB4,
};
#define assets_c19_W 44
#define assets_c19_H 44

static const unsigned short assets_c20[1936] = {
  0xFFFF, 0xFFFF, 0xFFFF, 0xFFFF, 0xFFFF, 0xFFFF, 0xFFFF, 0xFFFF, 0xFFFF, 0xFFFF, 0xFFFF, 0xFFFF, 0xFFFF, 0xFFFF, 0xFFFF, 0xFFFF,
  0xFFFF, 0xFFFF, 0xFFFF, 0xFFFF, 0xFFFF, 0xFFFF, 0xFFFF, 0xFFFF, 0xFFFF, 0xFFFF, 0xFFFF, 0xFFFF, 0xFFFF, 0xFFFF, 0xFFFF, 0xFFFF,
  0xFFFF, 0xFFFF, 0xFFFF, 0xFFFF, 0xFFFF, 0xFFFF, 0xFFFF, 0xFFFF, 0xFFFF, 0xFFFF, 0xFFFF, 0xFFFF, 0xFFFF, 0xFFFF, 0xFFFF, 0xFFFF,
  0xFFFF, 0xFFFF, 0xFFFF, 0xFFFF, 0xFFFF, 0xFFFF, 0xFFFF, 0xFFFF, 0xFFFF, 0xFFFF, 0xFFFF, 0xFFFF, 0xFFFF, 0xFFFF, 0xFFFF, 0xFFFF,
  0xFFFF, 0xFFFF, 0xFFFF, 0xFFFF, 0xFFFF, 0xD6B5, 0x8421, 0x98A8, 0x98CA, 0x94A8, 0x8C45, 0x98CA, 0x98EB, 0x90A8, 0x8422, 0x9D2B,
  0xA16E, 0x9D4E, 0xA58F, 0xFFFF, 0xFFFF, 0xFFFF, 0xFFFF, 0xFFFF, 0xFFFF, 0xFFFF, 0xFFFF, 0xFFFF, 0xFFFF, 0xFFFF, 0xFFFF, 0xFFFF,
  0xFFFF, 0xFBDF, 0x9D2E, 0x8CAA, 0x90CA, 0x8423, 0x8824, 0x94AB, 0x90AB, 0x908A, 0x8423, 0x990D, 0x952F, 0x90ED, 0x8CCC, 0x8CCB,
  0x8CCC, 0x94ED, 0xA110, 0xA511, 0xB9FB, 0xB5DA, 0xA532, 0xAD94, 0xC2BF, 0xB67F, 0xA9F8, 0xADF6, 0xD3FF, 0xD7FF, 0xDBFF, 0xA5B2,
  0xF7DE, 0xFFFF, 0xFFFF, 0xFFFF, 0xFFFF, 0xFFFF, 0xFFFF, 0xBA13, 0x9D4E, 0x992E, 0x952D, 0x992E, 0x8CA9, 0x8447, 0xB65C, 0xBF1F,
  0xBADF, 0xAE1A, 0x98EE, 0xB197, 0xBE1E, 0xBE3F, 0xA955, 0xA9B5, 0xC73F, 0xC35F, 0xBB1F, 0xBB1F, 0xBF1F, 0xBF1F, 0xBEFF, 0xA9F9,
  0x94AE, 0xB199, 0xB5FD, 0xA112, 0xA596, 0xBEFF, 0xBAFF, 0xAE1B, 0xA194, 0xCFFF, 0xD3FF, 0xDBFF, 0xA5B1, 0xFFFF, 0xFFFF, 0xFFFF,
  0xFFFF, 0xFFFF, 0xA9B1, 0xD3DF, 0xEFFF, 0xE3FF, 0xDFFF, 0xE3FF, 0xCFDF, 0xAE38, 0x950E, 0xB25D, 0xBB1F, 0xBF3F, 0xB69F, 0x98EF,
  0xA112, 0xBA3F, 0xBA3F, 0xA133, 0x9D32, 0xBF1F, 0xBB3F, 0xBB3F, 0xBF3F, 0xBF5F, 0xBF5F, 0xC77F, 0xB25C, 0x9D12, 0xB5DC, 0xB1DB,
  0x9CF0, 0xA9D8, 0xB6DF, 0xBF3F, 0xA9FA, 0xB238, 0xDBFF, 0xD7FF, 0xD7FF, 0xA14C, 0xFFFF, 0xFFFF, 0xFFFF, 0xBE11, 0xBAFF, 0xC7BF,
  0xBF3F, 0xC35F, 0xD7FF, 0xDBFF, 0xDBFF, 0xD7FF, 0xAE59, 0x9931, 0xBEFF, 0xB71F, 0xBF3F, 0xBADF, 0xA153, 0xA533, 0xB1DC, 0xB5FB,
  0xA0F1, 0xB21A, 0xC37F, 0xBB3F, 0xBF5F, 0xBF5F, 0xBB3F, 0xBB3F, 0xC35F, 0xA9D8, 0xA532, 0xB5FC, 0xB1B9, 0x94AC, 0xB6BF, 0xBF5F,
  0xBF1F, 0x9931, 0xCB9F, 0xD7FF, 0xCFFF, 0x992C, 0xFFFF, 0xFFFF, 0xFFDF, 0xB614, 0xC75F, 0xB25A, 0x9D71, 0x9D51, 0xBADF, 0xDFFF,
  0xDBFF, 0xDBFF, 0xCFFF, 0xAA18, 0xA5D7, 0xBF3F, 0xBB3F, 0xC35F, 0xBABF, 0x9D10, 0xB1DA, 0xB1FE, 0xAD97, 0x9910, 0xC33F, 0xBF5F,
  0xBB3F, 0xBB5F, 0xBB3F, 0xBB3F, 0xBB3F, 0xBADF, 0xA110, 0xA976, 0xB1DC, 0xA953, 0xADF9, 0xB6DF, 0xB6FF, 0xB25E, 0xA5F5, 0xDBFF,
  0xD3FF, 0xB6BB, 0xB9F0, 0xFFFF, 0xAD6B, 0xB69B, 0xC2FF, 0xA9D5, 0xB259, 0xAE58, 0xA5F6, 0xC35F, 0xDBFF, 0xD7FF, 0xDBFF, 0xBAFF,
  0x90EE, 0xC33F, 0xBF5F, 0xBF3F, 0xC35F, 0xADF9, 0xA133, 0xBA3F, 0xB1BA, 0x98AE, 0xB25D, 0xC77F, 0xBF5F, 0xBF5F, 0xBF5F, 0xBF5F,
  0xBB1F, 0xB29F, 0xA152, 0xA954, 0xB1DC, 0xB198, 0x908C, 0xB27F, 0xAA9F, 0xBEDF, 0x992F, 0xCFDF, 0xD3FF, 0xC33F, 0xB18E, 0xFFFF,
  0xB5AE, 0xB69A, 0xAE38, 0xAE37, 0xCBBF, 0xCBDF, 0xAA59, 0xAA59, 0xD7FF, 0xD7FF, 0xDBFF, 0xC79F, 0xA1B4, 0xB67E, 0xBB1F, 0xBB1F,
  0xBF3F, 0xB23B, 0x98CE, 0xB1BA, 0xBA3F, 0xA954, 0xA174, 0xBB1F, 0xB2DF, 0xB6DF, 0xB6DF, 0xB6DF, 0xB2BF, 0xB27F, 0xADF9, 0x9CEF,
  0xAD98, 0xB5FD, 0xA0F1, 0xB21B, 0xB29F, 0xB25F, 0x990E, 0xCBBF, 0xCFFF, 0xBF1F, 0xB1AE, 0xFFFF, 0xB58D, 0xB69A, 0xAE37, 0xC2FE,
  0xAA37, 0xB2BD, 0xC79F, 0x9D92, 0xCBBF, 0xDBFF, 0xDBFF, 0xC7BF, 0xB259, 0xA173, 0xBF3F, 0xAA7F, 0xAE7F, 0xB27F, 0x9D31, 0xA954,
  0xB5FE, 0xA554, 0xA174, 0xB29F, 0xAA5F, 0xAE5F, 0xAE5F, 0xAE5F, 0xAE7F, 0xAE7F, 0xB69F, 0x9CEF, 0xA975, 0xBA3F, 0xAD98, 0x98F0,
  0xB27F, 0xB25F, 0x990F, 0xBEFE, 0xC39F, 0xBAFE, 0xB1AE, 0xFFFF, 0xB5AE, 0xB69A, 0xAE37, 0xBA9B, 0xB238, 0xA1B3, 0xC33F, 0x9950,
  0xC33F, 0xD7FF, 0xDFFF, 0xC7BF, 0xAE59, 0x9D52, 0xBF1F, 0xAE7F, 0xAE7F, 0xB6BF, 0xA173, 0x9CF0, 0xB5DD, 0xA956, 0xA132, 0xB25E,
  0xAE7F, 0xAE7F, 0xAE7F, 0xAE7F, 0xAE7F, 0xAE7F, 0xB6BF, 0x98EE, 0xA532, 0xB1DB, 0xAD77, 0x98EF, 0xB25F, 0xAE7F, 0xB1F9, 0x9D0E,
  0xC75F, 0xBADE, 0xB1AE, 0xFFFF, 0xB9CF, 0xB259, 0xB217, 0xA5B3, 0xCB5F, 0xA9F5, 0xBADD, 0x994F, 0xBF3F, 0xCBFF, 0xCFFF, 0xC39F,
  0xB25A, 0xA173, 0xC33F, 0xAE7F, 0xAE7F, 0xB69F, 0x9D52, 0xA110, 0xB1DB, 0xB1BA, 0xA0F0, 0x9D53, 0xB69F, 0xAE7F, 0xAE7F, 0xAE7F,
  0xAE7F, 0xAE7F, 0xB6BF, 0x990E, 0xA111, 0xAD99, 0xAD77, 0x98EE, 0xB25E, 0xAE7F, 0xB23C, 0x90AA, 0xC31F, 0xBEFE, 0xB5AF, 0xFFFF,
  0xAD6C, 0xB238, 0xAE17, 0xA9D4, 0xBEDC, 0xA192, 0xBADD, 0x994F, 0xBF1F, 0xC7DF, 0xC7DF, 0xBF7F, 0xB67B, 0x9D31, 0xBADF, 0xAE9F,
  0xAE7F, 0xB69F, 0xA9B7, 0x9CCE, 0xB1B9, 0xAD99, 0x9CEF, 0x9930, 0xB69F, 0xAE7F, 0xAE7F, 0xAE7F, 0xAE7F, 0xAE7F, 0xB6BF, 0x98EE,
  0xA512, 0xB199, 0xAD76, 0x98CD, 0xAE5D, 0xAE7F, 0xB23C, 0x94CB, 0xBEBC, 0xA5B3, 0xB18D, 0xFFFF, 0xFFFF, 0xBE55, 0xB67B, 0xB217,
  0xB658, 0xAA16, 0xC71F, 0x9D4F, 0xBF1F, 0xC7BF, 0xC39F, 0xB6FF, 0xB67B, 0x9D0F, 0xB69F, 0xB29F, 0xAE7F, 0xB29F, 0xADF9, 0x98AC,
  0xB198, 0xAD98, 0x9CEF, 0x9930, 0xB69F, 0xAE7F, 0xAE7F, 0xAE7F, 0xAE7F, 0xAE7F, 0xB6BF, 0x9D52, 0xA512, 0xB19A, 0xAD76, 0x98CC,
  0xB25D, 0xAE7F, 0xB25E, 0x94CC, 0xB616, 0xA14C, 0xFFFF, 0xFFFF, 0xFFFF, 0xBE12, 0xAA17, 0xA9F5, 0xA9B2, 0xB1F5, 0xA592, 0xADF6,
  0xBF5F, 0xC37F, 0xB2BE, 0xB2BE, 0xB67B, 0x9D0F, 0xB6BF, 0xB29F, 0xAE7F, 0xB29F, 0xA9F9, 0x98AC, 0xB197, 0xB198, 0x9CEE, 0x990F,
  0xB29F, 0xAE7F, 0xAE7F, 0xAE7F, 0xAE7F, 0xAE7F, 0xB6BF, 0xA174, 0xA512, 0xB1BB, 0xAD77, 0x98AB, 0xADF9, 0xB27F, 0xB27F, 0xADF9,
  0x94A8, 0xEF7C, 0xFFFF, 0xFFFF, 0xFFFF, 0xFFFF, 0x94EB, 0xBEBD, 0xA9F6, 0xADD5, 0xA5B4, 0xB6DF, 0xB31F, 0xB2DF, 0xB29D, 0xB6BE,
  0xBA9C, 0x9D0F, 0xB69F, 0xB29F, 0xAE7F, 0xB29F, 0xA9D8, 0x94AB, 0xB198, 0xA977, 0x9CEF, 0x990E, 0xB69F, 0xAE7F, 0xAE7F, 0xAE7F,
  0xAE9F, 0xAE7F, 0xB6DF, 0x9D52, 0xA532, 0xB5DD, 0xB5DC, 0xA0EE, 0xA132, 0xB27F, 0xAE9F, 0xAE5F, 0x9D0B, 0xFFFF, 0xFFFF, 0xFFFF,
  0xFFFF, 0xFFFF, 0xD296, 0x992D, 0xBEDD, 0xBEFF, 0xB69C, 0xBAFF, 0xBAFF, 0xBAFF, 0xBABD, 0xA592, 0x9D0D, 0x98CB, 0xBEDF, 0xB29F,
  0xAE7F, 0xAE7F, 0xB25E, 0x9D10, 0xA532, 0xBA3E, 0xB1FA, 0x9CF0, 0xA5B7, 0xB29F, 0xAE7F, 0xAE7F, 0xAE7F, 0xAE7F, 0xB29F, 0xB21B,
  0x9CEE, 0xB176, 0xB9DB, 0xA0ED, 0x9CEE, 0xB67F, 0xAE9F, 0xB27F, 0xA54D, 0xFFFF, 0xFFFF, 0xFFFF, 0xFFFF, 0xFFFF, 0xFFFF, 0xD274,
  0x94A8, 0x98CB, 0x98CB, 0x98EB, 0x98EB, 0x98EB, 0x98CB, 0x98AB, 0xA0CC, 0x9CCC, 0xA9B7, 0xBAFF, 0xAE7F, 0xAE7F, 0xB29F, 0xA153,
  0x9CCD, 0xB5DA, 0xB1BA, 0xA511, 0xA173, 0xB2BF, 0xAE7F, 0xAE7F, 0xAE7F, 0xAE7F, 0xAE7F, 0xB69F, 0xA110, 0x986A, 0x9CAD, 0x8C26,
  0x98CD, 0xBABF, 0xB6FF, 0xA5D7, 0xA109, 0xFFFF, 0xFFFF, 0xFFFF, 0xFFFF, 0xFFFF, 0xFFFF, 0xBDCF, 0x9467, 0xA0CC, 0x9887, 0x9CCA,
  0xA0CC, 0xA0CD, 0xA0ED, 0xA50F, 0xA932, 0xA4EF, 0x98CC, 0xBEFF, 0xAE7F, 0xAE7F, 0xB27F, 0xA574, 0x9C8A, 0x98AE, 0x9CF2, 0x948B,
  0xA573, 0xB6BF, 0xAE7F, 0xAE7F, 0xAE7F, 0xAE7F, 0xAE5F, 0xB67F, 0x98EE, 0xC1F2, 0xCA56, 0xDAD9, 0xB5D3, 0x9932, 0xBEDF, 0x88A9,
  0xF39C, 0xFFFF, 0xFFFF, 0xFFFF, 0xFFFF, 0xFFFF, 0xFFFF, 0x9CE8, 0xA10F, 0xA10E, 0x9487, 0xA951, 0xAD96, 0xAD53, 0xA510, 0xA510,
  0xA512, 0xA510, 0x98AA, 0xB23B, 0xB29F, 0xA65F, 0xB2BF, 0xA596, 0xA52D, 0xE79F, 0xDFBF, 0xDB3D, 0xA593, 0xB69F, 0xAE9F, 0xAE7F,
  0xAA7F, 0xAA5F, 0xB29F, 0x9D74, 0xCF1D, 0xE37F, 0xF7FF, 0xEFFF, 0xF3FF, 0xAD91, 0x9CF0, 0x8846, 0xFFFF, 0xFFFF, 0xFFFF, 0xFFFF,
  0xFFFF, 0xFFFF, 0xDAD7, 0x9CCC, 0xA952, 0xA0ED, 0x98A8, 0xA953, 0xA954, 0xA510, 0xA0EE, 0xA953, 0xAD75, 0xA510, 0x9CCB, 0x98CB,
  0xB67F, 0xBF1F, 0xB25F, 0xADD5, 0xF7FF, 0xD35F, 0xCF7F, 0xE39E, 0xE7BF, 0x9953, 0xC73F, 0xBAFF, 0xB6DF, 0xB6BF, 0xC31F, 0x950F,
  0xD37E, 0xA9B3, 0xADFA, 0x94EF, 0xDB1A, 0xBA14, 0xA955, 0x98CE, 0xFFDF, 0xFFFF, 0xFFFF, 0xFFFF, 0xFFFF, 0xFFFF, 0xB58E, 0x9CEF,
  0xAD54, 0xA0ED, 0x98A9, 0xA952, 0xA0EE, 0xA0EE, 0xA953, 0xA975, 0xAD76, 0xA50F, 0xA4EF, 0x9CAC, 0x98EE, 0xA152, 0x98CC, 0xADF2,
  0xDFFF, 0x9512, 0xB25D, 0xA56E, 0xDB5D, 0x8C67, 0x98EC, 0x94CB, 0x90AB, 0x90AB, 0x94CB, 0x8C66, 0xC31D, 0xADD5, 0xA0F2, 0x98AD,
  0xDB3C, 0xB5F4, 0xA9FA, 0xB65E, 0x9D0B, 0xFFFF, 0xFFFF, 0xFFFF, 0xFFFF, 0xFFFF, 0xB58E, 0x9CEF, 0xAD54, 0xA0EE, 0x98AA, 0xA952,
  0xA50F, 0xA10F, 0xAD75, 0xA975, 0xA976, 0xA952, 0xA0EF, 0xB1B8, 0xA554, 0x9CCF, 0x98AB, 0xADF2, 0xDFFF, 0x98D0, 0xA976, 0xAD93,
  0xCAFB, 0x9CCD, 0xA953, 0xA532, 0xA531, 0xA531, 0xAD52, 0x98AC, 0xBA9A, 0xAE17, 0xA9B8, 0x9D75, 0xCF3F, 0xA9B2, 0xAE1C, 0xB69F,
  0x94C9, 0xFFFF, 0xFFFF, 0xFFFF, 0xFFFF, 0xD295, 0x98CC, 0xA953, 0xA933, 0xA50E, 0x9CCC, 0xAD75, 0xA10F, 0xA952, 0xA976, 0xA976,
  0xA976, 0xA953, 0xA110, 0xB65F, 0xAE3E, 0xB65F, 0xA576, 0xA56F, 0xD79F, 0xA195, 0xA5B8, 0xB23B, 0xC2DD, 0xA132, 0xB63D, 0xADFB,
  0xADFB, 0xADFB, 0xADFB, 0xB1D9, 0x90AA, 0xC2DB, 0xC75F, 0xCB7F, 0xBEBB, 0x8C89, 0xAE3D, 0xB69F, 0x98CB, 0xFFFF, 0xFFFF, 0xFFFF,
  0xFFFF, 0xC612, 0x9D11, 0xA953, 0xA930, 0x98A9, 0xA531, 0xAD97, 0xA511, 0xA953, 0xA976, 0xA976, 0xA976, 0xA953, 0x990F, 0xB29F,
  0xB29F, 0xB2BF, 0xB25F, 0x98EF, 0xA9B2, 0xCB5F, 0xC31F, 0xCF7F, 0xB637, 0xA174, 0xB6BF, 0xAE7F, 0xB27F, 0xB27F, 0xB27F, 0xB23E,
  0x98CC, 0x94AA, 0x9D0F, 0x9D0F, 0x94A9, 0xA995, 0xB27F, 0xB69F, 0xA153, 0x9CC8, 0xFFFF, 0xFFFF, 0xFFFF, 0xCA53, 0x9D11, 0xA954,
  0xA930, 0x9487, 0xA531, 0xA997, 0xA975, 0xA975, 0xA975, 0xA975, 0xA976, 0xA953, 0x9D0F, 0xB29F, 0xAE9F, 0xAE9F, 0xB6BF, 0xB21A,
  0x9488, 0x94CB, 0x98EE, 0x98AB, 0x98CC, 0xB27F, 0xAE9F, 0xAE7F, 0xAE7F, 0xAE7F, 0xAE7F, 0xB69F, 0xADD8, 0x98CC, 0xB198, 0xB5BA,
  0x98CD, 0xA9B6, 0xB69F, 0xB29F, 0xBA7F, 0x98CA, 0xFFFF, 0xFFFF, 0xFFFF, 0xBDD2, 0xA111, 0xA933, 0xA931, 0x9487, 0xA531, 0xA977,
  0xA975, 0xA975, 0xA975, 0xA975, 0xA976, 0xA953, 0x990F, 0xB29F, 0xAE9F, 0xAE9F, 0xAEBF, 0xB67F, 0x9CCD, 0xA931, 0xB9FC, 0xAD54,
  0x98ED, 0xB69F, 0xAE7F, 0xAE7F, 0xAE7F, 0xAE7F, 0xAE7F, 0xB29F, 0xAE1B, 0x98CD, 0xB198, 0xB1BB, 0xB1D9, 0x98EF, 0xAE3D, 0xB2BF,
  0xB69F, 0x94CA, 0xFFFF, 0xFFFF, 0xC611, 0x94AB, 0xAD74, 0xA511, 0xA90F, 0x98A8, 0xA952, 0xAD97, 0xA975, 0xA975, 0xA575, 0xA975,
  0xA976, 0xA953, 0x990F, 0xB29F, 0xAE9F, 0xAE9F, 0xAE9F, 0xB69F, 0xA110, 0xA532, 0xB5DC, 0xAD77, 0x9CF0, 0xB25E, 0xAE9F, 0xAE7F,
  0xAE7F, 0xAE7F, 0xAE7F, 0xAE7F, 0xB69F, 0x98EE, 0xA510, 0xB1DA, 0xBA1C, 0x94AC, 0xAE3C, 0xB2BF, 0xB69F, 0x94CB, 0xFFFF, 0xFFFF,
  0xB5AF, 0x98CD, 0xA953, 0xA50F, 0x9886, 0x9CA8, 0xA10F, 0xA532, 0xAD74, 0xAD96, 0xA976, 0xA976, 0xA976, 0xA954, 0x9D10, 0xB29F,
  0xAE9F, 0xAE9F, 0xAE9F, 0xB6BF, 0xA172, 0x98AB, 0xB198, 0xB9FD, 0xA974, 0xA195, 0xB6BF, 0xAE7F, 0xAE7F, 0xAE7F, 0xAE7F, 0xAE7F,
  0xB27F, 0xAE1A, 0x9069, 0xA510, 0xA111, 0x9D10, 0xB27F, 0xB2BF, 0xB69F, 0x94AA, 0x9045, 0x98C9, 0x9CCC, 0xA932, 0xA952, 0x9CCB,
  0x9087, 0xA130, 0xA152, 0x94CC, 0x9489, 0xA510, 0xA533, 0xAD96, 0xA997, 0xA954, 0x98EF, 0xB69F, 0xAE9F, 0xB29F, 0xAE7F, 0xB29F,
  0xB25C, 0x94A9, 0x9CCC, 0xA954, 0x9D31, 0xAA1B, 0xB29F, 0xAE7F, 0xB29F, 0xB2BF, 0xB2BF, 0xB29F, 0xB29F, 0xBABF, 0xA994, 0x9D0E,
  0x9D0F, 0xBA7E, 0xBEFF, 0xB2BF, 0xBABF, 0x98EF, 0xA0EE, 0xBE3A, 0x98CC, 0xA532, 0xA50E, 0x94AA, 0xB219, 0xB69F, 0xB29F, 0xB25D,
  0xA594, 0xA152, 0x98CE, 0xA111, 0xAD97, 0xAD97, 0xA111, 0xA596, 0xB69F, 0xAE9F, 0xAE9F, 0xAE7F, 0xB6DF, 0xBA5C, 0x9D0F, 0x9D0F,
  0xADFA, 0xBEFF, 0xB2BF, 0xB6BF, 0xB29F, 0xADFB, 0xADF9, 0xADD9, 0xADF9, 0xB1FA, 0xA997, 0xADB7, 0xADB7, 0xA997, 0x9D54, 0xB25D,
  0xB27F, 0xB1FA, 0x98CD, 0xB61C, 0x9CEE, 0xAD53, 0x9488, 0xA594, 0xB23E, 0xAE5F, 0xAE7F, 0xB2BF, 0xBAFF, 0xBAFF, 0xB25E, 0xA9D7,
  0xA995, 0xA955, 0xA933, 0x9D10, 0xB6BF, 0xAE9F, 0xB29F, 0xB6BF, 0xADFB, 0xA595, 0xADB7, 0xB1D8, 0xADD9, 0xA5B8, 0xA5B7, 0xA597,
  0xA154, 0x9D32, 0x9D12, 0x9D32, 0x9D33, 0x9D54, 0xA9D9, 0xA5DA, 0xA9FA, 0xA5DA, 0xADF9, 0x9D32, 0xB23D, 0xAE3C, 0x94CB, 0xADD7,
  0xA932, 0xA50F, 0x8C45, 0xA595, 0xAE1D, 0xA9FC, 0xA9FC, 0xAE3E, 0xB29F, 0xB6FF, 0xBAFF, 0xADF7, 0xA12F, 0xA933, 0xA953, 0x990F,
  0xB6BF, 0xAE9F, 0xB27F, 0xA5B7, 0xA110, 0xA111, 0x9D11, 0xA153, 0xA153, 0x9D53, 0xA153, 0x9D32, 0xA5B8, 0xBADF, 0xBEFF, 0xBF1F,
  0xBF1F, 0xBF1F, 0xC77F, 0xC79F, 0xC77F, 0xC77F, 0xCB7F, 0xAE1A, 0xA175, 0xB65C, 0x8846, 0x98ED, 0xA953, 0x98A9, 0x9088, 0xA9D8,
  0xAE1D, 0xB23E, 0xAE1D, 0xAA1D, 0xAE3F, 0xBADF, 0xADF9, 0x8C45, 0x98A9, 0xA932, 0xA953, 0x990F, 0xB6BF, 0xB29F, 0xA997, 0x9469,
  0xA10E, 0xB63A, 0xC31F, 0xCB7F, 0xCB7F, 0xC77F, 0xC75F, 0xC75F, 0xC35F, 0xBF5F, 0xBB3F, 0xB71F, 0xBB1F, 0xBB1F, 0xB6FF, 0xB6FF,
  0xB6FF, 0xB6FF, 0xB2DF, 0xB69F, 0x94CD, 0xA973, 0x9087, 0x9CEE, 0xA931, 0x9488, 0xA573, 0xB21E, 0xA9B9, 0x9D55, 0xADFC, 0xAE1E,
  0xAE5F, 0xB27F, 0x94AB, 0xA50E, 0xA10F, 0xA110, 0xA973, 0x9910, 0xB6BF, 0xB27F, 0xA153, 0x98A9, 0x9045, 0x992E, 0xC33F, 0xB2DF,
  0xB6FF, 0xB6FF, 0xB6FF, 0xBAFF, 0xB6FF, 0xBAFF, 0xBAFF, 0xB29F, 0xB69F, 0xB69F, 0xAE9F, 0xAE7F, 0xAE7F, 0xAE7F, 0xAE5F, 0xB27F,
  0xA595, 0x9CCC, 0x9088, 0xB5D8, 0xA931, 0x9487, 0xA173, 0xADDB, 0xADB6, 0xC6BD, 0xAE1C, 0xAE1E, 0xAE3F, 0xBABF, 0x98CC, 0xB1B7,
  0xB5FB, 0xA111, 0xA974, 0x9D31, 0xBADF, 0xB27F, 0xA131, 0x98AA, 0xA10D, 0x9D2E, 0xBA9F, 0xAA3F, 0xAA5F, 0xAA5F, 0xAA5F, 0xAA5F,
  0xAA5F, 0xAE7F, 0xA5B9, 0xA996, 0xA555, 0x9D32, 0xB27F, 0xB29F, 0xAE7F, 0xAE7F, 0xAE7F, 0xAE7F, 0xBABF, 0x90A8, 0x9088, 0xB5D9,
  0xA930, 0x9487, 0xA594, 0xB1FC, 0xA994, 0xCADD, 0xADFC, 0xAE1E, 0xB27F, 0xB23B, 0x94CC, 0xADB8, 0xB1FB, 0xA110, 0xA953, 0x9D31,
  0xBADF, 0xB27F, 0xA131, 0x9CCD, 0xB5FA, 0x98CD, 0xA172, 0xB6BF, 0xAA5F, 0xAE7F, 0xAE7F, 0xAE7F, 0xAE7F, 0xB6BF, 0x9D31, 0xA531,
  0xBE1B, 0x9CEF, 0xB25E, 0xB2BF, 0xAE7F, 0xAE7F, 0xAE7F, 0xAA7F, 0xBEDF, 0x94A9, 0x9088, 0xB5D9, 0xA930, 0x9487, 0x9088, 0xA531,
  0xAD95, 0xA175, 0xB23F, 0xB25F, 0xC31F, 0x94CC, 0xAD96, 0xB1DB, 0xADB9, 0x9CEF, 0xA952, 0x9D11, 0xBABF, 0xB27F, 0xA151, 0x98CC,
  0xB1B9, 0xA0EE, 0xA572, 0xB6DF, 0xAA5F, 0xAE5F, 0xAE7F, 0xAE7F, 0xAA7F, 0xB6BF, 0x9D31, 0x946A, 0xA954, 0x948B, 0xA153, 0xB27F,
  0xAE5F, 0xAA5F, 0xAE7F, 0xB6BF, 0xADF8, 0x9CED, 0x948A, 0xB1DA, 0xA110, 0xA10D, 0x9485, 0x9888, 0x98CC, 0xA572, 0xA573, 0xA152,
  0x990E, 0x9CEE, 0xB1FB, 0xADDB, 0xADB9, 0x9CCD, 0xA953, 0xA154, 0xB69F, 0xAE3E, 0xA151, 0x98CC, 0xB1B9, 0x9CCD, 0xA10F, 0xBA9F,
  0xAA5F, 0xAA5F, 0xAA5F, 0xAA5F, 0xAE7F, 0xAE3D, 0xADF6, 0xDB7E, 0xCF3D, 0xDFBF, 0xADD4, 0xB23C, 0xBAFF, 0xBEFF, 0xB67E, 0xA171,
  0x948A, 0xB196, 0x94AC, 0xB1DA, 0x98CD, 0xD2FD, 0xB1B1, 0xA50F, 0xA952, 0x98CB, 0x9889, 0x9CCD, 0xA551, 0xA552, 0xADDA, 0xADDB,
  0xB1B9, 0x9CCD, 0xA953, 0xA175, 0xB29F, 0xAE3E, 0xA552, 0x9CCD, 0xB1DA, 0xA953, 0x9CCC, 0xA173, 0xBADF, 0xB6BF, 0xB6BF, 0xB6DF,
  0xBEFF, 0x9910, 0xEBDF, 0xDB9F, 0xE3FF, 0xCF5F, 0xDBBF, 0xA592, 0xA152, 0xA173, 0x9D11, 0xA12F, 0x98CC, 0xB197, 0x94AC, 0xB1B9,
  0x98CE, 0xD31F, 0xB1D2, 0x9D11, 0xB1DA, 0xAD97, 0xAD76, 0xB23E, 0xBABF, 0xA9B9, 0xADB9, 0xADDB, 0xADB9, 0x9CCD, 0xAD53, 0xA154,
  0xBEBF, 0xAE3E, 0xA553, 0x9CEE, 0xB5DB, 0xAD96, 0xA530, 0xA131, 0xA151, 0x9D30, 0x9D31, 0xA173, 0xA574, 0x9069, 0xE7BF, 0xA171,
  0xA195, 0x90EF, 0xCF3E, 0x98CB, 0xA532, 0xA154, 0xA599, 0xBA7F, 0x98CE, 0xB196, 0x94AC, 0xB1B8, 0xA111, 0xB5D5, 0x9CEB, 0xA531,
  0xAD99, 0xA998, 0xA998, 0xB27F, 0xB27F, 0xA9B9, 0xADBA, 0xADDB, 0xADB9, 0x98CC, 0xAD74, 0xA553, 0xA596, 0xB23E, 0xA573, 0x9CCE,
  0xB5FB, 0xA955, 0xA576, 0xB63D, 0xA133, 0xA111, 0xA132, 0xA554, 0xA555, 0x98CF, 0xCEDB, 0xD35F, 0xB23A, 0xC2BE, 0xCEFD, 0xA132,
  0xBA7F, 0xB6BF, 0xB2BF, 0xB27F, 0x94CE, 0xB197, 0x94AB, 0xB197, 0xA954, 0xA932, 0x9466, 0xA952, 0xAD98, 0xAD97, 0xA976, 0xAE3E,
  0xB27F, 0xA9BA, 0xADDA, 0xADDB, 0xADD9, 0x98CC, 0xAD75, 0xAD74, 0x94CC, 0xB65E, 0xA574, 0x9CCE, 0xB5FB, 0xA975, 0xA596, 0xB6BF,
  0xB27F, 0xB27F, 0xB27F, 0xB27F, 0xB29F, 0xB23C, 0x98CC, 0xB1B2, 0xA992, 0xB1B3, 0xA130, 0xB65F, 0xB29F, 0xAE7F, 0xAE9F, 0xB27F,
  0x94CE, 0xB1B7, 0x94AB, 0xAD74, 0xAD54, 0xAD53, 0x98AA, 0xA931, 0xAD98, 0xAD77, 0xA576, 0xAE3E, 0xB27F, 0xA9BA, 0xADBA, 0xADDB,
  0xADD9, 0x98CC, 0xAD75, 0xA974, 0x990E, 0xB65F, 0xA574, 0x9CCD, 0xB1DB, 0xA575, 0xA596, 0xB6BF, 0xAE9F, 0xAE7F, 0xAE7F, 0xAE7F,
  0xAE7F, 0xB27F, 0xA130, 0x988A, 0xA4F0, 0x9CAC, 0xA574, 0xB6DF, 0xAE7F, 0xAE7F, 0xAE9F, 0xB27F, 0x98CE, 0xB1B8, 0x98AB, 0xA930,
};
#define assets_c20_W 44
#define assets_c20_H 44

static const unsigned short assets_c21[1936] = {
  0xFFFF, 0xFFFF, 0xFFFF, 0xFFFF, 0xFFFF, 0xFFFF, 0xFFFF, 0xFFFF, 0xFFFF, 0xFFFF, 0xFFFF, 0xFFFF, 0xA94B, 0xA54D, 0xC31F, 0xC7DF,
  0xD7FF, 0xCFFF, 0xD7FF, 0xD7FF, 0xD3FF, 0xD3FF, 0xCFFF, 0xB2BF, 0xA12D, 0xFFFF, 0xFFFF, 0xFFFF, 0xFFFF, 0xFFFF, 0xFFFF, 0xFFFF,
  0xFFFF, 0xFFFF, 0xFFFF, 0xFFFF, 0xFFFF, 0xFFFF, 0xFFFF, 0xFFFF, 0xFFFF, 0xFFFF, 0xFFFF, 0xFFFF, 0xFFFF, 0xFFFF, 0xFFFF, 0xFFFF,
  0xFFFF, 0xFFFF, 0xFFFF, 0xFFFF, 0xFFFF, 0xFFFF, 0xFFFF, 0xB1B0, 0xAE5B, 0xB2DF, 0xC7FF, 0xCFFF, 0xC7FF, 0xD7FF, 0xD3FF, 0xD3FF,
  0xD3FF, 0xCFFF, 0xCFFF, 0xC7FF, 0xAEBF, 0x9D0B, 0xFFFF, 0xFFFF, 0xFFFF, 0xFFFF, 0xFFFF, 0xFFFF, 0xFFFF, 0xFFFF, 0xFFFF, 0xFFFF,
  0xFFFF, 0xFFFF, 0xFFFF, 0xFFFF, 0xFFFF, 0xFFFF, 0xFFFF, 0xCE75, 0xFFFF, 0xFFFF, 0xFFFF, 0xFFFF, 0xFFFF, 0xFFFF, 0xFFFF, 0xFFFF,
  0xFFFF, 0xFFFF, 0xC211, 0xA1B5, 0xBF7F, 0xB7BF, 0xBFFF, 0xC3FF, 0xBFFF, 0xCBFF, 0xD3FF, 0xD3FF, 0xCFFF, 0xBBFF, 0xB7BF, 0xB37F,
  0xBB9F, 0x9DD7, 0xB5D0, 0xFFFF, 0xFFFF, 0xFFFF, 0xFFFF, 0xFFFF, 0xFFFF, 0xFFFF, 0xFFFF, 0xFFFF, 0xFFFF, 0xFFFF, 0xFFFF, 0xFFFF,
  0xFFFF, 0xFFFF, 0xFFFF, 0xB5AE, 0xFFFF, 0xFFFF, 0xFFFF, 0xFFFF, 0xFFFF, 0xFFFF, 0xFFFF, 0xFFFF, 0xFFFF, 0xFFFF, 0x94CB, 0xAE7E,
  0xAEDF, 0xBBBF, 0xB79F, 0xBBFF, 0xBBFF, 0xC7FF, 0xDBFF, 0xD7FF, 0xD7FF, 0xDBFF, 0xD3FF, 0xC3FF, 0xCBFF, 0xBF9F, 0xA5F9, 0xE75C,
  0xFFFF, 0xFFFF, 0xFFFF, 0xFFFF, 0xFFFF, 0xFFFF, 0xFFFF, 0xFFFF, 0xFFFF, 0xFFFF, 0xFFFF, 0xFFFF, 0xFFFF, 0xFFFF, 0xFFFF, 0xB9D0,
  0xFFFF, 0xFFFF, 0xFFFF, 0xFFFF, 0xFFFF, 0xFFFF, 0xFFFF, 0xFFFF, 0xFFFF, 0xB5D1, 0xAA19, 0xB29F, 0xB2BF, 0xA69F, 0xB37F, 0xC7FF,
  0xCBFF, 0xCFFF, 0xCFFF, 0xCFFF, 0xCBFF, 0xCFFF, 0xC3DF, 0xB31F, 0xBB3F, 0xB6FF, 0xB29F, 0x90CB, 0xFBDE, 0xFFFF, 0xFFFF, 0xFFFF,
  0xFFFF, 0xFFFF, 0xFFFF, 0xFFFF, 0xFFFF, 0xFFFF, 0xFFFF, 0xFFFF, 0xFFFF, 0xFFFF, 0xFFFF, 0xB9D1, 0xFFFF, 0xFFFF, 0xFFFF, 0xFFFF,
  0xFFFF, 0xFFFF, 0xFFFF, 0xFFFF, 0xFFFF, 0x90C9, 0xAA3C, 0xB2BF, 0xAEDF, 0xBFDF, 0xB77F, 0xBB7F, 0xB33F, 0xB31F, 0xA25E, 0xA65E,
  0xAABF, 0xAA9F, 0xAA9F, 0xAEBF, 0xAEBF, 0xAEBF, 0xAEBF, 0xA617, 0x9086, 0xF7BE, 0xFFFF, 0xFFFF, 0xFFFF, 0xFFFF, 0xFFFF, 0xFFFF,
  0xFFFF, 0xFFFF, 0xFFFF, 0xFFFF, 0xFFFF, 0xFFFF, 0xFFFF, 0x8CA9, 0xFFFF, 0xFFFF, 0xFFFF, 0xFFFF, 0xFFFF, 0xFFFF, 0xFFFF, 0xFFFF,
  0xFFFF, 0x94EA, 0xB6BF, 0xAEBF, 0xB6DF, 0xAA7F, 0xAE7F, 0xA61A, 0xAEBE, 0xDFFF, 0xD7FF, 0xD3FF, 0xE7FF, 0xE3FF, 0xE3FF, 0xE3FF,
  0xE3FF, 0xE3FF, 0xDFFF, 0xDBFF, 0xCFFF, 0xA5D3, 0x950A, 0x950B, 0x90E9, 0x94E9, 0xFFFF, 0xFFFF, 0xFFFF, 0xFFFF, 0xFFFF, 0xFFFF,
  0xFFFF, 0xFFFF, 0xFFFF, 0x8C88, 0xFFFF, 0xFFFF, 0xFFFF, 0xFFFF, 0xFFFF, 0xFFFF, 0xFFFF, 0xFFFF, 0xFFFF, 0x94EA, 0xB69F, 0xAE7F,
  0xA1FB, 0xAA5A, 0xC7FF, 0xD7FF, 0xD7FF, 0xCBFF, 0xBBDF, 0xC3DF, 0xB77F, 0xB75F, 0xB33F, 0xB33F, 0xB33F, 0xB73F, 0xB73F, 0xB75F,
  0xB75F, 0xBFBF, 0xBB5F, 0xC3BF, 0xCBFF, 0xC3FF, 0x9D93, 0x992D, 0x9D2D, 0xFFFF, 0xFFFF, 0xFFFF, 0xFFFF, 0xFFFF, 0xEF9E, 0x990E,
  0xFFFF, 0xFFFF, 0xFFFF, 0xFFFF, 0xFFFF, 0xFFFF, 0xFFFF, 0xFFFF, 0xFFFF, 0x90A8, 0xA5F9, 0xB2FF, 0xCFFF, 0xD7FF, 0xCBFF, 0xB7DF,
  0xAF3F, 0xAEFF, 0xAA9F, 0xB2DF, 0xAEBF, 0xAA5D, 0xAE5C, 0xAA5C, 0xAE5C, 0xAE5B, 0xAE3B, 0xAE5D, 0xAE5E, 0xA65E, 0xA63D, 0xA63C,
  0xA67F, 0xBB9F, 0xBFDF, 0xC3DF, 0xBF5F, 0xA570, 0xFFFF, 0xFFFF, 0xFFFF, 0xFFFF, 0x9D2D, 0xBA5B, 0xFFFF, 0xFFFF, 0xFFFF, 0xFFFF,
  0xFFFF, 0xFFFF, 0xFFFF, 0xF3BE, 0x950B, 0xA659, 0xCBFF, 0xCBFF, 0xBFFF, 0xAF1F, 0xAABF, 0xB2BF, 0xAA1A, 0xAE19, 0xAE19, 0xA9D7,
  0xA9F7, 0x9D51, 0x9D30, 0x9D30, 0x9D10, 0x9D10, 0x9D30, 0x9D31, 0xADF9, 0xB25E, 0xAE5E, 0xAE3B, 0xA1B7, 0xA5F9, 0xA1F9, 0xAA5E,
  0xAEBF, 0xBABF, 0xA52B, 0xFFFF, 0xFFFF, 0xFFFF, 0x990C, 0xB25C, 0xFFFF, 0xFFFF, 0xFFFF, 0xFFFF, 0xFFFF, 0xFFFF, 0xA58F, 0xA618,
  0xBFFF, 0xC3FF, 0xC3FF, 0xBB9F, 0xB2DF, 0xAE7E, 0xAA3A, 0xA171, 0x9CED, 0x9D0F, 0xA973, 0xA995, 0xA9B7, 0xBA5E, 0xBA5F, 0xBE5F,
  0xBE7F, 0xBE5F, 0xBA3E, 0xB5FA, 0x98CD, 0xA5B5, 0xAA1B, 0xA5D8, 0xA5D7, 0xA5B6, 0xA196, 0xAE5D, 0xBABF, 0x992F, 0xE739, 0xFFFF,
  0xFFFF, 0xFFFF, 0x990C, 0xBA7D, 0xFFFF, 0xFFFF, 0xFFFF, 0xFFFF, 0xDAD7, 0xA1B3, 0xCBFF, 0xCBFF, 0xBBBF, 0xB33F, 0xB6FF, 0xAE1B,
  0x990D, 0xA52C, 0xA54E, 0x98EF, 0xB1B8, 0xBA1D, 0xBA3E, 0xBA5F, 0xBA5F, 0xBA5F, 0xBE9F, 0xBE9F, 0xBE9F, 0xBE7F, 0xD71F, 0xFBFF,
  0xBDF2, 0x94AB, 0xA595, 0xADFA, 0xA9D9, 0xA5D8, 0xB69F, 0xAE5E, 0x94ED, 0xE319, 0xFFFF, 0xFFFF, 0xFFFF, 0xFFFF, 0x98EB, 0xA9B5,
  0xFFFF, 0xFFFF, 0xFFFF, 0xB1AF, 0x9DF7, 0xC3FF, 0xBFFF, 0xBB3F, 0xA63D, 0xB25D, 0xA9D7, 0xA52D, 0xC610, 0xFB9B, 0xD2BD, 0xADDD,
  0xC27F, 0xEB9F, 0xFFFF, 0xFFFF, 0xFFFF, 0xEBBF, 0xC2BF, 0xC6FF, 0xC6FF, 0xDB5F, 0xFFFF, 0xFFFF, 0xFFFF, 0xBDCE, 0x9D52, 0xAE3C,
  0xAE3D, 0xB27F, 0xA5D8, 0xA56F, 0xDEF7, 0xFFFF, 0xFFFF, 0xFFFF, 0xFFFF, 0xFFFF, 0xA571, 0x90A9, 0xFFFF, 0xFFFF, 0xA14D, 0xB2FF,
  0xC3FF, 0xB77F, 0xB2BF, 0xA5FA, 0xB21A, 0xA992, 0xC612, 0xEB39, 0xFBBC, 0xFFDD, 0xCE9D, 0xB65F, 0xD33F, 0xF7FF, 0xF7DF, 0xF3BF,
  0xFFFF, 0xDF3E, 0xB21E, 0xC71F, 0xC6FF, 0xCABF, 0xE75F, 0xEB5E, 0xFBDF, 0xD275, 0xA9B6, 0xAE1A, 0x9952, 0x9D72, 0xB9D0, 0xFFFF,
  0xFFFF, 0xFFFF, 0xFFFF, 0xFFFF, 0xFFFF, 0xA991, 0xB23B, 0x90A8, 0xFFFF, 0xB5F2, 0xB2FF, 0xB79F, 0xB2DF, 0xA1D8, 0xA5D7, 0xADF8,
  0x9D0E, 0xD253, 0xF77B, 0xF79C, 0xFFFE, 0xFFFF, 0xDB1F, 0xBEBF, 0xC6DF, 0xBA5F, 0x98EF, 0x9CCB, 0x98CC, 0xA553, 0xBA5F, 0xC2DF,
  0xC2FF, 0xB1DA, 0xA10E, 0x9CCC, 0x9CEE, 0xA971, 0x94EE, 0xB1D3, 0xD294, 0xE73A, 0xFFFF, 0xFFFF, 0xFFFF, 0xFFFF, 0xFFFF, 0xFFFF,
  0xFFFF, 0x94C9, 0xB21A, 0x8887, 0xB18E, 0xB29D, 0xBF9F, 0x9996, 0xA595, 0xA9B6, 0xAE1A, 0xADD8, 0xB1B4, 0xD234, 0xBE18, 0xBA39,
  0xFFDF, 0xFFFF, 0xCA9F, 0xBA7F, 0xB63F, 0xADB5, 0xC213, 0xAD29, 0xCE75, 0xBA1A, 0xB63F, 0xCB3F, 0xCB3F, 0xBE5E, 0xC612, 0xA96E,
  0xB191, 0x9085, 0xBDEF, 0xFFFF, 0xFFFF, 0xFFFF, 0xFFFF, 0xFFFF, 0xFFFF, 0xFFFF, 0xFFFF, 0xFFFF, 0xFFFF, 0x98EA, 0xADF8, 0xA14D,
  0x8444, 0xB27E, 0xB2BF, 0xB29F, 0xA9F8, 0xA1B5, 0xAA1A, 0xA9F9, 0xA972, 0xA10D, 0xC6DF, 0xBA5F, 0xD299, 0xFFBE, 0xC67F, 0xC2BF,
  0xBE7F, 0xC6BF, 0xF7FF, 0x9D0E, 0xC25D, 0xC6DF, 0xBA7F, 0xCF7F, 0xD39F, 0xC27F, 0x98ED, 0xCABF, 0xCEBF, 0x8C65, 0xFFFF, 0xFFFF,
  0xFFFF, 0xFFFF, 0xFFFF, 0xFFFF, 0xFFFF, 0xFFFF, 0xFFFF, 0xFFFF, 0xFFFF, 0x98EB, 0xA594, 0xBE13, 0xF7BE, 0x990D, 0x9531, 0xB27E,
  0xB67E, 0xB67E, 0xBADF, 0xB67E, 0xADB4, 0x9D0F, 0xC6DF, 0xB63E, 0xBE18, 0xDED9, 0xBE5E, 0xC6DF, 0xD39F, 0xCF7F, 0xCB1F, 0xC6DF,
  0xC6DF, 0xCB1F, 0xC6FF, 0xCB5F, 0xD39F, 0xB63F, 0xC2BF, 0xD37F, 0xCF1F, 0x98ED, 0xFFFF, 0xFFFF, 0xFFFF, 0xFFFF, 0xFFFF, 0xFFFF,
  0xFFFF, 0xFFFF, 0xFFFF, 0xFFFF, 0xFFFF, 0x9CEB, 0x9D51, 0xB18C, 0xFFFF, 0xFFFF, 0xDED7, 0xA12D, 0x94EB, 0x94EC, 0x90CB, 0x90CB,
  0x8C87, 0x98EC, 0xCEFF, 0xB21C, 0xC639, 0xEF5C, 0xCE9E, 0xB65F, 0xCB3F, 0xCF9F, 0xD39F, 0xD35F, 0xD79F, 0xC6DF, 0xC6DF, 0xCF5F,
  0xD7DF, 0xC6BF, 0xBE9F, 0xCF9F, 0xCF3F, 0x990F, 0xFFFF, 0xFFFF, 0xFFFF, 0xFFFF, 0xFFFF, 0xFFFF, 0xFFFF, 0xFFFF, 0xFFFF, 0xFFFF,
  0xFFFF, 0x9D0C, 0x9D50, 0xB18D, 0xFFFF, 0xFFFF, 0xFFFF, 0xFFFF, 0xFBBD, 0xFBBE, 0xF7BD, 0xF7BD, 0xF7BE, 0x94A7, 0xADD8, 0xCAFF,
  0xCE7C, 0xFB9B, 0xEB5E, 0xB61F, 0xBA7F, 0xCF5F, 0xDBDF, 0xDBDF, 0xCF3F, 0xADB9, 0xA9BA, 0xC6BF, 0xCF3F, 0xBA5F, 0xA597, 0xBE9F,
  0xC29F, 0x9088, 0xFFFF, 0xFFFF, 0xFFFF, 0xFFFF, 0xFFFF, 0xFFFF, 0xFFFF, 0xFFFF, 0xFFFF, 0xFFFF, 0xFFFF, 0x9D0D, 0xA151, 0xB18C,
  0xFFFF, 0xFFFF, 0xFFFF, 0xFFFF, 0xFFFF, 0xFFFF, 0xFFFF, 0xFFFF, 0xFFFF, 0xFFFF, 0x98EB, 0xC29F, 0xC65B, 0xF37A, 0xFFFF, 0xD2BE,
  0xB63F, 0xBA7F, 0xC6DF, 0xCEDF, 0xFFFF, 0xFFFF, 0xEF9F, 0xB9F7, 0xA131, 0xB1B2, 0xF7DF, 0xD2DF, 0x98F0, 0xDAD5, 0xFFFF, 0xFFFF,
  0xFFFF, 0xFFFF, 0xFFFF, 0xFFFF, 0xFFFF, 0xFFFF, 0xFFFF, 0xFFFF, 0xE75B, 0xA9B5, 0x9D51, 0xB18D, 0xFFFF, 0xFFFF, 0xFFFF, 0xFFFF,
  0xFFFF, 0xFFFF, 0xFFFF, 0xFFFF, 0xFFFF, 0xFFFF, 0xF7DE, 0x8422, 0xB9B0, 0xFB9B, 0xFFFF, 0xFFFF, 0xCEBD, 0xBA3F, 0xBA19, 0xFFFF,
  0xFFFF, 0xFFFF, 0xFFFF, 0xFFFF, 0xFFFF, 0xFFFF, 0xFFFF, 0xFFFF, 0xA10B, 0xFFFF, 0xFFFF, 0xFFFF, 0xFFFF, 0xFFFF, 0xFFFF, 0xFFFF,
  0xFFFF, 0xFFFF, 0xFFFF, 0xFFFF, 0x94CA, 0xB23C, 0x9951, 0xA52A, 0xFFFF, 0xFFFF, 0xFFFF, 0xFFFF, 0xFFFF, 0xFFFF, 0xFFFF, 0xFFFF,
  0xFFFF, 0xFFFF, 0xFFFF, 0xFFFF, 0xD693, 0xFBBA, 0xFFFF, 0xFFFF, 0xFFFF, 0xD2B8, 0xFFFF, 0xFFFF, 0xFFFF, 0xDAD8, 0xD6B9, 0xDEFA,
  0xD6B8, 0xCE55, 0xF37A, 0xFFFF, 0xFFFF, 0xB58C, 0xFFFF, 0xFFFF, 0xFFFF, 0xFFFF, 0xFFFF, 0xFFFF, 0xFFFF, 0xFFFF, 0xFFFF, 0xFFFF,
  0xA12E, 0xAE1A, 0xB1D2, 0xFBDE, 0xFFFF, 0xFFFF, 0xFFFF, 0xFFFF, 0xFFFF, 0xFFFF, 0xFFFF, 0xFFFF, 0xFFFF, 0xFFFF, 0xFFFF, 0xFFFF,
  0xCA0F, 0xFBBA, 0xFFFF, 0xFFFF, 0xFFFF, 0xFFFF, 0xFFFF, 0xFFFF, 0xC216, 0xBE5F, 0xCADF, 0xC69F, 0xB65F, 0xBE5F, 0xC1F3, 0xDE92,
  0xFFFF, 0xC210, 0xF7BD, 0xFFFF, 0xFFFF, 0xFFFF, 0xFFFF, 0xFFFF, 0xFFFF, 0xFFFF, 0xFFFF, 0xFFFF, 0xA14E, 0xA9D8, 0xC212, 0xFFFF,
  0xFFFF, 0xFFFF, 0xFFFF, 0xFFFF, 0xFFFF, 0xFFFF, 0xFFFF, 0xFFFF, 0xFFFF, 0xFFFF, 0xD294, 0x9085, 0xCA10, 0xFFBC, 0xFFFF, 0xFFFF,
  0xFFFF, 0xFFFF, 0xFFFF, 0xE2F8, 0xD2DF, 0xD31F, 0xD31F, 0xFBFF, 0xF7FF, 0xDF3F, 0xF7BF, 0xD672, 0xFFFE, 0xCA51, 0xFBDE, 0xFFFF,
  0xFFFF, 0xFFFF, 0xFFFF, 0xFFFF, 0xFFFF, 0xFFFF, 0xFFFF, 0xFFFF, 0xA12D, 0xA9D8, 0xC212, 0xFFFF, 0xFFFF, 0xFFFF, 0xFFFF, 0xFFFF,
  0xFFFF, 0xFFFF, 0xFFFF, 0xFFFF, 0xFBDE, 0xB5CE, 0x94E9, 0xAD8F, 0xA908, 0xFB9A, 0xFFFF, 0xFFFF, 0xFFFF, 0xFFFF, 0xFFFC, 0xFFFF,
  0xFFFF, 0xFFFF, 0xFFFF, 0xFFFF, 0xFFFF, 0xFFFF, 0xFFFF, 0xFFFF, 0xFFFF, 0xC20F, 0xFBDE, 0xFFFF, 0xFFFF, 0xFFFF, 0xFFFF, 0xFFFF,
  0xFFFF, 0xFFFF, 0xFFFF, 0xFFFF, 0xA12D, 0xA5B6, 0xC212, 0xFFFF, 0xFFFF, 0xFFFF, 0xFFFF, 0xFFFF, 0xFFFF, 0xFFFF, 0xFFFF, 0xA52A,
  0x90A6, 0xA18E, 0xB276, 0xA9D0, 0xA0C7, 0xF359, 0xFFDC, 0xFFFF, 0xFFFF, 0xFFFF, 0xFFFF, 0xFFFF, 0xFFFF, 0xFFFF, 0xFFFF, 0xFFFF,
  0xFFFF, 0xFFFF, 0xFFFF, 0xFFFF, 0xFFFF, 0xB9CD, 0xFFFF, 0xFFFF, 0xFFFF, 0xFFFF, 0xFFFF, 0xFFFF, 0xFFFF, 0xFFFF, 0xFFFF, 0xFFFF,
  0x94CA, 0xA9B6, 0xC211, 0xFFFF, 0xFFFF, 0xFFFF, 0xFFFF, 0xFFFF, 0xFFFF, 0xFFFF, 0x94C6, 0xAE33, 0xB6B8, 0xB297, 0xBF3C, 0xBAD9,
  0xA109, 0xE6D5, 0xEF38, 0xFFFF, 0xFFFF, 0xFFFF, 0xFFFF, 0xFFFF, 0xFFFF, 0xFFFF, 0xFFFF, 0xFFFF, 0xFFFF, 0xFFFF, 0xFFFF, 0xFFFF,
  0xFFFF, 0xBDCD, 0xFFFF, 0xFFFF, 0xFFFF, 0xFFFF, 0xFFFF, 0xFFFF, 0xFFFF, 0xFFFF, 0xFFFF, 0xE73B, 0x90CB, 0xA9B5, 0xBDF0, 0xFFFF,
  0xFFFF, 0xFFFF, 0xFFFF, 0xFFFF, 0xFFFF, 0x94C6, 0xAE12, 0xC37D, 0xBB5C, 0xBB3B, 0xBB3C, 0xBF3C, 0xB213, 0xA92A, 0xCA10, 0xFFBB,
  0xFFFF, 0xFFFF, 0xFFFF, 0xFFFF, 0xFFFF, 0xFFFF, 0xFFFF, 0xFFFF, 0xFFFF, 0xFFFF, 0xFFFF, 0xFFFF, 0xFFFD, 0x9CC5, 0xFFFF, 0xFFFF,
  0xFFFF, 0xFFFF, 0xFFFF, 0xFFFF, 0xFFFF, 0xFFFF, 0xFFFF, 0xEB5D, 0x8CAB, 0xA595, 0xBDF0, 0xFFFF, 0xFFFF, 0xFFFF, 0xFFFF, 0xFFFF,
  0xB5EF, 0xAE12, 0xB696, 0xB2B7, 0xBF5C, 0xBB3B, 0xBB3C, 0xBB3C, 0xBAFA, 0xADD2, 0xAD4C, 0xD231, 0xEF37, 0xFFFF, 0xFFFF, 0xFFFF,
  0xFFFF, 0xFFFF, 0xFFFF, 0xFFFF, 0xFFFF, 0xFFFF, 0xFFFF, 0xFFFF, 0xE6F6, 0x8421, 0xFFFF, 0xFFFF, 0xFFFF, 0xFFFF, 0xFFFF, 0xFFFF,
  0xFFFF, 0xFFFF, 0xFFFF, 0xC632, 0xA174, 0xA195, 0xB9CF, 0xFFFF, 0xFFFF, 0xFFFF, 0xFFFF, 0xCA52, 0xADF1, 0xC37E, 0xC39E, 0xB71A,
  0xB297, 0xBF5C, 0xBB5C, 0xBB5D, 0xBF5D, 0xB277, 0xB1F2, 0xA90A, 0xC9EF, 0xFFFF, 0xFFFF, 0xFFFF, 0xFFFF, 0xFFFF, 0xFFFF, 0xFFFF,
  0xFFFF, 0xFFFF, 0xFFFF, 0xFFFF, 0xCA31, 0xB253, 0xA9AD, 0xFFFF, 0xFFFF, 0xFFFF, 0xFFFF, 0xFFFF, 0xFFFF, 0xFFFF, 0xFFFF, 0xA96C,
  0xADFA, 0xA195, 0xC632, 0xFFFF, 0xFFFF, 0xFFFF, 0xFFFF, 0xA529, 0xAE54, 0xC39E, 0xBB5D, 0xBF9E, 0xB6B8, 0xAE54, 0xBF7D, 0xBB5C,
  0xBB5C, 0xBF1B, 0xB255, 0xADB0, 0x9CE9, 0xE2F6, 0xFB79, 0xEF58, 0xFFFF, 0xFFFF, 0xFFFF, 0xFFFF, 0xFFFF, 0xFFFF, 0xFFFF, 0xD251,
  0xA9AE, 0xC77D, 0x8CE8, 0xFFFF, 0xFFFF, 0xFFFF, 0xFFFF, 0xFFFF, 0xFFFF, 0xFFFF, 0xFFFF, 0xA94C, 0xB1F9, 0x9D30, 0xEF7C, 0xFFFF,
  0xFFFF, 0xFFFF, 0xC210, 0x94E8, 0xBF1A, 0xBB5D, 0xBB5D, 0xBB7D, 0xBF3C, 0xAE34, 0xC35D, 0xBB5C, 0xBB3C, 0xBF3C, 0xB697, 0xB234,
  0xADF3, 0xAD90, 0xAD2A, 0xDEB4, 0xF779, 0xFFFF, 0xFFFF, 0xFFFF, 0xFFFF, 0xFFFF, 0xDEB4, 0xA14B, 0xBAD9, 0xBB3C, 0xAE33, 0xB9F0,
  0xFFFF, 0xFFFF, 0xFFFF, 0xFFFF, 0xFFFF, 0xE739, 0x98C8, 0xA570, 0x9D30, 0x94CB, 0x94A9, 0xB9D1, 0xFFFF, 0xFFFF, 0xB9EF, 0xA5F1,
  0xBF5D, 0xBB5D, 0xBB5D, 0xBB5D, 0xBF5D, 0xB698, 0xB297, 0xBB5C, 0xBB3B, 0xBB3B, 0xBB3B, 0xB276, 0xB234, 0xB235, 0xA150, 0xAD71,
  0xAD4D, 0xD693, 0xFFDC, 0xFFFE, 0xFB9A, 0xD651, 0xA94B, 0xB676, 0xB6FA, 0xB71B, 0xBF1A, 0x8CC7, 0xFFFF, 0xFFFF, 0xFFFF, 0xFFFF,
  0xEB5B, 0xA150, 0xCF3F, 0xB21C, 0xA997, 0xD77F, 0xD39F, 0xC2BF, 0xFFFF, 0xFFFF, 0xB5AD, 0xAE54, 0xC37E, 0xBB5C, 0xBB5C, 0xBB5C,
  0xBB5D, 0xB6D9, 0xB276, 0xBF3C, 0xBB3B, 0xB73B, 0xBB3B, 0xB2B8, 0xB697, 0xB255, 0xA9D3, 0xB21C, 0xB5FB, 0xA10E, 0xB16B, 0xEF37,
  0xCA30, 0x9D09, 0xB634, 0xBAB8, 0xBAF9, 0xB71A, 0xBF3C, 0x950A, 0xFFFF, 0xFFFF, 0xFFFF, 0xFFFF, 0xA10A, 0xBA7F, 0xCF7F, 0xB21D,
  0xB21B, 0xD35F, 0xCF5F, 0xCB1F, 0xFFFF, 0xFFFF, 0xB18D, 0xB296, 0xBF7E, 0xBB3C, 0xBB5C, 0xBB5C, 0xBF7E, 0xB6D9, 0xB276, 0xBAFA,
  0xB2D8, 0xBB3B, 0xB73B, 0xBB3B, 0xBB3C, 0xBB3B, 0xB276, 0xB239, 0xBA5F, 0xB5FD, 0xA12F, 0x9CE8, 0xA9AF, 0xB276, 0xBF1B, 0xB676,
  0xB234, 0xB6D9, 0xBB1B, 0xAE32, 0xA96B, 0xFFFF, 0xFFFF, 0xFFFF, 0xA94D, 0xADDB, 0xBE7F, 0xA995, 0xB1FA, 0xB25F, 0xAE3F, 0xBE9F,
  0xFFFF, 0xB9EF, 0xA5AF, 0xBF3B, 0xBB5C, 0xBB3C, 0xBB5C, 0xBB3C, 0xB6FA, 0xB6B8, 0xB234, 0xB255, 0xB6D9, 0xBB3C, 0xB73B, 0xBB3C,
  0xB73C, 0xBB5C, 0xBB3B, 0xAE56, 0xBA7F, 0xBE9F, 0xB65D, 0xA9F2, 0xBAD9, 0xBB3C, 0xBF5D, 0xB655, 0xADF1, 0xB6B8, 0xB6FA, 0xBAD8,
  0x8C85, 0xFFFF, 0xFFFF, 0xFFFF, 0xA96D, 0xB61C, 0x9D0F, 0x94CA, 0xCAFF, 0xD35F, 0xD35F, 0xCB1F, 0xFFFF, 0xB9CE, 0xA5F1, 0xBF7D,
  0xBB5C, 0xBB5C, 0xBB5C, 0xBB3C, 0xB297, 0xB676, 0xADF1, 0xB676, 0xBF5C, 0xB73B, 0xBB3C, 0xBB3C, 0xBB5C, 0xBB5C, 0xBB5C, 0xBAF9,
  0xAE18, 0xC6FF, 0xBE9F, 0xB255, 0xB6F9, 0xBF5D, 0xBF3D, 0xADF2, 0xA98E, 0xBAB8, 0xBB1A, 0xB6B7, 0x90C7, 0xEB5A, 0xFFFF, 0xFFFF,
  0x9D0C, 0xBA3E, 0xA130, 0xA12F, 0xADFB, 0xB23E, 0xAE1E, 0xBE7F, 0xFFFF, 0xAD8D, 0xB2D8, 0xBF9E, 0xBB5C, 0xBB5D, 0xBB5C, 0xBB3C,
  0xBAD9, 0xADF2, 0x98E8, 0xBA97, 0xBB5C, 0xBB3C, 0xBB5C, 0xB75C, 0xBB5C, 0xBB3B, 0xB73B, 0xBB1A, 0xA5D2, 0xBEBF, 0xADF7, 0xAE12,
  0xBB1B, 0xBB5D, 0xC35D, 0x9D6D, 0xA14C, 0xBA76, 0xB255, 0xB275, 0xBA75, 0x8884, 0xFFFF, 0xB9D0, 0xA577, 0xCADF, 0x9D0F, 0xA131,
  0xBE5F, 0xC6FF, 0xCF3F, 0xBE5C, 0xB18C, 0xA9D0, 0xC79E, 0xB75D, 0xBB5C, 0xBB5D, 0xBB5C, 0xBB3C, 0xBAB9, 0xADF1, 0x94C7, 0xBA97,
  0xBF5D, 0xBB5D, 0xBB5D, 0xBB5D, 0xBB5C, 0xBB3C, 0xB73B, 0xBB5C, 0xB6D8, 0xADF5, 0xAE15, 0xB6B7, 0xBF5D, 0xBB3C, 0xBF1B, 0x9D4C,
  0xA12A, 0xB633, 0xAE12, 0xB6B8, 0xBF1B, 0x9D2A, 0xA94C, 0xB1F8, 0xCAFF, 0xC6BF, 0x98EF, 0xA130, 0xADDA, 0xAE1E, 0xB63D, 0x94CA,
  0xAD8C, 0xADF1, 0xB697, 0xBF5C, 0xBF9E, 0xBF7E, 0xBB7D, 0xBB3C, 0xB697, 0xB1F1, 0x94C7, 0xB676, 0xB71A, 0xBB5D, 0xBB5D, 0xBB5D,
  0xBB5C, 0xBB5C, 0xBB3C, 0xBB5C, 0xBF7D, 0xB254, 0xAE33, 0xC39E, 0xB73C, 0xBB3C, 0xBAD9, 0x9D2B, 0x94C6, 0xB233, 0xB676, 0xBEFA,
  0xAE33, 0x94CB, 0xA999, 0xCB1F, 0xCF5F, 0xC29F, 0x98EE, 0xA131, 0xB61B, 0xBE5F, 0xA9B5, 0xC632, 0xB211, 0xB675, 0xADF2, 0xB655,
  0xB697, 0xBAFB, 0xBF5D, 0xBF1B, 0xB676, 0x990A, 0xADD0, 0xB656, 0xB277, 0xBF3C, 0xBB7D, 0xBB5C, 0xBB5C, 0xB75C, 0xBB5C, 0xBB5C,
  0xBF9E, 0xB696, 0xAE12, 0xC37E, 0xB71B, 0xBB3C, 0xBEDA, 0x9D0A, 0xA56D, 0xC2D9, 0xB634, 0xA58F, 0x98CD, 0xB61D, 0xD35F, 0xCB3F,
  0xBA9F, 0xBE7F, 0x9D10, 0xADB6, 0x94CC, 0x8C65, 0xB5AE, 0xFFFF, 0xB211, 0xBED9, 0xBF1B, 0xB254, 0xB275, 0xB677, 0xB234, 0xB255,
  0xB655, 0x94C7, 0xB233, 0xB676, 0xB697, 0xB276, 0xBB1A, 0xBB5C, 0xBB5C, 0xBB5C, 0xBB5C, 0xBB5C, 0xBF7D, 0xB6B7, 0xA9B0, 0xB6D9,
  0xBB3B, 0xBB3C, 0xBAFA, 0x9D2B, 0x9D0A, 0xADD1, 0x98ED, 0xA576, 0xBE5F, 0xCB3F, 0xC73F, 0xCB1F, 0xBA5F, 0xB1DB, 0x94CC, 0xB1FB,
  0xB1D9, 0xA10A, 0xFFFF, 0xFFFF, 0xA14B, 0xB634, 0xB697, 0xC35E, 0xC7BF, 0xBF3D, 0xB6B8, 0xBAD9, 0xBA97, 0x94C8, 0xB213, 0xB697,
  0xBF3C, 0xB6D9, 0xB2D9, 0xBB5C, 0xBB5C, 0xBB5C, 0xBB5C, 0xBB5C, 0xBF7E, 0xB6B7, 0xA58F, 0xB697, 0xBB3C, 0xBB3B, 0xBF1B, 0xA14C,
  0x9065, 0x98CD, 0xB1FC, 0xC2BF, 0xCF5F, 0xC73F, 0xCB3F, 0xBE9F, 0xB61F, 0xA150, 0x90A9, 0xB63E, 0xA574, 0xBDF1, 0xFFFF, 0xFFFF,
};
#define assets_c21_W 44
#define assets_c21_H 44

static const unsigned short assets_c22[1936] = {
  0xFFFF, 0xFFFF, 0xFFFF, 0xFFFF, 0xFFFF, 0xFFFF, 0xFFFF, 0xFFFF, 0xFFFF, 0xFFDE, 0xC1EF, 0xFFFF, 0xFFFF, 0xFFFF, 0xFFFF, 0xFFFF,
  0xFFFF, 0xD252, 0xA0E7, 0x9CE7, 0xA0E7, 0xA0E7, 0xA508, 0xA908, 0xA508, 0x9CE7, 0xB18C, 0xFFFF, 0xFFFF, 0xFFFF, 0xFFFF, 0xFFFF,
  0xFFFF, 0xFFFF, 0xFFFF, 0xFFFF, 0xFFFF, 0xFFFF, 0xFFFF, 0xFFFF, 0xFFFF, 0xFFFF, 0xFFFF, 0xFFFF, 0xFFFF, 0xFFFF, 0xFFFF, 0xFFFF,
  0xFFFF, 0xFFFF, 0xFFFF, 0xFFFF, 0xFFFF, 0xBDCD, 0xFFFF, 0xFFFF, 0xFFFF, 0xFFFF, 0xFFFF, 0xE6F7, 0xD672, 0xCA10, 0xEF5A, 0xFFFF,
  0xFFFF, 0xFFDE, 0xE2F6, 0xEB38, 0xFFFF, 0xFFFF, 0xFFFF, 0xB9AD, 0xBDEF, 0xFFFF, 0xFFFF, 0xFFFF, 0xFFFF, 0xFFFF, 0xFFFF, 0xFFFF,
  0xFFFF, 0xFFFF, 0xFFFF, 0xFFFF, 0xFFFF, 0xFFFF, 0xFFFF, 0xFFFF, 0xFFFF, 0xFFFF, 0xFFFF, 0xFFFF, 0xFFFF, 0xFFFF, 0xFFFF, 0xFFFF,
  0xFBDE, 0xC610, 0xFFFF, 0xFFFF, 0xFFFF, 0xFFFE, 0xD231, 0xC1AD, 0xF79B, 0xFFFF, 0xFFFF, 0xFFFF, 0xFFFF, 0xFFFF, 0xFFFF, 0xFFFF,
  0xFFDD, 0xFFFF, 0xFFFF, 0xFFFF, 0xF7BC, 0xAD4A, 0xFFFF, 0xFFFF, 0xFFFF, 0xFFFF, 0xFFFF, 0xFFFF, 0xFFFF, 0xFFFF, 0xFFFF, 0xFFFF,
  0xFFFF, 0xFFFF, 0xFFFF, 0xFFFF, 0xFFFF, 0xFFFF, 0xFFFF, 0xFFFF, 0xFFFF, 0xFFFF, 0xFFFF, 0xFFFF, 0xF77B, 0xCA31, 0xFFFF, 0xFFFF,
  0xFFFF, 0xCA0F, 0xDEB5, 0xFFFF, 0xFFFF, 0xFFFF, 0xFFFF, 0xFFFF, 0xFFFF, 0xFFFF, 0xFFFF, 0xFFFF, 0xFFFF, 0xFFFE, 0xFFFF, 0xFFFF,
  0xFFFF, 0xFFFF, 0xBDCE, 0xFFFF, 0xFFFF, 0xFFFF, 0xFFFF, 0xFFFF, 0xFFFF, 0xFFFF, 0xFFFF, 0xFFFF, 0xFFFF, 0xFFFF, 0xFFFF, 0xFFFF,
  0xFFFF, 0xFFFF, 0xFFFF, 0xFFFF, 0xFFFF, 0xFFFF, 0xFFFF, 0xF37B, 0xB56B, 0xFFDD, 0xF77A, 0xFFFF, 0xCA31, 0xE2F6, 0xFFFF, 0xFFFF,
  0xFFFF, 0xFFFF, 0xFFFF, 0xFFFF, 0xFFDD, 0xFFFF, 0xFFFF, 0xFFFF, 0xFFFF, 0xFFFF, 0xFFFE, 0xFFFF, 0xFFFF, 0xFFFF, 0xFFFF, 0xC610,
  0xFFFF, 0xFFFF, 0xFFFF, 0xFFFF, 0xFFFF, 0xFFFF, 0xFFFF, 0xFFFF, 0xFFFF, 0xFFFF, 0xFFFF, 0xFFFF, 0xFFFF, 0xFFFF, 0xFFFF, 0xFFFF,
  0xFFFF, 0xFFFF, 0xFFFF, 0xEF5A, 0xAD08, 0xF77A, 0xFF9C, 0xCA10, 0xBDCD, 0xFFFF, 0xFFFF, 0xFFFF, 0xFFFF, 0xFFFF, 0xFFFF, 0xFFFF,
  0xFFFF, 0xFFFF, 0xFBBB, 0xFFFF, 0xFFFF, 0xFFFF, 0xF359, 0xFFFF, 0xFFDC, 0xFFFF, 0xFFFF, 0xFBDE, 0xCA31, 0xFFFF, 0xFFFF, 0xFFFF,
  0xFFFF, 0xFFFF, 0xFFFF, 0xFFFF, 0xFFFF, 0xFFFF, 0xFFFF, 0xFFFF, 0xFFFF, 0xFFFF, 0xFFFF, 0xFFFF, 0xFFFF, 0xFFFF, 0xFFFF, 0xEB3A,
  0xAD29, 0xF338, 0xF339, 0xCA0F, 0xE717, 0xFFFF, 0xFFFF, 0xFFFF, 0xFFFF, 0xFFFF, 0xFFFF, 0xFFFF, 0xFFFF, 0xEF9E, 0xD29A, 0xD2BB,
  0xCE99, 0xD2BA, 0xD299, 0xCE99, 0xD2BB, 0xD697, 0xFFFF, 0xFFFF, 0xDAB4, 0xD274, 0xFFFF, 0xFFFF, 0xFFFF, 0xFFFF, 0xFFFF, 0xFFFF,
  0xFFFF, 0xFFFF, 0xFFFF, 0xFFFF, 0xFFFF, 0xFFFF, 0xFFFF, 0xFFFF, 0xFFFF, 0xFFFF, 0xFFFF, 0xFBBD, 0xB14A, 0xEAF7, 0xC9EF, 0xD652,
  0xFFBC, 0xFFFF, 0xFFFF, 0xFFFF, 0xFFFF, 0xFFFF, 0xFFDC, 0xFB9B, 0xDEFA, 0xC6BF, 0xCB3F, 0xCB3F, 0xCB3F, 0xCB3F, 0xCB1F, 0xCB3F,
  0xCF3F, 0xCABF, 0xD698, 0xFFFF, 0xDAB5, 0xCE52, 0xFFFF, 0xFFFF, 0xFFFF, 0xFFFF, 0xFFFF, 0xFFFF, 0xFFFF, 0xFFFF, 0xFFFF, 0xFFFF,
  0xFFFF, 0xFFFF, 0xFFFF, 0xFFFF, 0xFFFF, 0xFFFF, 0xFFFF, 0xFFFF, 0xD273, 0xB149, 0xCE10, 0xDEB4, 0xFFFF, 0xF359, 0xFBBB, 0xFFFF,
  0xFFFF, 0xFFFF, 0xFFFF, 0xCE79, 0xC6BF, 0xD37F, 0xD37F, 0xCF7F, 0xCF7F, 0xCF5F, 0xCF7F, 0xCF7F, 0xCF7F, 0xD37F, 0xC69F, 0xDEFA,
  0xD694, 0xD273, 0xFFFF, 0xFFFF, 0xFFFF, 0xFFFF, 0xFFFF, 0xFFFF, 0xFFFF, 0xFFFF, 0xFFFF, 0xFFFF, 0xFFFF, 0xFFFF, 0xFFFF, 0xFFFF,
  0xFFFF, 0xFFFF, 0xFFFF, 0xFFFF, 0xFFFF, 0xB56B, 0xB56A, 0xE6F5, 0xFFFF, 0xFFFF, 0xFB9B, 0xF37A, 0xF79C, 0xFB9B, 0xDEDA, 0xCAFF,
  0xD37F, 0xCF7F, 0xCF5F, 0xC71F, 0xC73F, 0xC71F, 0xC71F, 0xC71F, 0xC2FF, 0xC31F, 0xC6DF, 0xCA5A, 0xCA10, 0xDA94, 0xFFFF, 0xFFFF,
  0xFFFF, 0xFFFF, 0xFFFF, 0xFFFF, 0xFFFF, 0xFFFF, 0xFFFF, 0xFFFF, 0xFFFF, 0xFFFF, 0xFFFF, 0xFFFF, 0xFFFF, 0xFFFF, 0xFFFF, 0xFFFF,
  0xFFFF, 0xEF5A, 0xB14A, 0xFB9B, 0xF359, 0xFFFF, 0xFFFF, 0xFFFF, 0xFFFF, 0xE2F9, 0xCABF, 0xD37F, 0xDFBF, 0xEFFF, 0xEFFF, 0xEBFF,
  0xD77F, 0xCB5F, 0xCB5F, 0xCB3F, 0xDB9F, 0xEBFF, 0xEFFF, 0xD2BC, 0xAD4A, 0xDAB5, 0xFFFF, 0xFFFF, 0xFFFF, 0xFFFF, 0xFFFF, 0xFFFF,
  0xFFFF, 0xFFFF, 0xFFFF, 0xFFFF, 0xFFFF, 0xFFFF, 0xFFFF, 0xFFFF, 0xFFFF, 0xFFFF, 0xFFFF, 0xFFFF, 0xFFFF, 0xEB5A, 0xB56A, 0xF77A,
  0xF359, 0xFFBC, 0xFFBC, 0xFFFE, 0xF37B, 0xC67B, 0xCF3F, 0xD79F, 0xF3FF, 0xFFFF, 0xFFFF, 0xFFFF, 0xD71F, 0xC6FF, 0xCF7F, 0xBE9F,
  0xE79F, 0xFFFF, 0xFFFF, 0xDAFB, 0x9CC7, 0xFFFF, 0xFFFF, 0xFFFF, 0xFFFF, 0xFFFF, 0xFFFF, 0xFFFF, 0xFFFF, 0xFFFF, 0xFFFF, 0xFFFF,
  0xFFFF, 0xFFFF, 0xFFFF, 0xFFFF, 0xFFFF, 0xFFFF, 0xFFFF, 0xFFFF, 0xFFFF, 0xEF5A, 0xB54A, 0xFB7B, 0xEB18, 0xDA94, 0xE2D6, 0xF77A,
  0xDED9, 0xBE5F, 0xCF5F, 0xCF3F, 0xC29F, 0xCABF, 0xC27E, 0xBE5C, 0xBE5E, 0xCF3F, 0xCF9F, 0xC2BF, 0xB9FB, 0xB195, 0xB9FA, 0xB5D8,
  0xBDF0, 0xFFFF, 0xFFFF, 0xFFFF, 0xFFFF, 0xFFFF, 0xFFFF, 0xFFFF, 0xFFFF, 0xFFFF, 0xFFFF, 0xFFFF, 0xFFFF, 0xFFFF, 0xFFFF, 0xFFFF,
  0xFFFF, 0xFFFF, 0xFFFF, 0xFFFF, 0xFFFF, 0xE718, 0xB129, 0xEF17, 0xB9B1, 0xBA19, 0xC67C, 0xE71A, 0xDADB, 0xC2DF, 0xCF5F, 0xD35F,
  0xC29F, 0xB5F9, 0xBE17, 0xBE3A, 0xB5FD, 0xCB1F, 0xD3BF, 0xBE7F, 0xA512, 0xB9B4, 0xB1B6, 0xA553, 0xAD6C, 0xFFFF, 0xFFFF, 0xFFFF,
  0xFFFF, 0xFFFF, 0xFFFF, 0xFFFF, 0xFFFF, 0xFFFF, 0xFFFF, 0xFFFF, 0xFFFF, 0xFFFF, 0xFFFF, 0xFFFF, 0xFFFF, 0xFFFF, 0xFFFF, 0xFFFF,
  0xFFFF, 0xFFFF, 0xBDAD, 0xC5EE, 0xB9F7, 0xC29F, 0xBA5F, 0xD6DC, 0xD6DD, 0xC2FF, 0xC2FF, 0xB63D, 0xC659, 0xAD2A, 0xB98C, 0xEF7F,
  0xADFD, 0xC71F, 0xD7DF, 0xBA3E, 0x9468, 0xC1CE, 0xEB5D, 0x8846, 0xF7BE, 0xFFFF, 0xFFFF, 0xFFFF, 0xFFFF, 0xFFFF, 0xFFFF, 0xFFFF,
  0xFFFF, 0xFFFF, 0xFFFF, 0xFFFF, 0xFFFF, 0xFFFF, 0xFFFF, 0xFFFF, 0xFFFF, 0xFFFF, 0xFFFF, 0xFFFF, 0xFFFF, 0xFFFF, 0xE2F7, 0x9884,
  0xC65B, 0xBE7F, 0xA598, 0xC67E, 0xC69F, 0xCB3F, 0xBE9F, 0xADDB, 0xE37F, 0xDB1F, 0xA12F, 0xBA3A, 0xCF3F, 0xCB5F, 0xD3BF, 0xCF3F,
  0xB1B8, 0xB5D6, 0xD6FF, 0xA554, 0xF7BE, 0xFFFF, 0xFFFF, 0xFFFF, 0xFFFF, 0xFFFF, 0xFFFF, 0xFFFF, 0xFFFF, 0xFFFF, 0xFFFF, 0xFFFF,
  0xFFFF, 0xFFFF, 0xFFFF, 0xFFFF, 0xFFFF, 0xFFFF, 0xFFFF, 0xFFFF, 0xFFFF, 0xFFFF, 0xFFFF, 0xC1EE, 0xA531, 0xBE7F, 0xA9DB, 0xBA3F,
  0xBE7F, 0xC6FF, 0xCB3F, 0xCB3F, 0xC71F, 0xCB1F, 0xD35F, 0xCF3F, 0xD37F, 0xCF7F, 0xCB7F, 0xD39F, 0xC29F, 0xD33F, 0xCF3F, 0xBA5F,
  0xA52B, 0xFFFF, 0xFFFF, 0xFFFF, 0xFFFF, 0xFFFF, 0xFFFF, 0xFFFF, 0xFFFF, 0xFFFF, 0xFFFF, 0xE739, 0xFFFF, 0xFFFF, 0xFFFF, 0xFFFF,
  0xFFFF, 0xFFFF, 0xFFFF, 0xFFFF, 0xFFFF, 0xFFFF, 0xFFFF, 0xB56B, 0x98CB, 0xC27F, 0xCAFF, 0xBE5F, 0xBA5F, 0xBA7F, 0xD37F, 0xCF7F,
  0xCF7F, 0xCB5F, 0xCF7F, 0xCB3F, 0xBA5F, 0xCF5F, 0xD7BF, 0xDB9F, 0xB1FE, 0xC6DF, 0xD7BF, 0xB23E, 0xB58F, 0xFFFF, 0xFFFF, 0xFFFF,
  0xFFFF, 0xFFFF, 0xFFFF, 0xFFFF, 0xFFFF, 0xFFFF, 0xBECF, 0x9144, 0xFFFF, 0xFFFF, 0xFFFF, 0xFFFF, 0xFFFF, 0xFFFF, 0xFFFF, 0xFFFF,
  0xFFFF, 0xFFFF, 0xC5F1, 0xB0CE, 0xACED, 0xAD72, 0xBE5F, 0xADDB, 0xBE5F, 0xBA5F, 0xCB3F, 0xCF7F, 0xCF7F, 0xCF7F, 0xCF7F, 0xB23F,
  0xBA7F, 0xBE9F, 0xB63F, 0xB63F, 0xA9BB, 0xC6DF, 0xDBBF, 0xBE5F, 0xB58F, 0xFFFF, 0xFFFF, 0xFFFF, 0xFFFF, 0xFFFF, 0xFFFF, 0xFFFF,
  0xFFFF, 0xA1A8, 0xBFF0, 0xBBAF, 0xFFFF, 0xFFFF, 0xFFFF, 0xFFFF, 0xFFFF, 0xFFFF, 0xFFFF, 0xFFFF, 0xFFFF, 0xB14D, 0xB0AF, 0xD59B,
  0xC958, 0xA8AB, 0xAD2E, 0x9CCA, 0xA553, 0xBE5F, 0xBE9F, 0xC71F, 0xCB5F, 0xCB1F, 0xADDC, 0xB21E, 0xD39F, 0xCF5F, 0xBE9F, 0xC29F,
  0xC6BF, 0xB63F, 0xDB7F, 0xADB8, 0xC1F1, 0xFFFF, 0xFFFF, 0xFFFF, 0xFFFF, 0xFFFF, 0xFFFF, 0xFFFF, 0xB60D, 0xAF49, 0xC3F0, 0xA629,
  0xFFFF, 0xFFFF, 0xFFFF, 0xFFFF, 0xFFFF, 0xFFFF, 0xFFFF, 0xEB3A, 0xB10E, 0xBD14, 0xD19B, 0xCD7A, 0xD59D, 0xCD79, 0xB4ED, 0xB109,
  0xA0CC, 0xB1DC, 0xC6DF, 0xBA7F, 0xC2DF, 0xB1FE, 0xB1FD, 0xBA5F, 0xB63F, 0xBA5F, 0xBE7F, 0xBE7F, 0xBA5F, 0xB5FE, 0xBA1D, 0xB18F,
  0xFFFF, 0xFFFF, 0xFFFF, 0xFFFF, 0x9144, 0xFBFE, 0xFFFF, 0xDAD6, 0xA267, 0xC3ED, 0xA627, 0xF39C, 0xFFFF, 0xFFFF, 0xFFFF, 0xFFFF,
  0xFFFF, 0xFFFF, 0xCA32, 0xACCE, 0xC959, 0xD19D, 0xCD5B, 0xCD5B, 0xD59E, 0xDDFF, 0xCD79, 0xC130, 0xAD0C, 0xAD76, 0xBA3F, 0xCADF,
  0xC2BF, 0xB65F, 0xCAFF, 0xC2BF, 0xB65F, 0xB65F, 0xBA5F, 0xBA5F, 0xBA5F, 0xC27F, 0xA132, 0xDAB6, 0xFFFF, 0xFFFF, 0xFFFF, 0xFFFF,
  0xA6A9, 0xAA29, 0xFFFF, 0xE739, 0x9E05, 0x9DA6, 0xF39B, 0xFFFF, 0xFFFF, 0xFFFF, 0xFFFF, 0xFFFF, 0xFFFF, 0xF77C, 0xA06A, 0xCD7A,
  0xD5BF, 0xE1FF, 0xDDDF, 0xD17D, 0xC95A, 0xE1FF, 0xE1FF, 0xC535, 0xA8C8, 0xB152, 0xA958, 0xB1FD, 0xC6DF, 0xC6DF, 0xCB1F, 0xCB5F,
  0xCB5F, 0xCB3F, 0xBA7F, 0xC6FF, 0xD77F, 0xB5FA, 0x9868, 0xBD8E, 0xFFFF, 0xFFFF, 0xFFFF, 0xFFFF, 0xA668, 0xBFD0, 0xC271, 0xEF9C,
  0xBACD, 0x90A2, 0xFFFF, 0xD2F4, 0xFFFF, 0xFFFF, 0xFFFF, 0xFFFF, 0xFFFF, 0xA0A9, 0xC536, 0xD19D, 0xE61F, 0xE1FF, 0xE61F, 0xE1FF,
  0xCD7C, 0xCD7C, 0xE61F, 0xD9BE, 0xB90F, 0xA8EA, 0xB5B9, 0xA557, 0xA999, 0xBA3F, 0xB63F, 0xC71F, 0xCF5F, 0xCB5F, 0xCF7F, 0xD37F,
  0xBE7F, 0xA0CD, 0xCD77, 0xB4CF, 0xD674, 0xFFFF, 0xFFFF, 0xFFFF, 0xCAB1, 0xBFF1, 0xAA4B, 0xADEB, 0xB6ED, 0xCE92, 0xFFFF, 0xA1A8,
  0xFFFF, 0xFFFF, 0xFFFF, 0xFFFF, 0xC1D0, 0xB0CF, 0xC958, 0xCD7A, 0xD17C, 0xDDDF, 0xE21F, 0xE61F, 0xE1FF, 0xD17D, 0xCD7D, 0xE61F,
  0xD19B, 0xB0EC, 0xA0CA, 0xB176, 0xAD9A, 0xA577, 0x9D13, 0xB21D, 0xC6BF, 0xC2BF, 0xC2BF, 0xBE9F, 0xAD96, 0xB935, 0xE5FF, 0xD19B,
  0xA8CA, 0xFFFF, 0xFFFF, 0xFFFF, 0xFFFF, 0xA649, 0xB72C, 0xB2E8, 0xAA66, 0xA928, 0xB18C, 0xAA89, 0xFFFF, 0xFFFF, 0xFFFF, 0xDED6,
  0xACAE, 0xCD59, 0xC516, 0xC517, 0xC538, 0xC539, 0xD19D, 0xE1FF, 0xE63F, 0xE61F, 0xD17E, 0xD59F, 0xE1FF, 0xC536, 0xB109, 0xA50A,
  0xB197, 0xB1BB, 0xADBA, 0x9D35, 0x9D13, 0xA112, 0x94AB, 0x9488, 0xA8EE, 0xCD9B, 0xE1FF, 0xD5BE, 0xB0CF, 0xB56D, 0xFFFF, 0xB1AC,
  0xFFFF, 0xE338, 0xA1C6, 0xBF2A, 0xA1E3, 0xCAB2, 0xC20F, 0x99E5, 0xFFFF, 0xFFFF, 0xFFFF, 0x9847, 0xD9BC, 0xD9BF, 0xD59D, 0xD5BE,
  0xDDDF, 0xD9BF, 0xCD7C, 0xCD7C, 0xDDDF, 0xE21F, 0xE61F, 0xD59E, 0xD9BF, 0xE1FF, 0xBD13, 0xACE8, 0xB9AA, 0xB5B2, 0xB5DA, 0xB5DA,
  0xB9D9, 0xAD4F, 0xA525, 0xA4C6, 0xC132, 0xCD7B, 0xE1FF, 0xC518, 0xC537, 0xC191, 0xEF9B, 0xA647, 0xA5E7, 0xFFFF, 0xEF59, 0x9D23,
  0xB6A8, 0xEFF9, 0xCE92, 0xA1E5, 0xFFFF, 0xFFFF, 0xAD0C, 0xCD99, 0xE1FF, 0xEA5F, 0xE63F, 0xE61F, 0xE21F, 0xE21F, 0xE1FF, 0xD9BF,
  0xC539, 0xC95A, 0xE1FF, 0xE1FF, 0xD19D, 0xD9DF, 0xE1FF, 0xC135, 0xB129, 0xB588, 0xAD2A, 0xA509, 0xA50A, 0xA507, 0xBE08, 0xA8E7,
  0xC535, 0xD9DF, 0xCD9B, 0xBD16, 0xDDDF, 0xC976, 0xADE9, 0xC3EC, 0xB7EA, 0xAA08, 0xCEB1, 0xA9A6, 0xBA68, 0x9D24, 0xA167, 0xC26E,
  0xFFFF, 0xFFFF, 0x9868, 0xD9BE, 0xD59D, 0xCD79, 0xC959, 0xD9BE, 0xE63F, 0xE61F, 0xE21F, 0xE21F, 0xDDFF, 0xCD7B, 0xC538, 0xC95A,
  0xD5BD, 0xD17D, 0xDDDF, 0xE61F, 0xC979, 0xAD0A, 0xBE4B, 0xBEEC, 0xBAAA, 0xBE8A, 0xB9E7, 0xA8C9, 0xCD7A, 0xD9FF, 0xB8F4, 0xD19C,
  0xE61F, 0xC113, 0xAE67, 0xBBE9, 0xBFEC, 0xB32A, 0xAA07, 0xB669, 0xB1E6, 0xB62C, 0xD335, 0xFFFF, 0xFFFF, 0xCE53, 0xB0CE, 0xD5BB,
  0xBD32, 0xA8A8, 0xACC9, 0xA8A9, 0xC134, 0xD9DF, 0xE1FF, 0xE61F, 0xE63F, 0xE1FF, 0xDDDF, 0xCD7B, 0xC116, 0xC939, 0xD17C, 0xDDDF,
  0xE61F, 0xD19A, 0xA90B, 0xB209, 0xC70C, 0xBEA9, 0xAD66, 0xBD32, 0xD9DE, 0xC116, 0xC558, 0xDDDF, 0xD9BE, 0xA068, 0xB249, 0xB6CB,
  0xB70B, 0xAE48, 0xB269, 0xBE89, 0x9CE3, 0xBEAF, 0xCF14, 0x9D06, 0xFFFF, 0x9C48, 0xCD75, 0xB4EC, 0xAD46, 0xC669, 0xC668, 0xCA69,
  0xB167, 0xA8C9, 0xC134, 0xD5BE, 0xD19D, 0xDDDF, 0xE63F, 0xE63F, 0xDDFF, 0xCD7B, 0xC516, 0xC516, 0xC557, 0xCD9A, 0xCD78, 0xACCA,
  0xAD27, 0xB14B, 0xA4C7, 0xC132, 0xC557, 0xC117, 0xD9FF, 0xD5BE, 0xBD13, 0xA0C5, 0xAD47, 0xFFFF, 0xEF7A, 0xA146, 0xC2EA, 0xA984,
  0xB269, 0xBF4F, 0xA1C5, 0xC78C, 0xFFFF, 0xB90F, 0xB4ED, 0xA504, 0xCAED, 0xCFB2, 0xCB91, 0xCFD3, 0xC70F, 0xB5E6, 0xB167, 0xA0A7,
  0xA4A9, 0xC155, 0xD19D, 0xDDFF, 0xE63F, 0xE63F, 0xDDDE, 0xD5BA, 0xC977, 0xB8F1, 0xACAD, 0xB4ED, 0xB910, 0xD5DD, 0xC999, 0xB0EE,
  0xB912, 0xD5BD, 0xC556, 0xA8CD, 0xA0C6, 0xBDE9, 0xB5C9, 0xB20B, 0xD6D4, 0xF3FC, 0xB689, 0xA944, 0xC2AA, 0xAA05, 0xBAA6, 0xBB87,
  0xA0A9, 0xBD30, 0xA906, 0xC66A, 0xC730, 0xC3D5, 0xBFF5, 0xC3F7, 0xC7D5, 0xC70C, 0xC689, 0xB1A6, 0xB9C7, 0xB147, 0xA0A7, 0xB4F1,
  0xCD5A, 0xC557, 0xACAD, 0xA48B, 0xC134, 0xD199, 0xC132, 0xBD2C, 0xC574, 0xCD9D, 0xE63F, 0xB931, 0xB0EE, 0xB4EF, 0xA0C6, 0xA966,
  0xBA08, 0xB9C8, 0xA145, 0xCBF0, 0xC74D, 0xD732, 0xB208, 0xA523, 0xA9E5, 0xBB47, 0xD3ED, 0xAEC8, 0xA8EA, 0xA8C9, 0xB9C7, 0xC6CC,
  0xC7B4, 0xBB93, 0xBFB3, 0xC3F6, 0xC3F5, 0xC72D, 0xBE28, 0xC228, 0xC68A, 0xC689, 0xC269, 0xB188, 0xACE8, 0xACE9, 0xDF15, 0xEBB8,
  0xBDAF, 0xB8EF, 0xB50D, 0xACC8, 0xC152, 0xC979, 0xE21F, 0xB4F0, 0x9864, 0xB167, 0xBE6B, 0xCB0F, 0xBA09, 0xB186, 0xB1A6, 0xA5A5,
  0xAE46, 0xB247, 0xA544, 0xBA48, 0xC7CC, 0xB7A9, 0xAE88, 0xBE4E, 0xFFFF, 0x98A2, 0xC24A, 0xC751, 0xBFD5, 0xC3D6, 0xC3B4, 0xBF93,
  0xC7D5, 0xC70C, 0xBA07, 0xBA28, 0xCB6F, 0xC32D, 0xC72D, 0xCB2D, 0xC26A, 0x9CE4, 0xFFFF, 0xFFFF, 0xDFD8, 0x9CE3, 0xAD08, 0xBD51,
  0xBD12, 0xB0EB, 0xBD31, 0xBD33, 0xA8AA, 0xB5A9, 0xCF90, 0xCBB2, 0xBE8D, 0xBA07, 0xC668, 0x9881, 0xBA67, 0xC2C9, 0x98A1, 0xA503,
  0x9D01, 0xADA9, 0xFFFF, 0xFFFF, 0xFFFF, 0xA0E3, 0xCB50, 0xC3F6, 0xBFB5, 0xC3D6, 0xBF73, 0xBB0F, 0xCB92, 0xC6EC, 0xB9E8, 0xBA29,
  0xCBB2, 0xC3D3, 0xBFB3, 0xC792, 0xBA6B, 0xC60E, 0xDB16, 0xCAD3, 0xDB57, 0xE335, 0xB0EB, 0xD1DC, 0xC135, 0xACE7, 0xACE8, 0xC556,
  0xC977, 0xA8E9, 0xC2CE, 0xCBB2, 0xBEAD, 0xAD85, 0xC249, 0xA529, 0x9CE8, 0x9CE8, 0xA92D, 0xA92C, 0xA0EA, 0xC634, 0xFFFF, 0xFFFF,
  0xE738, 0xA986, 0xCBD5, 0xBFF6, 0xBFD6, 0xBFB4, 0xC393, 0xC793, 0xBECC, 0xC6AB, 0xAD86, 0xBA08, 0xC32D, 0xBFB3, 0xBBB4, 0xC7D4,
  0xB66B, 0xD251, 0xFFFF, 0xFFFF, 0xFFFF, 0xCA51, 0xB4F0, 0xE63F, 0xD9DF, 0xB10A, 0xACE8, 0xD1BA, 0xD9DF, 0xC154, 0xA547, 0xCB91,
  0xC750, 0xAD86, 0x9CC5, 0xCEBF, 0xBA1A, 0xA550, 0xD31F, 0xD33F, 0xD33F, 0xB21C, 0xA54F, 0xFFFF, 0x9CC3, 0xCB0F, 0xC3F6, 0xBFD6,
  0xC3F6, 0xBF93, 0xBACD, 0xC731, 0xCB0E, 0xC24A, 0xAD25, 0xBDE7, 0xC6CA, 0xC792, 0xBFB4, 0xC3D4, 0xBECD, 0x9421, 0xFFFF, 0xFFFF,
  0xFFFC, 0xA908, 0xB931, 0xE21F, 0xD5FE, 0xB58A, 0xB9A8, 0xB912, 0xE21F, 0xCD99, 0xA527, 0xC770, 0xC771, 0xB9E9, 0xA0C7, 0xBE1C,
  0xB1B8, 0x98ED, 0xA5B7, 0xA5D9, 0x9D99, 0xCB3F, 0x9D53, 0xEF7C, 0xA104, 0xCB52, 0xBFF7, 0xBFF7, 0xC7F6, 0xC7D5, 0xCB51, 0xC28A,
  0xCAAC, 0xB586, 0xB125, 0xC208, 0xC269, 0xBECC, 0xC792, 0xC730, 0xA569, 0xA94F, 0xE33E, 0xE77C, 0xD71A, 0xA94D, 0xA089, 0xD5BC,
  0xB50F, 0xB608, 0xCF2D, 0xA4E7, 0xCD99, 0xD5BA, 0xA526, 0xC770, 0xC770, 0xB1C8, 0xA0C6, 0xAD52, 0xA932, 0xA993, 0xCF1F, 0xCB3F,
  0xCB3F, 0xD79F, 0x9D52, 0xF7BD, 0xA966, 0xCB93, 0xC3F6, 0xBF71, 0xC32F, 0xBECC, 0xC2CB, 0xCACB, 0xC229, 0xA905, 0xB546, 0xBE08,
  0xC649, 0xC269, 0xC28C, 0xA549, 0xADD8, 0xCF7F, 0xBEDF, 0xBEBF, 0xC2DF, 0xB619, 0xA4AA, 0xC997, 0xA4E7, 0xCB0E, 0xCFB1, 0xBA4A,
  0xB10E, 0xBD32, 0xA566, 0xC790, 0xCB70, 0xB1A8, 0xB9CA, 0xA0EA, 0xA50F, 0xA552, 0xB23D, 0xA9FD, 0xB69F, 0xD7BF, 0x9D53, 0xF7BD,
  0xC66B, 0xCB92, 0xBF2F, 0xBACC, 0xBAEE, 0xBACE, 0xC6CC, 0xC248, 0xB5A6, 0xA4E4, 0xA8E4, 0xB166, 0xB9C7, 0xBDE8, 0x9CE7, 0xB61C,
  0xCF7F, 0xCF7F, 0xC2BF, 0xB63D, 0xB63D, 0xAD94, 0xA4A9, 0xB12B, 0xBE4C, 0xC351, 0xC7B3, 0xCB2E, 0xB5CA, 0xA127, 0xC330, 0xC791,
  0xBEAC, 0xB188, 0xBE0B, 0xA4E8, 0xA0CA, 0xB1F6, 0xCF3F, 0xC6FF, 0xC71F, 0xCF7F, 0x9D53, 0xF7BD, 0xCA8B, 0xCB4F, 0xC371, 0xCBF6,
  0xC7D5, 0xBF51, 0xBF30, 0xC32F, 0xCB4E, 0xCF30, 0xA98B, 0xA56D, 0xA94A, 0x9885, 0xBA3C, 0xCB3F, 0xC75F, 0xCB7F, 0xCB3F, 0xBEBF,
  0xCB1F, 0xBA5D, 0x98A6, 0xC26C, 0xCF70, 0xC772, 0xCBB3, 0xCB4E, 0xCB0D, 0xD393, 0xCB72, 0xC6EE, 0xB9E9, 0xAD87, 0xB9EB, 0xA0A8,
  0xAD0A, 0xA971, 0xB23D, 0xAE1D, 0xBABF, 0xD7BF, 0x94F0, 0xEF5B, 0xCA6A, 0xC70D, 0xCBF6, 0xBB72, 0xBF72, 0xC3F5, 0xC7F7, 0xC7F8,
  0xCFF7, 0xBF54, 0xC3DF, 0xC37F, 0xA9B2, 0xB5FA, 0xCF5F, 0xC75F, 0xC73F, 0xCB7F, 0xCB1F, 0xC29F, 0xB61D, 0xBE5F, 0x9CC9, 0xC229,
  0xCACC, 0xC6AC, 0xC6AB, 0xCACB, 0xCACB, 0xC6AB, 0xC68B, 0xCA6C, 0xAD67, 0xC2AE, 0xB5CA, 0xB952, 0xB931, 0xAD50, 0xBE5D, 0xBE7F,
  0xC2BF, 0xBE7F, 0xC235, 0xFFFF, 0xC64A, 0xC2ED, 0xC3D4, 0xC3F6, 0xC3F7, 0xBFF7, 0xBFF6, 0xC7F8, 0xBB32, 0xB79F, 0xBFFF, 0xA194,
  0xB21B, 0xCF7F, 0xC75F, 0xC75F, 0xC73F, 0xCB5F, 0xCB3F, 0xCB1F, 0xBE7F, 0xA977, 0x9CA6, 0xB9C7, 0xC649, 0xC229, 0xC228, 0xBE28,
  0xBE28, 0xBE08, 0xC208, 0xB566, 0xA926, 0xC70F, 0xB1EA, 0xB932, 0xBD93, 0x9D0A, 0x98C9, 0xA50C, 0xB5B6, 0x8C68, 0xFBDE, 0xFFFF,
};
#define assets_c22_W 44
#define assets_c22_H 44

static const unsigned short assets_c23[1936] = {
  0xFFFF, 0xFFFF, 0xFFFF, 0xFFFF, 0xFFFF, 0xFFFF, 0xFFFF, 0xFFFF, 0xFFFF, 0xB18D, 0xADD6, 0xA151, 0xF7BE, 0xFFFF, 0xFFFF, 0xFFFF,
  0xFFFF, 0xFFFF, 0xFFFF, 0xFFFF, 0xFFFF, 0x9D2E, 0xBEBF, 0x9D31, 0xCE74, 0xFFFF, 0xFFFF, 0xFFFF, 0xFFFF, 0xFFFF, 0xFFFF, 0xFFFF,
  0xFFFF, 0xFFFF, 0xFFFF, 0xFFFF, 0xFFFF, 0xFFFF, 0xFFFF, 0xFFFF, 0xFFFF, 0xFFFF, 0xFFFF, 0xFFFF, 0xFFFF, 0xFFFF, 0xFFFF, 0xFFFF,
  0xFFFF, 0xFFFF, 0xFFFF, 0xFFFF, 0xFFFF, 0xB18D, 0xB25C, 0xBA7F, 0x94CA, 0xFFFF, 0xFFFF, 0xFFFF, 0xFFFF, 0xFFFF, 0xFFFF, 0xFFFF,
  0x98C8, 0xADFB, 0xB27F, 0x9931, 0xCE54, 0xFFFF, 0xFFFF, 0xFFFF, 0xFFFF, 0xFFFF, 0xFFFF, 0xFFFF, 0xFFFF, 0xFFFF, 0xFFFF, 0xFFFF,
  0xFFFF, 0xFFFF, 0xFFFF, 0xFFFF, 0xFFFF, 0xFFFF, 0xFFFF, 0xFFFF, 0xFFFF, 0xFFFF, 0xFFFF, 0xFFFF, 0xFFFF, 0xFFFF, 0xFFFF, 0xFFFF,
  0xFFFF, 0xAD8E, 0xCB3F, 0xAE3E, 0xA131, 0xCA74, 0xFFFF, 0xFFFF, 0xFFFF, 0xFFFF, 0xFFFF, 0xFFFF, 0x98EB, 0xB6BF, 0xB6BF, 0x94F0,
  0xD295, 0xFFFF, 0xFFFF, 0xFFFF, 0xFFFF, 0xFFFF, 0xFFFF, 0xFFFF, 0xFFFF, 0xFFFF, 0xFFFF, 0xFFFF, 0xFFFF, 0xFFFF, 0xFFFF, 0xFFFF,
  0xFFFF, 0xFFFF, 0xFFFF, 0xFFFF, 0xFFFF, 0xFFFF, 0xFFFF, 0xFFFF, 0xFFFF, 0xFFFF, 0xFFFF, 0xFFFF, 0xFFFF, 0xAD8E, 0xCF5F, 0xCB7F,
  0xADFA, 0x9D0D, 0xFFFF, 0xFFFF, 0xFFFF, 0xFFFF, 0xFFFF, 0x94C9, 0xADFA, 0xC75F, 0xCB7F, 0xADFA, 0xB18E, 0xFFFF, 0xFFFF, 0xFFFF,
  0xFFFF, 0xFFFF, 0xFFFF, 0xFFFF, 0xFFFF, 0xFFFF, 0xFFFF, 0xFFFF, 0xFFFF, 0xFFFF, 0xFFFF, 0xFFFF, 0xFFFF, 0xFFFF, 0xFFFF, 0xFFFF,
  0xFFFF, 0xFFFF, 0xFFFF, 0xFFFF, 0xFFFF, 0xFFFF, 0xFFFF, 0xFFFF, 0xFFFF, 0xAD8E, 0xCB5F, 0xEBFF, 0xBA9F, 0xA153, 0x8845, 0xD6B4,
  0xE318, 0xE318, 0x9CE8, 0xA9DA, 0xBEDF, 0xB29F, 0xE7FF, 0xC6FF, 0x8447, 0xCA32, 0xFFFF, 0xFFFF, 0xFFFF, 0xFFFF, 0xFFFF, 0xFFFF,
  0xFFFF, 0xFFFF, 0xFFFF, 0xFFFF, 0xFFFF, 0xFFFF, 0xFFFF, 0xFFFF, 0xFFFF, 0xFFFF, 0xFFFF, 0xFFFF, 0xFFFF, 0xFFFF, 0xFFFF, 0xFFFF,
  0xFFFF, 0xFFFF, 0xFFFF, 0xFFFF, 0xFFFF, 0xB18F, 0xD77F, 0xBA7E, 0x9955, 0xAE3C, 0x9D52, 0x90CC, 0x90AC, 0x90AC, 0x9911, 0xBA7F,
  0xBA9F, 0xB69F, 0xDFFF, 0xC2FF, 0x8C8A, 0xD295, 0xFFFF, 0xFFFF, 0xFFFF, 0xFFFF, 0xFFFF, 0xFFFF, 0xFFFF, 0xFFFF, 0xFFFF, 0xFFFF,
  0xFFFF, 0xFFFF, 0xFFFF, 0xFFFF, 0xFFFF, 0xFFFF, 0xFFFF, 0xFFFF, 0xFFFF, 0xFFFF, 0xFFFF, 0xFFFF, 0xFFFF, 0xFFFF, 0xFFFF, 0xFFFF,
  0xFFFF, 0xAD6C, 0xA572, 0xA9D7, 0xC35F, 0xC7BF, 0xAA5F, 0xAA1D, 0xAA1D, 0xAE1E, 0xB21F, 0xADDB, 0xA133, 0xB65D, 0xE7FF, 0xC2DF,
  0x8C8A, 0xD295, 0xFFFF, 0xFFFF, 0xFFFF, 0xFFFF, 0xFFFF, 0xFFFF, 0xFFFF, 0xFFFF, 0xFFFF, 0xFFFF, 0xFFFF, 0xFFFF, 0xFFFF, 0xFFFF,
  0xFFFF, 0xFFFF, 0xFFFF, 0xFFFF, 0xFFFF, 0xFFFF, 0xFFFF, 0xFFFF, 0xFFFF, 0xFFFF, 0xFFFF, 0xFFFF, 0xFFFF, 0xCA32, 0x98EC, 0xCF5F,
  0xF3FF, 0xB33F, 0xBB7F, 0xDBFF, 0xE3FF, 0xBF5F, 0xAA7F, 0xA5B9, 0xA553, 0xA9D8, 0xD7DF, 0xCF5F, 0x8869, 0xC631, 0xFFFF, 0xFFFF,
  0xFFFF, 0xFFFF, 0xFFFF, 0xFFFF, 0xFFFF, 0xFFFF, 0xFFFF, 0xFFFF, 0xFFFF, 0xFFFF, 0xFFFF, 0xFFFF, 0xFFFF, 0xFFFF, 0xFFFF, 0xFFFF,
  0xFFFF, 0xFFFF, 0xFFFF, 0xFFFF, 0xFFFF, 0xFFFF, 0xFFFF, 0xFFFF, 0xFFFF, 0xB16C, 0xC6DD, 0xD3FF, 0xFFFF, 0xDBFF, 0xD7FF, 0xEBFF,
  0xF3FF, 0xCBDF, 0xBF7F, 0xAE7F, 0xA596, 0x9D32, 0xA9D8, 0xB23A, 0x98EA, 0xFFFF, 0xFFFF, 0xFFFF, 0xFFFF, 0xFFFF, 0xFFFF, 0xFFFF,
  0xFFFF, 0xFFFF, 0xFFFF, 0xFFFF, 0xFFFF, 0xFFFF, 0xFFFF, 0xFFFF, 0xFFFF, 0xFFFF, 0xFFFF, 0xFFFF, 0xFFFF, 0xFFFF, 0xFFFF, 0xFFFF,
  0xFFFF, 0xFFFF, 0xFFFF, 0xFFFF, 0xD6B5, 0x8443, 0xA570, 0xC75F, 0xFFFF, 0xFFFF, 0xC75F, 0x950E, 0x90CC, 0xAE1A, 0xAE9F, 0xBB3F,
  0xAA1C, 0xA152, 0xA573, 0x90AB, 0xB9AE, 0xFFFF, 0xFFFF, 0xFFFF, 0xFFFF, 0xFFFF, 0xFFFF, 0xFFFF, 0xFFFF, 0xFFFF, 0xFFFF, 0xFFFF,
  0xFFFF, 0xFFFF, 0xFFFF, 0xFFFF, 0xFFFF, 0xFFFF, 0xFFFF, 0xFFFF, 0xFFFF, 0xFFFF, 0xFFFF, 0xFFFF, 0xFFFF, 0xFFFF, 0xFFFF, 0xFFFF,
  0xD6B5, 0xA98E, 0x9D0B, 0xB69C, 0xFFFF, 0xCFFF, 0xAA5F, 0xA12D, 0xDEF9, 0x9487, 0x9D52, 0xBB1F, 0xAA1C, 0x9D52, 0xA595, 0x94ED,
  0xB5AE, 0xFFFF, 0xFFFF, 0xFFFF, 0xFFFF, 0xFFFF, 0xFFFF, 0xFFFF, 0xFFFF, 0xFFFF, 0xFFFF, 0xFFFF, 0xFFFF, 0xFFFF, 0xFFFF, 0xFFFF,
  0xFFFF, 0xFFFF, 0xFFFF, 0xFFFF, 0xFFFF, 0xFFFF, 0xFFFF, 0xFFFF, 0xFFFF, 0xFFFF, 0xFFFF, 0xFFFF, 0xDEF7, 0x8421, 0x8845, 0xEBFF,
  0xFFFF, 0xD3FF, 0xA63D, 0x90A8, 0xEB7B, 0xEB9D, 0x94ED, 0xB29F, 0xA1B8, 0xA153, 0xA574, 0xA131, 0x9D0B, 0xFFFF, 0xFFFF, 0xFFFF,
  0xFFFF, 0xFFFF, 0xFFFF, 0xFFFF, 0xFFFF, 0xFFFF, 0xFFFF, 0xFFFF, 0xFFFF, 0xFFFF, 0xFFFF, 0xFFFF, 0xFFFF, 0xFFFF, 0xFFFF, 0xFFFF,
  0xFFFF, 0xFFFF, 0xFFFF, 0xFFFF, 0xFFFF, 0xFFFF, 0xFFFF, 0xEB5A, 0xA96C, 0xD31A, 0xE7DF, 0xFFFF, 0xFFFF, 0xD7FF, 0xB2BF, 0x94CD,
  0x94C9, 0xEFFF, 0xAA7F, 0xB2FF, 0xB29F, 0x9D54, 0xA173, 0xA996, 0x94CC, 0xB9CE, 0xFFFF, 0xFFFF, 0xFFFF, 0xFFFF, 0xFFFF, 0xFFFF,
  0xFFFF, 0xFFFF, 0xFFFF, 0xFFFF, 0xFFFF, 0xFFFF, 0xFFFF, 0xFFFF, 0xFFFF, 0xFFFF, 0xFFFF, 0xFFFF, 0xFFFF, 0xFFFF, 0xFFFF, 0xFFFF,
  0xFFFF, 0xFFFF, 0xBDCE, 0xCA96, 0xFFFF, 0xFFFF, 0xFFFF, 0xFFFF, 0xFFFF, 0xFFFF, 0xC37F, 0xAEBF, 0xB29F, 0xBB5F, 0xB77F, 0xAF3F,
  0xB35F, 0xAE9F, 0x9D75, 0xA996, 0x98EE, 0xCA53, 0xFFFF, 0xFFFF, 0xFFFF, 0xFFFF, 0xFFFF, 0xFFFF, 0xFFFF, 0xFFFF, 0xFFFF, 0xFFFF,
  0xFFFF, 0xFFFF, 0xFFFF, 0xFFFF, 0xFFFF, 0xFFFF, 0xFFFF, 0xFFFF, 0xFFFF, 0xFFFF, 0xFFFF, 0xFFFF, 0xFFFF, 0xC1EF, 0x8421, 0xB9F2,
  0xC676, 0xB5F1, 0xFFFF, 0xFFFF, 0xFFFF, 0xFFFF, 0xFFFF, 0xE7FF, 0xD7FF, 0xD7FF, 0xFBFF, 0xEFFF, 0xB33F, 0xB75F, 0xAE9F, 0xA5B8,
  0xA152, 0x9CEA, 0xF7BD, 0xFFFF, 0xFFFF, 0xFFFF, 0xFFFF, 0xFFFF, 0xFFFF, 0xFFFF, 0xFFFF, 0xFFFF, 0xFFFF, 0xFFFF, 0xFFFF, 0xFFFF,
  0xFFFF, 0xFFFF, 0xFFFF, 0xFFFF, 0xFFFF, 0xFFFF, 0xFFFF, 0xFFFF, 0xFFFF, 0xBDEF, 0x8C64, 0xA0EA, 0x9486, 0x8C86, 0xFFFF, 0xFFFF,
  0xFFFF, 0xFFFF, 0xFFFF, 0xFFFF, 0xFFFF, 0xFFFF, 0xFFFF, 0xFFFF, 0xFBFF, 0xB75F, 0xBB5F, 0xA5DA, 0xA974, 0x8447, 0xBDEF, 0xFFFF,
  0xBDD1, 0xBDF1, 0xFFFF, 0xFFFF, 0xFFFF, 0xFFFF, 0xFFFF, 0xFFFF, 0xFFFF, 0xFFFF, 0xFFFF, 0xFFFF, 0xFFFF, 0xFFFF, 0xFFFF, 0xFFFF,
  0xFFFF, 0xFFFF, 0xFFFF, 0xFFFF, 0xFFFF, 0xB9CE, 0xC276, 0xA54D, 0x90A8, 0xF7FF, 0xFFFF, 0xFFFF, 0xFFFF, 0xFFFF, 0xFFFF, 0xFFFF,
  0xFFFF, 0xFFFF, 0xFFFF, 0xFFFF, 0xFFFF, 0xF7FF, 0xBF5F, 0xA5DA, 0x9D11, 0x9CEA, 0xFFFF, 0xCE77, 0xA0D7, 0x9CB1, 0xDEF8, 0xFFFF,
  0xFFFF, 0xFFFF, 0xFFFF, 0xFFFF, 0xFFFF, 0xFFFF, 0xFFFF, 0xFFFF, 0xFFFF, 0xFFFF, 0xFFFF, 0xFFFF, 0xFFFF, 0xFFFF, 0xFFFF, 0xFFFF,
  0xFFFF, 0xB9AD, 0xB213, 0xD79F, 0xCB3E, 0xFFFF, 0xFFFF, 0xFFFF, 0xFFFF, 0xFFFF, 0xF7FF, 0xBE76, 0xF7FF, 0xFFFF, 0xFFFF, 0xFFFF,
  0xFFFF, 0xFBFF, 0xC35F, 0xA5B8, 0xA131, 0xA0EB, 0xB170, 0x9C96, 0xB13E, 0x9CCE, 0xF39D, 0xFFFF, 0xFFFF, 0xFFFF, 0xFFFF, 0xFFFF,
  0xFFFF, 0xFFFF, 0xFFFF, 0xFFFF, 0xFFFF, 0xFFFF, 0xFFFF, 0xFFFF, 0xFFFF, 0xFFFF, 0xFFFF, 0xFFFF, 0xFFFF, 0xFFFF, 0xCA54, 0xA14D,
  0xA16E, 0xADD2, 0xB1F2, 0xB1F2, 0xB1F2, 0xB1F2, 0xADF3, 0xEFFF, 0xF3FF, 0xEBFF, 0xF7FF, 0xEFFF, 0xF7FF, 0xDBFF, 0xA9FA, 0xA595,
  0xA10D, 0x9047, 0xA093, 0xACF9, 0x946C, 0xFFFF, 0xFFFF, 0xFFFF, 0xFFFF, 0xFFFF, 0xFFFF, 0xFFFF, 0xFFFF, 0xFFFF, 0xFFFF, 0xFFFF,
  0xFFFF, 0xFFFF, 0xFFFF, 0xFFFF, 0xFFFF, 0xFFFF, 0xFFFF, 0xFFFF, 0xFFFF, 0xFFFF, 0xFFFF, 0xB9AD, 0xA96F, 0xDB7F, 0xD35F, 0xDB9F,
  0xE3BF, 0xE3DF, 0xE7FF, 0xCF5F, 0xD37F, 0xCF5F, 0xE3FF, 0xEFFF, 0xE7FF, 0xAA1A, 0xA575, 0xA973, 0x9068, 0x9C6B, 0xA4B1, 0x9C6F,
  0x9CAF, 0xB9B1, 0xFFFF, 0xFFFF, 0xFFFF, 0xFFFF, 0xFFFF, 0xFFFF, 0xFFFF, 0xFFFF, 0xFFFF, 0xFFFF, 0xFFFF, 0xFFFF, 0xFFFF, 0xFFFF,
  0xFFFF, 0xFFFF, 0xFFFF, 0xFFFF, 0xFFFF, 0xFFFF, 0xFFFF, 0xFFFF, 0xB9F1, 0xA56E, 0xA9B1, 0xA9B1, 0xB1F4, 0xADF4, 0xB237, 0xBA9B,
  0xEBFF, 0xFBFF, 0xF7FF, 0xFFFF, 0xCB5F, 0x9D52, 0xA130, 0x98AD, 0xA8F5, 0xA4AE, 0x8C46, 0x9CB2, 0xB53F, 0xA4D8, 0xB170, 0xFFFF,
  0xFFFF, 0xFFFF, 0xFFFF, 0xFFFF, 0xFFFF, 0xFFFF, 0xFFFF, 0xFFFF, 0xFFFF, 0xFFFF, 0xFFFF, 0xFFFF, 0xFFFF, 0xFFFF, 0xFFFF, 0xFFFF,
  0xFFFF, 0xFFFF, 0xFFFF, 0xFFFF, 0xFFFF, 0xF39C, 0x8421, 0x8844, 0xB617, 0xBABD, 0xD79F, 0xFFFF, 0xFFFF, 0xFFFF, 0xFFFF, 0xEBFF,
  0xB217, 0x908A, 0xA0D2, 0xA8D9, 0xA8D4, 0x8C46, 0xBDF0, 0xD276, 0x98CC, 0xA911, 0x8844, 0xF7BD, 0xFFFF, 0xFFFF, 0xFFFF, 0xFFFF,
  0xFFFF, 0xFFFF, 0xFFFF, 0xFFFF, 0xFFFF, 0xFFFF, 0xFFFF, 0xFFFF, 0xFFFF, 0xFFFF, 0xFFFF, 0xFFFF, 0xFFFF, 0xFFFF, 0xFFFF, 0xFFFF,
  0xFFFF, 0xFFFF, 0x9066, 0x988C, 0xA171, 0xE3FF, 0xF7FF, 0xFFFF, 0xFFFF, 0xFFFF, 0xD31F, 0x98CE, 0x9CB6, 0xA91D, 0xACFD, 0xACF8,
  0x94AB, 0x90A9, 0xC233, 0xFFFF, 0xFFFF, 0xFFFF, 0xFFFF, 0xFFFF, 0xFFFF, 0xFFFF, 0xFFFF, 0xFFFF, 0xFFFF, 0xFFFF, 0xFFFF, 0xFFFF,
  0xFFFF, 0xFFFF, 0xFFFF, 0xFFFF, 0xFFFF, 0xFFFF, 0xFFFF, 0xFFFF, 0xFFFF, 0xFFFF, 0xFFFF, 0xFFFF, 0xFFFF, 0xFFFF, 0xAD6E, 0xA4D7,
  0x98B2, 0xA553, 0xB63F, 0xB61D, 0xA993, 0x9D33, 0x9CFB, 0xA51F, 0xA91F, 0xA8FF, 0xB11B, 0x98AC, 0x9D0E, 0xA994, 0x94CB, 0xDEF8,
  0xFFFF, 0xFFFF, 0xFFFF, 0xFFFF, 0xFFFF, 0xFFFF, 0xFFFF, 0xFFFF, 0xFFFF, 0xFFFF, 0xFFFF, 0xFFFF, 0xFFFF, 0xFFFF, 0xFFFF, 0xFFFF,
  0xFFFF, 0xFFFF, 0xFFFF, 0xFFFF, 0xFFFF, 0xFFFF, 0xFFFF, 0xFFFF, 0xFFFF, 0xFFFF, 0xB150, 0x9875, 0xAD3F, 0xA95F, 0xA53F, 0xA55F,
  0xA55F, 0xAD7F, 0xA4FF, 0xA4FF, 0xB11F, 0xA8F9, 0x988D, 0x94CC, 0xA573, 0xA573, 0xA131, 0xAD8F, 0xFFFF, 0xFFFF, 0xFFFF, 0xFFFF,
  0xFFFF, 0xFFFF, 0xFFFF, 0xFFFF, 0xFFFF, 0xFFFF, 0xFFFF, 0xFFFF, 0xFFFF, 0xFFFF, 0xFFFF, 0xFFFF, 0xFFFF, 0xFFFF, 0xFFFF, 0xFFFF,
  0xFFFF, 0xFFFF, 0xFFFF, 0xFFFF, 0xFFFF, 0xB9CE, 0x988D, 0xACFD, 0xA4DE, 0xA0FF, 0xA0DF, 0xA0FF, 0xA0DF, 0xA0FF, 0xA8FF, 0xB11F,
  0xA8D9, 0x98AE, 0xADB3, 0xA9B6, 0xA152, 0xA572, 0xA994, 0x90CC, 0xBDF0, 0xFFFF, 0xFFFF, 0xFFFF, 0xFFFF, 0xFFFF, 0xFFFF, 0xFFFF,
  0xFFFF, 0xFFFF, 0xFFFF, 0xFFFF, 0xFFFF, 0xFFFF, 0xFFFF, 0xFFFF, 0xFFFF, 0xFFFF, 0xFFFF, 0xFFFF, 0xFFFF, 0xFFFF, 0xFFFF, 0xFFFF,
  0xFFFF, 0xB9AD, 0x8C28, 0xB0DD, 0xA91F, 0xA0FF, 0xA51F, 0xA0FF, 0xA0DF, 0xA91F, 0xAD3F, 0xA8FB, 0x98CF, 0xCAFC, 0xF3FF, 0xAE3A,
  0x9D32, 0xA573, 0xA152, 0xA973, 0x90A9, 0xE719, 0xFFFF, 0xFFFF, 0xFFFF, 0xFFFF, 0xFFFF, 0xFFFF, 0xFFFF, 0xFFFF, 0xFFFF, 0xFFFF,
  0xFFFF, 0xFFFF, 0xFFFF, 0xFFFF, 0xFFFF, 0xFFFF, 0xFFFF, 0xFFFF, 0xFFFF, 0xFFFF, 0xFFFF, 0xFFFF, 0xFFFF, 0xB9AE, 0xAD50, 0xAD1B,
  0xA95F, 0xA5BF, 0xA17F, 0xA55F, 0xA95F, 0xAD3F, 0xA8FB, 0x9CF0, 0xD35F, 0xFFFF, 0xE7FF, 0x9D98, 0xA196, 0xA152, 0xA552, 0xA573,
  0x98ED, 0xC632, 0xFFFF, 0xFFFF, 0xFFFF, 0xFFFF, 0xFFFF, 0xFFFF, 0xFFFF, 0xFFFF, 0xFFFF, 0xFFFF, 0xFFFF, 0xFFFF, 0xFFFF, 0xFFFF,
  0xFFFF, 0xFFFF, 0xFFFF, 0xFFFF, 0xFFFF, 0xFFFF, 0xFFFF, 0xFFFF, 0xFFFF, 0xB18C, 0xD31D, 0xB5BC, 0xA51F, 0xA99F, 0xA59F, 0xA55F,
  0xA93F, 0xA4FA, 0xA112, 0xD35F, 0xFFFF, 0xF7FF, 0xB2FF, 0xAA9F, 0xAE9F, 0xA175, 0xA152, 0xA152, 0xA994, 0x8C89, 0xDAD7, 0xFFFF,
  0xFFFF, 0xFFFF, 0xFFFF, 0xFFFF, 0xFFFF, 0xFFFF, 0xFFFF, 0xFFFF, 0xFFFF, 0xFFFF, 0xFFFF, 0xFFFF, 0xFFFF, 0xFFFF, 0xFFFF, 0xFFFF,
  0xFFFF, 0xFFFF, 0xFFFF, 0xFFFF, 0xFFFF, 0xB5AD, 0xCF3E, 0xC27D, 0xA0BB, 0xAD3F, 0xA93F, 0xAD3F, 0xA0D9, 0x9CF0, 0xDFFF, 0xFFFF,
  0xFFFF, 0xC3BF, 0xA6DF, 0xAAFF, 0xAEDF, 0xA61B, 0xA152, 0xA572, 0xA173, 0xA994, 0x94CA, 0xFFFF, 0xFFFF, 0xFFFF, 0xFFFF, 0xFFFF,
  0xFFFF, 0xFFFF, 0xFFFF, 0xFFFF, 0xFFFF, 0xFFFF, 0xFFFF, 0xFFFF, 0xFFFF, 0xFFFF, 0xFFFF, 0xFFFF, 0xFFFF, 0xFFFF, 0xFFFF, 0xFFFF,
  0xFFFF, 0xB5AD, 0xCB3F, 0xFBFF, 0xA957, 0xACFF, 0xB53F, 0xA0D8, 0xA994, 0xE3FF, 0xFFFF, 0xFFFF, 0xF7FF, 0xA6BF, 0xAAFF, 0xAADF,
  0xAADF, 0xAE9F, 0xA153, 0xA573, 0xA173, 0xA594, 0xA993, 0x9086, 0xFFFF, 0xFFFF, 0xFFFF, 0xFFFF, 0xFFFF, 0xFFFF, 0xFFFF, 0xFFFF,
  0xFFFF, 0xFFFF, 0xFFFF, 0xFFFF, 0xFFFF, 0xFFFF, 0xFFFF, 0xFFFF, 0xFFFF, 0xFFFF, 0xFFFF, 0xFFFF, 0xFFFF, 0xBE10, 0xB658, 0xFFFF,
  0xE39F, 0xA0B4, 0xA4D7, 0xB638, 0xF7FF, 0xFFFF, 0xFFFF, 0xFFFF, 0xC79F, 0xA6BF, 0xAAFF, 0xAADF, 0xAADF, 0xAEBF, 0xA1B7, 0xA173,
  0xA573, 0xA173, 0xA994, 0x9D0E, 0xA94B, 0xFFFF, 0xFFFF, 0xFFFF, 0xFFFF, 0xFFFF, 0xEF7B, 0xB5F1, 0xBA33, 0xADB0, 0xFFFF, 0xFFFF,
  0xFFFF, 0xFFFF, 0xFFFF, 0xFFFF, 0xFFFF, 0xFFFF, 0xFFFF, 0xFFFF, 0xFFFF, 0xFFFF, 0xA12C, 0xDBDF, 0xFFFF, 0xC658, 0xBA36, 0xFFFF,
  0xFFFF, 0xFFFF, 0xFFFF, 0xFFFF, 0xAABF, 0xAADF, 0xAADF, 0xAADF, 0xAADF, 0xAEFF, 0xAE7F, 0xA153, 0xA574, 0xA173, 0xA152, 0xAD94,
  0x8C88, 0xC211, 0xFFFF, 0xFFFF, 0xFFFF, 0xFFFF, 0xE739, 0xD719, 0xFFFF, 0xFFFF, 0xB1F2, 0xE319, 0xFFFF, 0xFFFF, 0xFFFF, 0xFFFF,
  0xFFFF, 0xFFFF, 0xFFFF, 0xFFFF, 0xFFFF, 0xFFFF, 0xBDD0, 0xC2FE, 0xFFFF, 0xFFFF, 0xFFFF, 0xFFFF, 0xFFFF, 0xFFFF, 0xFFFF, 0xF7FF,
  0xC3BF, 0xA6BF, 0xAADF, 0xAADF, 0xAADF, 0xAF1F, 0xAA7F, 0xA153, 0xA573, 0xA173, 0xA573, 0xA552, 0xAD94, 0x8446, 0xFBDE, 0xFFFF,
  0xFFFF, 0xFFFF, 0xFFFF, 0xBDF0, 0xA14D, 0xF3FF, 0xFFFF, 0xB214, 0xFFFF, 0xFFFF, 0xFFFF, 0xFFFF, 0xFFFF, 0xFFFF, 0xFFFF, 0xFFFF,
  0xFFFF, 0xFFFF, 0xA929, 0xB238, 0xE7FF, 0xE3FF, 0xFFFF, 0xFFFF, 0xFFFF, 0xFFFF, 0xFFFF, 0xF3FF, 0xC3BF, 0xA6BF, 0xAADF, 0xAADF,
  0xAAFF, 0xAF1F, 0xAA9F, 0xA153, 0xA574, 0xA573, 0xA572, 0xA572, 0xA173, 0xA151, 0xB1B0, 0xFFFF, 0xFFFF, 0xFFFF, 0xFFFF, 0xFFFF,
  0x9485, 0xA194, 0xE3FF, 0xFFFF, 0xFFFF, 0xFFFF, 0xFFFF, 0xFFFF, 0xFFFF, 0xFFFF, 0xFFFF, 0xFFFF, 0xFFFF, 0xFFFF, 0xFBDE, 0xAD90,
  0xCF5F, 0xCF7F, 0xF3FF, 0xFFFF, 0xFFFF, 0xFFFF, 0xFFFF, 0xDFFF, 0xDBFF, 0xA6BF, 0xAAFF, 0xAAFF, 0xAAFF, 0xAEDF, 0xAA3C, 0xA174,
  0xA574, 0xA573, 0xA572, 0xA573, 0xA173, 0xA594, 0x9D30, 0xBDF1, 0xFFFF, 0xFFFF, 0xFFFF, 0xFFFF, 0xFFFF, 0x9D2E, 0xB69F, 0xE3FF,
  0xFFFF, 0xFFFF, 0xFFFF, 0xFFFF, 0xFFFF, 0xFFFF, 0xFFFF, 0xFFFF, 0xFFFF, 0xFFFF, 0xFFFF, 0xBDF1, 0xBA9D, 0xBA7A, 0xE3FF, 0xEFFF,
  0xFFFF, 0xFFFF, 0xFFFF, 0xBA79, 0xDFFF, 0xA6DF, 0xAAFF, 0xA6FF, 0xAF1F, 0xAA3D, 0x9910, 0xADF9, 0xA153, 0xA574, 0xA994, 0xA994,
  0xA994, 0xA574, 0xAD95, 0x98ED, 0xBDF0, 0xFFFF, 0xFFFF, 0xFFFF, 0xFFFF, 0xAD6D, 0x9954, 0xC75F, 0xFFFF, 0xFFFF, 0xFFFF, 0xFFFF,
  0xFFFF, 0xFFFF, 0xFFFF, 0xFFFF, 0xFFFF, 0xFFFF, 0xFFFF, 0xB18E, 0xBADF, 0xBEFF, 0xB637, 0xDFDF, 0xE7FF, 0xEBFF, 0xE7FF, 0xC299,
  0xFFFF, 0xB73F, 0xA6FF, 0xAAFF, 0xAF1F, 0xA5FA, 0xA573, 0xCB3F, 0xA9D7, 0xA151, 0x94AB, 0x98CC, 0x9D0F, 0xA573, 0xA573, 0xB1B5,
  0x8425, 0xFFFF, 0xFFFF, 0xFFFF, 0xFFFF, 0xA94B, 0x90CD, 0xB27F, 0xFFFF, 0xFFFF, 0xFFFF, 0xFFFF, 0xFFFF, 0xFFFF, 0xFFFF, 0xFFFF,
  0xFFFF, 0xFFFF, 0xFFFF, 0xEF7C, 0xA9D5, 0xCFBF, 0xB239, 0xA14F, 0xD33F, 0xD39F, 0xD77F, 0xC699, 0xF7FF, 0xD7FF, 0xAAFF, 0xAAFF,
  0xB31F, 0xA5F8, 0xADF6, 0xE3FF, 0xA9D7, 0x9D50, 0xCB3F, 0xB69E, 0xA5FA, 0xA173, 0x9D0F, 0xA973, 0x98EC, 0xC632, 0xFFFF, 0xFFFF,
  0xFFFF, 0xA94B, 0x94CD, 0xA1DA, 0xFFFF, 0xFFFF, 0xFFFF, 0xFFFF, 0xFFFF, 0xFFFF, 0xFFFF, 0xFFFF, 0xFFFF, 0xFFFF, 0xFFFF, 0xFFFF,
  0xA56E, 0xBF3F, 0xD3BF, 0xB1D3, 0xA12E, 0xDB7F, 0xE3DF, 0xD73F, 0xAD91, 0xFFFF, 0xB31F, 0xAADF, 0xB2FF, 0x992F, 0xA9D5, 0xC73F,
  0xA9D5, 0xDBDF, 0xDFFF, 0xBB5F, 0xAA9F, 0xAA3E, 0xA174, 0x9D10, 0xA973, 0x8423, 0xFFFF, 0xFFFF, 0xFFFF, 0xA94B, 0x94CE, 0xA5DA,
  0xFFFF, 0xFFFF, 0xFFFF, 0xFFFF, 0xFFFF, 0xFFFF, 0xFFFF, 0xFFFF, 0xFFFF, 0xFFFF, 0xFFFF, 0xFFFF, 0xA54D, 0xB6DF, 0xDBFF, 0xD33F,
  0x9088, 0xA54F, 0xE3BF, 0xCF3F, 0xB5F3, 0xFFFF, 0xB31F, 0xAEFF, 0xAA5E, 0xA150, 0xC6DF, 0xA9D7, 0xD77F, 0xEFFF, 0xB75F, 0xA25F,
  0xA65F, 0xAA7F, 0xAE7F, 0xA196, 0xA131, 0x9CEC, 0xB9EF, 0xFFFF, 0xFFFF, 0xA52B, 0x98EF, 0xA9DA, 0xFFFF, 0xFFFF, 0xFFFF, 0xFFFF,
  0xFFFF, 0xFFFF, 0xFFFF, 0xFFFF, 0xFFFF, 0xFFFF, 0xFFFF, 0xFFFF, 0xA52C, 0xB6BF, 0xDFFF, 0xCF1F, 0x98CA, 0xAD91, 0xBA38, 0xCEDD,
  0xB5D2, 0xFFFF, 0xAEFF, 0xAEFF, 0xA61C, 0xADD5, 0xC2BE, 0xB635, 0xFFFF, 0xD3FF, 0xA27F, 0xA67F, 0xAA7F, 0xA67F, 0xAA7F, 0xAE5F,
  0xA174, 0xA993, 0x8445, 0xFFFF, 0xFFFF, 0x94C9, 0x9D32, 0xAE3D, 0xFFFF, 0xFFFF, 0xFFFF, 0xFFFF, 0xFFFF, 0xFFFF, 0xFFFF, 0xFFFF,
  0xFFFF, 0xFFFF, 0xFFFF, 0xFFFF, 0xA52C, 0xBEFF, 0xE3FF, 0xD33F, 0x98A9, 0xAD71, 0xB5F7, 0xA550, 0xB1B1, 0xFFFF, 0xBB3F, 0xAEFF,
  0xAE5C, 0xB1F5, 0xBE7B, 0xC298, 0xFFFF, 0xCFFF, 0xA69F, 0xA67F, 0xA67F, 0xA67F, 0xA67F, 0xAEBF, 0xA9FB, 0xA553, 0x94A9, 0xD6B5,
  0xA94C, 0x98CC, 0xA174, 0xB25F, 0xFFFF, 0xFFFF, 0xFFFF, 0xFFFF, 0xFFFF, 0xFFFF, 0xFFFF, 0xFFFF, 0xFFFF, 0xFFFF, 0xFFFF, 0xFFFF,
  0xA52C, 0xD7DF, 0xE7FF, 0xD35F, 0x98A8, 0x98C9, 0xBE7C, 0xADB4, 0xA54D, 0xFFFF, 0xC79F, 0xAEBF, 0xA194, 0xB217, 0xBE7B, 0xC298,
  0xFFFF, 0xCFFF, 0xA69F, 0xA67F, 0xAA7F, 0xAA7F, 0xA69F, 0xA69F, 0xAE9F, 0xA9D9, 0x94AA, 0x8422, 0x98CB, 0x9D0F, 0xA5B9, 0xB25E,
};
#define assets_c23_W 44
#define assets_c23_H 44

static const unsigned short assets_c24[1936] = {
  0xFFFF, 0xFFFF, 0xAE88, 0xC7F4, 0xB74D, 0xAE08, 0xFFFF, 0xFFFF, 0xFFFF, 0xFFFF, 0xFFFF, 0xFFFF, 0xFFFF, 0xFFFF, 0xFFFF, 0xFFFF,
  0xFFFF, 0xFFFF, 0xFFFF, 0xFFFF, 0xFFFF, 0xAE06, 0xBF4C, 0xA1A2, 0xEB76, 0xFFFF, 0xFFFF, 0xADB1, 0xC75F, 0xFFFF, 0xF3FF, 0x990B,
  0xA52F, 0xAD94, 0xA129, 0xBFF6, 0xAFF7, 0xABF3, 0xB7F9, 0xB3FB, 0xB7F8, 0xAEE9, 0xB6EA, 0xB74C, 0xFFFF, 0xFFFE, 0xB246, 0xB2C9,
  0xE355, 0xFFFF, 0xFFFF, 0xFFFF, 0xFFFF, 0xFFFF, 0xFFFF, 0xFFFF, 0xFFFF, 0xFFFF, 0xFFFF, 0xFFFF, 0xFFFF, 0xFFFF, 0xFFFF, 0xFFFF,
  0xFFFF, 0xAE26, 0xB6A8, 0xDAF2, 0xFFFF, 0xFFFF, 0xFFFF, 0xC631, 0xA1B2, 0xD3FF, 0xD3FF, 0x990C, 0xA12F, 0xAD95, 0xA54B, 0xB7B2,
  0xB3F6, 0xABF4, 0xB3F9, 0xB3FA, 0xB3F3, 0xB2EA, 0xB6C9, 0xBB4C, 0xFFFF, 0xFFFF, 0xAD86, 0xFBFA, 0xFFFF, 0xFFFF, 0xFFFF, 0xFFFF,
  0xFFFF, 0xFFFF, 0xFFFF, 0xFFFF, 0xFFFF, 0xFFFF, 0xFFFF, 0xFFFF, 0xFFFF, 0xFFFF, 0xFFFF, 0xFFFF, 0xFFFF, 0xA9A4, 0xCACD, 0xFFFF,
  0xFFFF, 0xFFFF, 0xFFFF, 0xFFFF, 0xC211, 0xA5F5, 0xBABE, 0x98C9, 0xA52F, 0xA994, 0xA96F, 0xB6CD, 0xB7F5, 0xABF4, 0xAFF8, 0xB7F8,
  0xAFCE, 0xB78E, 0xB6EA, 0xBB2C, 0xFFFF, 0xFFFF, 0xFFFF, 0xFFFF, 0xFFFF, 0xFFFF, 0xFFFF, 0xFFFF, 0xFFFF, 0xFFFF, 0xFFFF, 0xFFFF,
  0xB9AD, 0xA108, 0xA90A, 0xA509, 0x9CC7, 0xB9AE, 0xFFFF, 0xFFFF, 0xFFFF, 0xE335, 0xC20C, 0xFFFF, 0xFFFF, 0xFFFF, 0xFFFF, 0xFFFF,
  0xFFFF, 0xFFFF, 0x9CC8, 0x98A7, 0xA950, 0xA573, 0xAD94, 0xA56C, 0xB3D1, 0xB7F6, 0xBBF7, 0xABCF, 0xB3F3, 0xB3CF, 0xB6EA, 0xB6EB,
  0xFFFF, 0xFFFF, 0xFFFF, 0xFFFF, 0xFFFF, 0xFFFF, 0xFFFF, 0xFFFF, 0xFFFF, 0xFFFF, 0xEF5A, 0x98C6, 0x98A7, 0xA4EC, 0xA92E, 0xA92E,
  0xA50E, 0xA50C, 0xA4E8, 0x9CC7, 0xEB5B, 0xFFFF, 0xFFFF, 0xFFFF, 0xFFFF, 0xFFFF, 0xFFFF, 0xFFFF, 0xFFFF, 0xFFFF, 0xCA51, 0x9488,
  0xB219, 0xADD8, 0xAD95, 0xA52D, 0xB6ED, 0xBB4E, 0xA226, 0xB7F3, 0xB3F6, 0xAFEF, 0xB32A, 0xBB2C, 0xFFFF, 0xFFFF, 0xFFFF, 0xFFFF,
  0xFFFF, 0xFFFF, 0xFFFF, 0xFFFF, 0xFFFF, 0xB9AE, 0x8C45, 0xA52E, 0xA94F, 0xA94F, 0xAD50, 0xAD72, 0xAD72, 0xA950, 0xA0EC, 0x9888,
  0xCE54, 0xFFFF, 0xFFFF, 0xFFFF, 0xFFFF, 0xFFFF, 0xFFFF, 0xFFFF, 0xFFFF, 0xFFFF, 0xCE52, 0x94CC, 0xB65E, 0xAE1B, 0xA574, 0xAD70,
  0xA505, 0xA963, 0xAF0D, 0xB3F7, 0xAFF7, 0xAFEF, 0xB32A, 0xB74B, 0xFFFF, 0xFFFF, 0xFFFF, 0xFFFF, 0xFFFF, 0xFFFF, 0xFFFF, 0xCA32,
  0x9465, 0xA50B, 0xA92E, 0xA950, 0xA971, 0xA971, 0xA94F, 0xA0EB, 0xA52D, 0xAD72, 0xB1B5, 0xAD50, 0x9025, 0x98C6, 0xFFFF, 0xFFFF,
  0xFFFF, 0xFFFF, 0xFFFF, 0xFFFF, 0xFFFF, 0xFFFF, 0xCE52, 0x9D0F, 0xB21B, 0xADF9, 0xAD96, 0x9CEC, 0xB149, 0xADA7, 0xB3F5, 0xA7F7,
  0xABF7, 0xAFF0, 0xB34B, 0xB74B, 0xFFFF, 0xFFFF, 0xFFFF, 0xFFFF, 0xFFFF, 0xFFFF, 0xFFFF, 0xD275, 0x9CAB, 0xA92E, 0xA4EC, 0xA92E,
  0xA94F, 0xA972, 0xA972, 0xA950, 0xA10C, 0xA92E, 0xAD71, 0xAD50, 0x9CAA, 0xCA33, 0xFFFF, 0xFFFF, 0xFFFF, 0xFFFF, 0xFFFF, 0xFFFF,
  0xFFFF, 0xFFFF, 0xCE53, 0x98EE, 0xADB7, 0xA574, 0xAD96, 0x94A8, 0xFFFF, 0xC26D, 0xABD1, 0xABF6, 0xABF6, 0xB3F5, 0xB36C, 0xB74B,
  0xFFFF, 0xFFFF, 0xFFFF, 0xFFFF, 0xFFFF, 0xFFFF, 0xFFFF, 0xA50A, 0xA50D, 0xAD72, 0xA92F, 0xA90D, 0xA50C, 0xA52C, 0xA94F, 0xB1B4,
  0xA92E, 0xA4EB, 0x9CAA, 0xA90D, 0xAD4F, 0x9888, 0xD6B5, 0xFFFF, 0xFFFF, 0xFFFF, 0xFFFF, 0xFFFF, 0xFFFF, 0xFFFF, 0xB9CE, 0xA5B5,
  0xB69F, 0xA5D7, 0xA995, 0x94A8, 0xFFFF, 0xE756, 0xA6AA, 0xAFF5, 0xA7F5, 0xAFF4, 0xB36C, 0xBB2C, 0xFFFF, 0xFFFF, 0xFFFF, 0xFFFF,
  0xFFFF, 0xFFFF, 0xB9CF, 0x9CCB, 0xB193, 0xA992, 0xB1B4, 0xAD4F, 0xA0CA, 0x9CCA, 0x9CEB, 0xA10C, 0xA0C9, 0x9CC9, 0xBA18, 0xA10D,
  0x9CA8, 0x9044, 0xCE73, 0xFFFF, 0xFFFF, 0xFFFF, 0xFFFF, 0xFFFF, 0xFFFF, 0xE2F7, 0x9088, 0xB69E, 0xB2DF, 0xB25D, 0xADF9, 0x9089,
  0xFFFF, 0xFFFF, 0xB68C, 0xB3F3, 0xABF5, 0xB3F4, 0xB76C, 0xBF2C, 0xFFFF, 0xFFFF, 0xFFFF, 0xFFFF, 0xFFFF, 0xFFFF, 0xC1EF, 0x9466,
  0xAD50, 0xB1B3, 0xAD71, 0xA90C, 0x98AA, 0xBE1A, 0xAD94, 0xA950, 0xA10D, 0xA10F, 0xB1D7, 0xAD93, 0x9886, 0x9485, 0xEF7B, 0xFFFF,
  0xFFFF, 0xFFFF, 0xFFFF, 0xFFFF, 0xFFFF, 0xE2F7, 0x94CC, 0xB65D, 0xB29F, 0xA9FA, 0xADD8, 0x9088, 0xFFFF, 0xFFFF, 0xFFFF, 0xAA89,
  0xB7F3, 0xAFF1, 0xB34C, 0xC30C, 0xFFFF, 0xFFFF, 0xFFFF, 0xFFFF, 0xFFFF, 0xFFFF, 0xC1EF, 0x9023, 0xA4EA, 0xAD4F, 0xA92D, 0x9CCB,
  0xB5B6, 0xA0F0, 0xA951, 0xA975, 0xCB1F, 0xC2BF, 0x98CE, 0xA950, 0x9066, 0xCA31, 0xFFFF, 0xFFFF, 0xFFFF, 0xFFFF, 0xFFFF, 0xFFFF,
  0xFFFF, 0xE719, 0x9D10, 0xB21C, 0xA5F9, 0xA9B7, 0xB1B6, 0x9088, 0xFFFF, 0xFFFF, 0xFFFF, 0xF3D8, 0xAA88, 0xBBF1, 0xB72C, 0xBECB,
  0xFFFF, 0xFFFF, 0xFFFF, 0xFFFF, 0xFFFF, 0xFFFF, 0xB58C, 0x8821, 0xA4C9, 0xA90B, 0xAD2C, 0x9CED, 0xC27F, 0xAD52, 0x9CCB, 0xA552,
  0xBEDF, 0xC75F, 0xBA3D, 0x98A8, 0x98A8, 0xCA52, 0xFFFF, 0xFFFF, 0xFFFF, 0xFFFF, 0xFFFF, 0xFFFF, 0xFFFF, 0xC1F0, 0xA174, 0xBABF,
  0xB25F, 0xADB6, 0xA10E, 0x8C44, 0xFFFF, 0xFFFF, 0xFFFF, 0xFFFF, 0xBE6A, 0xB76E, 0xBB0B, 0xB1E6, 0xFFFF, 0xFFFF, 0xFFFF, 0xFFFF,
  0xFFFF, 0xFFFF, 0xEF7B, 0xA108, 0x9C86, 0x9CA7, 0xA0C8, 0xA10D, 0xBA5F, 0xAD73, 0xD695, 0x98C9, 0xBEBF, 0xCB7F, 0xAE1C, 0xA990,
  0xCEFC, 0xC632, 0xFFFF, 0xFFFF, 0xFFFF, 0xFFFF, 0xFFFF, 0xFFFF, 0xEB39, 0x8845, 0xB25D, 0xB2BF, 0xB67F, 0x9D10, 0xA972, 0x9D0F,
  0xF39D, 0xFFFF, 0xFFFF, 0xFFFF, 0xE796, 0xB2A9, 0xBEAB, 0xDAF2, 0xFFFF, 0xFFFF, 0xFFFF, 0xFFFF, 0xFFFF, 0xFFFF, 0xFFFF, 0xCA31,
  0x8422, 0xBA19, 0xA972, 0x908A, 0xBE9F, 0xBE9F, 0xFFFF, 0xC679, 0xC2DF, 0xC75F, 0xBA7F, 0xBEBF, 0xB65C, 0xCA53, 0xFFFF, 0xFFFF,
  0xFFFF, 0xFFFF, 0xFFFF, 0xFFFF, 0xEB39, 0x992F, 0xBAFF, 0xB2DF, 0xB69F, 0x94AC, 0xB63E, 0xCAFF, 0x98CA, 0xFFFF, 0xFFFF, 0xFFFF,
  0xFFFF, 0xBA4A, 0xB1A7, 0xFFFF, 0xFFFF, 0xFFFF, 0xFFFF, 0xFFFF, 0xFFFF, 0xFFFF, 0xFFFF, 0xFFFF, 0x98A7, 0xC29F, 0xBE5F, 0xA9B8,
  0xC2DF, 0xD3DF, 0xD3BF, 0xDFFF, 0xCB5F, 0xCB5F, 0xA9FC, 0xC6FF, 0xADDA, 0xD274, 0xFFFF, 0xFFFF, 0xFFFF, 0xFFFF, 0xFFFF, 0xFFFF,
  0xEF5A, 0x9551, 0xBF5F, 0xB73F, 0xB6BF, 0x94CC, 0xB1FC, 0xCAFF, 0x8C88, 0xFFFF, 0xFFFF, 0xFFFF, 0xFFFF, 0xFFFF, 0xF399, 0xFFFF,
  0xFFFF, 0xFFFF, 0xFFFF, 0xFFFF, 0xFFFF, 0xFFFF, 0xFFFF, 0xFFFF, 0xE319, 0x9D11, 0xBA1C, 0xB5FD, 0xCB3F, 0xC77F, 0xCB7F, 0xBEDF,
  0xBEDF, 0xBEDF, 0xB65F, 0xC2DF, 0xA9B9, 0xC631, 0xFFFF, 0xFFFF, 0xFFFF, 0xFFFF, 0xFFFF, 0xFFFF, 0xB58C, 0x9D92, 0xBB3F, 0xB73F,
  0xBABF, 0x98CC, 0xAD75, 0xA996, 0xD297, 0xFFFF, 0xFFFF, 0xFFFF, 0xFFFF, 0xFFFF, 0xFFFF, 0xFFFF, 0xFFFF, 0xFFFF, 0xFFFF, 0xFFFF,
  0xFFFF, 0xFFFF, 0xFFFF, 0xFFFF, 0xFFFF, 0xD294, 0x8422, 0x8425, 0xB61C, 0xCF7F, 0xCB5F, 0xC2BF, 0xFFFF, 0xFFFF, 0xE7FF, 0xB65F,
  0xB1D4, 0xFFFF, 0xFFFF, 0xFFFF, 0xFFFF, 0xFFFF, 0xE739, 0xA50F, 0x8424, 0xA172, 0xB27F, 0xB29F, 0xB23C, 0xAD94, 0x98A9, 0xC612,
  0xFFFF, 0xFFFF, 0xFFFF, 0xFFFF, 0xFFFF, 0xFFFF, 0xFFFF, 0xFFFF, 0xFFFF, 0xFFFF, 0xFFFF, 0xFFFF, 0xFFFF, 0xFFFF, 0xFFFF, 0xFFFF,
  0xFFFF, 0xFFFF, 0xF37B, 0xEF5A, 0x9CEB, 0xB1FB, 0xB69F, 0xD77F, 0xFBFF, 0xFFFF, 0xE3BF, 0xA596, 0xA92C, 0xF79D, 0xE719, 0xE2F8,
  0xE31A, 0xA551, 0x98D0, 0xAD76, 0x9CEE, 0xA9B6, 0xAE1A, 0xA5B7, 0xA9B7, 0xB619, 0x8C67, 0xFFFF, 0xFFFF, 0xFFFF, 0xFFFF, 0xFFFF,
  0xFFFF, 0xFFFF, 0xFFFF, 0xFFFF, 0xFFFF, 0xFFFF, 0xFFFF, 0xFFFF, 0xFFFF, 0xFFFF, 0xFFFF, 0xFFFF, 0xFFFF, 0xFFFF, 0xFFFF, 0xFFDF,
  0xA52F, 0xA133, 0xADFB, 0xA9DB, 0xA198, 0xA5B9, 0xA575, 0x94AD, 0xA996, 0x9D13, 0x9D34, 0x9D34, 0xA9BA, 0xC29F, 0xCADF, 0xA553,
  0x9D2F, 0xB67E, 0xB29F, 0xAA1A, 0xA9B7, 0xA130, 0xC212, 0xFFFF, 0xFFFF, 0xFFFF, 0xFFFF, 0xFFFF, 0xFFFF, 0xFFFF, 0xFFFF, 0xFFFF,
  0xFFFF, 0xFFFF, 0xFFFF, 0xFFFF, 0xFFFF, 0xFFFF, 0xFFFF, 0xFFFF, 0xFFFF, 0xFFFF, 0xEF7B, 0x94CC, 0xB21E, 0xC2BF, 0xB21F, 0x9D33,
  0xA132, 0x9D32, 0xA997, 0xB63F, 0xBA7F, 0xC2BF, 0xBEBF, 0xC6DF, 0xC6DF, 0xBA7F, 0xADB9, 0x9088, 0xA593, 0xB6BF, 0xB71F, 0xB6BF,
  0xADD8, 0x94CA, 0xFFFF, 0xFFFF, 0xFFFF, 0xFFFF, 0xFFFF, 0xFFFF, 0xFFFF, 0xFFFF, 0xFFFF, 0xFFFF, 0xFFFF, 0xFFFF, 0xFFFF, 0xFFFF,
  0xFFFF, 0xFFFF, 0xFFFF, 0xFFFF, 0xFFFF, 0xEB5B, 0x9911, 0xC2BF, 0xBEDF, 0xB67F, 0xBEBF, 0xBA9F, 0xB65F, 0xB65F, 0xBA7F, 0xB67F,
  0xB63F, 0xBA5F, 0xBA3F, 0xA156, 0x9D13, 0xA131, 0xA130, 0xAD91, 0x9D0E, 0xB25A, 0xB2BF, 0xB2BF, 0xA9B8, 0x94CA, 0xFFFF, 0xFFFF,
  0xFFFF, 0xFFFF, 0xFFFF, 0xFFFF, 0xFFFF, 0xFFFF, 0xFFFF, 0xFFFF, 0xFFFF, 0xFFFF, 0xFFFF, 0xFFFF, 0xFFFF, 0xFFFF, 0xFFFF, 0xFFFF,
  0xFFFF, 0xAD6D, 0xB21E, 0xC73F, 0xBF1F, 0xC2FF, 0x9D77, 0xAE1E, 0xC71F, 0xC31F, 0xC2FF, 0xB65F, 0xA9BA, 0x94AD, 0x94AB, 0xD275,
  0xFFFF, 0x94AB, 0xBA5E, 0xC2BF, 0x990F, 0xA173, 0x9D51, 0xB219, 0xADF8, 0x94C9, 0xFFFF, 0xFFFF, 0xFFFF, 0xFFFF, 0xFFFF, 0xFFFF,
  0xFFFF, 0xFFFF, 0xFFFF, 0xFFFF, 0xFFFF, 0xFFFF, 0xFFFF, 0xFFFF, 0xFFFF, 0xFFFF, 0xFFFF, 0xFFFF, 0xFFFF, 0xB9D0, 0xADFD, 0xC75F,
  0xBF1F, 0xBEFF, 0xBA9F, 0xADFD, 0xA197, 0xA9DA, 0xB65F, 0xBE7F, 0xA553, 0xF7BE, 0xFFFF, 0xB16C, 0xCA77, 0xC6BF, 0xBEDF, 0xBEFF,
  0xCB3F, 0xC2DF, 0xA153, 0xA573, 0xA995, 0x9086, 0xFFFF, 0xFFFF, 0xFFFF, 0xFFFF, 0xFFFF, 0xFFFF, 0xFFFF, 0xFFFF, 0xFFFF, 0xFFFF,
  0xFFFF, 0xFFFF, 0xFFFF, 0xFFFF, 0xFFFF, 0xFFFF, 0xFFFF, 0xFFFF, 0xFFFF, 0xB9B0, 0xADFD, 0xC6FF, 0xC2FF, 0xBF1F, 0xC33F, 0xC73F,
  0xBA9F, 0xB23D, 0x9D53, 0x9D10, 0x9D10, 0xC637, 0xDF5F, 0xC2DF, 0xB25F, 0xC73F, 0xC73F, 0xC71F, 0xC73F, 0xC2DF, 0xA174, 0xA573,
  0xADB5, 0x8844, 0xFFFF, 0xFFFF, 0xFFFF, 0xFFFF, 0xFFFF, 0xFFFF, 0xFFFF, 0xFFFF, 0xFFFF, 0xFFFF, 0xFFFF, 0xFFFF, 0xFFFF, 0xFFFF,
  0xFFFF, 0xFFFF, 0xFFFF, 0xFFFF, 0xFFFF, 0xB5B0, 0xB61E, 0xB21F, 0xA177, 0xB65F, 0xC2FF, 0xBEFF, 0xC33F, 0xC73F, 0xC31F, 0xC2DF,
  0xC6FF, 0xBEBF, 0xBEDF, 0xCF5F, 0xCF5F, 0xCB3F, 0xC2DF, 0xADFE, 0xB1FC, 0xA174, 0xA151, 0xB1D8, 0x98ED, 0xE319, 0xFFFF, 0xFFFF,
  0xFFFF, 0xFFFF, 0xFFFF, 0xFFFF, 0xFFFF, 0xFFFF, 0xFFFF, 0xFFFF, 0xFFFF, 0xFFFF, 0xFFFF, 0xFFFF, 0xFFFF, 0xFFFF, 0xFFFF, 0xFFFF,
  0xFFFF, 0xB5D0, 0xB1FE, 0xBE7F, 0xA597, 0x9D33, 0xA577, 0xADDB, 0xC2BF, 0xBEBF, 0xBEBF, 0xC6DF, 0xC2BF, 0xCAFF, 0xBA5E, 0x98EF,
  0x990E, 0x9D0E, 0x9D0F, 0x9D10, 0x9D10, 0xA573, 0xA9B5, 0xB1D7, 0x8C66, 0xFFFF, 0xFFFF, 0xFFFF, 0xFFFF, 0xFFFF, 0xFFFF, 0xFFFF,
  0xFFFF, 0xFFFF, 0xFFFF, 0xFFFF, 0xFFFF, 0xFFFF, 0xFFFF, 0xFFFF, 0xFFFF, 0xFFFF, 0xFFFF, 0xFFFF, 0xFFFF, 0xB190, 0xB61F, 0xC2BF,
  0xBE7F, 0xB61E, 0xA997, 0xA132, 0x9D10, 0x9D10, 0x9D0F, 0x98CD, 0x98EC, 0x98EB, 0xB5B0, 0xFFFF, 0xFFFF, 0xCA32, 0x9D2F, 0xBA7D,
  0xAE3C, 0xB23D, 0xB1FA, 0xADB5, 0x9086, 0xFFFF, 0xFFFF, 0xFFFF, 0xFFFF, 0xFFFF, 0xFFFF, 0xFFFF, 0xFFFF, 0xFFFF, 0xFFFF, 0xFFFF,
  0xFFFF, 0xFFFF, 0xFFFF, 0xFFFF, 0xFFFF, 0xFFFF, 0xFFFF, 0xFFFF, 0xCA54, 0xA995, 0xA9B9, 0xBE9F, 0xBA9F, 0xBE9F, 0xBE9F, 0xB63F,
  0xA997, 0xAD95, 0xA951, 0x98A6, 0xFFFF, 0xFFFF, 0xFFFF, 0xFFFF, 0xFFFF, 0x9D0C, 0xB23B, 0xBF1F, 0xBB3F, 0xB6DF, 0xAE1A, 0xB1F8,
  0x9066, 0xFFFF, 0xFFFF, 0xFFFF, 0xFFFF, 0xFFFF, 0xFFFF, 0xFFFF, 0xFFFF, 0xFFFF, 0xFFFF, 0xFFFF, 0xFFFF, 0xFFFF, 0xFFFF, 0xFFFF,
  0xFFFF, 0xEF7D, 0xB5D0, 0xA54C, 0xA551, 0xBA3B, 0x9D31, 0xBE9F, 0xBE9F, 0xBA9F, 0xBA9F, 0xBE9F, 0xBA5F, 0xB1D9, 0xA551, 0x98C8,
  0xFFFF, 0xFFFF, 0xFFFF, 0xFFFF, 0xFBDE, 0x90AA, 0xB67E, 0xB6DF, 0xBAFF, 0xB6BF, 0xA9FB, 0xB63C, 0x8C67, 0xFFFF, 0xFFFF, 0xFFFF,
  0xFFFF, 0xFFFF, 0xFFFF, 0xFFFF, 0xFFFF, 0xFFFF, 0xFFFF, 0xFFFF, 0xFFFF, 0xFFFF, 0xFFFF, 0xF3BF, 0xB617, 0xA9F7, 0xB29D, 0xBEFF,
  0xADD5, 0x90A8, 0xA0ED, 0xC65F, 0xCA9F, 0xC69F, 0xCEDF, 0xCE9F, 0xAD52, 0x98CB, 0xA572, 0xAD91, 0x9463, 0xFFFF, 0xFFFF, 0xFFFF,
  0xE75A, 0x990E, 0xB25C, 0xAA1A, 0xAA3B, 0xAE3B, 0xADF9, 0xB619, 0x8C86, 0xFFFF, 0xFFFF, 0xFFFF, 0xFFFF, 0xFFFF, 0xFFFF, 0xFFFF,
  0xFFFF, 0xFFFF, 0xFFFF, 0xFFFF, 0xFFFF, 0xFFFF, 0xEF9D, 0xADB2, 0xA94E, 0xAD0A, 0xA8EA, 0xA4EA, 0xA92D, 0xCADD, 0x990D, 0x98CB,
  0xA92E, 0xB170, 0xB190, 0xA90C, 0xA52F, 0xB1F9, 0xA972, 0xA8E7, 0xC988, 0xB904, 0xB105, 0x9C83, 0x98EB, 0xBADF, 0xB6DF, 0xB6BF,
  0xA5D9, 0xA9D7, 0xA9B6, 0x94CA, 0xFFFF, 0xFFFF, 0xFFFF, 0xFFFF, 0xFFFF, 0xFFFF, 0xFFFF, 0xFFFF, 0xFFFF, 0xFFFF, 0xFFFF, 0xFFFF,
  0xFFFF, 0xFFFF, 0xB1F5, 0xB5B0, 0xD18A, 0xF670, 0xEE2E, 0xF650, 0xD16A, 0x98A9, 0xBA7C, 0xBA9E, 0xA591, 0xB615, 0xC73F, 0xBEFF,
  0xBE9D, 0xAD4F, 0xB506, 0xD5C8, 0xE649, 0xEE8A, 0xF2AB, 0xC166, 0x98CB, 0xB6BF, 0xB71F, 0xB71F, 0xAE5C, 0xA5B7, 0xB1D7, 0x9088,
  0xFFFF, 0xFFFF, 0xFFFF, 0xFFFF, 0xFFFF, 0xFFFF, 0xFFFF, 0xFFFF, 0xFFFF, 0xFFFF, 0xFFFF, 0xFFFF, 0xFFFF, 0xADB3, 0xADB3, 0xB907,
  0xF670, 0xEA0C, 0xF26F, 0xEE0C, 0xEE0D, 0xB10B, 0x9D73, 0xAD4F, 0xB529, 0xB54A, 0xB58C, 0xB58D, 0xB98B, 0xD1A9, 0xE64A, 0xDE08,
  0xE649, 0xE669, 0xE66A, 0xBD66, 0x98EC, 0xB69F, 0xB71F, 0xBB3F, 0xB6DF, 0xA5B8, 0xADB6, 0x8C87, 0xFFFF, 0xFFFF, 0xFFFF, 0xFFFF,
  0xFFFF, 0xFFFF, 0xFFFF, 0xFFFF, 0xFFFF, 0xFFFF, 0xFFFF, 0xFFFF, 0xEB39, 0x9D72, 0xA9B3, 0xB4E7, 0xDDCB, 0xD588, 0xCD47, 0xD167,
  0xB4E5, 0xA530, 0xBA3A, 0xB926, 0xE1E8, 0xEE6A, 0xEE69, 0xEE8A, 0xEA6A, 0xE229, 0xE22A, 0xE209, 0xD9E8, 0xD9E8, 0xC146, 0x9CC9,
  0xADF7, 0xAA1A, 0xAE5E, 0xBB1F, 0xB6BF, 0xAE1B, 0xB1F9, 0x9087, 0xFFFF, 0xFFFF, 0xFFFF, 0xFFFF, 0xFFFF, 0xFFFF, 0xFFFF, 0xFFFF,
  0xFFFF, 0xFFFF, 0xFFFF, 0xFFFF, 0xE31A, 0x9930, 0xCB5F, 0xBA39, 0xAD4D, 0xAD6E, 0xB16E, 0xB16E, 0xB1D5, 0xBA5B, 0x9087, 0xC567,
  0xEA6A, 0xFFAF, 0xFF8E, 0xFFAF, 0xFF4D, 0xD5E7, 0xC967, 0xE1EA, 0xE60A, 0xE60B, 0xC126, 0x98EB, 0xBABF, 0xB6BF, 0xAA3C, 0xAA3C,
  0xAE3C, 0xADFA, 0xB1D6, 0x8844, 0xFFFF, 0xFFFF, 0xFFFF, 0xFFFF, 0xFFFF, 0xFFFF, 0xFFFF, 0xFFFF, 0xFFFF, 0xFFFF, 0xFFFF, 0xFFFF,
  0xA172, 0xB23C, 0x9932, 0xBA7D, 0xC6FF, 0xC6DF, 0xC6DF, 0xC6DF, 0xC6DF, 0x98ED, 0x9043, 0xC146, 0xE649, 0xFF8E, 0xFF6D, 0xFF8D,
  0xFF6D, 0xE24A, 0xB0C4, 0xB8E5, 0xBD05, 0xC105, 0xB8E6, 0x98EB, 0xB6DF, 0xBB1F, 0xB6FF, 0xBAFF, 0xAE5D, 0xB21B, 0xA551, 0xA92A,
  0xFFFF, 0xFFFF, 0xFFFF, 0xFFFF, 0xFFFF, 0xFFFF, 0xFFFF, 0xFFFF, 0xFFFF, 0xFFFF, 0xFFFF, 0xFFFF, 0x9972, 0xBAFF, 0xB29F, 0xA1D8,
  0x8CCE, 0x90EE, 0x8CCC, 0x90CC, 0x98EF, 0xB1D6, 0x98A7, 0xBD46, 0xE249, 0xFF2D, 0xFF6D, 0xFF6D, 0xFFAE, 0xF70D, 0xAD06, 0xDA95,
  0xD273, 0xD273, 0xA0C8, 0x9D2F, 0xB6DF, 0xBB3F, 0xB2DF, 0xA5FA, 0xA9D8, 0xB61A, 0x98ED, 0xFFFF, 0xFFFF, 0xFFFF, 0xFFFF, 0xFFFF,
  0xFFFF, 0xFFFF, 0xFFFF, 0xFFFF, 0xFFFF, 0xFFFF, 0xFFFF, 0xFFFF, 0x9950, 0xB29F, 0xB2DF, 0xB6FF, 0xB2BF, 0xB2BF, 0xBB1F, 0xAE3C,
  0xB21B, 0xADD9, 0x9487, 0xB526, 0xDE09, 0xE649, 0xFF4D, 0xFF6D, 0xFFAF, 0xFF6E, 0xD22B, 0xFFFF, 0xFFFF, 0xFFFF, 0xA96E, 0xADD7,
  0xBADF, 0xBB1F, 0xB6BF, 0xA9D8, 0xA595, 0xA994, 0x9489, 0xFFFF, 0xFFFF, 0xFFFF, 0xFFFF, 0xFFFF, 0xFFFF, 0xFFFF, 0xFFFF, 0xFFFF,
  0xFFFF, 0xFFFF, 0xFFFF, 0xFFFF, 0x992F, 0xBADF, 0xAEDF, 0xB31F, 0xB71F, 0xB2DF, 0xAA9F, 0xB2BF, 0xA5FB, 0xADD9, 0xA550, 0x8821,
  0xCDC9, 0xEA6A, 0xFF6F, 0xFF4E, 0xE249, 0xE64A, 0xBD45, 0xB58C, 0xFFFF, 0xF7BD, 0x90AA, 0xB63C, 0xB67F, 0xAE5D, 0xAE3B, 0xB23A,
  0xADD7, 0xA973, 0x9067, 0xFFFF, 0xFFFF, 0xFFFF, 0xFFFF, 0xFFFF, 0xFFFF, 0xFFFF, 0xFFFF, 0xFFFF, 0xFFFF, 0xFFFF, 0xFFFF, 0xFFFF,
  0xB5F3, 0xB27F, 0xB6FF, 0xB71F, 0xB2FF, 0xB2FF, 0xAEBF, 0xA63D, 0xB27F, 0xA9D9, 0xA572, 0xAD4B, 0xA8C5, 0xEA4B, 0xF6CD, 0xC58B,
  0xB9B3, 0xC1F8, 0xA0ED, 0xC1F0, 0xFFFF, 0xFFFF, 0x94CB, 0xBA9F, 0xAA3C, 0xAE1B, 0xADFA, 0xA595, 0x9D2F, 0xA573, 0xA130, 0xEF7C,
  0xFFFF, 0xFFFF, 0xFFFF, 0xFFFF, 0xFFFF, 0xFFFF, 0xFFFF, 0xFFFF, 0xFFFF, 0xFFFF, 0xFFFF, 0xFFFF, 0xF39D, 0x90CE, 0xB6BF, 0xB2FF,
  0xB2FF, 0xB71F, 0xB2FF, 0xB2DF, 0xAA1C, 0xADD8, 0x94CA, 0xFFFF, 0xEB18, 0xACA3, 0xACE6, 0xB5FA, 0xCF5F, 0xDBBF, 0xBA5F, 0xBDF1,
  0xFFFF, 0xDAD7, 0x990F, 0xBADF, 0xBB3F, 0xB6DF, 0xB29F, 0xA9B5, 0x8C67, 0xBA3D, 0xCF1F, 0x8C89, 0xFFFF, 0xFFFF, 0xFFFF, 0xFFFF,
  0xFFFF, 0xFFFF, 0xFFFF, 0xFFFF, 0xFFFF, 0xFFFF, 0xFFFF, 0xFFFF, 0xFFFF, 0xD6B7, 0x9930, 0xB29F, 0xAE9F, 0xB2BF, 0xB29F, 0xAE5E,
  0xA9D8, 0x94EC, 0xF7BD, 0xFFFF, 0xFFFF, 0xEB39, 0xB5AF, 0xBE7F, 0xC2FF, 0xCF9F, 0xB67F, 0xCA55, 0xFFFF, 0x8867, 0xADF9, 0xAE5E,
  0xBB5F, 0xBB3F, 0xBF1F, 0xA9B5, 0x9088, 0xB63D, 0xC6DF, 0x8867, 0xFFFF, 0xFFFF, 0xFFFF, 0xFFFF, 0xFFFF, 0xFFFF, 0xFFFF, 0xFFFF,
  0xFFFF, 0xFFFF, 0xFFFF, 0xFFFF, 0xFFFF, 0xFFFF, 0xDEF9, 0x90CC, 0xA994, 0xA172, 0xA593, 0xA572, 0xA14E, 0xEB5B, 0xFFFF, 0xFFFF,
  0xFFFF, 0xFFFF, 0xFFFF, 0x9D0F, 0xC2DF, 0xCB7F, 0xBA9F, 0xB1B0, 0xE318, 0x94EC, 0xB25D, 0xAE7F, 0xB6FF, 0xB6FF, 0xAE5D, 0xA995,
  0x9489, 0xB1D7, 0xADB6, 0xBDF0, 0xFFFF, 0xFFFF, 0xFFFF, 0xFFFF, 0xFFFF, 0xFFFF, 0xFFFF, 0xFFFF, 0xFFFF, 0xFFFF, 0xFFFF, 0xFFFF,
};
#define assets_c24_W 44
#define assets_c24_H 44

static const unsigned short assets_c25[1936] = {
  0xFFFF, 0xFFFF, 0xFFFF, 0xFFFF, 0xFFFF, 0xFFFF, 0xFFFF, 0xFFFF, 0xFFFF, 0xFFFF, 0xFFFF, 0xB58D, 0x9CCB, 0xAD94, 0xA9B6, 0xA995,
  0xADB6, 0xA573, 0xB1D8, 0xA994, 0xA530, 0xA952, 0xAD72, 0xA92E, 0xA0A9, 0xA0CA, 0xAD31, 0xB1D7, 0xADB6, 0xAD95, 0xA972, 0xA0EB,
  0xEB5A, 0xFFFF, 0xFFFF, 0xFFFF, 0xFFFF, 0xFFFF, 0xFFFF, 0xFFFF, 0xFFFF, 0xFFFF, 0xFFFF, 0xFFFF, 0xFFFF, 0xFFFF, 0xFFFF, 0xFFFF,
  0xFFFF, 0xFFFF, 0xFFFF, 0xFFFF, 0xFFFF, 0xFFFF, 0xE318, 0x8C45, 0xAD30, 0xA951, 0xA131, 0xAD95, 0xA573, 0xA995, 0xADB6, 0xA552,
  0xA994, 0xA995, 0xAD72, 0x9889, 0xA532, 0xA533, 0x9CAC, 0xA930, 0xB1B6, 0xAD94, 0xAD93, 0x94AA, 0xC631, 0xFFFF, 0xFFFF, 0xFFFF,
  0xFFFF, 0xFFFF, 0xFFFF, 0xFFFF, 0xFFFF, 0xFFFF, 0xFFFF, 0xFFFF, 0xFFFF, 0xFFFF, 0xFFFF, 0xFFFF, 0xFFFF, 0xFFFF, 0xFFFF, 0xFFFF,
  0xFFFF, 0xFFFF, 0xE2F8, 0x988A, 0xA90F, 0xA4EC, 0xAD94, 0xA551, 0xAD94, 0xB1D8, 0xAD95, 0xADB6, 0xA996, 0xB195, 0x9CCC, 0xA133,
  0xCF3F, 0xCB3F, 0xB21D, 0x9CCD, 0xA0EC, 0xAD72, 0xAD94, 0xA52F, 0x9485, 0xFFFF, 0xFFFF, 0xFFFF, 0xFFFF, 0xFFFF, 0xFFFF, 0xFFFF,
  0xFFFF, 0xFFFF, 0xFFFF, 0xFFFF, 0xFFFF, 0xFFFF, 0xFFFF, 0xFFFF, 0xFFFF, 0xFFFF, 0xFFFF, 0xFFFF, 0xFFFF, 0xFBBD, 0x98A7, 0xA930,
  0xA90D, 0xA90E, 0xA951, 0xA551, 0xAD95, 0xA552, 0xAD95, 0xAD95, 0xAD72, 0x9CAA, 0xA553, 0xD35F, 0xD3BF, 0xCFBF, 0xD39F, 0xC29F,
  0x98CC, 0x9CCA, 0xA951, 0xAD73, 0x8C45, 0xEB5A, 0xFFFF, 0xFFFF, 0xFFFF, 0xFFFF, 0xFFFF, 0xFFFF, 0xD6B7, 0xA52B, 0xA94D, 0xA52B,
  0xFFFF, 0xFFFF, 0xFFFF, 0xFFFF, 0xFFFF, 0xFFFF, 0xFFFF, 0xFFFF, 0xFFFF, 0xE739, 0x8C46, 0xAD50, 0xA0CA, 0xA92E, 0xA951, 0xAD93,
  0xA52E, 0xA52F, 0xA972, 0xA950, 0x9CAB, 0xA996, 0xD35F, 0xD3BF, 0xCB7F, 0xCB7F, 0xCB7F, 0xCF9F, 0xC2BF, 0x98CC, 0xA0CB, 0xB193,
  0x8C67, 0xF37C, 0xFFFF, 0xFFFF, 0xFFFF, 0xFFFF, 0xFFFF, 0xC654, 0xADF7, 0xC71F, 0xBA9E, 0xC29E, 0xFFFF, 0xFFFF, 0xFFFF, 0xFFFF,
  0xFFFF, 0xFFFF, 0xFFFF, 0xFFFF, 0xFFFF, 0xEB5A, 0x9446, 0xA90C, 0xA4EC, 0xA90F, 0xA92F, 0xA50D, 0xA50D, 0xA92F, 0xA4EC, 0x9CCC,
  0xB1D8, 0xBE7F, 0xCF5F, 0xCF7F, 0xCF9F, 0xCB7F, 0xCB7F, 0xCB3F, 0xBA5E, 0xBA19, 0x9466, 0xAD50, 0x9046, 0xF79C, 0xFFFF, 0xFFFF,
  0xFFFF, 0xFFFF, 0xD6B6, 0xAE39, 0xBE9F, 0x9D32, 0x9D30, 0xA194, 0xFFFF, 0xFFFF, 0xFFFF, 0xFFFF, 0xFFFF, 0xFFFF, 0xFFFF, 0xFFFF,
  0xFFFF, 0xEB5A, 0x9024, 0xA8CB, 0xA8ED, 0xA8ED, 0xA4EC, 0xA8ED, 0xA50D, 0x9CCB, 0x98AB, 0xB5B6, 0xA111, 0x94CE, 0x90AD, 0xADFC,
  0xD3BF, 0xCB7F, 0xC73F, 0x9912, 0x94AB, 0x98CC, 0x98A8, 0xA8EC, 0x9045, 0xF79C, 0xFFFF, 0xFFFF, 0xFFFF, 0xF37B, 0xA191, 0xC6FF,
  0x9D11, 0xA953, 0xA973, 0xA531, 0xFFFF, 0xFFFF, 0xFFFF, 0xFFFF, 0xFFFF, 0xFFFF, 0xFFFF, 0xFFFF, 0xFFFF, 0xE739, 0x8C24, 0xA8CB,
  0xA8ED, 0xA8EC, 0xA4CB, 0xA4CB, 0x9867, 0xA552, 0xC6BF, 0xA556, 0xBA3F, 0xBE7F, 0xC6DF, 0xCB3F, 0xCF7F, 0xCF9F, 0xC2FF, 0xBE7F,
  0xC27F, 0xBE3E, 0xA50E, 0x9C87, 0x9044, 0xFBBE, 0xFFFF, 0xFFFF, 0xFFFF, 0xE739, 0xA5D5, 0xBA7E, 0xA533, 0xB1D9, 0xB1F9, 0xADD7,
  0xFFFF, 0xFFFF, 0xFFFF, 0xFFFF, 0xFFFF, 0xFFFF, 0xFFFF, 0xFFFF, 0xFFFF, 0xEF7B, 0x9043, 0xA8CA, 0xA8CB, 0x9889, 0x98CB, 0xA0A9,
  0x9CA8, 0xBE5E, 0xCB1F, 0xCAFF, 0xB5FB, 0xBA3E, 0xBA5F, 0xC2FF, 0xCB7F, 0xCB9F, 0xC2FF, 0xBE5F, 0xA153, 0xB1B8, 0xB596, 0x9025,
  0xBDCF, 0xFFFF, 0xFFFF, 0xFFFF, 0xFFFF, 0xE739, 0xA1B4, 0xBE9F, 0xA996, 0xB21B, 0xAE1A, 0xB219, 0xFFFF, 0xFFFF, 0xFFFF, 0xFFFF,
  0xFFFF, 0xFFFF, 0xFFFF, 0xFFFF, 0xFFFF, 0xFFFF, 0xA0A7, 0xA4A9, 0xA0AA, 0xB61B, 0xD31F, 0xA4EE, 0x9C88, 0xBA5F, 0xCF3F, 0xB1D6,
  0x9087, 0x90AA, 0x908B, 0xBE7F, 0xCB7F, 0xCB9F, 0xC2DF, 0x98CC, 0x98CB, 0xA0EE, 0xA90F, 0x9886, 0xE2F8, 0xFFFF, 0xFFFF, 0xFFFF,
  0xFFFF, 0xEB39, 0xA1B4, 0xB67E, 0xADB7, 0xB1FA, 0xADFA, 0xB21A, 0xFFFF, 0xFFFF, 0xFFFF, 0xFFFF, 0xFFFF, 0xFFFF, 0xFFFF, 0xFFFF,
  0xFFFF, 0x9486, 0x9886, 0xA4A8, 0xA0AA, 0xC27F, 0xB65F, 0xBE3E, 0x988B, 0xBE5F, 0xC6DF, 0x990E, 0xC2BF, 0xCF7F, 0xCAFF, 0xA9DA,
  0xCB7F, 0xCB7F, 0xBE9F, 0xA997, 0xDFFF, 0xD35F, 0x94AA, 0xCA32, 0xFFFF, 0xFFFF, 0xFFFF, 0xFFFF, 0xFFFF, 0xE718, 0x9D73, 0xBA9F,
  0xA596, 0xB1FA, 0xADFA, 0xB1FB, 0xFFFF, 0xFFFF, 0xFFFF, 0xFFFF, 0xFFFF, 0xFFFF, 0xFFFF, 0xFFFF, 0x9CC7, 0xA0EE, 0xA530, 0x9886,
  0xA0A9, 0xBA3E, 0xB1FE, 0xBE7F, 0xA999, 0xC6DF, 0xD3BF, 0xCF9F, 0xCB7F, 0xCB7F, 0xCB7F, 0xCF9F, 0xCB7F, 0xCF9F, 0xCB3F, 0xCB1F,
  0xD3BF, 0xDFFF, 0xBA5D, 0xC211, 0xFFFF, 0xFFFF, 0xFFFF, 0xFFFF, 0xFFFF, 0xFFFF, 0xA56F, 0xBA9F, 0xA9FA, 0xADD9, 0xADFA, 0xADFA,
  0xFFFF, 0xFFFF, 0xFFFF, 0xFFFF, 0xFFFF, 0xFFFF, 0xFFFF, 0xF79C, 0x8824, 0xA973, 0xA993, 0xA4EB, 0x9C66, 0xB9FA, 0xBA3F, 0xB21F,
  0xC6DF, 0xCF7F, 0xCB7F, 0xCB7F, 0xCB7F, 0xCB7F, 0xCB7F, 0xC77F, 0xC75F, 0xC2FF, 0xCAFF, 0xB21F, 0xD39F, 0xDBFF, 0xB21D, 0xC212,
  0xFFFF, 0xFFFF, 0xFFFF, 0xFFFF, 0xFFFF, 0xFFFF, 0xD694, 0x9952, 0xC31F, 0xA5FB, 0xAE1C, 0xAE5F, 0xFFFF, 0xFFFF, 0xFFFF, 0xFFFF,
  0xFFFF, 0xFFFF, 0xFFFF, 0xFBBE, 0x9046, 0xAD73, 0xA573, 0xAD51, 0xA0A8, 0x9467, 0xBA3D, 0xBE7F, 0xB21F, 0xCB3F, 0xCB7F, 0xCB7F,
  0xCB7F, 0xCB5F, 0xC73F, 0xCF9F, 0xCB5F, 0xBEBF, 0xBA5F, 0xB21F, 0xD3BF, 0xDBFF, 0xB65D, 0xC632, 0xFFFF, 0xFFFF, 0xFFFF, 0xFFFF,
  0xFFFF, 0xFFFF, 0xFFFF, 0xA12C, 0xAE3C, 0xC75F, 0xBB1F, 0xC33F, 0xFFFF, 0xFFFF, 0xFFFF, 0xFFFF, 0xFFFF, 0xFFFF, 0xFFFF, 0xF79D,
  0x8C25, 0xB193, 0xA994, 0xA951, 0xA4CA, 0x9043, 0xADD8, 0xCAFF, 0xA132, 0xC29F, 0xCB7F, 0xCB7F, 0xCB7F, 0xBA9F, 0xBE9F, 0xC2FF,
  0xBEBF, 0xC6FF, 0xC2DF, 0xCB1F, 0xCF7F, 0xDBDF, 0xB1D9, 0xBDF0, 0xFFFF, 0xFFFF, 0xFFFF, 0xFFFF, 0xFFFF, 0xFFFF, 0xFFFF, 0xFFFF,
  0x9D2D, 0xB6DF, 0xBF5F, 0xBA9E, 0xFFFF, 0xFFFF, 0xFFFF, 0xFFFF, 0xFFFF, 0xFFFF, 0xFFFF, 0xFFFF, 0x9CC8, 0xA92F, 0xAD93, 0xA50F,
  0xA92F, 0x9486, 0xB1D4, 0xADB4, 0x9066, 0xB1DA, 0xC73F, 0xCB7F, 0xCB7F, 0xC6DF, 0xB1DF, 0xEB7F, 0xFFFF, 0xFFFF, 0xEFBF, 0xADFF,
  0xD35F, 0xCF1F, 0x94AA, 0xFFFF, 0xFFFF, 0xFFFF, 0xFFFF, 0xFFFF, 0xFFFF, 0xFFFF, 0xFFFF, 0xFFFF, 0xCA52, 0xA1D7, 0xC79F, 0x94EC,
  0xFFFF, 0xFFFF, 0xFFFF, 0xFFFF, 0xFFFF, 0xFFFF, 0xFFFF, 0xFFFF, 0xE2F8, 0x8C23, 0xB12F, 0xA50D, 0xA50E, 0xA4EC, 0x9466, 0x9465,
  0x9865, 0x9489, 0xB1FD, 0xCB5F, 0xCF9F, 0xCF7F, 0xCB1F, 0xF7FF, 0xFFFF, 0xFFFF, 0xF7FF, 0xCB1F, 0xDBBF, 0xA153, 0xDAD7, 0xFFFF,
  0xFFFF, 0xFFFF, 0xFFFF, 0xFFFF, 0xFFFF, 0xFFFF, 0xFFFF, 0xFFFF, 0xCA32, 0xA1F8, 0xC77F, 0x990C, 0xFFFF, 0xFFFF, 0xFFFF, 0xFFFF,
  0xFFFF, 0xFFFF, 0xFFFF, 0xFFFF, 0xFFFF, 0xB16C, 0x9065, 0xA0CA, 0xA0CA, 0xA0CA, 0x9887, 0x9CA7, 0x9C86, 0x9466, 0xAD98, 0xB1FF,
  0xCB3F, 0xCF9F, 0xD7DF, 0xBEFF, 0xB69F, 0xBA9F, 0xC2FF, 0xD79F, 0xB21C, 0xCA54, 0xFFFF, 0xFFFF, 0xFFFF, 0xFFFF, 0xFFFF, 0xFFFF,
  0xFFFF, 0xFFFF, 0xFFFF, 0xFFFF, 0xCA52, 0xA1D7, 0xC35F, 0x94EB, 0xFFFF, 0xFFFF, 0xFFFF, 0xFFFF, 0xFFFF, 0xFFFF, 0xFFFF, 0xFFFF,
  0xFFFF, 0xFFFF, 0xD294, 0x9044, 0x9465, 0x9C87, 0x9CA8, 0x9CA8, 0x9CA9, 0xA531, 0xB5DC, 0xB1BD, 0xAD9C, 0xBA7F, 0xCB3F, 0xDFFF,
  0xDFFF, 0xE3FF, 0xD7BF, 0xBA5F, 0xD297, 0xFFFF, 0xFFFF, 0xFFFF, 0xFFFF, 0xFFFF, 0xFFFF, 0xFFFF, 0xFFFF, 0xFFFF, 0xFFFF, 0xFFFF,
  0xCA52, 0xA1D7, 0xC35F, 0x94CA, 0xFFFF, 0xFFFF, 0xFFFF, 0xFFFF, 0xFFFF, 0xFFFF, 0xFFFF, 0xFFFF, 0xFFFF, 0xFFFF, 0xFFFF, 0xFFFF,
  0xB18C, 0x9064, 0x9023, 0x9444, 0xA4EA, 0xB9FB, 0xBE5F, 0xB61F, 0xB1DE, 0xADBC, 0xA99A, 0xB61E, 0xB61D, 0xBA5E, 0xB5FA, 0x98AB,
  0xB56C, 0xFFDE, 0xFFFF, 0xFFFF, 0xFFFF, 0xFFFF, 0xFFFF, 0xFFFF, 0xFFFF, 0xFFFF, 0xFFFF, 0xFFFF, 0xCA52, 0xA1D6, 0xCB7F, 0x98EA,
  0xFFFF, 0xFFFF, 0xFFFF, 0xFFFF, 0xFFFF, 0xFFFF, 0xFFFF, 0xFFFF, 0xFFFF, 0xFFFF, 0xFFFF, 0xFFFF, 0xC210, 0x9862, 0xC611, 0xDAB6,
  0xD20C, 0xC614, 0xCADF, 0xBEBF, 0xBE7F, 0xBA1F, 0xADBB, 0xA978, 0xA955, 0x9047, 0x9023, 0xA8C6, 0xBD69, 0xB56A, 0xEB39, 0xFFFF,
  0xFFFF, 0xFFFF, 0xFFFF, 0xFFFF, 0xFFFF, 0xFFFF, 0xFFFF, 0xFFFF, 0xCE53, 0xA5B6, 0xB65B, 0x9086, 0xFFFF, 0xFFFF, 0xFFFF, 0xFFFF,
  0xFFFF, 0xFFFF, 0xFFFF, 0xFFFF, 0xFFFF, 0xFFFF, 0xE317, 0xB125, 0xC9A5, 0xDE28, 0xC9CB, 0xFFFF, 0xFFFF, 0xD22D, 0xCA58, 0xCF3F,
  0xCB3F, 0xBE9F, 0xBE7F, 0xBE7F, 0xBE5F, 0xB1B9, 0xB993, 0xC587, 0xFFDA, 0xE2F6, 0xACC2, 0xAD05, 0xE718, 0xFFFF, 0xFFFF, 0xFFFF,
  0xFFFF, 0xFFFF, 0xFFFF, 0xFFFF, 0xAD70, 0xB1D8, 0xB1FB, 0xBA3D, 0xFFFF, 0xFFFF, 0xFFFF, 0xFFFF, 0xFFFF, 0xFFFF, 0xFFFF, 0xFFFF,
  0xFFFF, 0xB98A, 0xBD64, 0xEECB, 0xFF4B, 0xFB2B, 0xD1C5, 0xDEB3, 0xFFFF, 0xF335, 0xDA29, 0xCA57, 0xCEFF, 0xCB1F, 0xC2DF, 0xBEBF,
  0xBE9F, 0xC2BF, 0xCA7F, 0xD1E8, 0xEF55, 0xFFFF, 0xC5C9, 0xE68A, 0xB124, 0xFFFF, 0xFFFF, 0xFFFF, 0xFFFF, 0xFFFF, 0xFBDF, 0xB1D5,
  0xBE7F, 0xA997, 0xADB8, 0xBA5F, 0xFFFF, 0xFFFF, 0xFFFF, 0xFFFF, 0xFFFF, 0xFFFF, 0xFFFF, 0xFFFF, 0xC1AA, 0xE269, 0xFF6D, 0xFF6C,
  0xFF4C, 0xFB2C, 0xFF4D, 0xCDC6, 0xFFFF, 0xFFFF, 0xEACD, 0xE68A, 0xC5EF, 0xCEDF, 0xCF5F, 0xD3BF, 0xCB5F, 0xCB3F, 0xCA9F, 0xD5E7,
  0xE68B, 0xFBFE, 0xEF9D, 0xD628, 0xEF0C, 0xB147, 0xFFFF, 0xFFFF, 0xFFFF, 0xFFFF, 0xC212, 0xADFB, 0xC6BF, 0xADB7, 0xBE7F, 0xC6FF,
  0xFFFF, 0xFFFF, 0xFFFF, 0xFFFF, 0xFFFF, 0xFFFF, 0xFFFF, 0xC1AB, 0xDA28, 0xFF8D, 0xFF4C, 0xFF4C, 0xFF6D, 0xEEA9, 0xF70B, 0xEAA9,
  0xFFFC, 0xFFFF, 0xDA90, 0xEEA8, 0xFF4D, 0xC9CB, 0xC613, 0xCA59, 0xD33F, 0xD75F, 0xBD8E, 0xEEC9, 0xF6E9, 0xDE8F, 0xFFFF, 0xC1AA,
  0xF70C, 0xCDE7, 0xD272, 0xFFFF, 0xFFFF, 0xFFFF, 0xCA54, 0xAE1C, 0xA997, 0xA973, 0xBE7F, 0xBEBF, 0xFFFF, 0xFFFF, 0xFFFF, 0xFFFF,
  0xFFFF, 0xFFFF, 0xCE30, 0xD1E7, 0xFF6D, 0xFF4C, 0xFF6D, 0xFF6D, 0xFF6D, 0xEEAA, 0xF2EB, 0xFF4C, 0xD64B, 0xFFFF, 0xFFFF, 0xE6CE,
  0xFF8B, 0xFF6A, 0xF308, 0xE246, 0xC9CB, 0xC18C, 0xDE48, 0xFFCD, 0xF709, 0xEAF2, 0xFFFF, 0xE75B, 0xC566, 0xF72D, 0xC1C8, 0xFFFF,
  0xFFFF, 0xFFFF, 0xBDF0, 0xB21C, 0xADB7, 0xA552, 0xCF3F, 0xCF5F, 0xFFFF, 0xFFFF, 0xFFFF, 0xFFFF, 0xFFFF, 0xE2F7, 0xBD24, 0xFF6D,
  0xFF6C, 0xFF4C, 0xFF6D, 0xFF6D, 0xFB2C, 0xE649, 0xEEAB, 0xFF4C, 0xD1E7, 0xFFFF, 0xFFFF, 0xE6F3, 0xF2E8, 0xFFEE, 0xFFED, 0xFFCC,
  0xF729, 0xF709, 0xFF6C, 0xFFCD, 0xFF6C, 0xCDE8, 0xFFFF, 0xFFFF, 0xB526, 0xEAAB, 0xCDE7, 0xBDAC, 0xFFFF, 0xFFFF, 0xFFFF, 0xB1D7,
  0x98CD, 0xA952, 0xBE5F, 0xB65F, 0xFFFF, 0xFFFF, 0xFFFF, 0xFFFF, 0xFFFF, 0xA4A4, 0xE64A, 0xFF2D, 0xFF6D, 0xFF6D, 0xFF6D, 0xFF4D,
  0xEE8A, 0xEA6B, 0xDE08, 0xFB2C, 0xDA49, 0xFFFF, 0xFFFF, 0xFFFF, 0xCDE8, 0xD606, 0xD606, 0xD606, 0xD606, 0xDA06, 0xD606, 0xD206,
  0xCDC5, 0xE2D3, 0xFFFF, 0xFFFF, 0xE73A, 0xB924, 0xE68B, 0x9C83, 0xE739, 0xFFFF, 0xFFFF, 0xA952, 0x98CC, 0xA50E, 0xC25F, 0xCAFF,
  0xFFFF, 0xFFFF, 0xFFFF, 0xFFFF, 0xA8E6, 0xC565, 0xD186, 0xD186, 0xEA8B, 0xFF6D, 0xFF6D, 0xF2CB, 0xEA6B, 0xD5C8, 0xD9E8, 0xFF2D,
  0xF2EC, 0xC5ED, 0xFFFF, 0xFFFF, 0xFFFF, 0xFFFF, 0xFFFF, 0xFFFF, 0xFFFF, 0xFFFF, 0xFFFF, 0xFFFF, 0xFFFF, 0xFFFF, 0xFFFF, 0xFFFF,
  0xFFFF, 0xB128, 0xDE2A, 0xC586, 0xCA0E, 0xFFFF, 0x98CB, 0xBE5F, 0xA551, 0x9488, 0xA532, 0xB5D7, 0xFFFF, 0xFFFF, 0xFFFF, 0xB125,
  0xEEAA, 0xFB2B, 0xFB2C, 0xE669, 0xD185, 0xE64A, 0xEEAB, 0xEA8B, 0xE22B, 0xBD04, 0xDE09, 0xFF2C, 0xFF2C, 0xC5A9, 0xFFFF, 0xFFFF,
  0xFFFF, 0xFFFF, 0xFFFF, 0xFFFF, 0xFFFF, 0xFFFF, 0xFFFF, 0xFFFF, 0xFFFF, 0xFFFF, 0xFFFF, 0xFFFF, 0xFFFF, 0xDAB7, 0xB0C2, 0xE66A,
  0xDA4C, 0x98A6, 0xB63E, 0xD37F, 0x9910, 0xADD5, 0xA993, 0xA92C, 0xFFFF, 0xFFFF, 0xFFFE, 0xC563, 0xFF4B, 0xFF6D, 0xFFAD, 0xFFAE,
  0xF2EC, 0xD5C7, 0xE20A, 0xDE0B, 0xC147, 0xD1A9, 0xE22A, 0xFF4C, 0xFB2C, 0xC5A9, 0xFFFF, 0xFFFF, 0xFFFF, 0xFFFF, 0xFFFF, 0xFFFF,
  0xFFFF, 0xFFFF, 0xFFFF, 0xFFFF, 0xFFFF, 0xFFFF, 0xFFFF, 0xFFFF, 0xFFFF, 0xD6D8, 0xACC2, 0xE649, 0xB126, 0xA573, 0xCB3F, 0xCB3F,
  0x9910, 0xAE18, 0xA9F8, 0xE73B, 0xFFFF, 0xFFFF, 0xB126, 0xEA6B, 0xB525, 0xB126, 0xBD66, 0xF30C, 0xFFD0, 0xEA8B, 0xD1A8, 0xB0E5,
  0xB906, 0xE20B, 0xE209, 0xFB2C, 0xFB0C, 0xC5A9, 0xFFFF, 0xFFFF, 0xFFFF, 0xFFFF, 0xFFFF, 0xFFFF, 0xFFFF, 0xFFFF, 0xFFFF, 0xFFFF,
  0xFFFF, 0xFFFF, 0xFFFF, 0xFFFF, 0xFFFF, 0xD6B7, 0xACC3, 0xC187, 0xA552, 0xCB3F, 0xC31F, 0xC73F, 0x98EF, 0xB639, 0xA5F9, 0xDF1B,
  0xFFFF, 0xFFFF, 0x8821, 0xB991, 0xC27F, 0xBA5F, 0xA953, 0xA0A5, 0xDA49, 0xF2CC, 0xD9EA, 0x9C84, 0xB948, 0xDDEA, 0xE20A, 0xEEAB,
  0xF6EC, 0xC58A, 0xF7FF, 0xFFFF, 0xFFFF, 0xFFFF, 0xFFFF, 0xFFFF, 0xFFFF, 0xFFFF, 0xFFFF, 0xFFFF, 0xFFFF, 0xFFFF, 0xFFFF, 0xFFFF,
  0xFFFF, 0xDEF9, 0x9041, 0xA0EC, 0xC6DF, 0xC31F, 0xBF1F, 0xCB3F, 0x98EE, 0xB218, 0xBEFF, 0xADB1, 0xFFFF, 0xFFFF, 0x8C89, 0xCB1F,
  0xD79F, 0xD37F, 0xCF3F, 0xBA3E, 0x9CC9, 0xDE2B, 0xB8E3, 0xFFFF, 0xDEB5, 0xC125, 0xE62B, 0xE22A, 0xE22A, 0xC58A, 0xF7FF, 0xFFFF,
  0xFFFF, 0xFFFF, 0xFFFF, 0xFFFF, 0xFFFF, 0xFFFF, 0xFFFF, 0xFFFF, 0xFFFF, 0xFFFF, 0xFFFF, 0xFFFF, 0xFFFF, 0xD6B7, 0x8843, 0xB1FB,
  0xC2FF, 0xC31F, 0xC31F, 0xC29F, 0x98CC, 0xADF7, 0xCF9F, 0x9D4F, 0xFFFF, 0xFFFF, 0x8C8C, 0xD37F, 0xD3BF, 0xCF9F, 0xD3BF, 0xD39F,
  0xC29F, 0x9CA6, 0xC5CD, 0xFFFF, 0xDED6, 0xB905, 0xE64C, 0xDE2B, 0xE22B, 0xC58A, 0xF7FF, 0xFFFF, 0xFFFF, 0xFFFF, 0xFFFF, 0xFFFF,
  0xFFFF, 0xFFFF, 0xFFFF, 0xFFFF, 0xFFFF, 0xFFFF, 0xFFFF, 0xFFFF, 0xF3BF, 0xA50A, 0xA111, 0xC6BF, 0xC2FF, 0xC31F, 0xC2FF, 0xBA3F,
  0x948A, 0xADF8, 0xC77F, 0x9D4E, 0xFFFF, 0xFFFF, 0x8C8A, 0xD35F, 0xD3BF, 0xCB9F, 0xCF9F, 0xCF9F, 0xDBDF, 0x9D31, 0xFFFF, 0xFFFF,
  0xC610, 0xA482, 0xDA0B, 0xDE2B, 0xDE0B, 0xC18B, 0xF7FF, 0xFFFF, 0xFFFF, 0xFFFF, 0xFFFF, 0xFFFF, 0xFFFF, 0xFFFF, 0xFFFF, 0xEF9E,
  0xEB7D, 0xEF9D, 0xEF9D, 0xF7DF, 0xCA31, 0x9CAB, 0xBE3F, 0xC2BF, 0xC2FF, 0xC71F, 0xBE9F, 0xB1BA, 0x94A7, 0xB217, 0xCB5F, 0x992E,
  0xFFFF, 0xFFFF, 0xDAD8, 0x9D54, 0xCF5F, 0xD3BF, 0xCF9F, 0xCF9F, 0xD3BF, 0xD77F, 0xBE38, 0xFFFF, 0xFFFF, 0xB129, 0xC547, 0xDE0A,
  0xD1C9, 0xE739, 0xFBFF, 0xFFFF, 0xEB9F, 0xE35C, 0xEB9E, 0xEB9E, 0xEB9E, 0xEB9E, 0xEB9E, 0xEFBE, 0xEFBE, 0xEFBE, 0xEF9D, 0xEB39,
  0xB107, 0x9CCC, 0xC25F, 0xC6DF, 0xCB3F, 0xC6FF, 0xBE5F, 0x94CC, 0xFFFF, 0xC655, 0xAE17, 0xA14E, 0xFFFF, 0xFFFF, 0xFFFF, 0xC212,
  0xA597, 0xCF5F, 0xCF9F, 0xD3BF, 0xCF9F, 0xD7DF, 0xCB1F, 0xB5D2, 0xFFFF, 0xCA31, 0xB4E4, 0xD5EA, 0xCDEC, 0xF7DF, 0xFFFF, 0xEFDF,
  0xE79D, 0xEBBE, 0xFFFF, 0xFFFF, 0xFFFF, 0xFFFF, 0xFFFF, 0xFFFF, 0xFFFF, 0xFFFF, 0xF3DF, 0xDEF8, 0xA4E7, 0xAD6E, 0xB199, 0xCEFF,
  0xC2BF, 0xC27F, 0xA151, 0xFFFF, 0xFFFF, 0xFFFF, 0x9CE8, 0xEF7C, 0xFFFF, 0xFFFF, 0xFFFF, 0xFFFF, 0xCA76, 0xA576, 0xCB1F, 0xD7DF,
  0xD3BF, 0xCF9F, 0xDBDF, 0xB63D, 0xD6B8, 0xD694, 0xA4A4, 0xB505, 0xF39C, 0xFFFF, 0xFFFF, 0xFFFF, 0xFFFF, 0xFFFF, 0xFFFF, 0xFFFF,
  0xFFFF, 0xFFFF, 0xFFFF, 0xFFFF, 0xFFFF, 0xFFFF, 0xFFFF, 0xCA75, 0xDAB5, 0xFFFF, 0xA52E, 0xB1BA, 0xB5FE, 0xA573, 0xF7BE, 0xFFFF,
  0xFFFF, 0xFFFF, 0xFFFF, 0xFFFF, 0xFFFF, 0xFFFF, 0xFFFF, 0xFFFF, 0xFFFF, 0xDEF8, 0xA153, 0xC6DF, 0xD7BF, 0xD3DF, 0xD3BF, 0xDBDF,
  0xA595, 0xE31A, 0xD253, 0xA4C5, 0xE739, 0xE35B, 0xF3DF, 0xFFFF, 0xFFFF, 0xFFFF, 0xFFFF, 0xFFFF, 0xFFFF, 0xFFFF, 0xFFFF, 0xFFFF,
  0xFBFF, 0xFBFF, 0xEF9D, 0xAD4A, 0xCA31, 0xFFFF, 0xFFFF, 0xB18E, 0xA52A, 0xEF7C, 0xFFFF, 0xFFFF, 0xFFFF, 0xFFFF, 0xFFFF, 0xFFFF,
  0xFFFF, 0xFFFF, 0xFFFF, 0xFFFF, 0xFFFF, 0xFFFF, 0xFFFF, 0xB1B2, 0xB21D, 0xD37F, 0xD7DF, 0xD7DF, 0xD35F, 0x98EE, 0xC632, 0xF7BE,
  0xE339, 0xDAF8, 0xDB19, 0xE75B, 0xE31A, 0xE31A, 0xEFBE, 0xF3DF, 0xEFBF, 0xEFBF, 0xF3BF, 0xEB9E, 0xDAD7, 0xDF38, 0xEF9C, 0xDF18,
  0xCE73, 0xFFFF, 0xFFFF, 0xFFFF, 0xFFFF, 0xFFFF, 0xFFFF, 0xFFFF, 0xFFFF, 0xFFFF, 0xFFFF, 0xFFFF, 0xFFFF, 0xFFFF, 0xFFFF, 0xFFFF,
  0xFFFF, 0xFFFF, 0xFFFF, 0xFFFF, 0xCE75, 0xA996, 0xCF3F, 0xD39F, 0xD7BF, 0xCADF, 0x9D0C, 0xDAD7, 0xF7DF, 0xFFFF, 0xFFFF, 0xFFFF,
  0xFFFF, 0xFFFF, 0xFBFF, 0xF7FF, 0xF7FF, 0xF7FF, 0xF7FF, 0xF3FF, 0xFFFF, 0xFFFF, 0xFFFF, 0xE77C, 0xBDCE, 0xFFFF, 0xFFFF, 0xFFFF,
  0xFFFF, 0xFFFF, 0xFFFF, 0xFFFF, 0xFFFF, 0xFFFF, 0xFFFF, 0xFFFF, 0xFFFF, 0xFFFF, 0xFFFF, 0xFFFF, 0xFFFF, 0xFFFF, 0xFFFF, 0xFFFF,
  0xFFFF, 0x9CC8, 0xA133, 0xD37F, 0xCB7F, 0xDFDF, 0xA550, 0x9842, 0xCE31, 0xF7DF, 0xFFFF, 0xFFFF, 0xFFFF, 0xFFFF, 0xFFFF, 0xFFFF,
  0xFFFF, 0xFFFF, 0xFFFF, 0xFFFF, 0xFFFF, 0xFFFF, 0xF7FF, 0xDAB5, 0xA929, 0xD294, 0xFFFF, 0xFFFF, 0xFFFF, 0xFFFF, 0xFFFF, 0xFFFF,
  0xFFFF, 0xFFFF, 0xFFFF, 0xFFFF, 0xFFFF, 0xFFFF, 0xFFFF, 0xFFFF, 0xFFFF, 0xFFFF, 0xFFFF, 0xFFFF, 0xDEF9, 0xB9D2, 0xA555, 0xCB3F,
  0xC31F, 0xCF3F, 0xA92E, 0xB0E6, 0xDA94, 0xE739, 0xDEF7, 0xE318, 0xDEF8, 0xE319, 0xE319, 0xDF19, 0xDF18, 0xDEF8, 0xDEF8, 0xDEF8,
  0xDEF8, 0xDF39, 0xEF9D, 0xF7DF, 0xDAD7, 0xB9AD, 0xFFFF, 0xFFFF, 0xFFFF, 0xFFFF, 0xFFFF, 0xFFFF, 0xFFFF, 0xFFFF, 0xFFFF, 0xFFFF,
};
#define assets_c25_W 44
#define assets_c25_H 44

static const unsigned short assets_c26[1936] = {
  0xFFFF, 0xFFFF, 0xFFFF, 0xFFFF, 0xFFFF, 0xFFFF, 0xFFFF, 0xFFFF, 0xFFFF, 0xFFFF, 0xFFFF, 0xFFFF, 0xFFFF, 0xFFFF, 0xFFFF, 0xFFFF,
  0xFFFF, 0xFFFF, 0xFFFF, 0xFFFF, 0xFFFF, 0xFFFF, 0xFFFF, 0xFFFF, 0xFFFF, 0xFFFF, 0xFFFF, 0xFFFF, 0xFFFF, 0xFFFF, 0xFFFF, 0xFFFF,
  0xFFFF, 0xFFFF, 0xFFFF, 0xFFFF, 0xFFFF, 0xFFFF, 0xFFFF, 0xFFFF, 0xFFFF, 0xFFFF, 0xFFFF, 0xFFFF, 0xFFFF, 0xFFFF, 0xFFFF, 0xFFFF,
  0xFFFF, 0xFFFF, 0xFFFF, 0xFFFF, 0xFFFF, 0xFFFF, 0xFFFF, 0xFFFF, 0xFFFF, 0xFFFF, 0xFFFF, 0xFFFF, 0xFFFF, 0xFFFF, 0xFFFF, 0xFFFF,
  0xFFFF, 0xFFFF, 0xFFFF, 0xFFFF, 0xFFFF, 0xFFFF, 0xFFFF, 0xFFFF, 0xFFFF, 0xB9CF, 0x94C9, 0x9D4E, 0xA5AF, 0xA98D, 0xF79C, 0xFFFF,
  0xFFFF, 0xFFFF, 0xFFFF, 0xFFFF, 0xFFFF, 0xFFFF, 0xFFFF, 0xFFFF, 0xFFFF, 0xFFFF, 0xFFFF, 0xFFFF, 0xFFFF, 0xFFFF, 0xFFFF, 0xFFFF,
  0xFFFF, 0xFFFF, 0xFFFF, 0xFFFF, 0xFFFF, 0xFFFF, 0xFFFF, 0xFFFF, 0xFFFF, 0xFFFF, 0xFFFF, 0xFFFF, 0xFFFF, 0xFFFF, 0xFFFF, 0xFFFF,
  0xFFFF, 0xFFFF, 0xD296, 0x94CA, 0x950D, 0x9930, 0xADFA, 0xB6DF, 0xC3BF, 0xDBFF, 0xAA76, 0xCA54, 0xFFFF, 0xFFFF, 0xFFFF, 0xFFFF,
  0xFFFF, 0xFFFF, 0xFFFF, 0xFFFF, 0xFFFF, 0xFFFF, 0xFFFF, 0xFFFF, 0xFFFF, 0xFFFF, 0xFFFF, 0xFFFF, 0xFFFF, 0xFFFF, 0xFFFF, 0xFFFF,
  0xFFFF, 0xFFFF, 0xFFFF, 0xFFFF, 0xFFFF, 0xFFFF, 0xFFFF, 0xFFFF, 0xFFFF, 0xD6D9, 0x90CB, 0x90CC, 0x90CC, 0x90CC, 0xA9B6, 0xC2DF,
  0xBA9F, 0xBEBF, 0xB1FB, 0x9D54, 0x94F2, 0xA6DF, 0xD7FF, 0xBFBF, 0xCAB7, 0xFFFF, 0xFFFF, 0xFFFF, 0xFFFF, 0xFFFF, 0xFFFF, 0xFFFF,
  0xFFFF, 0xFFFF, 0xFFFF, 0xFFFF, 0xFFFF, 0xFFFF, 0xFFFF, 0xFFFF, 0xFFFF, 0xFFFF, 0xFFFF, 0xFFFF, 0xFFFF, 0xFFDE, 0xFFFF, 0xF39D,
  0x9D2E, 0x94EE, 0x950F, 0x950F, 0x990F, 0xA5B7, 0xC31F, 0xBEDF, 0xBEDF, 0xBEDF, 0xBA9F, 0xB23F, 0xB23F, 0xB23F, 0xBA9F, 0xBEBF,
  0xBA5F, 0xA5BA, 0xA6BF, 0xD3FF, 0xBFFF, 0xD2B7, 0xFFFF, 0xFFFF, 0xFFFF, 0xFFFF, 0xFFFF, 0xFFFF, 0xFFFF, 0xFFFF, 0xFFFF, 0xFFFF,
  0xFFFF, 0xFFFF, 0xFFFF, 0xF37C, 0xF7BD, 0xFBDF, 0xFBDF, 0xEF7D, 0x9D4F, 0x910F, 0x950F, 0x90CD, 0xB61B, 0xBA7F, 0xBA7F, 0xBA9F,
  0xBE9F, 0xBA5F, 0xADDA, 0xA998, 0xA9BA, 0xAA1F, 0xAE3F, 0xBF1F, 0xBB1F, 0xBF3F, 0xAA9F, 0xAA5F, 0x9955, 0xA134, 0xA1D9, 0xAFFF,
  0xB7FF, 0xA679, 0xE75B, 0xFFFF, 0xFFFF, 0xFFFF, 0xFFFF, 0xFFFF, 0xFFFF, 0xFFFF, 0xFFFF, 0xE2F8, 0xDEF9, 0xDED9, 0xB655, 0xAE75,
  0xB297, 0x8CEF, 0x8CAF, 0x9D32, 0xBA9F, 0xBEBF, 0xBA9F, 0xB65F, 0xADFB, 0xA9DA, 0xADFB, 0xB23E, 0xB23E, 0xB65F, 0xC31F, 0xCF5F,
  0xD7BF, 0xDBFF, 0xC31F, 0xAA1E, 0xA5FE, 0xA1FD, 0xB71F, 0xC79F, 0xCF7F, 0xB71F, 0xD7FF, 0xD3FF, 0xC3FF, 0xDBFF, 0x950B, 0xFFFF,
  0xFFFF, 0xFFFF, 0xFFFF, 0xFFFF, 0xFFFF, 0xFFFF, 0xB5F3, 0x99B6, 0x99B9, 0x99B9, 0xC3FF, 0xD7FF, 0xEFFF, 0xDBFF, 0xBF1F, 0xA9FC,
  0xAE1D, 0xAE3D, 0xAE3D, 0xB25F, 0xB6BF, 0xB6DF, 0xB6DF, 0xAE3F, 0xB25F, 0x9956, 0xB2DE, 0xEFFF, 0xDFFF, 0xEFFF, 0xFFFF, 0xA2BF,
  0xC73F, 0xD7DF, 0xF3FF, 0xFFFF, 0xE7FF, 0xD7FF, 0xAFFF, 0xBBFF, 0xBBFF, 0xC3FF, 0x992C, 0xFFFF, 0xFFFF, 0xFFFF, 0xFFFF, 0xFFFF,
  0xFFFF, 0xA991, 0xA61A, 0xB29F, 0xA65C, 0xAA7E, 0xA27F, 0x9ABF, 0x8EBF, 0xCBFF, 0xEBFF, 0xC7FF, 0xAE5F, 0xB6BF, 0xB69F, 0xAA1F,
  0xA1BA, 0xA1BA, 0x9978, 0xA65B, 0xBB5F, 0xBF5F, 0xA23C, 0xA77F, 0xB3FF, 0x8A17, 0xCB9F, 0xEBFF, 0xCBFF, 0xF3FF, 0xC7FF, 0xBBFF,
  0x9A3D, 0x95B9, 0x99D9, 0x9597, 0x99FD, 0x9DB8, 0x8445, 0xFFFF, 0xFFFF, 0xFFFF, 0xFFFF, 0xFFFF, 0xB5F4, 0xAE5D, 0xA9B7, 0x98AC,
  0x9CCC, 0x9046, 0x98ED, 0xA61B, 0xAAFF, 0x92FF, 0xBFFF, 0xF3FF, 0xAA9E, 0x9D58, 0x9D99, 0xB2BF, 0xC75F, 0xC33F, 0xBB7F, 0xDFFF,
  0xDBFF, 0xD7FF, 0xC3FF, 0x99BC, 0xBBFF, 0xA33F, 0xB698, 0xFFFF, 0xA27D, 0x8CF1, 0x9954, 0x9954, 0x98CE, 0x9CAB, 0x9CAA, 0x94AB,
  0xAE1B, 0x8CA9, 0xDED6, 0xFFFF, 0xFFFF, 0xFFFF, 0xFFFF, 0xFFFF, 0xAE7E, 0xB27F, 0x98F0, 0xB5B9, 0xAD32, 0xA0CC, 0xA90F, 0x98AB,
  0xAA1B, 0xAAFF, 0x9B3F, 0xBFFF, 0xEBFF, 0xDBDF, 0xDFFF, 0xE3FF, 0xE3FF, 0xD7FF, 0xD3FF, 0xAFFF, 0xABBF, 0xAB5F, 0xAA9F, 0x9D32,
  0xAA9D, 0xBFFF, 0xB7DF, 0xCBFF, 0xAA16, 0x9867, 0xA4CB, 0x9CAA, 0xA4CC, 0xA4CD, 0x9CCD, 0xA9D9, 0x9531, 0xEB5B, 0xFFFF, 0xFFFF,
  0xFFFF, 0xFFFF, 0xFFFF, 0xFFFF, 0xAE1B, 0x9D11, 0xB175, 0xA954, 0xA0CE, 0xA953, 0xB5B8, 0xA4EE, 0x94AB, 0xAA5F, 0xA75F, 0xA3FF,
  0xDFFF, 0xEFFF, 0xDFFF, 0xB37F, 0xA31F, 0xA71F, 0x9E3C, 0x9131, 0x9531, 0x9931, 0x9D0F, 0x98A9, 0x9489, 0x9DB5, 0x99D7, 0x9995,
  0x94AA, 0xA4CC, 0xA4CD, 0xA4CD, 0xA4CC, 0x9CAC, 0xA9B8, 0xA1B7, 0xB9F1, 0xFFFF, 0xFFFF, 0xFFFF, 0xFFFF, 0xFFFF, 0xFFFF, 0xFFFF,
  0x9954, 0xA0F0, 0xB197, 0xA0EF, 0xAD53, 0xB196, 0xAD74, 0xB174, 0x9CAB, 0x9DB8, 0xAB3F, 0xA75F, 0xA73F, 0xAB3F, 0x99F8, 0x94F0,
  0x9D32, 0xA152, 0x9CCB, 0x9C87, 0x9CA8, 0x9C88, 0x9C89, 0xA4CC, 0xA0CB, 0x9888, 0x9888, 0x9466, 0xA0AA, 0xA4CC, 0xA0CC, 0xA4CC,
  0xA0AC, 0xA132, 0xAE3C, 0x992D, 0xFFFF, 0xFFFF, 0xFFFF, 0xFFFF, 0xFFFF, 0xFFFF, 0xFFFF, 0xFFFF, 0x9D75, 0xAD54, 0xA512, 0xA932,
  0xB197, 0xAD54, 0xA531, 0xAD54, 0xA111, 0xAEBF, 0xA6DF, 0xAE9F, 0x94EE, 0x94AB, 0x9CCC, 0xA0AA, 0xA0AA, 0xA0AA, 0xA0CB, 0xA4CD,
  0xA4CD, 0xA4CC, 0xA4CD, 0xA4CC, 0xA4CC, 0xA4CD, 0xA4CC, 0x9CA9, 0xA0AA, 0xA4CC, 0xA0CC, 0xA0CC, 0x9D11, 0xAE3D, 0x8CAB, 0xF7BE,
  0xFFFF, 0xFFFF, 0xFFFF, 0xFFFF, 0xFFFF, 0xFFFF, 0xFFFF, 0xFFFF, 0xA174, 0xA0CF, 0xA933, 0xB197, 0xB197, 0xA511, 0xA912, 0xA954,
  0xA5FA, 0xAF1F, 0xAEBF, 0x98ED, 0x98A9, 0xA0CC, 0xA4CD, 0xA4CE, 0xA4CE, 0xA4CD, 0xA4CD, 0xA4CD, 0xA4CC, 0xA4CC, 0xA4CC, 0xA4CC,
  0xA4CC, 0xA4CC, 0xA0AC, 0xA0AA, 0xA0AB, 0xA0CC, 0xA0CB, 0x98CD, 0xAE5E, 0x9973, 0xE319, 0xFFFF, 0xFFFF, 0xFFFF, 0xFFFF, 0xFFFF,
  0xFFFF, 0xFFFF, 0xFFFF, 0xFFFF, 0x9D52, 0x9CCC, 0xB176, 0xB198, 0xA933, 0xAD54, 0xAD54, 0x9D55, 0xB31F, 0xAEBF, 0x9D74, 0x9889,
  0xA4CC, 0xA4CD, 0xA4CD, 0xA4CD, 0xA4CD, 0xA4CD, 0xA4CD, 0xA4CD, 0xA4CD, 0xA4CC, 0xA4CC, 0xA0CC, 0xA0CC, 0xA0CD, 0xA4EF, 0xA0CC,
  0xA0AB, 0xA0AB, 0x9CAB, 0xA597, 0xAE5D, 0x8888, 0xFFFF, 0xFFFF, 0xFFFF, 0xFFFF, 0xFFFF, 0xFFFF, 0xFFFF, 0xFFFF, 0xFFFF, 0xFFFF,
  0x9932, 0xA510, 0xB198, 0xAD75, 0xA512, 0xB5B8, 0xA134, 0xAE9F, 0xAEFF, 0xA5D7, 0x9889, 0xA0CC, 0xA4CC, 0xA4CC, 0xA4CD, 0xA4CD,
  0xA4CD, 0xA4CD, 0xA4CD, 0xA4CD, 0xA0CD, 0xA0CD, 0xA0CD, 0xA911, 0xA932, 0xA932, 0xA932, 0xA910, 0x9CAA, 0xA0CC, 0x9D54, 0xB27F,
  0x90EC, 0xDED8, 0xFFFF, 0xFFFF, 0xFFFF, 0xFFFF, 0xFFFF, 0xFFFF, 0xFFFF, 0xFFFF, 0xFFFF, 0xFFFF, 0x9931, 0xA931, 0xB195, 0xA0F0,
  0xB175, 0xA532, 0xA61C, 0xB35F, 0xAE9F, 0x98CC, 0xA0AB, 0xA4CD, 0xA4CC, 0xA4CC, 0xA0CC, 0xA0AC, 0xA4CD, 0xA4CD, 0xA4CD, 0xA4F0,
  0xA933, 0xA933, 0xAD33, 0xAD54, 0xA954, 0xAD54, 0xA933, 0xA4F0, 0x9CAB, 0x9CEF, 0xB27F, 0x9951, 0xEF7C, 0xFFFF, 0xFFFF, 0xFFFF,
  0xFFFF, 0xFFFF, 0xFFFF, 0xFFFF, 0xFFFF, 0xFFFF, 0xFFFF, 0xFFFF, 0xA9B7, 0x9CCD, 0xA4EF, 0xA932, 0xB175, 0x9911, 0xB31F, 0xAEFF,
  0xA195, 0x9CAB, 0xA4CE, 0xA0CD, 0xA0CC, 0xA0AC, 0xA0CD, 0xA911, 0xA912, 0xA934, 0xA933, 0xAD55, 0xAD76, 0xA955, 0xA554, 0x9931,
  0x9933, 0x9912, 0xA153, 0xAA5B, 0x9953, 0xA196, 0x9932, 0xBDD0, 0xFFFF, 0xFFFF, 0xFFFF, 0xFFFF, 0xFFFF, 0xFFFF, 0xFFFF, 0xFFFF,
  0xFFFF, 0xFFFF, 0xFFFF, 0xFFFF, 0xB25E, 0x98EE, 0xA8EF, 0xB575, 0xA112, 0xAE9F, 0xAAFF, 0xAA1D, 0x988C, 0xA910, 0xA4F0, 0xA511,
  0xA911, 0xA910, 0xA911, 0xAD54, 0xAD55, 0xAD55, 0xAD56, 0xA935, 0xA114, 0x9D97, 0xAF3F, 0xC7FF, 0xCBFF, 0xB7FF, 0xA6FF, 0xBFFF,
  0xB3FF, 0xAF9F, 0xA25C, 0x9D0C, 0xCE53, 0xFFFF, 0xFFFF, 0xFFFF, 0xFFFF, 0xFFFF, 0xFFFF, 0xFFFF, 0xFFFF, 0xFFFF, 0xFFFF, 0xFFFF,
  0xAE5D, 0xA175, 0xAD0F, 0xA4F0, 0xA5FB, 0xAEFF, 0xAE5F, 0x98CD, 0xA4EF, 0xAD55, 0xAD54, 0xAD34, 0xA934, 0xA933, 0xAD33, 0xA512,
  0xA513, 0xA955, 0xA577, 0xAE3B, 0xB73F, 0xAF5F, 0xA77F, 0xC7FF, 0xC7FF, 0xAFFF, 0x9B9F, 0x9FDF, 0x96FF, 0x969F, 0xC3FF, 0xBBFF,
  0xAF3F, 0x9D91, 0xC611, 0xE739, 0xFFFF, 0xFFFF, 0xFFFF, 0xFFFF, 0xFFFF, 0xFFFF, 0xFFFF, 0xFFFF, 0xA5D6, 0xB27F, 0x94AC, 0xA9B8,
  0xAEDF, 0xAE5F, 0x98CE, 0xA0AB, 0xAD33, 0xAD55, 0xA934, 0xA513, 0xAD77, 0xAD97, 0xA533, 0x9DD9, 0xA29F, 0x99DC, 0x9E1E, 0xE3FF,
  0xFFFF, 0xCBFF, 0x96DF, 0x9F5F, 0x92DF, 0x9F7F, 0xD3FF, 0xCFFF, 0xAFFF, 0xA33F, 0x9E7F, 0xA2DF, 0xAF7F, 0xB3DF, 0xA71F, 0xBB3F,
  0xBDF1, 0xE739, 0xFFFF, 0xFFFF, 0xFFFF, 0xFFFF, 0xFFFF, 0xFFFF, 0xC233, 0xA1FC, 0xA61D, 0xAA7F, 0xAA9F, 0x9D31, 0x98AC, 0xA954,
  0xA534, 0xA998, 0xB21D, 0xB21D, 0xA177, 0x9CF1, 0xAA39, 0xD3FF, 0xC3FF, 0xAFFF, 0x9EFF, 0x9E5D, 0xA71F, 0xABBF, 0xA3BF, 0xC3FF,
  0xFFFF, 0xCFFF, 0xBBFF, 0xCBFF, 0xC3FF, 0x9FFF, 0x9F3F, 0xA35F, 0x9EBF, 0xC7FF, 0xB7FF, 0xABBF, 0xAF1F, 0xC31C, 0xB18E, 0xD295,
  0xFFFF, 0xFFFF, 0xFFFF, 0xFFFF, 0xDAD6, 0x9D95, 0xB31F, 0xAADF, 0xAE5F, 0x94AC, 0xB21A, 0xAE3D, 0xAE1B, 0xB1FA, 0xA153, 0x9575,
  0xB7BF, 0xB7DF, 0x9E7F, 0xC7FF, 0xC7FF, 0xBBFF, 0x967F, 0x9A5F, 0xA3FF, 0x979F, 0x9B7F, 0xAFBF, 0xD7FF, 0xAFBF, 0x9B7F, 0x9B5F,
  0x96FF, 0xC3FF, 0xD7FF, 0xBFFF, 0x9F3F, 0xF7FF, 0xFFFF, 0xE7FF, 0xAADF, 0xAA9F, 0xCBFF, 0xBF7F, 0xA9B1, 0xBE12, 0xFFFF, 0xFFFF,
  0xFFFF, 0xB1B0, 0xAA3D, 0xAA1A, 0x9D10, 0xAD73, 0xA0EE, 0x94CB, 0x90ED, 0x90CD, 0x9D74, 0xBBFF, 0xD3FF, 0xBBFF, 0x9F5F, 0x925F,
  0x925E, 0x923E, 0x9ABF, 0xABFF, 0xCFFF, 0xB3FF, 0x9FFF, 0xA3BF, 0x923F, 0xB7FF, 0xBBFF, 0xA79F, 0xBBFF, 0xE3FF, 0xE3FF, 0xCBFF,
  0xA37F, 0xBF9F, 0xCFFF, 0xCFFF, 0xB3BF, 0xA1FD, 0xAABF, 0xAB1F, 0xB7FF, 0xB3BF, 0xA16D, 0xB5CF, 0xFFFF, 0xF39C, 0x9087, 0x98ED,
  0x98CC, 0x9CCC, 0x9888, 0x98CC, 0xB2BF, 0xAF3F, 0xA23D, 0x9EBF, 0xABFF, 0xA7FF, 0x9F9F, 0xAFFF, 0xB7FF, 0xAFFF, 0x9FFF, 0xB3FF,
  0xD7FF, 0xCBFF, 0xB3FF, 0xA7FF, 0xABFF, 0xEFFF, 0xFFFF, 0xD3FF, 0x971F, 0xB3FF, 0xD7FF, 0xD7FF, 0xCBFF, 0x9B3F, 0xA79F, 0xBB7F,
  0xB659, 0xB174, 0xA531, 0x9D30, 0xA616, 0xDBFF, 0xEFFF, 0xDFFF, 0xFFFF, 0xFFFF, 0xC632, 0x9DB8, 0xBB1F, 0xB69F, 0x9D53, 0x98F0,
  0x99B8, 0xAA9F, 0xB9F4, 0xDAB7, 0xA9D6, 0xAB5F, 0x9AFF, 0xC3FF, 0xDFFF, 0xD7FF, 0xCBFF, 0xA3DF, 0x8E3F, 0x9F5F, 0xA7FF, 0xA3FF,
  0xABFF, 0xB39F, 0xCFFF, 0xB71F, 0xAB9F, 0xAFFF, 0x9FFF, 0xA75F, 0xB3DF, 0xBBFF, 0xB31F, 0xC1D3, 0xFFFF, 0xD274, 0xE7FF, 0xE7FF,
  0xF7FF, 0xF7FF, 0xC3FF, 0xC3FF, 0xFFFF, 0xFFFF, 0xCE75, 0x95DA, 0xAB1F, 0xA69F, 0xAEDF, 0xB29F, 0xA175, 0xB16F, 0xFFFF, 0xFFFF,
  0xEB5B, 0xB3DF, 0x9B1F, 0xAFFF, 0xBFFF, 0xBBFF, 0xB7FF, 0xAFFF, 0xC3FF, 0xBBFF, 0xB3DF, 0xABBF, 0x9A7F, 0x923F, 0x927F, 0xA71F,
  0xB7DF, 0xB3FF, 0xB3FF, 0xA21B, 0xA219, 0x99F9, 0x95F8, 0xDFFF, 0xFFFF, 0xFFFF, 0xCB9F, 0xAFFF, 0xBFFF, 0xC7FF, 0x9FFF, 0xB3FF,
  0xFFFF, 0xFFFF, 0xCA74, 0x99D9, 0xAA7F, 0xA61C, 0xAABF, 0xAB3F, 0xB73F, 0xD612, 0xFFB9, 0xD60F, 0xBE15, 0xBFFF, 0xB3FF, 0x9EFF,
  0x9A9F, 0x967F, 0x971F, 0xC3FF, 0xD3FF, 0xDF7E, 0xF77C, 0xB5B2, 0xB73F, 0xB3DF, 0xB3FF, 0xB37F, 0xA25B, 0xAA79, 0xB29A, 0xFBFF,
  0xFFFF, 0xE3FF, 0xDFFF, 0xCBFF, 0xB635, 0xFFFF, 0xBE34, 0xBBFF, 0xBFFF, 0xC3FF, 0xC3FF, 0xA77F, 0xFFFF, 0xFFFF, 0xCA54, 0x9DD9,
  0x9D51, 0x988A, 0xA9B7, 0xA69F, 0xAEDF, 0xFB9B, 0xFFFF, 0xCA55, 0xB679, 0xA192, 0x9DD9, 0xAADF, 0xBBFF, 0xBFFF, 0xB7FF, 0x9FBF,
  0x99DC, 0xFB7D, 0xFFFF, 0xFFFF, 0xD298, 0xA1B5, 0xAE37, 0xAE7C, 0xCBFF, 0xFBFF, 0xF3FF, 0xDBFF, 0xE3FF, 0xE7FF, 0xCFFF, 0xBBBF,
  0xAD92, 0xFFFF, 0xFFFF, 0xA10C, 0xA132, 0x94EE, 0xB77F, 0xB7FF, 0xFFFF, 0xFFFF, 0xCA53, 0x9DB7, 0x9D50, 0xAD30, 0xA8F1, 0x9CCE,
  0x98EB, 0xFBBB, 0xFFFF, 0xB9D2, 0xC3FF, 0xD3FF, 0xA258, 0xA67B, 0xAFBF, 0xABFF, 0xA7FF, 0xA35F, 0xAEBF, 0xBE77, 0xE2F7, 0xFFFF,
  0xFFFF, 0xB75F, 0xFFFF, 0xFFFF, 0xABFF, 0xC7FF, 0xBFFF, 0xA71F, 0xA79F, 0xC7FF, 0x9DF6, 0x94AD, 0xAD94, 0xCE12, 0xFFFF, 0xDED9,
  0xB5FC, 0xA953, 0xAABF, 0xBFFF, 0xFFFF, 0xFFFF, 0xC653, 0x9DB6, 0x9D30, 0xAD31, 0xB597, 0xB175, 0xA90E, 0xBD8D, 0xE293, 0xBDB2,
  0xAADF, 0xA79F, 0xBBFF, 0xC7FF, 0xA615, 0xAE55, 0xBA55, 0xBE56, 0xC31C, 0xF7FF, 0xDBFF, 0xFB15, 0xFF79, 0xA29D, 0xC3FF, 0xC7FF,
  0x9EDF, 0xABFF, 0xB7FF, 0x8CCB, 0x9E37, 0xC7FF, 0xA1D4, 0xB1FA, 0xBA7F, 0xA572, 0xFFFE, 0xFFFF, 0xB9F8, 0xA532, 0xB2FF, 0xBFFF,
  0xFFFF, 0xFFFF, 0xC632, 0x99B6, 0x9D30, 0xA8ED, 0xAD32, 0xB597, 0xB176, 0xA8EA, 0xFFFF, 0xD232, 0xA973, 0xA1BA, 0xA69F, 0x9EFF,
  0xB7FF, 0xE7FF, 0xFFFF, 0xFFFF, 0xFFFF, 0xBBFF, 0xBB5F, 0xFFFF, 0xFFFF, 0x9D30, 0x9E1B, 0x99B7, 0x9953, 0xAF7F, 0xBFFF, 0x9550,
  0xAF1E, 0xCFFF, 0xA5F6, 0xA996, 0xADDA, 0xB5FA, 0xA50F, 0xFFFF, 0xFFFF, 0xAD50, 0xB31F, 0xBFFF, 0xFFFF, 0xFFFF, 0xC633, 0x99B6,
  0x9D30, 0xAD32, 0xB197, 0xA932, 0xAD32, 0xAD2D, 0xF359, 0xFFFF, 0xBD8D, 0x988A, 0xA9B7, 0xA65F, 0x967F, 0xABBF, 0xEBFF, 0xC3FF,
  0xBBFF, 0xB33F, 0xADF8, 0xFB5B, 0xFFBC, 0xA0EC, 0xA995, 0xAD97, 0xA111, 0xAF1F, 0xBFFF, 0xAA9C, 0xB33F, 0xBBDF, 0x9D73, 0xA997,
  0xADD9, 0xB1FB, 0xADFB, 0xD2BA, 0xFFFF, 0xE2FA, 0xBB7F, 0xBBFF, 0xFFFF, 0xFFFF, 0xBA13, 0x9DB6, 0x9D51, 0xB174, 0xB5DB, 0xAD76,
  0xAD75, 0xA910, 0xA8E8, 0xFFFF, 0xD254, 0xA4F0, 0xA911, 0x9910, 0xAEFF, 0xABBF, 0xD7FF, 0xB3FF, 0x9DD8, 0xA0F1, 0xC193, 0xF318,
  0xCE0F, 0xADB5, 0xBA9F, 0xB65E, 0xA132, 0xA1D5, 0xA6DF, 0xB73F, 0xA618, 0x9932, 0xA9B8, 0xB65F, 0xB67F, 0xB69F, 0xB6BF, 0xB25F,
  0xA975, 0x9CCC, 0xB75F, 0xBBFF, 0xEBFF, 0xEBFF, 0xA5F3, 0xA1D8, 0x9D31, 0xAD0F, 0xA933, 0xB1B8, 0xB1B9, 0xA532, 0xB54C, 0xFFFF,
  0xFF9B, 0xAD2F, 0xB152, 0x9D31, 0xAABF, 0xA39F, 0xCBFF, 0xA73F, 0xA0F2, 0xB9B9, 0xBD91, 0xFFFF, 0xFFFF, 0x9D10, 0xB1FC, 0xA598,
  0xA997, 0xA131, 0x94CD, 0x98EF, 0x9D32, 0xB65D, 0xBABF, 0xB27F, 0xB27F, 0xAE1D, 0xB21D, 0xB63F, 0xB61C, 0xA510, 0xB35F, 0xBBFF,
  0xDFFF, 0xEFFF, 0xA5F4, 0xA1D9, 0xA9FA, 0xA0EE, 0xAD32, 0xA933, 0xAD54, 0xB176, 0xA4EF, 0xB56A, 0xFFFF, 0xE2B6, 0xA4EC, 0xA131,
  0xAABF, 0x9F7F, 0xC3FF, 0xA33F, 0xA133, 0xB595, 0xFFFF, 0xFFDA, 0xD253, 0xA132, 0xA9BA, 0xAE3D, 0xAE3D, 0xB25F, 0xBA9F, 0xBEBF,
  0xBEFF, 0xB69F, 0xB23F, 0xB23E, 0xADFC, 0xA9B9, 0xA9B9, 0xA5B9, 0xB5FB, 0x9CCF, 0xA2BF, 0xBBFF, 0xE3FF, 0xEFFF, 0xAA15, 0x9DB8,
  0xBB5F, 0x9D31, 0xB175, 0xB176, 0xA510, 0xA510, 0xAD53, 0xA4EE, 0xC5EE, 0xFFFF, 0xF37B, 0x9089, 0xA61D, 0xA75F, 0xBFFF, 0xA73F,
  0x9049, 0xEB1A, 0xFFFF, 0xF759, 0x98EF, 0xBA7F, 0xB25F, 0xB69F, 0xB29F, 0xB67F, 0xAA1C, 0xA9DA, 0xADFB, 0xA9FC, 0xADFC, 0xADDB,
  0xA9DC, 0xB67F, 0xB69F, 0xBABF, 0xADFB, 0xA9D3, 0xD3FF, 0xAFFF, 0xE3FF, 0xF3FF, 0xAE37, 0xA1FA, 0xB31F, 0x9D53, 0xA0CD, 0xB175,
  0xB197, 0xAD54, 0xA511, 0xAD54, 0xB570, 0xFFFF, 0xFFFF, 0xFB9C, 0xEB3A, 0xC277, 0xEFFF, 0xC297, 0xFB9D, 0xFFFD, 0xFFFD, 0xC235,
  0xB21C, 0xB69F, 0xB67F, 0xA9FC, 0xADFB, 0xADFA, 0xA9DA, 0xADDA, 0xA9FA, 0xAE1D, 0xB67F, 0xB69F, 0xBABF, 0xB69F, 0xA5DB, 0xA197,
  0x9D73, 0xCFFF, 0xDBFF, 0xAFFF, 0xE3FF, 0xE3FF, 0xA5B4, 0x9932, 0xBAFF, 0xAA3D, 0xA195, 0x9CCD, 0xA931, 0xB197, 0xB5B9, 0xB197,
  0xAD54, 0xA4EE, 0xC9D0, 0xFFFF, 0xFFFF, 0xFFFF, 0xFFFF, 0xFF58, 0xFFFF, 0xFB7B, 0xA0EF, 0xB21C, 0xADDB, 0xA9DA, 0xA9DA, 0xAE1D,
  0xAE1D, 0xADFC, 0xB25F, 0xB69F, 0xB69F, 0xB69F, 0xAE3E, 0xA5B9, 0xA177, 0xA198, 0xBEFE, 0xBEFD, 0xC3BF, 0xD3FF, 0xA7BF, 0xB37F,
  0xD7FF, 0xD3DF, 0xC71F, 0xA571, 0x90AD, 0xAE5E, 0xBF3F, 0xAA3B, 0xA152, 0xA0CD, 0xB154, 0xB1B8, 0xB5B9, 0xB1B8, 0xA0CE, 0xC5F1,
  0xDA75, 0xE6B5, 0xFFDB, 0xDA10, 0xD636, 0xA4EF, 0xB1B9, 0xA9B9, 0xB1FC, 0xB21D, 0xB21E, 0xB67F, 0xBABF, 0xBABF, 0xBA9F, 0xADFB,
  0xA198, 0xA598, 0xA1D9, 0xC71F, 0xCB5F, 0xBFBF, 0xDBFF, 0xDFFF, 0xB33F, 0x99F6, 0xA1F9, 0xB29F, 0xCFDF, 0xD3DF, 0xD7FF, 0xD3BF,
  0xBA59, 0x94AB, 0x9511, 0xB2DF, 0xB73F, 0xAE1A, 0xA110, 0xB153, 0xB597, 0xB5B9, 0xB174, 0x9468, 0xA1B8, 0xAA7D, 0xE3FF, 0xB69A,
  0x98CF, 0xB61D, 0xADFC, 0xAE1D, 0xB27F, 0xBA9F, 0xBABF, 0xBA9F, 0xA9DA, 0xA5B9, 0xA197, 0xAE39, 0xDBFF, 0xAABF, 0xB7BF, 0xE3FF,
  0xE3FF, 0xB33F, 0x95B6, 0x9595, 0xA5D5, 0xB238, 0xB67C, 0xB2DF, 0xE3FF, 0xE3FF, 0xCBDF, 0xC79F, 0xD3FF, 0xC2DF, 0xB1F6, 0x94AC,
  0xA1B8, 0xB2DF, 0xB2BF, 0xA176, 0xA932, 0xAD32, 0xB172, 0x98A9, 0xA63E, 0xAF7F, 0xE7FF, 0xB39F, 0x9D33, 0xBA7F, 0xB25F, 0xB67F,
  0xB65F, 0xA598, 0xA597, 0xA176, 0xBEDD, 0xD3FF, 0xB31F, 0xCBFF, 0xDFFF, 0xC3FF, 0xA27D, 0x91B5, 0x9193, 0xAA18, 0xBA7B, 0xC2BC,
  0xD7FF, 0xEBFF, 0xDBFF, 0xCFDF, 0xE7FF, 0xE7FF, 0xDBFF, 0xD7FF, 0xD7FF, 0xCFFF, 0xD7FF, 0xC2DE, 0xA992, 0x9D10, 0xA197, 0xBB1F,
  0xB29F, 0xA574, 0xA0ED, 0x98CD, 0xA21D, 0xA73F, 0xD3FF, 0xA75F, 0x9D12, 0xB5FC, 0xA9B9, 0xA597, 0x9D75, 0xBABC, 0xCBBF, 0xAB1F,
  0xD3FF, 0xDBFF, 0xB37F, 0x9E19, 0x91B5, 0x99B5, 0xAE18, 0xB239, 0xBA7B, 0xD3FF, 0xE3FF, 0xE7FF, 0xE3FF, 0xE3FF, 0xE3FF, 0xEBFF,
};
#define assets_c26_W 44
#define assets_c26_H 44

static const unsigned short assets_c27[1936] = {
  0xFFFF, 0xFFFF, 0xFFFF, 0xFFFF, 0xFFFF, 0xFFFF, 0xFFFF, 0xFFFF, 0xFFFF, 0xFFFF, 0xFFFF, 0xFFFF, 0xFFFF, 0xFFFF, 0xFFFF, 0xFFFF,
  0xFFFF, 0xFFFF, 0xFFFF, 0xFFFF, 0xFFFF, 0xFFFF, 0xFFFF, 0xFFFF, 0xFFFF, 0xFFFF, 0xFFFF, 0xFFFF, 0xFFFF, 0xFFFF, 0xFFFF, 0xFFFF,
  0xFFFF, 0xFFFF, 0xFFFF, 0xFFFF, 0xFFFF, 0xFFFF, 0xFFFF, 0xFFFF, 0xFFFF, 0xFFFF, 0xFFFF, 0xFFFF, 0xFFFF, 0xFFFF, 0xFFFF, 0xFFFF,
  0xFFFF, 0xFFFF, 0xFFFF, 0xFFFF, 0xFFFF, 0xFFFF, 0xFFFF, 0xFFFF, 0xFFFF, 0xFFFF, 0xFFFF, 0xFFFF, 0xFFFF, 0xFFFF, 0xFFFF, 0xFFFF,
  0xFFFF, 0xFFFF, 0xFFFF, 0xFFFF, 0xFFFF, 0xFFFF, 0xFFFF, 0xFFFF, 0xFFFF, 0xFFFF, 0xFFFF, 0xFFFF, 0xFFFF, 0xFFFF, 0xFFFF, 0xFFFF,
  0xFFFF, 0xFFFF, 0xFFFF, 0xFFFF, 0xFFFF, 0xFFFF, 0xFFFF, 0xFFFF, 0xFFFF, 0xFFFF, 0xFFFF, 0xFFFF, 0xFFFF, 0xFFFF, 0xFFFF, 0xFFFF,
  0xFFFF, 0xFFFF, 0xFFFF, 0xFFFF, 0xFFFF, 0xFFFF, 0xFFFF, 0xFFFF, 0xFFFF, 0xFFFF, 0xFFFF, 0xA94B, 0xAD8D, 0xAD6C, 0xA96C, 0xA96C,
  0xAD8D, 0xA94B, 0xE77B, 0xFFFF, 0xFFFF, 0xFFFF, 0xFFFF, 0xFFFF, 0xFFFF, 0xFFFF, 0xFFFF, 0xFFFF, 0xFFFF, 0xFFFF, 0xFFFF, 0xFFFF,
  0xFFFF, 0xFFFF, 0xFFFF, 0xFFFF, 0xFFFF, 0xFFFF, 0xFFFF, 0xFFFF, 0xFFFF, 0xFFFF, 0xFFFF, 0xFFFF, 0xFFFF, 0xFFFF, 0xFFFF, 0xFFFF,
  0xFFFF, 0xFFFF, 0xFFFF, 0xFFFF, 0xFFFF, 0xA56C, 0xA5B1, 0xC73F, 0xBF1F, 0xBADF, 0xBAFF, 0xBF3F, 0xBF1F, 0xBADF, 0xBA7A, 0xA58D,
  0xFFFF, 0xFFFF, 0xFFFF, 0xFFFF, 0xFFFF, 0xFFFF, 0xFFFF, 0xFFFF, 0xFFFF, 0xFFFF, 0xFFFF, 0xFFFF, 0xFFFF, 0xFFFF, 0xFFFF, 0xFFFF,
  0xFFFF, 0xFFFF, 0xFFFF, 0xFFFF, 0xFFFF, 0xFFFF, 0xFFFF, 0xFFFF, 0xFFFF, 0xFFFF, 0xFFFF, 0xFFFF, 0xFFFF, 0xFFFF, 0xFFFF, 0xFFFF,
  0xA5D1, 0xC31F, 0xC35F, 0xCFFF, 0xCBBF, 0xB6DF, 0xBF5F, 0xC39F, 0xBF5F, 0xC37F, 0xC79F, 0xCB7F, 0xA5D2, 0xFFFF, 0xFFFF, 0xFFFF,
  0xFFFF, 0xFFFF, 0xFFFF, 0xFFFF, 0xFFFF, 0xFFFF, 0xFFFF, 0xFFFF, 0xFFFF, 0xFFFF, 0xFFFF, 0xFFFF, 0xFFFF, 0xFFFF, 0xFFFF, 0xFFFF,
  0xFFFF, 0xFFFF, 0xFFFF, 0xFFFF, 0xFFFF, 0xFFFF, 0xFFFF, 0xFFFF, 0xFFFF, 0xFFFF, 0xFFFF, 0xA9AA, 0xA9D4, 0xDBFF, 0xCFFF, 0xCBDF,
  0xC39F, 0xC37F, 0xBF7F, 0xBF5F, 0xBF5F, 0xC7BF, 0xCFFF, 0xDBFF, 0xAE37, 0x9D68, 0xFFFF, 0xFFFF, 0xFFFF, 0xFFFF, 0xFFFF, 0xFFFF,
  0xFFFF, 0xFFFF, 0xFFFF, 0xFFFF, 0xFFFF, 0xFFFF, 0xFFFF, 0xFFFF, 0xFFFF, 0xFFFF, 0xFFFF, 0xFFFF, 0xFFFF, 0xFFFF, 0xFFFF, 0xFFFF,
  0xFFFF, 0xFFFF, 0xFFFF, 0xFFFF, 0xFFFF, 0xFFFF, 0xFFFF, 0xB1EC, 0x9D0C, 0xB69F, 0xCBBF, 0xCBDF, 0xCBFF, 0xCBFF, 0xCBFF, 0xCBFF,
  0xCBFF, 0xCFDF, 0xC33F, 0xBABF, 0x9D4E, 0xA189, 0xFFFF, 0xFFFF, 0xFFFF, 0xFFFF, 0xFFFF, 0xFFFF, 0xFFFF, 0xFFFF, 0xFFFF, 0xFFFF,
  0xFFFF, 0xFFFF, 0xFFFF, 0xFFFF, 0xFFFF, 0xFFFF, 0xFFFF, 0xFFFF, 0xFFFF, 0xFFFF, 0xFFFF, 0xFFFF, 0xFFFF, 0xFFFF, 0xFFFF, 0xFFFF,
  0xFFFF, 0xFFFF, 0xFFFF, 0xA989, 0xA54E, 0xA9D7, 0xAE3C, 0xBADF, 0xC35F, 0xCBBF, 0xC79F, 0xCBBF, 0xC35F, 0xAE7D, 0xA5D8, 0xB219,
  0xA12D, 0x9526, 0xFFFF, 0xFFFF, 0xFFFF, 0xFFFF, 0xFFFF, 0xFFFF, 0xFFFF, 0xFFFF, 0xFFFF, 0xFFFF, 0xFFFF, 0xFFFF, 0xFFFF, 0xFFFF,
  0xFFFF, 0xFFFF, 0xFFFF, 0xFFFF, 0xFFFF, 0xFFFF, 0xFFFF, 0xFFFF, 0xFFFF, 0xFFFF, 0xFFFF, 0xFFFF, 0xFFFF, 0xFFFF, 0x9D64, 0xA988,
  0xA14D, 0xADF9, 0xB25C, 0xB27F, 0xB27F, 0xB29F, 0xB29F, 0xB27F, 0xB29F, 0xB23B, 0xADD7, 0xB63A, 0xA56E, 0xA566, 0xADC8, 0xFFFF,
  0xFFFF, 0xFFFF, 0xFFFF, 0xFFFF, 0xFFFF, 0xFFFF, 0xFFFF, 0xFFFF, 0xFFFF, 0xFFFF, 0xFFFF, 0xFFFF, 0xFFFF, 0xFFFF, 0xFFFF, 0xFFFF,
  0xFFFF, 0xFFFF, 0xFFFF, 0xFFFF, 0xFFFF, 0xFFFF, 0xFFFF, 0xFFFF, 0xFFFF, 0xB209, 0xFFFD, 0xF7F5, 0x9D2A, 0xB219, 0xB25C, 0xB69F,
  0xB69F, 0xB29F, 0xB6BF, 0xB27F, 0xB67E, 0xB65C, 0xADF8, 0xBA3A, 0xA58C, 0xFFF7, 0xFFFA, 0xA9E7, 0xFFFF, 0xFFFF, 0xFFFF, 0xFFFF,
  0xFFFF, 0xFFFF, 0xFFFF, 0xFFFF, 0xFFFF, 0xFFFF, 0xFFFF, 0xFFFF, 0xFFFF, 0xFFFF, 0xFFFF, 0xFFFF, 0xFFFF, 0xFFFF, 0xFFFF, 0xFFFF,
  0xFFFF, 0xFFFF, 0xFFFF, 0xFFFF, 0xFFFF, 0xBE2A, 0xFFFF, 0xFFFD, 0xCA90, 0xA151, 0xB21A, 0xB65D, 0xBABF, 0xB6BF, 0xBADF, 0xB67F,
  0xB25E, 0xB23C, 0xB1F9, 0xA570, 0xBE4E, 0xFFFB, 0xFFFD, 0xADE8, 0xFFFF, 0xFFFF, 0xFFFF, 0xFFFF, 0xFFFF, 0xFFFF, 0xFFFF, 0xFFFF,
  0xFFFF, 0xFFFF, 0xFFFF, 0xFFFF, 0xFFFF, 0xFFFF, 0xFFFF, 0xFFFF, 0xFFFF, 0xFFFF, 0xFFFF, 0xFFFF, 0xFFFF, 0xFFFF, 0xFFFF, 0xFFFF,
  0xFFFF, 0xBA2B, 0xFFFF, 0xFFFE, 0xFFFB, 0xCA90, 0xADCE, 0xA9D1, 0xAA16, 0xAA37, 0xAE38, 0xAE37, 0xB257, 0xB255, 0xA5AD, 0xD2D2,
  0xFFFF, 0xFFFF, 0xFFFB, 0xB1E8, 0xFFFF, 0xFFFF, 0xFFFF, 0xFFFF, 0xFFFF, 0xFFFF, 0xFFFF, 0xFFFF, 0xFFFF, 0xFFFF, 0xFFFF, 0xFFFF,
  0xFFFF, 0xFFFF, 0xFFFF, 0xFFFF, 0xFFFF, 0xFFFF, 0xFFFF, 0xFFFF, 0xFFFF, 0xFFFF, 0xFFFF, 0xFFFF, 0xFFFF, 0xB1E8, 0xFFFF, 0xFFF9,
  0xFFFF, 0xFFFF, 0xFFFF, 0xEBF6, 0xDF94, 0xE3D5, 0xE3D5, 0xE3D5, 0xE7D5, 0xEBF5, 0xF3F5, 0xFFFF, 0xFFFF, 0xFFFB, 0xFFFE, 0xADC7,
  0xFFFF, 0xFFFF, 0xFFFF, 0xFFFF, 0xFFFF, 0xFFFF, 0xFFFF, 0xFFFF, 0xFFFF, 0xFFFF, 0xFFFF, 0xFFFF, 0xFFFF, 0xFFFF, 0xFFFF, 0xFFFF,
  0xFFFF, 0xFFFF, 0xFFFF, 0xFFFF, 0xFFFF, 0xFFFF, 0xFFFF, 0xFFFF, 0xFFFF, 0xCAAF, 0xF3F6, 0xFFFA, 0xEB8D, 0xFFFF, 0xFFFF, 0xFFFF,
  0xFFFF, 0xFFFF, 0xFFFF, 0xFFFF, 0xFFFF, 0xFFFF, 0xFFFF, 0xFBF7, 0xDF4D, 0xFFF5, 0xF7F5, 0xD2F1, 0xFFFF, 0xFFFF, 0xFFFF, 0xFFFF,
  0xFFFF, 0xFFFF, 0xFFFF, 0xFFFF, 0xFFFF, 0xFFFF, 0xFFFF, 0xFFFF, 0xFFFF, 0xFFFF, 0xFFFF, 0xFFFF, 0xFFFF, 0xFFFF, 0xFFFF, 0xFFFF,
  0xFFFF, 0xFFFF, 0xFFFF, 0xFFFF, 0xFFFF, 0xFFFF, 0xDB53, 0xFFF5, 0xEF8D, 0xFFFF, 0xFFFF, 0xCAF4, 0xD336, 0xD336, 0xD335, 0xD335,
  0xD335, 0xD755, 0xDF96, 0xE7B4, 0xEBB1, 0xF3F4, 0xDB72, 0xFFFF, 0xFFFF, 0xFFFF, 0xFFFF, 0xFFFF, 0xFFFF, 0xFFFF, 0xFFFF, 0xFFFF,
  0xFFFF, 0xFFFF, 0xFFFF, 0xFFFF, 0xFFFF, 0xFFFF, 0xFFFF, 0xFFFF, 0xFFFF, 0xFFFF, 0xFFFF, 0xFFFF, 0xFFFF, 0xFFFF, 0xFFFF, 0xFFFF,
  0xFFFF, 0xFFFF, 0xFFFF, 0xC24B, 0xFFFC, 0xDAED, 0xF7FD, 0xCED9, 0xD73B, 0xD31A, 0xD2F9, 0xD2F9, 0xD319, 0xD318, 0xDF36, 0xC649,
  0xFFFC, 0xC68D, 0xFFFF, 0xFFFF, 0xFFFF, 0xFFFF, 0xFFFF, 0xFFFF, 0xFFFF, 0xFFFF, 0xFFFF, 0xFFFF, 0xFFFF, 0xFFFF, 0xFFFF, 0xFFFF,
  0xFFFF, 0xFFFF, 0xFFFF, 0xFFFF, 0xFFFF, 0xFFFF, 0xFFFF, 0xFFFF, 0xFFFF, 0xFFFF, 0xFFFF, 0xFFFF, 0xFFFF, 0xFFFF, 0xFFFF, 0xCA8F,
  0xFFFF, 0xD6EC, 0xE334, 0xCEF4, 0xB62E, 0xB62E, 0xB20D, 0xB20D, 0xB20D, 0xB1EC, 0xD2AE, 0xD6CB, 0xFFFF, 0xD2F1, 0xFFFF, 0xFFFF,
  0xFFFF, 0xFFFF, 0xFFFF, 0xFFFF, 0xFFFF, 0xFFFF, 0xFFFF, 0xFFFF, 0xFFFF, 0xFFFF, 0xFFFF, 0xFFFF, 0xFFFF, 0xFFFF, 0xFFFF, 0xFFFF,
  0xFFFF, 0xFFFF, 0xFFFF, 0xFFFF, 0xFFFF, 0xFFFF, 0xFFFF, 0xFFFF, 0xFFFF, 0xFFFF, 0xFFFF, 0xBE4B, 0xFFFF, 0xFFFD, 0xFFFF, 0xFFFF,
  0xC70C, 0xCF4E, 0xCF2D, 0xCB0D, 0xCF2D, 0xCB0C, 0xEFF3, 0xFBF4, 0xFFFF, 0xC6AD, 0xFFFF, 0xFFFF, 0xFFFF, 0xFFFF, 0xFFFF, 0xFFFF,
  0xFFFF, 0xFFFF, 0xFFFF, 0xFFFF, 0xFFFF, 0xFFFF, 0xFFFF, 0xFFFF, 0xFFFF, 0xFFFF, 0xFFFF, 0xFFFF, 0xFFFF, 0xFFFF, 0xFFFF, 0xFFFF,
  0xFFFF, 0xFFFF, 0xFFFF, 0xFFFF, 0xFFFF, 0xFFFE, 0xDF55, 0xFFFB, 0xFFFF, 0xFFFC, 0xFFFF, 0xFFFF, 0xEBF4, 0xF3F6, 0xF3F5, 0xF3F4,
  0xF3F4, 0xEFF4, 0xF7F4, 0xF7F2, 0xFFFE, 0xFFF7, 0xDF74, 0xFFFF, 0xFFFF, 0xFFFF, 0xFFFF, 0xFFFF, 0xFFFF, 0xFFFF, 0xFFFF, 0xFFFF,
  0xFFFF, 0xFFFF, 0xFFFF, 0xFFFF, 0xFFFF, 0xFFFF, 0xFFFF, 0xFFFF, 0xFFFF, 0xFFFF, 0xFFFF, 0xFFFF, 0xFFFF, 0xFFFF, 0xFFFF, 0xFFFF,
  0xE7B8, 0xB228, 0xFFFB, 0xFFFF, 0xFFF7, 0xFFFC, 0xFFFF, 0xFFFF, 0xE7F3, 0xEFF4, 0xEFF3, 0xF3F3, 0xF3F4, 0xEFF3, 0xF3F3, 0xFFF4,
  0xFFF5, 0xFFFD, 0xFFF9, 0xD30F, 0xE777, 0xFFFF, 0xFFFF, 0xFFFF, 0xFFFF, 0xFFFF, 0xFFFF, 0xFFFF, 0xFFFF, 0xFFFF, 0xFFFF, 0xFFFF,
  0xFFFF, 0xFFFF, 0xFFFF, 0xFFFF, 0xFFFF, 0xFFFF, 0xFFFF, 0xFFFF, 0xFFFF, 0xFFFF, 0xFFFF, 0xD733, 0xEBB4, 0xFFFF, 0xFFFF, 0xFFF9,
  0xFFFC, 0xFFFF, 0xFFFF, 0xFFFF, 0xE7F3, 0xEBF3, 0xEBF3, 0xEBF2, 0xEFF4, 0xFFF9, 0xFFFF, 0xFFFE, 0xFFF8, 0xFFF7, 0xFFFC, 0xFFFF,
  0xEFB4, 0xD6F2, 0xFFFF, 0xFFFF, 0xFFFF, 0xFFFF, 0xFFFF, 0xFFFF, 0xFFFF, 0xFFFF, 0xFFFF, 0xFFFF, 0xFFFF, 0xFFFF, 0xFFFF, 0xFFFF,
  0xFFFF, 0xFFFF, 0xFFFF, 0xFFFF, 0xFFFF, 0xFFFF, 0xDB54, 0xEFD4, 0xFFFF, 0xFFFF, 0xFFF8, 0xFFFF, 0xFFFF, 0xFFFF, 0xFFFF, 0xFFFF,
  0xFFFC, 0xFFFC, 0xFFFC, 0xFFFC, 0xFFFE, 0xFFFF, 0xFFFF, 0xFFFF, 0xFFFF, 0xFFFC, 0xFFF7, 0xFFF7, 0xFFFF, 0xFBF6, 0xD712, 0xFFFF,
  0xFFFF, 0xFFFF, 0xFFFF, 0xFFFF, 0xFFFF, 0xFFFF, 0xFFFF, 0xFFFF, 0xFFFF, 0xFFFF, 0xFFFF, 0xFFFF, 0xFFFF, 0xFFFF, 0xFFFF, 0xFFFF,
  0xFFFF, 0xDB34, 0xF7F6, 0xFFFF, 0xFFFC, 0xFFF8, 0xFFFF, 0xFFFF, 0xFFFF, 0xFFFF, 0xFFFF, 0xFFFF, 0xFFFF, 0xFFFF, 0xFFFF, 0xFFFF,
  0xFFFF, 0xFFFF, 0xFFFF, 0xFFFF, 0xFFFF, 0xFFFF, 0xFFFE, 0xFFF7, 0xFFF6, 0xFFFF, 0xF3D5, 0xDF54, 0xFFFF, 0xFFFF, 0xFFFF, 0xFFFF,
  0xFFFF, 0xFFFF, 0xFFFF, 0xFFFF, 0xFFFF, 0xFFFF, 0xFFFF, 0xFFFF, 0xFFFF, 0xFFFF, 0xFFFF, 0xFFFF, 0xFFFF, 0xB608, 0xFFFF, 0xFFFD,
  0xFFFB, 0xFFFF, 0xFFFF, 0xFFFF, 0xFFFF, 0xFFFF, 0xFFFF, 0xFFFF, 0xFFFF, 0xFFFF, 0xFFFF, 0xFFFF, 0xFFFF, 0xFFFF, 0xFFFF, 0xFFFF,
  0xFFFF, 0xFFFF, 0xFFFF, 0xFFFC, 0xFFF7, 0xFFF8, 0xFFFF, 0xC26B, 0xFFFF, 0xFFFF, 0xFFFF, 0xFFFF, 0xFFFF, 0xFFFF, 0xFFFF, 0xFFFF,
  0xFFFF, 0xFFFF, 0xFFFF, 0xFFFF, 0xFFFF, 0xFFFF, 0xFFFF, 0xFFFF, 0xD732, 0xFFFE, 0xFFFF, 0xFFFB, 0xFFFF, 0xFFFF, 0xFFFF, 0xFFFF,
  0xFFFF, 0xFFFF, 0xD7EE, 0xD7EE, 0xD7EF, 0xDBEF, 0xDBEF, 0xDBEF, 0xDBEF, 0xDBEF, 0xD7EE, 0xFFFC, 0xFFFF, 0xFFFF, 0xFFFF, 0xFFFE,
  0xFFFA, 0xFFF8, 0xFFFD, 0xFFFC, 0xE395, 0xFFFF, 0xFFFF, 0xFFFF, 0xFFFF, 0xFFFF, 0xFFFF, 0xFFFF, 0xFFFF, 0xFFFF, 0xFFFF, 0xFFFF,
  0xFFFF, 0xFFFF, 0xFFFF, 0xFFFF, 0xBA49, 0xFFFF, 0xFFFD, 0xFFFF, 0xFFFF, 0xFFFF, 0xFFFF, 0xFFFF, 0xFFFF, 0xC7F0, 0xBBF1, 0xD7FB,
  0xD3FA, 0xD7FA, 0xD7FB, 0xD7FB, 0xD7FA, 0xD7FA, 0xD7FA, 0xCFF5, 0xD3F3, 0xDBF3, 0xDBF1, 0xFFF4, 0xFFFA, 0xFFFA, 0xFFF8, 0xFFFF,
  0xC28B, 0xFFFF, 0xFFFF, 0xFFFF, 0xFFFF, 0xFFFF, 0xFFFF, 0xFFFF, 0xFFFF, 0xFFFF, 0xFFFF, 0xFFFF, 0xFFFF, 0xFFFF, 0xFFFF, 0xCB0F,
  0xFFFF, 0xFFFF, 0xFFFA, 0xF7FD, 0xFFFF, 0xFFFF, 0xFFFF, 0xFFFF, 0xFFFF, 0xCFFA, 0xCFFB, 0xCFFB, 0xD3FC, 0xD3FC, 0xD7FD, 0xD3FD,
  0xD3FC, 0xD3FC, 0xD7FD, 0xDBFE, 0xDBFD, 0xDFFE, 0xDBFD, 0xCFF3, 0xE7F3, 0xE7F1, 0xE7EE, 0xFFFC, 0xFFFE, 0xD712, 0xFFFF, 0xFFFF,
  0xFFFF, 0xFFFF, 0xFFFF, 0xFFFF, 0xFFFF, 0xFFFF, 0xFFFF, 0xFFFF, 0xFFFF, 0xFFFF, 0xFFFF, 0xB227, 0xFFFF, 0xFFF7, 0xDBF5, 0xFFFF,
  0xFFFF, 0xFFFF, 0xFFFF, 0xFFFF, 0xE7FF, 0xC3F7, 0xBFF5, 0xBBF4, 0xBBF5, 0xBBF5, 0xBFF5, 0xBFF5, 0xBFF4, 0xBBF4, 0xBBF4, 0xCBF9,
  0xD3FC, 0xEBFF, 0xF7FF, 0xC3F6, 0xBFF3, 0xDFFB, 0xC7EF, 0xF3F3, 0xFFFF, 0xB649, 0xFFFF, 0xFFFF, 0xFFFF, 0xFFFF, 0xFFFF, 0xFFFF,
  0xFFFF, 0xFFFF, 0xFFFF, 0xFFFF, 0xFFFF, 0xFFFF, 0xCAF0, 0xFFFC, 0xFFFF, 0xCFEC, 0xDBF7, 0xFFFF, 0xFFFF, 0xFFFF, 0xFFFF, 0xF7FF,
  0xC3F6, 0xBFF5, 0xBFF5, 0xBFF5, 0xBFF5, 0xBFF6, 0xBFF6, 0xBFF6, 0xBFF6, 0xBFF6, 0xBFF5, 0xBBF5, 0xBBF4, 0xCFFA, 0xDFFE, 0xCFFA,
  0xD3FC, 0xEBFF, 0xBFF2, 0xD3EF, 0xFFFF, 0xFFF9, 0xCED1, 0xFFFF, 0xFFFF, 0xFFFF, 0xFFFF, 0xFFFF, 0xFFFF, 0xFFFF, 0xFFFF, 0xFFFF,
  0xFFFF, 0xFFFF, 0xB1E7, 0xFFFF, 0xFFFB, 0xBBE7, 0xDFF8, 0xFFFF, 0xFFFF, 0xFFFF, 0xFFFF, 0xD3FB, 0xC3F8, 0xC3F7, 0xBFF6, 0xBBF5,
  0xBBF5, 0xBBF5, 0xBFF5, 0xBFF5, 0xBFF5, 0xBFF6, 0xBFF6, 0xC3F7, 0xC3F8, 0xC3F8, 0xBFF7, 0xCFFC, 0xEBFF, 0xDFFE, 0xBFF2, 0xAFE7,
  0xFFF7, 0xFFFD, 0xADC6, 0xFFFF, 0xFFFF, 0xFFFF, 0xFFFF, 0xFFFF, 0xFFFF, 0xFFFF, 0xFFFF, 0xFFFF, 0xFFFF, 0xFFFF, 0xB608, 0xFFFE,
  0xF3F7, 0xB7E6, 0xD3F5, 0xFFFF, 0xFFFF, 0xFFFF, 0xFFFF, 0xFFFF, 0xFFFF, 0xEFFF, 0xCFFB, 0xC7F9, 0xC7F9, 0xC3F8, 0xC3F8, 0xC3F8,
  0xC3F8, 0xC7F9, 0xCBFA, 0xEBFF, 0xFFFF, 0xFFFF, 0xFFFF, 0xFFFF, 0xC7EF, 0xB386, 0xCBF7, 0xAFE7, 0xFFF6, 0xFFFB, 0xB1E8, 0xFFFF,
  0xFFFF, 0xFFFF, 0xFFFF, 0xFFFF, 0xFFFF, 0xFFFF, 0xFFFF, 0xFFFF, 0xFFFF, 0xFFFF, 0xB208, 0xFFFE, 0xF3F6, 0xBBE6, 0xE3FB, 0xF7FF,
  0xFFFF, 0xFFFF, 0xC7EE, 0xCB2B, 0xCB0B, 0xDBF4, 0xFFFF, 0xFFFF, 0xFFFF, 0xFFFF, 0xFFFF, 0xFFFF, 0xFFFF, 0xFFFF, 0xFFFF, 0xE3F7,
  0xCB2B, 0xCF6C, 0xCB6C, 0xCF8C, 0xC2E3, 0xB703, 0xCBF7, 0xAFE9, 0xFFF6, 0xFFFC, 0xB1E8, 0xFFFF, 0xFFFF, 0xFFFF, 0xFFFF, 0xFFFF,
  0xFFFF, 0xFFFF, 0xFFFF, 0xFFFF, 0xFFFF, 0xFFFF, 0xB208, 0xFFFE, 0xEFF5, 0xB7E5, 0xE3FA, 0xF7FF, 0xFFFF, 0xFFFF, 0xBFE7, 0xBA81,
  0xBEC2, 0xBEA3, 0xCB0A, 0xCB0A, 0xC2CA, 0xC2CA, 0xC6CA, 0xC2CA, 0xC2CA, 0xC2CA, 0xC30A, 0xBEE6, 0xBA81, 0xBB64, 0xC7E8, 0xBB43,
  0xC301, 0xBB44, 0xCBF9, 0xB3EA, 0xFFF7, 0xFFFC, 0xB1C8, 0xFFFF, 0xFFFF, 0xFFFF, 0xFFFF, 0xFFFF, 0xFFFF, 0xFFFF, 0xFFFF, 0xFFFF,
  0xFFFF, 0xFFFF, 0xB608, 0xFFFD, 0xEFF3, 0xBBE5, 0xD7F5, 0xEFFF, 0xFFFF, 0xF3FF, 0xBFE7, 0xC346, 0xD7ED, 0xBEA2, 0xC282, 0xBE41,
  0xC2E5, 0xBEC6, 0xB621, 0xBA41, 0xBA42, 0xB641, 0xBEE5, 0xC746, 0xBB02, 0xCBEE, 0xC3E9, 0xBF43, 0xC342, 0xB763, 0xC7F8, 0xAFEA,
  0xFFF7, 0xFFFD, 0xB1E8, 0xFFFF, 0xFFFF, 0xFFFF, 0xFFFF, 0xFFFF, 0xFFFF, 0xFFFF, 0xFFFF, 0xFFFF, 0xFFFF, 0xFFFF, 0xBA29, 0xFFFD,
  0xEFF3, 0xBFE5, 0xCFF3, 0xEFFF, 0xFFFF, 0xFBFF, 0xBFE8, 0xBAC3, 0xBEE4, 0xC2E3, 0xC2E3, 0xC2E3, 0xC304, 0xC2E4, 0xBEC3, 0xBEA2,
  0xBEA3, 0xBEC4, 0xBEC3, 0xBF03, 0xBB62, 0xCFED, 0xBBE7, 0xBB83, 0xC3C3, 0xB7C4, 0xC3F7, 0xAFEA, 0xFFF7, 0xFFFD, 0xB608, 0xFFFF,
  0xFFFF, 0xFFFF, 0xFFFF, 0xFFFF, 0xFFFF, 0xFFFF, 0xFFFF, 0xFFFF, 0xFFFF, 0xFFFF, 0xB1E8, 0xFFFF, 0xF3F5, 0xBFE5, 0xCFF3, 0xCFF8,
  0xDFFD, 0xE3FA, 0xC3EA, 0xBAC3, 0xC2E3, 0xBEE2, 0xC3A6, 0xC7C7, 0xBF02, 0xC303, 0xBF85, 0xBFE7, 0xBF66, 0xBEE3, 0xBF03, 0xBB22,
  0xB7E3, 0xB7E4, 0xBFE7, 0xC7E9, 0xBBE3, 0xB3E5, 0xC3F8, 0xB3EA, 0xFFF7, 0xFFFD, 0xB209, 0xFFFF, 0xFFFF, 0xFFFF, 0xFFFF, 0xFFFF,
  0xFFFF, 0xFFFF, 0xFFFF, 0xFFFF, 0xFFFF, 0xFFFF, 0xFFFE, 0xD790, 0xFFFC, 0xD3EA, 0xCBEE, 0xBFF1, 0xB7F1, 0xC3F1, 0xC7EC, 0xBB02,
  0xBF23, 0xBF23, 0xBF43, 0xBF64, 0xC364, 0xBB22, 0xC7EC, 0xD3F1, 0xBFE6, 0xBB23, 0xBF43, 0xB3E3, 0xCFF1, 0xC7EC, 0xBBE4, 0xBFE5,
  0xB7E3, 0xCFF2, 0xBBEF, 0xB7E9, 0xFFFB, 0xD32E, 0xFFFF, 0xFFFF, 0xFFFF, 0xFFFF, 0xFFFF, 0xFFFF, 0xFFFF, 0xFFFF, 0xFFFF, 0xFFFF,
  0xFFFF, 0xFFFF, 0xFFFF, 0xAA06, 0xFFFF, 0xFBF3, 0xB3E3, 0xC3F1, 0xBBF1, 0xC3F1, 0xC3EC, 0xB744, 0xBF85, 0xBB42, 0xBF43, 0xBF63,
  0xBF83, 0xBF83, 0xBFE6, 0xBFE6, 0xBBA3, 0xC3A4, 0xB7A2, 0xBFE8, 0xCFF3, 0xC7ED, 0xB7E4, 0xBFE4, 0xBBE4, 0xD3F5, 0xB3E9, 0xDFF3,
  0xFFFF, 0xB247, 0xFFFF, 0xFFFF, 0xFFFF, 0xFFFF, 0xFFFF, 0xFFFF, 0xFFFF, 0xFFFF, 0xFFFF, 0xFFFF, 0xFFFF, 0xFFFF, 0xFFFF, 0xC2CE,
  0xFFFD, 0xFFF7, 0xC3E4, 0xC7EE, 0xBFF1, 0xC3F1, 0xC3EB, 0xC7EA, 0xD3EE, 0xB781, 0xBBC3, 0xBBE3, 0xBBE3, 0xBFE3, 0xBFE3, 0xBFE3,
  0xC3E4, 0xBFE3, 0xBBE4, 0xBBE4, 0xB3E2, 0xBFE9, 0xBFEB, 0xBBE7, 0xBBE9, 0xD7F7, 0xBBE8, 0xFFF9, 0xFFFC, 0xC6EF, 0xFFFF, 0xFFFF,
  0xFFFF, 0xFFFF, 0xFFFF, 0xFFFF, 0xFFFF, 0xFFFF, 0xFFFF, 0xFFFF, 0xFFFF, 0xFFFF, 0xFFFF, 0xFFFF, 0xB68A, 0xFFFF, 0xE3EC, 0xBBE4,
  0xC7EF, 0xC3F1, 0xC3EC, 0xB7E3, 0xBBE4, 0xBBE2, 0xBBE4, 0xC7EC, 0xBFE8, 0xB7E2, 0xBFE3, 0xBFE3, 0xBFE3, 0xBBE3, 0xC3E6, 0xBBE4,
  0xBFE8, 0xC7F2, 0xDFFB, 0xBFF1, 0xCBF5, 0xC7F2, 0xEBF4, 0xFFFF, 0xAA07, 0xFFFF, 0xFFFF, 0xFFFF, 0xFFFF, 0xFFFF, 0xFFFF, 0xFFFF,
  0xFFFF, 0xFFFF, 0xFFFF, 0xFFFF, 0xFFFF, 0xFFFF, 0xFFFF, 0xFFFF, 0xD352, 0xFFFE, 0xFFF4, 0xC7E4, 0xBFE7, 0xCBF1, 0xC3EE, 0xBBE4,
  0xBBE2, 0xBFE2, 0xBBE4, 0xC7EC, 0xBFE6, 0xBBE3, 0xBFE4, 0xBFE4, 0xBFE4, 0xBBE3, 0xB7E4, 0xBFEA, 0xCBF4, 0xCFF9, 0xD3FC, 0xCFFA,
  0xBFF2, 0xC7EC, 0xFFFC, 0xFFFD, 0xC2CE, 0xFFFF, 0xFFFF, 0xFFFF, 0xFFFF, 0xFFFF, 0xFFFF, 0xFFFF, 0xFFFF, 0xFFFF, 0xFFFF, 0xFFFF,
  0xFFFF, 0xFFFF, 0xFFFF, 0xFFFF, 0xFFFF, 0xAE48, 0xFFFA, 0xF7F2, 0xC7E5, 0xBFEA, 0xCBF3, 0xBFED, 0xB7E4, 0xBFE3, 0xBFE3, 0xBFE3,
  0xBFE4, 0xC3E4, 0xC3E4, 0xC3E4, 0xBFE4, 0xBBE5, 0xBBEA, 0xD7F9, 0xE7FF, 0xE7FF, 0xCFF9, 0xBFF0, 0xC3EB, 0xFFF8, 0xFFFF, 0xAE29,
  0xFFFF, 0xFFFF, 0xFFFF, 0xFFFF, 0xFFFF, 0xFFFF, 0xFFFF, 0xFFFF, 0xFFFF, 0xFFFF, 0xFFFF, 0xFFFF, 0xFFFF, 0xFFFF, 0xFFFF, 0xFFFF,
  0xFFFF, 0xFFFE, 0xC2EC, 0xFFFD, 0xF7F2, 0xC3E5, 0xC3EB, 0xCBF2, 0xC3EB, 0xBBE5, 0xBFE5, 0xBFE5, 0xBFE5, 0xBFE5, 0xBBE5, 0xBFE6,
  0xBBE7, 0xCBF2, 0xD3FA, 0xE7FF, 0xFFFF, 0xE3FF, 0xBFEF, 0xCBEC, 0xFFF7, 0xFFFC, 0xBECB, 0xFFFF, 0xFFFF, 0xFFFF, 0xFFFF, 0xFFFF,
  0xFFFF, 0xFFFF, 0xFFFF, 0xFFFF, 0xFFFF, 0xFFFF, 0xFFFF, 0xFFFF, 0xFFFF, 0xFFFF, 0xFFFF, 0xFFFF, 0xFFFF, 0xFFFF, 0xFFFF, 0xC2EC,
  0xFFFE, 0xEFF0, 0xCBE6, 0xBFE6, 0xBBE6, 0xC3E8, 0xBBE9, 0xBBEA, 0xBFEC, 0xBFEF, 0xC3F1, 0xCBF4, 0xCBF5, 0xD7FE, 0xE3FF, 0xDFFE,
  0xE7FC, 0xCFF2, 0xCFEE, 0xFFF8, 0xFFFF, 0xB289, 0xF3FC, 0xFFFF, 0xFFFF, 0xFFFF, 0xFFFF, 0xFFFF, 0xFFFF, 0xFFFF, 0xFFFF, 0xFFFF,
};
#define assets_c27_W 44
#define assets_c27_H 44

static const unsigned short assets_c28[1936] = {
  0xFFFF, 0xFFFF, 0xFFFF, 0xFFFF, 0xAD6C, 0xBA79, 0xDFFF, 0xDFFF, 0xBE78, 0xBDF0, 0xFFFF, 0xFFFF, 0xFFFF, 0xFFFF, 0xFFFF, 0xFFFF,
  0xFFFF, 0xFFFF, 0xFFFF, 0xFFFF, 0xFFFF, 0xFFFF, 0xFFFF, 0xFFFF, 0xFFFF, 0xFFFF, 0xFFFF, 0xFFFF, 0xFFFF, 0xFFFF, 0xFFFF, 0xFFFF,
  0xFFFF, 0xFFFF, 0xFFFF, 0xFFFF, 0xFFFF, 0xFFFF, 0xFFFF, 0xFFFF, 0xFFFF, 0xFFFF, 0xFFFF, 0xFFFF, 0xFFFF, 0xFFFF, 0xFFFF, 0xAD90,
  0xC31F, 0xE3FF, 0xF7FF, 0xF7FF, 0xEBFF, 0xC2FE, 0xA9B2, 0xFFFF, 0xFFFF, 0xFFFF, 0xFFFF, 0xFFFF, 0xFFFF, 0xFFFF, 0xFFFF, 0xFFFF,
  0xFFFF, 0xFFFF, 0xFFFF, 0xFFFF, 0xFFFF, 0xFFFF, 0xFFFF, 0xFFFF, 0xFFFF, 0xFFFF, 0xFFFF, 0xFFFF, 0xFFFF, 0xFFFF, 0xFFFF, 0xFFFF,
  0xFFFF, 0xFFFF, 0xFFFF, 0xFFFF, 0xFFFF, 0xFFFF, 0xFFFF, 0xFFFF, 0xFFFF, 0xFFFF, 0xA96E, 0xBEFF, 0xDFFF, 0xE7FF, 0xF3FF, 0xEFFF,
  0xF3FF, 0xEBFF, 0xBEFF, 0x9D0C, 0xFFFF, 0xFFFF, 0xFFFF, 0xFFFF, 0xFFFF, 0xFFFF, 0xFFFF, 0xFFFF, 0xFFFF, 0xFFFF, 0xFFFF, 0xFFFF,
  0xFFFF, 0xFFFF, 0xFFFF, 0xFFFF, 0xFFFF, 0xFFFF, 0xFFFF, 0xFFFF, 0xFFFF, 0xFFFF, 0xFFFF, 0xFFFF, 0xFFFF, 0xFFFF, 0xFFFF, 0xFFFF,
  0xFFFF, 0xFFFF, 0xFFFF, 0xFFFF, 0xFFFF, 0xFFFF, 0x90EC, 0xDBFF, 0xDBFF, 0xE7FF, 0xEFFF, 0xEFFF, 0xEFFF, 0xDBFF, 0xD3DF, 0x950F,
  0xFFFF, 0xFFFF, 0xFFFF, 0xFFFF, 0xFFFF, 0xFFFF, 0xFFFF, 0xFFFF, 0xFFFF, 0xFFFF, 0xFFFF, 0xFFFF, 0xFFFF, 0xFFFF, 0xFFFF, 0xFFFF,
  0xFFFF, 0xFFFF, 0xFFFF, 0xFFFF, 0xFFFF, 0xFFFF, 0xFFFF, 0xFFFF, 0xFFFF, 0xFFFF, 0xFFFF, 0xFFFF, 0xFFFF, 0xFFFF, 0xFFFF, 0xFFFF,
  0xFFFF, 0xFFFF, 0x950D, 0xD3DF, 0xE7FF, 0xEFFF, 0xEFFF, 0xEFFF, 0xEFFF, 0xDFFF, 0xCB9F, 0x9930, 0xFFFF, 0xFFFF, 0xFFFF, 0xFFFF,
  0xFFFF, 0xFFFF, 0xFFFF, 0xFFFF, 0xFFFF, 0xFFFF, 0xFFFF, 0xFFFF, 0xFFFF, 0xFFFF, 0xFFFF, 0xFFFF, 0xFFFF, 0xFFFF, 0xFFFF, 0xFFFF,
  0xFFFF, 0xFFFF, 0xFFFF, 0xFFFF, 0xFFFF, 0xFFFF, 0xFFFF, 0xFFFF, 0xFFFF, 0xFFFF, 0xFFFF, 0xFFFF, 0xFFFF, 0xFFFF, 0x950D, 0xD3FF,
  0xEBFF, 0xEFFF, 0xEFFF, 0xEFFF, 0xEBFF, 0xDBFF, 0xCB9F, 0xA593, 0x9CEA, 0xA96D, 0xA94D, 0xAD8E, 0xFFFF, 0xFFFF, 0xFFFF, 0xFFFF,
  0xFFFF, 0xFFFF, 0xFFFF, 0xFFFF, 0xFFFF, 0xFFFF, 0xFFFF, 0xFFFF, 0xFFFF, 0xFFFF, 0xFFFF, 0xFFFF, 0xFFFF, 0xFFFF, 0xFFFF, 0xFFFF,
  0xFFFF, 0xFFFF, 0xFFFF, 0xFFFF, 0xFFFF, 0xFFFF, 0xFFFF, 0xFFFF, 0xFFFF, 0xFFFF, 0x950D, 0xD7FF, 0xEFFF, 0xEFFF, 0xEFFF, 0xEFFF,
  0xDFFF, 0xD3FF, 0xB69F, 0xAE19, 0xC31F, 0xCF9F, 0xE3FF, 0xC71F, 0xB5D2, 0xFFFF, 0xB5D2, 0x98EB, 0x9D2D, 0x990D, 0x990C, 0x990C,
  0x990C, 0x990C, 0x990C, 0x9D2C, 0x98EB, 0xBA13, 0xFFFF, 0xFFFF, 0xFFFF, 0xFFFF, 0xFFFF, 0xFFFF, 0xFFFF, 0xFFFF, 0xFFFF, 0xFFFF,
  0xFFFF, 0xFFFF, 0xFFFF, 0xFFFF, 0xFFFF, 0xFFFF, 0x950D, 0xDBFF, 0xEFFF, 0xEFFF, 0xEBFF, 0xEBFF, 0xDFFF, 0xD3FF, 0xB25D, 0xA9F9,
  0xC79F, 0xD7FF, 0xE7FF, 0xF3FF, 0xB239, 0xB1F6, 0xC2FF, 0xDFFF, 0xE3FF, 0xDFFF, 0xDBFF, 0xD7FF, 0xE3FF, 0xE7FF, 0xE7FF, 0xE7FF,
  0xE7FF, 0xE3FF, 0x992F, 0x990E, 0x990E, 0x990E, 0x9D2E, 0x9D4E, 0x94CA, 0xEB7E, 0xFFFF, 0xE319, 0x90A6, 0x94CA, 0x94CB, 0x90CA,
  0xFFFF, 0xFFFF, 0x950D, 0xD7FF, 0xEBFF, 0xEBFF, 0xEBFF, 0xEFFF, 0xDFFF, 0xD3FF, 0xB25D, 0xAE1A, 0xCB7F, 0xD7FF, 0xE7FF, 0xE7FF,
  0xD3DF, 0xC75F, 0xCBDF, 0xDFFF, 0xDFFF, 0xDBFF, 0xDBFF, 0xE3FF, 0xEBFF, 0xEBFF, 0xEBFF, 0xEBFF, 0xEBFF, 0xE3FF, 0xD7FF, 0xD3FF,
  0xD7FF, 0xD3FF, 0xD7FF, 0xD7FF, 0xE7FF, 0xCB5F, 0x98ED, 0xB659, 0xE3FF, 0xCFDF, 0xD3FF, 0xCFFF, 0xFFFF, 0xFFFF, 0x990D, 0xDBFF,
  0xEBFF, 0xEBFF, 0xEBFF, 0xEBFF, 0xE3FF, 0xCB7F, 0xA9FA, 0xB23C, 0xCB9F, 0xDBFF, 0xE7FF, 0xE7FF, 0xEBFF, 0xEBFF, 0xE7FF, 0xDFFF,
  0xD7FF, 0xE3FF, 0xEBFF, 0xEBFF, 0xEBFF, 0xEBFF, 0xEBFF, 0xE7FF, 0xE7FF, 0xEBFF, 0xEBFF, 0xEBFF, 0xEBFF, 0xEFFF, 0xF3FF, 0xEFFF,
  0xF3FF, 0xD3FF, 0xB6BF, 0xE3FF, 0xEFFF, 0xDFFF, 0xDBFF, 0xEBFF, 0xFFFF, 0xFFFF, 0x990D, 0xDBFF, 0xEBFF, 0xEBFF, 0xEBFF, 0xEBFF,
  0xE7FF, 0xBABF, 0xA9FA, 0xCB7F, 0xC77F, 0xDBFF, 0xE3FF, 0xDFFF, 0xDFFF, 0xDFFF, 0xDBFF, 0xE3FF, 0xE3FF, 0xEBFF, 0xEBFF, 0xEBFF,
  0xEBFF, 0xEBFF, 0xEBFF, 0xEBFF, 0xEBFF, 0xEBFF, 0xEBFF, 0xE7FF, 0xE3FF, 0xDBFF, 0xDFFF, 0xE3FF, 0xEFFF, 0xF3FF, 0xF3FF, 0xEBFF,
  0xEBFF, 0xEBFF, 0xEBFF, 0xE7FF, 0xFFFF, 0xFFFF, 0x950D, 0xDBFF, 0xEBFF, 0xEBFF, 0xEFFF, 0xDFFF, 0xD7FF, 0xB27E, 0xAE3B, 0xC77F,
  0xD3FF, 0xCB9F, 0xBAFF, 0xC33F, 0xBF1F, 0xBB1F, 0xB6FF, 0xD3FF, 0xE7FF, 0xEBFF, 0xEBFF, 0xEBFF, 0xEBFF, 0xEBFF, 0xEBFF, 0xEBFF,
  0xE7FF, 0xEBFF, 0xDFFF, 0xE3FF, 0xCFFF, 0xB6DF, 0xBB1F, 0xCBBF, 0xE7FF, 0xD7FF, 0xE7FF, 0xEFFF, 0xEBFF, 0xEBFF, 0xEBFF, 0xE7FF,
  0xFFFF, 0xFFFF, 0x950D, 0xDBFF, 0xEBFF, 0xEBFF, 0xEFFF, 0xDFFF, 0xCBDF, 0xB25C, 0xAE3C, 0xC77F, 0xD3FF, 0xC77F, 0xC77F, 0xD3FF,
  0xCFDF, 0xCBDF, 0xCFDF, 0xBF3F, 0xDFFF, 0xEBFF, 0xEBFF, 0xEBFF, 0xEFFF, 0xEBFF, 0xEFFF, 0xEFFF, 0xEFFF, 0xE3FF, 0xB6FF, 0xC37F,
  0xD3FF, 0xCFFF, 0xD3FF, 0xD7FF, 0xD7FF, 0xCB9F, 0xBB1F, 0xDBFF, 0xEFFF, 0xEBFF, 0xEBFF, 0xE7FF, 0xFFFF, 0xFFFF, 0x90CC, 0xDBFF,
  0xEBFF, 0xEBFF, 0xEFFF, 0xDFFF, 0xCFDF, 0xAE3C, 0xAE3C, 0xC77F, 0xD3FF, 0xCB9F, 0xCBBF, 0xCFDF, 0xCBDF, 0xCBBF, 0xCBDF, 0xCBBF,
  0xE3FF, 0xEBFF, 0xEBFF, 0xEBFF, 0xEBFF, 0xEBFF, 0xE7FF, 0xDFFF, 0xDFFF, 0xD3FF, 0xCFDF, 0xCFDF, 0xCFDF, 0xCFFF, 0xCFFF, 0xCFFF,
  0xD3FF, 0xD7FF, 0xD7FF, 0xC79F, 0xD7FF, 0xEFFF, 0xEBFF, 0xEBFF, 0xFFFF, 0xEF7D, 0xA5B5, 0xDFFF, 0xEBFF, 0xEBFF, 0xEBFF, 0xDFFF,
  0xC73F, 0xAE1B, 0xB69F, 0xC35F, 0xD3FF, 0xCB9F, 0xCB9F, 0xCFDF, 0xCBBF, 0xCBDF, 0xCFDF, 0xC7BF, 0xE3FF, 0xEBFF, 0xEBFF, 0xEBFF,
  0xF3FF, 0xF3FF, 0xDFFF, 0xCFBF, 0xB6DF, 0xD3FF, 0xCFFF, 0xCFDF, 0xCFFF, 0xD3FF, 0xD3FF, 0xD3FF, 0xD3FF, 0xD3FF, 0xD7FF, 0xCBBF,
  0xC77F, 0xEFFF, 0xEBFF, 0xEBFF, 0xFFFF, 0x94CA, 0xCF9F, 0xE7FF, 0xEBFF, 0xEBFF, 0xEBFF, 0xE7FF, 0xAA3B, 0xA1B7, 0xCB7F, 0xBB3F,
  0xD3FF, 0xCB9F, 0xCFBF, 0xCFFF, 0xD3FF, 0xC79F, 0xCB9F, 0xCFDF, 0xE7FF, 0xEBFF, 0xEBFF, 0xEFFF, 0xDBFF, 0xDBFF, 0xF3FF, 0xF3FF,
  0xE7FF, 0xD7FF, 0xCFFF, 0xD3FF, 0xD3FF, 0xCFFF, 0xD3FF, 0xD3FF, 0xD3FF, 0xD3FF, 0xD3FF, 0xD7FF, 0xCFDF, 0xDBFF, 0xEFFF, 0xEBFF,
  0xFFFF, 0x9D0D, 0xCFBF, 0xEBFF, 0xEFFF, 0xEBFF, 0xEFFF, 0xE7FF, 0xAE3B, 0xA5B7, 0xC35F, 0xBB1F, 0xD3FF, 0xC77F, 0xB6DF, 0xDBFF,
  0xEBFF, 0xD3FF, 0xC35F, 0xC77F, 0xE7FF, 0xEFFF, 0xF3FF, 0xE7FF, 0xC35F, 0xD3FF, 0xEBFF, 0xEBFF, 0xEBFF, 0xCFDF, 0xD3FF, 0xD3FF,
  0xD3FF, 0xD3FF, 0xD3FF, 0xD3FF, 0xD3FF, 0xD3FF, 0xD3FF, 0xD7FF, 0xC75F, 0xCBBF, 0xF3FF, 0xEBFF, 0xFFFF, 0x990E, 0xD3DF, 0xEBFF,
  0xEFFF, 0xEFFF, 0xEFFF, 0xDFFF, 0xAE3B, 0xA1B7, 0xC35F, 0xB71F, 0xCBFF, 0xD7FF, 0xBB1F, 0xDBFF, 0xEFFF, 0xEFFF, 0xDFFF, 0xB2DF,
  0xE3FF, 0xEFFF, 0xD7FF, 0xD3FF, 0xEBFF, 0xEFFF, 0xE7FF, 0xEBFF, 0xEBFF, 0xDBFF, 0xD3FF, 0xD3FF, 0xD3FF, 0xD3FF, 0xD3FF, 0xD3FF,
  0xD3FF, 0xD3FF, 0xD3FF, 0xD7FF, 0xD3FF, 0xD3FF, 0xEBFF, 0xEFFF, 0xFFFF, 0x9D2E, 0xD7FF, 0xEBFF, 0xEFFF, 0xEFFF, 0xEBFF, 0xD3FF,
  0xAA1B, 0xA1B7, 0xC35F, 0xBB3F, 0xCFFF, 0xE7FF, 0xEBFF, 0xEBFF, 0xEBFF, 0xEBFF, 0xF3FF, 0xE7FF, 0xEBFF, 0xEBFF, 0xCBBF, 0xE7FF,
  0xEBFF, 0xE7FF, 0xEBFF, 0xEBFF, 0xEBFF, 0xEFFF, 0xD3FF, 0xD3FF, 0xD3FF, 0xD3FF, 0xD3FF, 0xD3FF, 0xD3FF, 0xCFFF, 0xD3FF, 0xD3FF,
  0xD3FF, 0xDFFF, 0xEBFF, 0xEFFF, 0xFFFF, 0xA150, 0xE7FF, 0xEBFF, 0xEFFF, 0xF3FF, 0xE7FF, 0xD7FF, 0xB27E, 0xAA3B, 0xC79F, 0xBB3F,
  0xD3FF, 0xE7FF, 0xEBFF, 0xEBFF, 0xEBFF, 0xEBFF, 0xEBFF, 0xEBFF, 0xEBFF, 0xEBFF, 0xEFFF, 0xEBFF, 0xEBFF, 0xEBFF, 0xEBFF, 0xEBFF,
  0xEBFF, 0xEBFF, 0xE3FF, 0xD7FF, 0xD3FF, 0xD3FF, 0xD3FF, 0xD3FF, 0xD3FF, 0xD3FF, 0xCFFF, 0xD3FF, 0xBB1F, 0xDBFF, 0xF3FF, 0xE3FF,
  0xFFFF, 0x990E, 0xE7FF, 0xEFFF, 0xEFFF, 0xEFFF, 0xEBFF, 0xBF3F, 0xAA3B, 0xC31F, 0xC35F, 0xC79F, 0xD3FF, 0xE7FF, 0xEBFF, 0xEBFF,
  0xEBFF, 0xEBFF, 0xEBFF, 0xEBFF, 0xEBFF, 0xEBFF, 0xE7FF, 0xE7FF, 0xE7FF, 0xEBFF, 0xEBFF, 0xE7FF, 0xEBFF, 0xEBFF, 0xF3FF, 0xEFFF,
  0xE3FF, 0xDFFF, 0xDBFF, 0xD3FF, 0xD3FF, 0xCFFF, 0xCFDF, 0xD3FF, 0xDBFF, 0xE7FF, 0xD3FF, 0xAE3A, 0xCA77, 0xBEDE, 0xDFFF, 0xEFFF,
  0xEFFF, 0xEFFF, 0xEBFF, 0xB27D, 0x9974, 0xC33F, 0xBF5F, 0xCFFF, 0xDFFF, 0xE7FF, 0xEBFF, 0xE7FF, 0xEBFF, 0xEFFF, 0xEBFF, 0xEFFF,
  0xEBFF, 0xEBFF, 0xE7FF, 0xE7FF, 0xE7FF, 0xEBFF, 0xE7FF, 0xEBFF, 0xF3FF, 0xF3FF, 0xEBFF, 0xDBFF, 0xDBFF, 0xEFFF, 0xF7FF, 0xE3FF,
  0xD3FF, 0xD3FF, 0xC35F, 0xBB1F, 0xEFFF, 0xE7FF, 0xD7FF, 0xA192, 0x8CCB, 0xDFFF, 0xE3FF, 0xEFFF, 0xEBFF, 0xEFFF, 0xEFFF, 0xB67D,
  0xA1B7, 0xCB9F, 0xBF3F, 0xCFDF, 0xE3FF, 0xEBFF, 0xE7FF, 0xEBFF, 0xEBFF, 0xEBFF, 0xEBFF, 0xEBFF, 0xEBFF, 0xEBFF, 0xE7FF, 0xE7FF,
  0xE7FF, 0xE7FF, 0xE7FF, 0xD7FF, 0xCB9F, 0xE7FF, 0xEFFF, 0xC33F, 0xC77F, 0xEBFF, 0xD3FF, 0xE3FF, 0xEFFF, 0xCFFF, 0xCBBF, 0xD7FF,
  0xE7FF, 0xE7FF, 0xE7FF, 0xA9F6, 0x94EC, 0xDBFF, 0xEFFF, 0xEFFF, 0xEBFF, 0xEFFF, 0xEFFF, 0xB67D, 0xA1B7, 0xC77F, 0xBF3F, 0xD3FF,
  0xEBFF, 0xEBFF, 0xEBFF, 0xEBFF, 0xEBFF, 0xEBFF, 0xEBFF, 0xEBFF, 0xEBFF, 0xEBFF, 0xEBFF, 0xE7FF, 0xE7FF, 0xEBFF, 0xD7FF, 0xD3FF,
  0xCFBF, 0xE7FF, 0xF3FF, 0xF3FF, 0xF3FF, 0xEFFF, 0xD3FF, 0xCB9F, 0xD7FF, 0xCFFF, 0xDFFF, 0xE7FF, 0xE7FF, 0xEBFF, 0xE3FF, 0xA5D4,
  0x94EC, 0xDFFF, 0xEFFF, 0xEFFF, 0xEFFF, 0xEBFF, 0xEBFF, 0xB25C, 0x9D96, 0xC77F, 0xCBDF, 0xE3FF, 0xE7FF, 0xE7FF, 0xEBFF, 0xEFFF,
  0xEFFF, 0xEBFF, 0xEBFF, 0xEBFF, 0xEBFF, 0xEBFF, 0xEBFF, 0xEBFF, 0xE7FF, 0xC77F, 0xDBFF, 0xEBFF, 0xF3FF, 0xEFFF, 0xEBFF, 0xEBFF,
  0xEBFF, 0xEFFF, 0xEFFF, 0xE7FF, 0xE7FF, 0xD7FF, 0xDBFF, 0xE7FF, 0xE7FF, 0xE3FF, 0xDFFF, 0xA9D5, 0x90CB, 0xDFFF, 0xEBFF, 0xEFFF,
  0xEFFF, 0xE7FF, 0xE3FF, 0xBABF, 0xAA1A, 0xC77F, 0xD3FF, 0xE7FF, 0xE7FF, 0xEBFF, 0xE7FF, 0xD3FF, 0xDFFF, 0xE7FF, 0xEBFF, 0xEBFF,
  0xEBFF, 0xEBFF, 0xEBFF, 0xEBFF, 0xEFFF, 0xDBFF, 0xEBFF, 0xEBFF, 0xE7FF, 0xEBFF, 0xEBFF, 0xEBFF, 0xEBFF, 0xEBFF, 0xF3FF, 0xEBFF,
  0xD3DF, 0xDFFF, 0xEBFF, 0xE7FF, 0xEBFF, 0xDBFF, 0xDFFF, 0xB216, 0xC2FF, 0xD7FF, 0xEBFF, 0xEBFF, 0xEFFF, 0xEBFF, 0xCFDF, 0xAE5E,
  0xB27F, 0xC37F, 0xD7FF, 0xE7FF, 0xEBFF, 0xD7FF, 0xBF3F, 0xC35F, 0xCFDF, 0xBF3F, 0xDBFF, 0xEFFF, 0xEBFF, 0xEBFF, 0xEBFF, 0xEFFF,
  0xD3FF, 0xEFFF, 0xEFFF, 0xEBFF, 0xEBFF, 0xEBFF, 0xEBFF, 0xEBFF, 0xEBFF, 0xE3FF, 0xCBBF, 0xDFFF, 0xBF3F, 0xDBFF, 0xF3FF, 0xEBFF,
  0xEBFF, 0xEBFF, 0xAE5A, 0xDAFA, 0xD7FF, 0xE3FF, 0xEBFF, 0xEBFF, 0xEBFF, 0xEBFF, 0xC75F, 0xAE3C, 0xBF3F, 0xC37F, 0xDBFF, 0xEBFF,
  0xE7FF, 0xCB9F, 0xCB9F, 0xD3FF, 0xD3FF, 0xD3FF, 0xBAFF, 0xC77F, 0xEBFF, 0xEFFF, 0xEBFF, 0xF3FF, 0xBF3F, 0xD3FF, 0xEFFF, 0xEBFF,
  0xEBFF, 0xEBFF, 0xEBFF, 0xE7FF, 0xE7FF, 0xCBBF, 0xC35F, 0xDFFF, 0xDFFF, 0xCBBF, 0xE3FF, 0xF3FF, 0xEBFF, 0xEFFF, 0xA194, 0xEB3B,
  0xDBFF, 0xEFFF, 0xEBFF, 0xEBFF, 0xEBFF, 0xEBFF, 0xBABE, 0xA1B6, 0xCB7F, 0xC37F, 0xDBFF, 0xF3FF, 0xCFBF, 0xC35F, 0xD3FF, 0xCFDF,
  0xCFFF, 0xCFFF, 0xDFFF, 0xE7FF, 0xC33F, 0xE3FF, 0xEFFF, 0xEFFF, 0xCB9F, 0xC77F, 0xEFFF, 0xEBFF, 0xEBFF, 0xEBFF, 0xEBFF, 0xE7FF,
  0xE3FF, 0xBF7F, 0xCFFF, 0xD7FF, 0xD7FF, 0xD7FF, 0xEFFF, 0xEFFF, 0xEBFF, 0xEFFF, 0xA5D5, 0xE75B, 0xDBFF, 0xEFFF, 0xEBFF, 0xEBFF,
  0xEBFF, 0xE7FF, 0xB69C, 0xA1B5, 0xC77F, 0xC79F, 0xDFFF, 0xCFDF, 0xC75F, 0xD3FF, 0xCFDF, 0xCFFF, 0xCFFF, 0xCFFF, 0xE7FF, 0xEFFF,
  0xCBDF, 0xE3FF, 0xEFFF, 0xEFFF, 0xEBFF, 0xE7FF, 0xEFFF, 0xEBFF, 0xEBFF, 0xE7FF, 0xEBFF, 0xE7FF, 0xE7FF, 0xE7FF, 0xC39F, 0xBB3F,
  0xD7FF, 0xF3FF, 0xEFFF, 0xEFFF, 0xEFFF, 0xEBFF, 0xA5D5, 0xEB5B, 0xDBFF, 0xEFFF, 0xEBFF, 0xEBFF, 0xEBFF, 0xE7FF, 0xB67C, 0xA1B5,
  0xC77F, 0xCBBF, 0xE3FF, 0xC75F, 0xC33F, 0xD7FF, 0xCFFF, 0xCFFF, 0xCFDF, 0xBAFF, 0xE3FF, 0xEBFF, 0xEBFF, 0xEFFF, 0xEFFF, 0xEFFF,
  0xF3FF, 0xF3FF, 0xEFFF, 0xEBFF, 0xE7FF, 0xEBFF, 0xE7FF, 0xEBFF, 0xE7FF, 0xE7FF, 0xE3FF, 0xE7FF, 0xEBFF, 0xEFFF, 0xEBFF, 0xEFFF,
  0xE7FF, 0xE3FF, 0xA9F6, 0xEB5B, 0xD7FF, 0xEBFF, 0xEBFF, 0xEBFF, 0xEBFF, 0xE7FF, 0xB69D, 0xA5B7, 0xC77F, 0xCFDF, 0xDFFF, 0xD7FF,
  0xD3FF, 0xD3FF, 0xD3FF, 0xD3FF, 0xD3FF, 0xC35F, 0xC7BF, 0xE7FF, 0xE7FF, 0xEBFF, 0xEBFF, 0xEFFF, 0xCBBF, 0xE7FF, 0xEFFF, 0xEBFF,
  0xEBFF, 0xD7FF, 0xEBFF, 0xE7FF, 0xEBFF, 0xE7FF, 0xEBFF, 0xEBFF, 0xE7FF, 0xEFFF, 0xEFFF, 0xEFFF, 0xE3FF, 0xD3FF, 0xA1B5, 0xEB5C,
  0xEBFF, 0xE7FF, 0xEBFF, 0xEBFF, 0xEBFF, 0xE7FF, 0xB29D, 0xA5D8, 0xC77F, 0xCBBF, 0xE3FF, 0xCBBF, 0xC77F, 0xD7FF, 0xCFFF, 0xD3FF,
  0xD3FF, 0xD3FF, 0xCBBF, 0xC37F, 0xE3FF, 0xEBFF, 0xEBFF, 0xF3FF, 0xBF3F, 0xE3FF, 0xEFFF, 0xEBFF, 0xADDF, 0x9D1F, 0xD7DF, 0xEFFF,
  0xE7FF, 0xEBFF, 0xE7FF, 0xB1FF, 0x9D1F, 0xCB3F, 0xF3FF, 0xEBFF, 0xEBFF, 0xEBFF, 0xA5D6, 0xEB5B, 0xEBFF, 0xE7FF, 0xEBFF, 0xE7FF,
  0xEBFF, 0xEBFF, 0xB29E, 0xA9D8, 0xCB9F, 0xCBDF, 0xE3FF, 0xC35F, 0xC35F, 0xD7FF, 0xCFFF, 0xD3FF, 0xD3FF, 0xD3FF, 0xD3FF, 0xC37F,
  0xE3FF, 0xEBFF, 0xEBFF, 0xE3FF, 0xDBFF, 0xEBFF, 0xEFFF, 0xEBFF, 0xA57F, 0x98DF, 0xA13F, 0xD39F, 0xEFFF, 0xE3FF, 0xA9DF, 0xA0FF,
  0x98DF, 0xBEDF, 0xEFFF, 0xE7FF, 0xEBFF, 0xEFFF, 0xA5D5, 0xEB5B, 0xD7FF, 0xEBFF, 0xEFFF, 0xEBFF, 0xE3FF, 0xD7FF, 0xB67E, 0xA9F9,
  0xCB9F, 0xCBDF, 0xDFFF, 0xD3FF, 0xCBBF, 0xD3FF, 0xD3FF, 0xD3FF, 0xD3FF, 0xD3FF, 0xCFFF, 0xDFFF, 0xE7FF, 0xE3FF, 0xE3FF, 0xBF3F,
  0xDFFF, 0xEBFF, 0xEBFF, 0xEFFF, 0xE7FF, 0xA9BF, 0x9CDF, 0xA15F, 0xDBBF, 0xA9DF, 0x9CDF, 0x98DF, 0xBA7F, 0xEBFF, 0xE7FF, 0xEBFF,
  0xEBFF, 0xE7FF, 0xA1D5, 0xEF5B, 0xDFFF, 0xDFFF, 0xDFFF, 0xEBFF, 0xEBFF, 0xCFDF, 0xB27E, 0xA9FA, 0xCB9F, 0xCFDF, 0xDBFF, 0xDFFF,
  0xBF3F, 0xBF3F, 0xD7FF, 0xD3FF, 0xD7FF, 0xD7FF, 0xE7FF, 0xEBFF, 0xE7FF, 0xC79F, 0xB6FF, 0xDFFF, 0xE7FF, 0xE7FF, 0xEBFF, 0xEBFF,
  0xEFFF, 0xEBFF, 0xADDF, 0xA11F, 0x9D1F, 0x9D1F, 0x9D1F, 0xCF5F, 0xEBFF, 0xEBFF, 0xE7FF, 0xEBFF, 0xEBFF, 0xEBFF, 0x9D93, 0xE73A,
  0x9951, 0x9D30, 0x9D0C, 0xB638, 0xDBFF, 0xD7FF, 0xB25E, 0xA5D9, 0xCB9F, 0xCBDF, 0xDBFF, 0xDBFF, 0xD3FF, 0xCB9F, 0xCBBF, 0xD3DF,
  0xCFFF, 0xD7FF, 0xDFFF, 0xDFFF, 0xE7FF, 0xEBFF, 0xE7FF, 0xE7FF, 0xE7FF, 0xE7FF, 0xEBFF, 0xEBFF, 0xEBFF, 0xF7FF, 0xDB7F, 0xA11F,
  0xA11F, 0x9CDF, 0xB61F, 0xF7FF, 0xEBFF, 0xE7FF, 0xE7FF, 0xEBFF, 0xE3FF, 0xDBFF, 0xADD3, 0xFBDE, 0xB65D, 0xCB5F, 0xD39F, 0xBA9F,
  0x9D97, 0xCF9F, 0xB25D, 0xA5D8, 0xC77F, 0xCBDF, 0xDBFF, 0xDBFF, 0xDFFF, 0xE3FF, 0xCB9F, 0xBF3F, 0xC35F, 0xDBFF, 0xCB9F, 0xBF3F,
  0xE7FF, 0xEBFF, 0xE7FF, 0xE7FF, 0xE7FF, 0xE7FF, 0xE7FF, 0xEBFF, 0xF3FF, 0xDBBF, 0xA13F, 0x9CFF, 0x9D3F, 0xA0FF, 0xA11F, 0xC6FF,
  0xEFFF, 0xE7FF, 0xE7FF, 0xDFFF, 0xC75F, 0xA990, 0xFFFF, 0xFFFF, 0xC2DF, 0xB25E, 0xB23C, 0xBA7F, 0xB25D, 0xAA1B, 0xBA9E, 0xA1B7,
  0xC77F, 0xCBDF, 0xDBFF, 0xDBFF, 0xD7FF, 0xDFFF, 0xE7FF, 0xEBFF, 0xEFFF, 0xE3FF, 0xEFFF, 0xF3FF, 0xEFFF, 0xEBFF, 0xE7FF, 0xE7FF,
  0xE7FF, 0xE7FF, 0xE7FF, 0xEFFF, 0xD39F, 0x98FF, 0x98BF, 0xA99F, 0xEBFF, 0xB61F, 0x98DF, 0x9CFF, 0xBEBF, 0xEBFF, 0xE7FF, 0xD7FF,
  0xA1B5, 0xD296, 0xFFFF, 0xFFFF, 0xBEBF, 0x9D33, 0x9CF1, 0xA597, 0xBA9F, 0xB25D, 0xADD8, 0xA5D8, 0xC77F, 0xCBDF, 0xDBFF, 0xD7FF,
  0xD7FF, 0xE3FF, 0xEBFF, 0xEBFF, 0xEBFF, 0xEBFF, 0xEFFF, 0xEFFF, 0xEBFF, 0xEBFF, 0xE7FF, 0xEBFF, 0xE7FF, 0xE7FF, 0xEBFF, 0xDBFF,
  0x98DF, 0x98DF, 0xB1FF, 0xE7FF, 0xF3FF, 0xEFFF, 0xB65F, 0x9CFF, 0x94DF, 0xC31F, 0xEBFF, 0xDBFF, 0xE3FF, 0x9971, 0xEB5B, 0xFFFF,
  0xB63C, 0xADD9, 0xADD9, 0xA9B8, 0xAA1B, 0xC2DF, 0x90AE, 0xAE1B, 0xC37F, 0xCBDF, 0xDBFF, 0xD7FF, 0xD7FF, 0xE7FF, 0xEFFF, 0xEBFF,
  0xEBFF, 0xEFFF, 0xEFFF, 0xEBFF, 0xEBFF, 0xEBFF, 0xEBFF, 0xEBFF, 0xEBFF, 0xEBFF, 0xEBFF, 0xDFFF, 0xA57F, 0xA9DF, 0xE7FF, 0xEBFF,
  0xE7FF, 0xEBFF, 0xF3FF, 0xBA5F, 0xA15F, 0xCF7F, 0xEFFF, 0xDBFF, 0xE7FF, 0xA1B4, 0xEB5B, 0xFFFF, 0x9D55, 0xB23C, 0xB67E, 0xB65E,
  0xB65E, 0xADF9, 0xA597, 0xC75F, 0xCFFF, 0xD7FF, 0xD7FF, 0xD7FF, 0xD7FF, 0xCFDF, 0xE3FF, 0xEBFF, 0xEBFF, 0xEBFF, 0xEBFF, 0xEBFF,
  0xEBFF, 0xEBFF, 0xEBFF, 0xEBFF, 0xEBFF, 0xEBFF, 0xEBFF, 0xEBFF, 0xEBFF, 0xEBFF, 0xEBFF, 0xE7FF, 0xE7FF, 0xE7FF, 0xEBFF, 0xEFFF,
  0xEFFF, 0xEFFF, 0xEFFF, 0xDFFF, 0xEBFF, 0xA1D5, 0xEB5B, 0xFFFF, 0xC2BF, 0xA9FA, 0xA5B8, 0xA9D9, 0xA5B8, 0xA9D9, 0xCB7F, 0xDBFF,
  0xE7FF, 0xDFFF, 0xDBFF, 0xDBFF, 0xE3FF, 0xAE3C, 0xA1B5, 0xE3FF, 0xF3FF, 0xEBFF, 0xEBFF, 0xEBFF, 0xEFFF, 0xF3FF, 0xF3FF, 0xEFFF,
  0xEFFF, 0xEFFF, 0xEFFF, 0xEFFF, 0xEBFF, 0xE7FF, 0xE3FF, 0xEBFF, 0xE7FF, 0xE7FF, 0xEBFF, 0xEBFF, 0xEFFF, 0xEFFF, 0xDFFF, 0xDFFF,
  0xF7FF, 0xA5D6, 0xEB5C, 0xFFFF, 0xA173, 0xB65B, 0xB23A, 0xB63A, 0xB63A, 0xBE7C, 0xBA9C, 0xC2FF, 0xCF5F, 0xCB3F, 0xC71F, 0xC2FF,
  0xC6FF, 0xCADC, 0xBE13, 0xC6BB, 0xD39F, 0xCF7F, 0xCF7F, 0xCF7F, 0xCF7F, 0xD39F, 0xCF7F, 0xE7FF, 0xEBFF, 0xE7FF, 0xEBFF, 0xE7FF,
  0xEBFF, 0xCF7F, 0xA196, 0xD7FF, 0xE7FF, 0xE7FF, 0xEBFF, 0xEBFF, 0xEFFF, 0xDBFF, 0xD3FF, 0xE3FF, 0xF7FF, 0xA5F6, 0xEB5B, 0xFFFF,
};
#define assets_c28_W 44
#define assets_c28_H 44

static const unsigned short assets_c29[1936] = {
  0xFFFF, 0xFFFF, 0xFFFF, 0xFFFF, 0xFFFF, 0xFFFF, 0xFFFF, 0xFFFF, 0xFFFF, 0xFFFF, 0xFFFF, 0xFFFF, 0xFFFF, 0xFFFF, 0xFFFF, 0xFFFF,
  0xFFFF, 0xFFFF, 0xFFFF, 0xFFFF, 0xFFFF, 0xFFFF, 0xFFFF, 0xFFFF, 0xFFFF, 0xFFFF, 0xFFFF, 0xFFFF, 0xFFFF, 0xFFFF, 0xFFFF, 0xFFFF,
  0xE318, 0xA171, 0xCB7F, 0xC37F, 0xC77F, 0xD3BF, 0xA9D5, 0xE73B, 0xFFFF, 0xFFFF, 0xFFFF, 0xFFFF, 0xFFFF, 0xFFFF, 0xFFFF, 0xFFFF,
  0xFFFF, 0xFFFF, 0xFFFF, 0xFFFF, 0xFFFF, 0xFFFF, 0xFFFF, 0xFFFF, 0xFFFF, 0xFFFF, 0xFFFF, 0xFFFF, 0xFFFF, 0xFFFF, 0xFFFF, 0xFFFF,
  0xFFFF, 0xFFFF, 0xFFFF, 0xFFFF, 0xFFFF, 0xFFFF, 0xFFFF, 0xFFFF, 0xFFFF, 0xFFFF, 0xFFFF, 0xFFFF, 0xC210, 0x9D93, 0xBAFF, 0xC79F,
  0xC7BF, 0xC39F, 0xD3DF, 0xA5B5, 0xE31A, 0xFFFF, 0xFFFF, 0xFFFF, 0xFFFF, 0xFFFF, 0xFFFF, 0xFFFF, 0xFFFF, 0xFFFF, 0xFFFF, 0xFFFF,
  0xFFFF, 0xFFFF, 0xFFFF, 0xFFFF, 0xFFFF, 0xFFFF, 0xFFFF, 0xFFFF, 0xFFFF, 0xFFFF, 0xFFFF, 0xFFFF, 0xFFFF, 0xFFFF, 0xFFFF, 0xFFFF,
  0xFFFF, 0xFFFF, 0xFFFF, 0xFFFF, 0xFFFF, 0xFFFF, 0xD273, 0xA509, 0xA14F, 0xC2DF, 0xBEFF, 0xAE5F, 0xBAFF, 0xCBBF, 0xC7BF, 0xCFBF,
  0x9D0D, 0xFFFF, 0xFFFF, 0xFFFF, 0xFFFF, 0xFFFF, 0xFFFF, 0xFFFF, 0xFFFF, 0xFFFF, 0xFFFF, 0xFFFF, 0xFFFF, 0xFFFF, 0xFFFF, 0xFFFF,
  0xFFFF, 0xFFFF, 0xFFFF, 0xFFFF, 0xFFFF, 0xFFFF, 0xFFFF, 0xFFFF, 0xFFFF, 0xFFFF, 0xFFFF, 0xFFFF, 0xFFFF, 0xFFFF, 0xFFFF, 0xFFFF,
  0xFFFF, 0xC630, 0xFFFB, 0xEF79, 0xB67D, 0xC77F, 0xBB1F, 0xBEFF, 0xA1FA, 0xB69F, 0xB6DF, 0xC31F, 0x94CA, 0xFFFF, 0xFFFF, 0xFFFF,
  0xFFFF, 0xFFFF, 0xFFFF, 0xFFFF, 0xFFFF, 0xFFFF, 0xFFFF, 0xFFFF, 0xFFFF, 0xFFFF, 0xFFFF, 0xFFFF, 0xFFFF, 0xFFFF, 0xFFFF, 0xFFFF,
  0xFFFF, 0xFFFF, 0xFFFF, 0xFFFF, 0xFFFF, 0xFFFF, 0xFFFF, 0xFFFF, 0xFFFF, 0xFFFF, 0xFFFF, 0xFFFF, 0xDAD6, 0xDACF, 0xFFFF, 0xDAF3,
  0xA1D7, 0xC35F, 0xBB1F, 0xBF1F, 0xBABF, 0xA9FA, 0xADFA, 0x9930, 0xA52A, 0xFFFF, 0xFFFF, 0xFFFF, 0xFFFF, 0xFFFF, 0xFFFF, 0xFFFF,
  0xFFFF, 0xFFFF, 0xFFFF, 0xFFFF, 0xFFFF, 0xFFFF, 0xFFFF, 0xFFFF, 0xFFFF, 0xFFFF, 0xFFFF, 0xFFFF, 0xFFFF, 0xFFFF, 0xFFFF, 0xFFFF,
  0xFFFF, 0xFFFF, 0xFFFF, 0xFFFF, 0xFFFF, 0xFFFF, 0xFFFF, 0xFFFF, 0x94A4, 0xEF6F, 0xFFFD, 0xFFFF, 0xC676, 0xAE1B, 0xC33F, 0xBAFF,
  0xB6BF, 0xB25D, 0xBA5B, 0xB9F1, 0xFFFF, 0xFFFF, 0xFFFF, 0xFFFF, 0xFFFF, 0xFFFF, 0xFFFF, 0xFFFF, 0xFFFF, 0xFFFF, 0xFFFF, 0xFFFF,
  0xFFFF, 0xFFFF, 0xFFFF, 0xFFFF, 0xFFFF, 0xFFFF, 0xFFFF, 0xFFFF, 0xFFFF, 0xFFFF, 0xFFFF, 0xFFFF, 0xFFFF, 0xFFFF, 0xFFFF, 0xFFFF,
  0xFFFF, 0xFFFF, 0xFFFF, 0xFFFF, 0xAD4A, 0xD689, 0xFFFC, 0xFFFF, 0xFFFF, 0xDB1A, 0xA9FA, 0xB25F, 0xA5DA, 0xB21B, 0x94EC, 0xFFFF,
  0xFFFF, 0xFFFF, 0xFFFF, 0xFFFF, 0xFFFF, 0xFFFF, 0xFFFF, 0xFFFF, 0xFFFF, 0xFFFF, 0xFFFF, 0xFFFF, 0xFFFF, 0xFFFF, 0xFFFF, 0xFFFF,
  0xFFFF, 0xFFFF, 0xFFFF, 0xFFFF, 0xFFFF, 0xFFFF, 0xFFFF, 0xFFFF, 0xFFFF, 0xFFFF, 0xFFFF, 0xFFFF, 0xFFFF, 0xFFFF, 0xFFFF, 0xFFFF,
  0xDEF4, 0xF372, 0xF7FC, 0xEBBD, 0xFFFB, 0xFFFF, 0xEB79, 0xBE30, 0xC672, 0xC230, 0xDAD2, 0xDEF4, 0xFFFF, 0xFFFF, 0xFFFF, 0xFFFF,
  0xFFFF, 0xFFFF, 0xFFFF, 0xFFFF, 0xFFFF, 0xFFFF, 0xFFFF, 0xFFFF, 0xFFFF, 0xFFFF, 0xFFFF, 0xFFFF, 0xFFFF, 0xFFFF, 0xFFFF, 0xFFFF,
  0xFFFF, 0xFFFF, 0xFFFF, 0xFFFF, 0xFFFF, 0xFFFF, 0xFFFF, 0xFFFF, 0xFFFF, 0xFFFF, 0xFFFF, 0xFBDE, 0xDED2, 0xFFFF, 0xBA9D, 0xCF7F,
  0xCB1C, 0xE3BC, 0xFFFE, 0xFFFE, 0xFFFD, 0xFFFC, 0xFFFF, 0xC1EA, 0xFFFF, 0xFFFF, 0xFFFF, 0xFFFF, 0xFFFF, 0xFFFF, 0xFFFF, 0xFFFF,
  0xFFFF, 0xFFFF, 0xFFFF, 0xFFFF, 0xFFFF, 0xFFFF, 0xFFFF, 0xFFFF, 0xFFFF, 0xFFFF, 0xFFFF, 0xFFFF, 0xFFFF, 0xFFFF, 0xFFFF, 0xFFFF,
  0xFFFF, 0xFFFF, 0xFFFF, 0xFFFF, 0xFFFF, 0xFFFF, 0xFFFF, 0xDAD5, 0xFFFF, 0xFFFC, 0xA9F7, 0xBABF, 0xC2FF, 0xC2FF, 0xCB1D, 0xD2F8,
  0xFBF8, 0xFFFD, 0xFFF9, 0xA926, 0xFFFF, 0xFFFF, 0xFFFF, 0xFFFF, 0xFFFF, 0xFFFF, 0xFFFF, 0xFFFF, 0xFFFF, 0xFFFF, 0xFFFF, 0xFFFF,
  0xFFFF, 0xFFFF, 0xFFFF, 0xFFFF, 0xFFFF, 0xFFFF, 0xFFFF, 0xFFFF, 0xFFFF, 0xFFFF, 0xFFFF, 0xFFFF, 0xFFFF, 0xFFFF, 0xFFFF, 0xFFFF,
  0xFFFF, 0xFFFF, 0xE2F8, 0xE315, 0xFFFF, 0xFFFB, 0xEFBD, 0xADF8, 0xB65C, 0xB23A, 0xC276, 0xEB75, 0xFFF4, 0xFFFB, 0xC609, 0xD294,
  0xFFFF, 0xFFFF, 0xFFFF, 0xFFFF, 0xFFFF, 0xFFFF, 0xFFFF, 0xFFFF, 0xFFFF, 0xFFFF, 0xFFFF, 0xFFFF, 0xFFFF, 0xFFFF, 0xFFFF, 0xFFFF,
  0xFFFF, 0xFFFF, 0xFFFF, 0xFFFF, 0xFFFF, 0xFFFF, 0xFFFF, 0xFFFF, 0xFFFF, 0xFFFF, 0xFFFF, 0xFFFF, 0xFFFF, 0xFFFF, 0xC20F, 0xFFFF,
  0xFFFF, 0xFFFF, 0xFFFF, 0xD2D7, 0xB618, 0xBA37, 0xE332, 0xFBD1, 0xC1E8, 0xB9A7, 0xDEF4, 0xFFFF, 0xFFFF, 0xFFFF, 0xFFFF, 0xFFFF,
  0xFFFF, 0xFFFF, 0xFFFF, 0xFFFF, 0xFFFF, 0xFFFF, 0xFFFF, 0xFFFF, 0xFFFF, 0xFFFF, 0xFFFF, 0xFFFF, 0xFFFF, 0xFFFF, 0xFFFF, 0xFFFF,
  0xFFFF, 0xFFFF, 0xFFFF, 0xFFFF, 0xFFFF, 0xFFFF, 0xE2F7, 0xE739, 0xE739, 0xD693, 0xFFFD, 0xFFFF, 0xFFFF, 0xFFFF, 0xFFFE, 0xFFFC,
  0xFFF8, 0xDAAE, 0xFFF9, 0xC209, 0xC632, 0xFBDF, 0xFFFF, 0xFFFF, 0xFFFF, 0xFFFF, 0xFFFF, 0xFFFF, 0xFFFF, 0xFFFF, 0xFFFF, 0xFFFF,
  0xFFFF, 0xFFFF, 0xFFFF, 0xFFFF, 0xFFFF, 0xFFFF, 0xFFFF, 0xFFFF, 0xFFFF, 0xFFFF, 0xFFFF, 0xFFFF, 0xFFFF, 0xFFFF, 0xFFFF, 0xCA52,
  0xCA52, 0xD6B5, 0xF7BD, 0xFBDD, 0xFBDD, 0xFFF8, 0xFFFF, 0xFFFF, 0xFFFF, 0xFFFF, 0xFFFC, 0xFFFD, 0xFFF8, 0xFFF7, 0xE2ED, 0xDEF4,
  0xFFFF, 0xFFFF, 0xFFFF, 0xFFFF, 0xFFFF, 0xFFFF, 0xFFFF, 0xFFFF, 0xFFFF, 0xFFFF, 0xFFFF, 0xFFFF, 0xFFFF, 0xFFFF, 0xFFFF, 0xFFFF,
  0xFFFF, 0xFFFF, 0xFFFF, 0xFFFF, 0xFFFF, 0xFFFF, 0xFFFF, 0xFFFF, 0xFFFF, 0xC210, 0xD292, 0xFFFD, 0xFFFC, 0xFFFB, 0xFFFF, 0xFFFF,
  0xFFFF, 0xFFFF, 0xFFFF, 0xFFFF, 0xFFFF, 0xFFFC, 0xFFFC, 0xFFFA, 0xFFF2, 0xFFF3, 0xCA2D, 0xFFFF, 0xFFFF, 0xFFFF, 0xFFFF, 0xFFFF,
  0xFFFF, 0xFFFF, 0xFFFF, 0xFFFF, 0xFFFF, 0xFFFF, 0xFFFF, 0xFFFF, 0xFFFF, 0xFFFF, 0xFFFF, 0xFFFF, 0xFFFF, 0xFFFF, 0xFFFF, 0xFFFF,
  0xFFFF, 0xFFFF, 0xFFFF, 0xFFFF, 0xD273, 0xFFFA, 0xFFFB, 0xFFFF, 0xFFFF, 0xFFFC, 0xFFF7, 0xFFF7, 0xFFF7, 0xFFFB, 0xFFFF, 0xFFFF,
  0xFFFF, 0xFFFA, 0xFFFC, 0xFFF2, 0xFFF8, 0xCE4A, 0xEB39, 0xFFFF, 0xFFFF, 0xFFFF, 0xFFFF, 0xFFFF, 0xFFFF, 0xFFFF, 0xFFFF, 0xFFFF,
  0xFFFF, 0xFFFF, 0xFFFF, 0xFFFF, 0xFFFF, 0xFFFF, 0xFFFF, 0xFFFF, 0xFFFF, 0xFFFF, 0xFFFF, 0xFFFF, 0xFFFF, 0xFFFF, 0xFFFF, 0xD273,
  0xF399, 0xFFFF, 0xFFFB, 0xFFFF, 0xFFFF, 0xFFFF, 0xFFFD, 0xFFFF, 0xFFFF, 0xFFFE, 0xFFFE, 0xFFFD, 0xFFFA, 0xFFFB, 0xFFFA, 0xFFF6,
  0xE70E, 0xEB36, 0xFFFF, 0xFFFF, 0xFFFF, 0xFFFF, 0xFFFF, 0xFFFF, 0xFFFF, 0xFFFF, 0xFFFF, 0xFFFF, 0xFFFF, 0xFFFF, 0xFFFF, 0xFFFF,
  0xFFFF, 0xFFFF, 0xFFFF, 0xFFFF, 0xFFFF, 0xFFFF, 0xFFFF, 0xFFFF, 0xFFFF, 0xFFFF, 0xFFFF, 0xA0E6, 0xFFFF, 0xFFFC, 0xFFFF, 0xFFFF,
  0xFFFF, 0xFFFF, 0xFFFF, 0xD2B3, 0xCE93, 0xCE93, 0xC651, 0xE733, 0xFFFD, 0xFFFB, 0xFFF7, 0xFFFF, 0xD28F, 0xF37B, 0xFFFF, 0xFFFF,
  0xFFFF, 0xFFFF, 0xFFFF, 0xFFFF, 0xFFFF, 0xFFFF, 0xFFFF, 0xFFFF, 0xFFFF, 0xFFFF, 0xFFFF, 0xFFFF, 0xFFFF, 0xFFFF, 0xFFFF, 0xFFFF,
  0xFFFF, 0xFFFF, 0xFFFF, 0xFFFF, 0xFFFF, 0xFFFF, 0xD6B4, 0xFFFF, 0xFFFF, 0xFFFF, 0xFFFF, 0xFFFF, 0xFFFF, 0xFFFF, 0xF3DB, 0xC2BD,
  0xD79F, 0xCB3F, 0xD37F, 0xBE79, 0xC250, 0xFFF6, 0xFFF4, 0xFFFF, 0xD28F, 0xEB5A, 0xFFFF, 0xFFFF, 0xFFFF, 0xFFFF, 0xFFFF, 0xFFFF,
  0xFFFF, 0xFFFF, 0xFFFF, 0xFFFF, 0xFFFF, 0xFFFF, 0xFFFF, 0xFFFF, 0xFFFF, 0xFFFF, 0xFFFF, 0xFFFF, 0xFFFF, 0xFFFF, 0xFFFF, 0xFFFF,
  0xFFFF, 0xFFFF, 0xB5AD, 0xFFFF, 0xFFFC, 0xFFFF, 0xFFFF, 0xFFFF, 0xFFFF, 0xFFFF, 0xB635, 0xFFFF, 0xAE39, 0xAE18, 0xC71F, 0xE3FF,
  0xC2DF, 0xCA92, 0xFFF5, 0xFFF9, 0xFFFA, 0xD26F, 0xFFFF, 0xFFFF, 0xFFFF, 0xFFFF, 0xFFFF, 0xFFFF, 0xFFFF, 0xFFFF, 0xFFFF, 0xFFFF,
  0xFFFF, 0xFFFF, 0xFFFF, 0xFFFF, 0xFFFF, 0xFFFF, 0xFFFF, 0xFFFF, 0xFFFF, 0xFFFF, 0xFFFF, 0xFFFF, 0xFFFF, 0xB18C, 0xFFFF, 0xFFFF,
  0xFFFC, 0xFFFF, 0xFFFF, 0xFFFF, 0xFFFF, 0xCED7, 0xEBFF, 0xE7FF, 0xBE9C, 0x9931, 0xA195, 0xB67C, 0xE3FF, 0xD77F, 0xDAF2, 0xFFF7,
  0xFFFB, 0xCE6C, 0xEF5A, 0xFFFF, 0xFFFF, 0xFFFF, 0xFFFF, 0xFFFF, 0xFFFF, 0xFFFF, 0xFFFF, 0xFFFF, 0xFFFF, 0xFFFF, 0xFFFF, 0xFFFF,
  0xFFFF, 0xFFFF, 0xFFFF, 0xFFFF, 0xFFFF, 0xFFFF, 0xFFFF, 0xFFFF, 0xCA51, 0xFBDC, 0xFFFF, 0xFFFB, 0xFFFF, 0xFFFF, 0xFFFF, 0xFFFF,
  0xFFFB, 0xB658, 0xFFFF, 0xD39F, 0xDFDF, 0xD79F, 0xB25B, 0xCB3F, 0xB69D, 0xEBFF, 0xC6FC, 0xF393, 0xFFF5, 0xFFFE, 0xCA2E, 0xFFFF,
  0xFFFF, 0xFFFF, 0xFFFF, 0xFFFF, 0xFFFF, 0xFFFF, 0xFFFF, 0xFFFF, 0xFFFF, 0xFFFF, 0xFFFF, 0xFFFF, 0xFFFF, 0xFFFF, 0xFFFF, 0xFFFF,
  0xFFFF, 0xFFFF, 0xFFFF, 0xFFFF, 0xA529, 0xFFFF, 0xFFFD, 0xFFFF, 0xFFFF, 0xFFFF, 0xFFFF, 0xFFFF, 0xBE32, 0xFFFF, 0xFFFF, 0xF7FF,
  0xCB3F, 0xEFFF, 0xF7FF, 0xE7FF, 0xFFFF, 0xD7BF, 0xCF7F, 0xDEF2, 0xFFF4, 0xFFFF, 0xB9CB, 0xFBDE, 0xFFFF, 0xFFFF, 0xFFFF, 0xFFFF,
  0xFFFF, 0xFFFF, 0xFFFF, 0xFFFF, 0xFFFF, 0xFFFF, 0xFFFF, 0xFFFF, 0xFFFF, 0xFFFF, 0xFFFF, 0xFFFF, 0xFFFF, 0xFFFF, 0xFFFF, 0xC610,
  0xFBDB, 0xFFFF, 0xFFFE, 0xFFFF, 0xFFFF, 0xFFFF, 0xFFFF, 0xFFFD, 0xB635, 0xFFFF, 0xFFFF, 0xFFFF, 0xF7FF, 0xC71F, 0xC2FE, 0xFFFF,
  0xCB3F, 0xBEFF, 0xC71F, 0xDAD2, 0xFFF4, 0xFFFE, 0xB9CB, 0xFFFF, 0xFFFF, 0xFFFF, 0xFFFF, 0xFFFF, 0xFFFF, 0xFFFF, 0xFFFF, 0xFFFF,
  0xFFFF, 0xFFFF, 0xFFFF, 0xFFFF, 0xFFFF, 0xFFFF, 0xFFFF, 0xFFFF, 0xFFFF, 0xFFFF, 0xFFFF, 0xB9CD, 0xFFFF, 0xFFFD, 0xFFFF, 0xFFFF,
  0xFFFF, 0xFFFF, 0xFFFE, 0xBE53, 0xFFFF, 0xFFFF, 0xFFFF, 0xFFFF, 0xFFFF, 0xFFFF, 0xE7FF, 0xB69C, 0xBEBD, 0xDFFF, 0xC6DF, 0xD6B1,
  0xFFF5, 0xFFFE, 0xB9CB, 0xFFFF, 0xFFFF, 0xFFFF, 0xFFFF, 0xFFFF, 0xFFFF, 0xFFFF, 0xFFFF, 0xFFFF, 0xFFFF, 0xFFFF, 0xFFFF, 0xFFFF,
  0xFFFF, 0xFFFF, 0xFFFF, 0xFFFF, 0xFFFF, 0xFFFF, 0xAD4A, 0xFFFF, 0xFFFF, 0xFFFD, 0xFFFF, 0xFFFF, 0xFFFF, 0xFFFF, 0xFFFD, 0xB214,
  0xFFFF, 0xFFFF, 0xFFFF, 0xFFFF, 0xFFFF, 0xFFFF, 0xFFFF, 0xFFFF, 0xEFFF, 0xE3FF, 0xADF3, 0xF794, 0xFFF4, 0xFFFE, 0xB9CC, 0xFFFF,
  0xFFFF, 0xFFFF, 0xFFFF, 0xFFFF, 0xFFFF, 0xFFFF, 0xFFFF, 0xFFFF, 0xFFFF, 0xFFFF, 0xFFFF, 0xFFFF, 0xFFFF, 0xFFFF, 0xFFFF, 0xFFFF,
  0xFFFF, 0xCA31, 0xFFFE, 0xFFFF, 0xFFFD, 0xFFFF, 0xFFFF, 0xFFFF, 0xFFFF, 0xFFFF, 0xC252, 0xF3FF, 0xFFFF, 0xFFFF, 0xFFFF, 0xFFFF,
  0xFFFF, 0xF3FF, 0xE7FF, 0xEBFF, 0xE7FF, 0xC6B9, 0xF7B7, 0xFFFC, 0xFFCF, 0xFFFF, 0xB9CB, 0xFFFF, 0xFFFF, 0xFFFF, 0xFFFF, 0xFFFF,
  0xFFFF, 0xFFFF, 0xFFFF, 0xFFFF, 0xFFFF, 0xFFFF, 0xFFFF, 0xFFFF, 0xFFFF, 0xFFFF, 0xFFFF, 0xFFFF, 0xFFFF, 0xB58C, 0xFFFF, 0xFFFE,
  0xFFFD, 0xFFFF, 0xFFFF, 0xFFFF, 0xFFFF, 0xFFFB, 0xB214, 0xFFFF, 0xFFFF, 0xFFFF, 0xFFFF, 0xFFFF, 0xEFFF, 0xDFFF, 0xE7FF, 0xE3FF,
  0xBE57, 0xFFF9, 0xFFFF, 0xFFF9, 0xFFF2, 0xFFFF, 0xC60D, 0xFFFF, 0xFFFF, 0xFFFF, 0xFFFF, 0xFFFF, 0xFFFF, 0xFFFF, 0xFFFF, 0xFFFF,
  0xFFFF, 0xFFFF, 0xFFFF, 0xFFFF, 0xFFFF, 0xFFFF, 0xFFFF, 0xFFFF, 0xAD6B, 0xFFFF, 0xFFFF, 0xFFFD, 0xFFFF, 0xFFFF, 0xFFFF, 0xFFFE,
  0xFFFD, 0xBE32, 0xE7FF, 0xFFFF, 0xFFFF, 0xFFFF, 0xFFFF, 0xF7FF, 0xE3FF, 0xE7FF, 0xDFDF, 0xB635, 0xF7B6, 0xFFFC, 0xFFFA, 0xFFF3,
  0xFFFF, 0xCA2B, 0xE738, 0xFFFF, 0xFFFF, 0xFFFF, 0xFFFF, 0xFFFF, 0xFFFF, 0xFFFF, 0xFFFF, 0xFFFF, 0xFFFF, 0xFFFF, 0xFFFF, 0xFFFF,
  0xFFFF, 0xFFFF, 0xFFFF, 0xFFFF, 0xCA2E, 0xFFFF, 0xFFFF, 0xFFFF, 0xFFFF, 0xFFFF, 0xFFFE, 0xFFFE, 0xCA4F, 0xA9B4, 0xFFFF, 0xFFFF,
  0xFFFF, 0xFFFF, 0xFFFF, 0xE7FF, 0xE7FF, 0xDFDF, 0xBA35, 0xF7B5, 0xFFFB, 0xFFFA, 0xFFF7, 0xFFF4, 0xFFFF, 0xCE4E, 0xFFFF, 0xFFFF,
  0xFFFF, 0xFFFF, 0xFFFF, 0xFFFF, 0xFFFF, 0xFFFF, 0xFFFF, 0xFFFF, 0xFFFF, 0xFFFF, 0xFFFF, 0xFFFF, 0xFFFF, 0xFFFF, 0xFFFF, 0xAD49,
  0xFFFF, 0xFFFF, 0xFFFE, 0xFFFF, 0xFFFF, 0xFFFF, 0xFFFF, 0xCE90, 0xADD5, 0xAE3A, 0xDBBF, 0xFFFF, 0xFFFF, 0xFFFF, 0xEBFF, 0xEBFF,
  0xDBBF, 0xC256, 0xF7B6, 0xFFFB, 0xFFF9, 0xFFF9, 0xFFF3, 0xFFFF, 0xB9A9, 0xF7BC, 0xFFFF, 0xFFFF, 0xFFFF, 0xFFFF, 0xFFFF, 0xFFFF,
  0xFFFF, 0xFFFF, 0xFFFF, 0xFFFF, 0xFFFF, 0xFFFF, 0xFFFF, 0xFFFF, 0xFFFF, 0xFFFF, 0xCE72, 0xF379, 0xFFFF, 0xFFFD, 0xFFFF, 0xFFFF,
  0xFFFF, 0xFFFF, 0xFFFF, 0xB1F0, 0x9973, 0xBADF, 0xA619, 0xD7BF, 0xFFFF, 0xFBFF, 0xEFFF, 0xE7FF, 0xC698, 0xF7B5, 0xFFFC, 0xFFF9,
  0xFFFA, 0xFFF2, 0xFFFA, 0xEF53, 0xB18B, 0xFFFF, 0xFFFF, 0xFFFF, 0xFFFF, 0xFFFF, 0xFFFF, 0xFFFF, 0xFFFF, 0xFFFF, 0xFFFF, 0xFFFF,
  0xFFFF, 0xFFFF, 0xFFFF, 0xFFFF, 0xFFFF, 0xFFFF, 0xB9AC, 0xFFFF, 0xFFFF, 0xFFFF, 0xFFFF, 0xFFFF, 0xFFFF, 0xFFFF, 0xCA93, 0xF3FF,
  0xA5D5, 0xA5D7, 0xC31F, 0xAE7E, 0xBABE, 0xCF5F, 0xD35F, 0xC676, 0xFFF9, 0xFFFD, 0xFFF9, 0xFFFB, 0xFFF6, 0xFFF3, 0xFFF6, 0xB5AB,
  0xFFFF, 0xFFFF, 0xFFFF, 0xFFFF, 0xFFFF, 0xFFFF, 0xFFFF, 0xFFFF, 0xFFFF, 0xFFFF, 0xFFFF, 0xFFFF, 0xFFFF, 0xFFFF, 0xFFFF, 0xFFFF,
  0xFFFF, 0xB5AC, 0xFFFD, 0xFFFF, 0xFFFC, 0xFFFF, 0xFFFF, 0xFFFF, 0xFFFF, 0xEB97, 0xD33D, 0xFFFF, 0xFBFF, 0xA9D6, 0x9953, 0xB69E,
  0xAE5B, 0xAA3A, 0xA9D7, 0xC20E, 0xFFFF, 0xFFFA, 0xFFFB, 0xFFFA, 0xFFF1, 0xFFFA, 0xBDC9, 0xE2F7, 0xFFFF, 0xFFFF, 0xFFFF, 0xFFFF,
  0xFFFF, 0xFFFF, 0xFFFF, 0xFFFF, 0xFFFF, 0xFFFF, 0xFFFF, 0xFFFF, 0xFFFF, 0xFFFF, 0xFFFF, 0xFFFF, 0xFFFF, 0xCE51, 0xFFFF, 0xFFFF,
  0xFFFF, 0xFFFF, 0xFFFF, 0xFFFF, 0xFBF9, 0xC6DA, 0xFFFF, 0xFFFF, 0xFFFF, 0xF3FF, 0xC6DD, 0x9D51, 0xA194, 0xBA7C, 0xA593, 0xDAD2,
  0xFFFD, 0xFFFB, 0xFFFC, 0xFFF5, 0xFFF8, 0xE2EF, 0xB18B, 0xFFFF, 0xFFFF, 0xFFFF, 0xFFFF, 0xFFFF, 0xFFFF, 0xFFFF, 0xFFFF, 0xFFFF,
  0xFFFF, 0xFFFF, 0xFFFF, 0xFFFF, 0xFFFF, 0xFFFF, 0xFFFF, 0xFFFF, 0xC630, 0xFFFE, 0xFFFF, 0xFFFF, 0xFFFF, 0xFFFF, 0xFFFF, 0xFFF9,
  0xC6B9, 0xFFFF, 0xFFFF, 0xFFFF, 0xFFFF, 0xFFFF, 0xFFFF, 0xD35F, 0xADF6, 0x9D0C, 0xBDEE, 0xFFFA, 0xFFFC, 0xFFFC, 0xFFF9, 0xFFF4,
  0xFFFA, 0xC60D, 0xFFFF, 0xFFFF, 0xFFFF, 0xFFFF, 0xFFFF, 0xFFFF, 0xFFFF, 0xFFFF, 0xFFFF, 0xFFFF, 0xFFFF, 0xFFFF, 0xFFFF, 0xFFFF,
  0xFFFF, 0xFFFF, 0xFFFF, 0xD694, 0xDEF4, 0xFFFF, 0xFFFE, 0xFFF8, 0xFFFF, 0xFFFF, 0xFBFA, 0xBA76, 0xFFFF, 0xFFFF, 0xFFFF, 0xFFFF,
  0xFFFF, 0xFFFF, 0xDBFF, 0xE3FF, 0xD33F, 0xA94A, 0xFFFD, 0xFFFB, 0xFFFB, 0xFFFC, 0xFFF4, 0xFFFA, 0xEF32, 0xC1EF, 0xFFFF, 0xFFFF,
  0xFFFF, 0xFFFF, 0xFFFF, 0xFFFF, 0xFFFF, 0xFFFF, 0xFFFF, 0xFFFF, 0xFFFF, 0xFFFF, 0xFFFF, 0xFFFF, 0xFFFF, 0xFFFF, 0xFFFF, 0xC62E,
  0xFFFE, 0xFFFF, 0xFFFD, 0xFFF9, 0xFFFF, 0xEB77, 0xC2B9, 0xFFFF, 0xFFFF, 0xFFFF, 0xFFFF, 0xFFFF, 0xFFFF, 0xE3FF, 0xE3FF, 0xD37F,
  0xB1D1, 0xF7B5, 0xFFFA, 0xFFFA, 0xFFFC, 0xFFF8, 0xFFF6, 0xFFFC, 0xCE4F, 0xFFFF, 0xFFFF, 0xFFFF, 0xFFFF, 0xFFFF, 0xFFFF, 0xFFFF,
  0xFFFF, 0xFFFF, 0xFFFF, 0xFFFF, 0xFFFF, 0xFFFF, 0xFFFF, 0xFFFF, 0xFFFF, 0xFFFF, 0xE319, 0xC22B, 0xFFFF, 0xFFFD, 0xFFF5, 0xFFFF,
  0xFFFE, 0xB634, 0xF7FF, 0xFFFF, 0xFFFF, 0xFFFF, 0xFFFF, 0xFBFF, 0xE3FF, 0xDBFF, 0xE7FF, 0xD77F, 0xB9ED, 0xFFFE, 0xFFFA, 0xFFFB,
  0xFFFA, 0xFFF5, 0xFFFB, 0xC60D, 0xDEF6, 0xFFFF, 0xFFFF, 0xFFFF, 0xFFFF, 0xFFFF, 0xFFFF, 0xFFFF, 0xFFFF, 0xFFFF, 0xFFFF, 0xFFFF,
  0xFFFF, 0xFFFF, 0xFFFF, 0xFFFF, 0xFFFF, 0xFFFF, 0xE318, 0xC62B, 0xFFFF, 0xFFFE, 0xFFF2, 0xFFF6, 0xDAAF, 0xC6FC, 0xFFFF, 0xFFFF,
  0xFFFF, 0xFFFF, 0xFFFF, 0xE7FF, 0xDBFF, 0xDFFF, 0xD7BF, 0xC277, 0xEF74, 0xFFFB, 0xFFFB, 0xFFFB, 0xFFF5, 0xFFF9, 0xFFF7, 0xA94A,
  0xFFFF, 0xFFFF, 0xFFFF, 0xFFFF, 0xFFFF, 0xFFFF, 0xFFFF, 0xFFFF, 0xFFFF, 0xFFFF, 0xFFFF, 0xFFFF, 0xFFFF, 0xFFFF, 0xFFFF, 0xFFFF,
  0xFFFF, 0xFFFF, 0xFFFF, 0xDAB2, 0xFFF9, 0xFFFF, 0xFFF6, 0xFFCF, 0xE2F0, 0xBE78, 0xFFFF, 0xFFFF, 0xFFFF, 0xFFFF, 0xEFFF, 0xDFFF,
  0xDFFF, 0xE3FF, 0xD37F, 0xB5CD, 0xFFFE, 0xFFFB, 0xFFFC, 0xFFF9, 0xFFF3, 0xFFFB, 0xBDCA, 0xF39C, 0xFFFF, 0xFFFF, 0xFFFF, 0xFFFF,
  0xFFFF, 0xFFFF, 0xFFFF, 0xFFFF, 0xFFFF, 0xFFFF, 0xFFFF, 0xFFFF, 0xFFFF, 0xFFFF, 0xFFFF, 0xFFFF, 0xFFFF, 0xFFFF, 0xFFFF, 0xCE72,
  0xD66C, 0xFFFF, 0xFFF7, 0xFFCF, 0xF350, 0xB5F1, 0xEFFF, 0xFFFF, 0xFFFF, 0xFBFF, 0xE3FF, 0xE3FF, 0xE3FF, 0xDBFF, 0xBA57, 0xD6B0,
  0xFFFB, 0xFFFB, 0xFFFB, 0xFFF4, 0xFFFA, 0xF375, 0xB18C, 0xFFFF, 0xFFFF, 0xFFFF, 0xFFFF, 0xFFFF, 0xFFFF, 0xFFFF, 0xFFFF, 0xFFFF,
  0xFFFF, 0xFFFF, 0xFFFF, 0xFFFF, 0xFFFF, 0xFFFF, 0xFFFF, 0xFFFF, 0xFFFF, 0xFFFF, 0xFFFF, 0xFFFF, 0xCA2E, 0xF795, 0xFFFF, 0xFFF2,
  0xFF8F, 0xD68F, 0xC29A, 0xF7FF, 0xF7FF, 0xEBFF, 0xE3FF, 0xE3FF, 0xE3FF, 0xCB3F, 0xB5CD, 0xFFF9, 0xFFFB, 0xFFFB, 0xFFF5, 0xFFF6,
  0xFFFC, 0x98C5, 0xFFFF, 0xFFFF, 0xFFFF, 0xFFFF, 0xFFFF, 0xFFFF, 0xFFFF, 0xFFFF, 0xFFFF, 0xFFFF, 0xFFFF, 0xFFFF, 0xFFFF, 0xFFFF,
  0xFFFF, 0xFFFF, 0xFFFF, 0xFFFF, 0xFFFF, 0xFFFF, 0xFFFF, 0xFFFF, 0xFFFF, 0xCA4F, 0xF7B6, 0xFFFF, 0xFFAF, 0xF74E, 0xCE70, 0xB637,
  0xE3FF, 0xEBFF, 0xE7FF, 0xE7FF, 0xE7FF, 0xA990, 0xDAAE, 0xEF2C, 0xFFF7, 0xFFF9, 0xFFF4, 0xFFFA, 0xBDEC, 0xFFFF, 0xFFFF, 0xFFFF,
  0xFFFF, 0xFFFF, 0xFFFF, 0xFFFF, 0xFFFF, 0xFFFF, 0xFFFF, 0xFFFF, 0xFFFF, 0xFFFF, 0xFFFF, 0xFFFF, 0xFFFF, 0xFFFF, 0xFFFF, 0xFFFF,
};
#define assets_c29_W 44
#define assets_c29_H 44

static const unsigned short assets_c30[1936] = {
  0xFFFF, 0xFFFF, 0xFFFF, 0xFFFF, 0xFFFF, 0xFFFF, 0xFFFF, 0xFFFF, 0xFFFF, 0xFFFF, 0xFFFF, 0xFFFF, 0xFFFF, 0xFFFF, 0xFFFF, 0xFFFF,
  0xFFFF, 0xFFFF, 0xFFFF, 0xFFFF, 0xFFFF, 0xFFFF, 0xFFFF, 0xFFFF, 0xFFFF, 0xFFFF, 0xFFFF, 0xFFFF, 0xFFFF, 0xFFFF, 0xFFFF, 0xFFFF,
  0xFFFF, 0xFFFF, 0xFFFF, 0xFFFF, 0xFFFF, 0xFFFF, 0xFFFF, 0xFFFF, 0xFFFF, 0xFFFF, 0xFFFF, 0xFFFF, 0xFFFF, 0xFFFF, 0xFFFF, 0xFFFF,
  0xFFFF, 0xFFFF, 0xFFFF, 0xFFFF, 0xFFFF, 0xFFFF, 0xFFFF, 0xFFFF, 0xFFFF, 0xFFFF, 0xFFFF, 0xC24F, 0xBA0D, 0xB5ED, 0xD2D3, 0xFFFF,
  0xFFFF, 0xFFFF, 0xFFFF, 0xFFFF, 0xFFFF, 0xFFFF, 0xFFFF, 0xFFFF, 0xFFFF, 0xFFFF, 0xFFFF, 0xFFFF, 0xFFFF, 0xFFFF, 0xFFFF, 0xFFFF,
  0xFFFF, 0xFFFF, 0xFFFF, 0xFFFF, 0xFFFF, 0xFFFF, 0xFFFF, 0xFFFF, 0xFFFF, 0xFFFF, 0xFFFF, 0xFFFF, 0xFFFF, 0xFFFF, 0xFFFF, 0xFFFF,
  0xFFFF, 0xFFFF, 0xFFFF, 0xFFFF, 0xFFFF, 0xFFFF, 0xB66D, 0xB7F2, 0xB3F1, 0xB7F2, 0xAB2D, 0xCAD1, 0xFFFF, 0xFFFF, 0xFFFF, 0xFFFF,
  0xFFFF, 0xFFFF, 0xFFFF, 0xFFFF, 0xFFFF, 0xFFFF, 0xFFFF, 0xFFFF, 0xFFFF, 0xFFFF, 0xFFFF, 0xFFFF, 0xFFFF, 0xFFFF, 0xFFFF, 0xFFFF,
  0xFFFF, 0xFFFF, 0xFFFF, 0xFFFF, 0xFFFF, 0xFFFF, 0xFFFF, 0xFFFF, 0xFFFF, 0xFFFF, 0xFFFF, 0xFFFF, 0xFFFF, 0xFFFF, 0xFFFF, 0xFFFF,
  0xFFFF, 0xBAAE, 0xC3F6, 0xC3F8, 0xAFEF, 0xB3F1, 0xBBF3, 0xB38F, 0xD314, 0xFFFF, 0xFFFF, 0xFFFF, 0xFFFF, 0xFFFF, 0xB64C, 0x9DA7,
  0xA1C8, 0x9966, 0xF7FC, 0xFFFF, 0xFFFF, 0xFFFF, 0xFFFF, 0xFFFF, 0xFFFF, 0xFFFF, 0xFFFF, 0xFFFF, 0xFFFF, 0xFFFF, 0xFFFF, 0xFFFF,
  0xFFFF, 0xFFFF, 0xFFFF, 0xFFFF, 0xFFFF, 0xFFFF, 0xFFFF, 0xFFFF, 0xFFFF, 0xFFFF, 0xFFFF, 0xFFFF, 0xE777, 0xA289, 0xCBFA, 0xABF0,
  0xBFF4, 0xB7F2, 0xABEE, 0xC3F6, 0xBBB2, 0xEB99, 0xFFFF, 0xFFFF, 0xFFFF, 0xA64A, 0xC3F7, 0xC3F8, 0xBFF7, 0xC7F8, 0x9A06, 0xFFFF,
  0xFFFF, 0xFFFF, 0xFFFF, 0xFFFF, 0xFFFF, 0xFFFF, 0xFFFF, 0xFFFF, 0xFFFF, 0xFFFF, 0xFFFF, 0xFFFF, 0xFFFF, 0xFFFF, 0xFFFF, 0xFFFF,
  0xFFFF, 0xFFFF, 0xFFFF, 0xFFFF, 0xFFFF, 0xFFFF, 0xFFFF, 0xFFFF, 0xA525, 0xA246, 0xC3F6, 0xABEE, 0xB3F0, 0xB3EF, 0xB3EF, 0xB3F1,
  0xB7F3, 0xCAD1, 0xFFFF, 0xFFFF, 0xA208, 0xC7F8, 0xBFF5, 0xB7F0, 0xB3F0, 0xAFF1, 0xBFF3, 0xA64A, 0xFFFF, 0xFFFF, 0xFFFF, 0xFFFF,
  0xFFFF, 0xFFFF, 0xFFFF, 0xFFFF, 0xFFFF, 0xFFFF, 0xFFFF, 0xFFFF, 0xFFFF, 0xFFFF, 0xFFFF, 0xFFFF, 0xFFFF, 0xFFFF, 0xFFFF, 0xFFFF,
  0xFFFF, 0xDF36, 0x9DC8, 0x9E28, 0x9E07, 0xA2A8, 0xBBEF, 0xB3EF, 0xAFEF, 0xB3EF, 0xB3EF, 0xB7F2, 0xB3F2, 0xCEF2, 0xFFFF, 0xEFB9,
  0xAF8F, 0xBFF7, 0xC3F2, 0xFFFD, 0xBBF0, 0xABEF, 0xBBF2, 0x9A27, 0xFFFD, 0xFFFF, 0xFFFF, 0xFFFF, 0xFFFF, 0xFFFF, 0xFFFF, 0xFFFF,
  0xFFFF, 0xFFFF, 0xFFFF, 0xFFFF, 0xFFFF, 0xFFFF, 0xFFFF, 0xFFFF, 0xFFFF, 0xFFFF, 0xFFFF, 0xFFFF, 0xF7DB, 0x9A28, 0xCBF9, 0xBBF6,
  0xBFF6, 0xBBF3, 0xAF6A, 0xB7EE, 0xB3F0, 0xB3EF, 0xAFEF, 0xB3F1, 0xB3F1, 0xDB35, 0xFFFF, 0xA628, 0xC3F6, 0xAFF0, 0xBBF1, 0xD3F6,
  0xB7F0, 0xAFF0, 0xBBF0, 0xA627, 0x9CE5, 0xDF15, 0xFFFF, 0xFFFF, 0xFFFF, 0xFFFF, 0xFFFF, 0xFFFF, 0xFFFF, 0xFFFF, 0xFFFF, 0xFFFF,
  0xFFFF, 0xFFFF, 0xFFFF, 0xFFFF, 0xFFFF, 0xFFFF, 0xFFFF, 0xFFFF, 0xB1EA, 0xC3F7, 0xBFF5, 0xB3EE, 0xAFEE, 0xB3EF, 0xB7ED, 0xAF49,
  0xB7EF, 0xB3F0, 0xAFEF, 0xB3F0, 0xAB8C, 0xDB55, 0xFFFF, 0x9A26, 0xB7F1, 0xAFEE, 0xAFEE, 0xABED, 0xAFEF, 0xB3F0, 0xB3AD, 0xAAC8,
  0xA268, 0x9A06, 0xA9E9, 0xFFFF, 0xFFFF, 0xFFFF, 0xFFFF, 0xFFFF, 0xFFFF, 0xFFFF, 0xFFFF, 0xFFFF, 0xFFFF, 0xFFFF, 0xFFFF, 0xFFFF,
  0xFFFF, 0xFFFF, 0xFFFF, 0xFFFF, 0xBA6D, 0xBBF6, 0xD7FB, 0xCBF3, 0xAFED, 0xB3EF, 0xB3EF, 0xB7CC, 0xAF69, 0xB7EF, 0xB3EF, 0xB3EF,
  0xABAB, 0xD732, 0xFFFF, 0x9E88, 0xB7F0, 0xB3EE, 0xB3EF, 0xB3EF, 0xB7EE, 0xAF6A, 0xB3ED, 0xC7F5, 0xC7F7, 0xCFFA, 0xB38F, 0xF7FD,
  0xFFFF, 0xFFFF, 0xFFFF, 0xFFFF, 0xFFFF, 0xFFFF, 0xFFFF, 0xFFFF, 0xFFFF, 0xFFFF, 0xFFFF, 0xFFFF, 0xFFFF, 0xFFFF, 0xFFFF, 0xFFFF,
  0xB22B, 0xC3F8, 0xE3FD, 0xD7F7, 0xB3EE, 0xB3EF, 0xB3EF, 0xB7EF, 0xB3AB, 0xB349, 0xB7ED, 0xAFEF, 0xB7EE, 0xA9C5, 0xA5C7, 0xBBF0,
  0xAFEE, 0xAFEE, 0xB3EF, 0xB7ED, 0xAF29, 0xB7ED, 0xB3F0, 0xABEF, 0xABEE, 0xA7EE, 0xC7F8, 0x99E8, 0xFFFF, 0xFFFF, 0xFFFF, 0xFFFF,
  0xFFFF, 0xFFFF, 0xFFFF, 0xFFFF, 0xFFFF, 0xFFFF, 0xFFFF, 0xFFFF, 0xFFFF, 0xFFFF, 0xFFFF, 0xFFFF, 0xD713, 0xC7F4, 0xF3FF, 0xE3FD,
  0xC3F4, 0xAFEE, 0xB3EF, 0xB3EF, 0xB7EF, 0xB76B, 0xB349, 0xB3EE, 0xB7EE, 0xADC4, 0xA184, 0xB7EE, 0xAFEE, 0xB3EF, 0xB3CC, 0xAF4A,
  0xB7EF, 0xB3F0, 0xAFEF, 0xB3EF, 0xB3EF, 0xABEE, 0xBFF5, 0x9A08, 0xFFFF, 0xFFFF, 0xFFFF, 0xFFFF, 0xFFFF, 0xFFFF, 0xFFFF, 0xFFFF,
  0xFFFF, 0xFFFF, 0xFFFF, 0xFFFF, 0xFFFF, 0xFFFF, 0xFFFF, 0xFFFF, 0xFFFF, 0xE377, 0xDFF9, 0xEBFD, 0xE3FC, 0xBBF4, 0xB7F3, 0xB3EF,
  0xAFEC, 0xB7ED, 0xAF08, 0xB34A, 0xBBAC, 0xA9C3, 0xAA05, 0xB7EE, 0xB7EF, 0xB38C, 0xAF6A, 0xB7EF, 0xB3F0, 0xB3EF, 0xB3EF, 0xB3EF,
  0xB3EF, 0xABEE, 0xC7F8, 0x9A08, 0xFFFF, 0xFFFF, 0xFFFF, 0xFFFF, 0xFFFF, 0xFFFF, 0xFFFF, 0xFFFF, 0xFFFF, 0xFFFF, 0xFFFF, 0xFFFF,
  0xFFFF, 0xFFFF, 0xFFFF, 0xFFFF, 0xFFFF, 0xFFFF, 0xEB77, 0xD732, 0xDBF5, 0xE3FB, 0xCBF6, 0xBBEF, 0xB7EE, 0xB7ED, 0xBBED, 0xAEE7,
  0xBB29, 0xA9A3, 0xAA24, 0xBFED, 0xAF29, 0xB32A, 0xB7EF, 0xAFEF, 0xAFEF, 0xAFEF, 0xAFEF, 0xAFF0, 0xAFF0, 0xBBF5, 0xC3F4, 0xA608,
  0xFFFF, 0xFFFF, 0xFFFF, 0xFFFF, 0xFFFF, 0xFFFF, 0xFFFF, 0xFFFF, 0xFFFF, 0xFFFF, 0xFFFF, 0xFFFF, 0xFFFF, 0xFFFF, 0xFFFF, 0xFFFF,
  0xFFFF, 0xFFFF, 0xFFFF, 0xFFFF, 0xFBFD, 0xF3F9, 0xD331, 0xB6EA, 0xB749, 0xBBAB, 0xBBCD, 0xBBAC, 0xB2E7, 0xA9E3, 0xB2A6, 0xB328,
  0xB76A, 0xBBF0, 0xBBF2, 0xB7F2, 0xB7F2, 0xB7F2, 0xB7F2, 0xB7F2, 0xBFF2, 0xB7F0, 0x95A3, 0xF7DA, 0xFFFF, 0xFFFF, 0xFFFF, 0xFFFF,
  0xFFFF, 0xFFFF, 0xFFFF, 0xFFFF, 0xFFFF, 0xFFFF, 0xFFFF, 0xFFFF, 0xFFFF, 0xFFFF, 0xFFFF, 0xFFFF, 0xFFFF, 0xFFFF, 0xFFFF, 0xFFFF,
  0xFFFF, 0xFFFF, 0xD6B1, 0xDAD1, 0xC24A, 0xADA4, 0xA5C4, 0xB709, 0xB2E7, 0xB2C7, 0xB2E7, 0xB287, 0xB6C9, 0xB74B, 0xB76C, 0xB7AD,
  0xBBCE, 0xB7AD, 0xA709, 0xA6E8, 0xA666, 0xB209, 0xFFFE, 0xFFFF, 0xFFFF, 0xFFFF, 0xFFFF, 0xFFFF, 0xFFFF, 0xFFFF, 0xFFFF, 0xFFFF,
  0xFFFF, 0xFFFF, 0xFFFF, 0xFFFF, 0xFFFF, 0xFFFF, 0xFFFF, 0xFFFF, 0xFFFF, 0xE799, 0xD3D7, 0xD7F8, 0xD7F8, 0xDFF9, 0xE3F8, 0xE3F6,
  0xEBF8, 0xE7F7, 0xCB0E, 0xAE65, 0xB2E7, 0xB328, 0xB2C7, 0xA9E4, 0xA5A3, 0xA5A3, 0xA9E2, 0x9D61, 0x98E1, 0xA123, 0xDF15, 0xEB57,
  0xDAF5, 0xFFFF, 0xFFFF, 0xFFFF, 0xFFFF, 0xFFFF, 0xFFFF, 0xFFFF, 0xFFFF, 0xFFFF, 0xFFFF, 0xFFFF, 0xFFFF, 0xFFFF, 0xFFFF, 0xFFFF,
  0xFFFF, 0xFFFF, 0xFFFF, 0xFFFF, 0xD735, 0xE3FC, 0xEFFF, 0xEBFF, 0xEFFF, 0xEBFE, 0xE3FB, 0xE7FB, 0xDBF7, 0xC7F0, 0xBB6A, 0xB769,
  0xB749, 0xB328, 0xB328, 0xB729, 0xBFAC, 0xBBAB, 0xBBCC, 0xB30C, 0xAA8C, 0xAA0A, 0xFBDC, 0xFFFF, 0xFFFF, 0xFFFF, 0xFFFF, 0xFFFF,
  0xFFFF, 0xFFFF, 0xFFFF, 0xFFFF, 0xFFFF, 0xFFFF, 0xFFFF, 0xFFFF, 0xFFFF, 0xFFFF, 0xFFFF, 0xFFFF, 0xFFFF, 0xFFFF, 0xFFFF, 0xD734,
  0xE7FD, 0xE7FD, 0xDBF8, 0xDBF8, 0xDFF9, 0xDFF9, 0xDFF9, 0xC7F1, 0xB389, 0xB368, 0xAF8A, 0xB3CB, 0xB2E7, 0xAE86, 0xB78B, 0xAF07,
  0xB78A, 0xB7EE, 0xB3EE, 0xBFF5, 0xC3F8, 0xBFF5, 0xA2EC, 0x9EAB, 0xB24C, 0xFFFF, 0xFFFF, 0xFFFF, 0xFFFF, 0xFFFF, 0xFFFF, 0xFFFF,
  0xFFFF, 0xFFFF, 0xFFFF, 0xFFFF, 0xFFFF, 0xFFFF, 0xFFFF, 0xFFFF, 0xFFFF, 0xFFFF, 0xBE0D, 0xB74F, 0xE7FE, 0xDBF9, 0xE3F9, 0xDFF9,
  0xE3FA, 0xDFF9, 0xBBEF, 0xAF89, 0xB7CC, 0xBBEF, 0xB3EF, 0xBBEE, 0xB287, 0xAA26, 0xBFEF, 0xB3AC, 0xAF08, 0xB7AB, 0xB3EE, 0xAFED,
  0xABEC, 0xB3F1, 0xC3F6, 0xCFFB, 0xB7F3, 0xAE4B, 0xFFFF, 0xFFFF, 0xFFFF, 0xFFFF, 0xFFFF, 0xFFFF, 0xFFFF, 0xFFFF, 0xFFFF, 0xFFFF,
  0xFFFF, 0xFFFF, 0xFFFF, 0xFFFF, 0xFFFF, 0xFFFF, 0xCE91, 0xAB4D, 0xC3F5, 0xDFF9, 0xDFF9, 0xE3FA, 0xE3FA, 0xBFEF, 0xAF8A, 0xB7EE,
  0xB7F1, 0xB3F0, 0xBBF1, 0xBFAD, 0x9902, 0xA627, 0xBBF1, 0xB3EE, 0xBBEE, 0xAF4A, 0xB7AC, 0xB3EE, 0xB3EE, 0xB3ED, 0xAFED, 0xAFEE,
  0xCFFA, 0xBFF5, 0xB68E, 0xFFFF, 0xFFFF, 0xFFFF, 0xFFFF, 0xFFFF, 0xFFFF, 0xFFFF, 0xFFFF, 0xFFFF, 0xFFFF, 0xFFFF, 0xFFFF, 0xFFFF,
  0xFFFF, 0xFFFF, 0xC22E, 0xAF2D, 0xB7F3, 0xCBF5, 0xE3FB, 0xE7FB, 0xC7F0, 0xAF29, 0xBBEF, 0xB3F0, 0xAFEF, 0xB3F0, 0xBBF0, 0xB2A6,
  0x98C2, 0xA5E6, 0xBFF1, 0xB3EF, 0xB3EE, 0xBBEF, 0xB32A, 0xB7CD, 0xB3EE, 0xB3ED, 0xB3EE, 0xB3EE, 0xABED, 0xCFFA, 0x9A49, 0xFFFF,
  0xFFFF, 0xFFFF, 0xFFFF, 0xFFFF, 0xFFFF, 0xFFFF, 0xFFFF, 0xFFFF, 0xFFFF, 0xFFFF, 0xFFFF, 0xFFFF, 0xFFFF, 0xFFFF, 0xFFFF, 0xB24B,
  0xBBF3, 0xC3F3, 0xE7F8, 0xDFF6, 0xB38B, 0xB7EF, 0xB3EF, 0xB3EF, 0xB3EF, 0xB3F0, 0xC3F0, 0xB266, 0x98C2, 0xA1A3, 0xBBED, 0xB7F1,
  0xB3EF, 0xB3ED, 0xB7AC, 0xAF09, 0xB7CD, 0xB3EE, 0xB3ED, 0xB3EE, 0xB3ED, 0xC7F7, 0xA269, 0xFFFF, 0xFFFF, 0xFFFF, 0xFFFF, 0xFFFF,
  0xFFFF, 0xFFFF, 0xFFFF, 0xFFFF, 0xFFFF, 0xFFFF, 0xFFFF, 0xFFFF, 0xFFFF, 0xFFFF, 0xFFFF, 0xFFFF, 0xB26B, 0xA246, 0xCF2F, 0xCFF2,
  0xB3EF, 0xB3EF, 0xB3EE, 0xB3EF, 0xB3EF, 0xB7EE, 0xB308, 0xA9C4, 0xA544, 0xA583, 0xBFEE, 0xB7F1, 0xC7ED, 0xFFF6, 0xF3F2, 0xBFAC,
  0xAF09, 0xB7ED, 0xB3EE, 0xB3EE, 0xB3ED, 0xCBF4, 0x9DE6, 0xFFFF, 0xFFFF, 0xFFFF, 0xFFFF, 0xFFFF, 0xFFFF, 0xFFFF, 0xFFFF, 0xFFFF,
  0xFFFF, 0xFFFF, 0xFFFF, 0xFFFF, 0xFFFF, 0xFFFF, 0xFFFF, 0xFFFF, 0xFFFF, 0xFFFF, 0xBA0B, 0xC3F1, 0xB3F0, 0xB3EE, 0xAFEE, 0xB3EE,
  0xB3EE, 0xBBED, 0xAE46, 0xA984, 0xBA27, 0xA542, 0xBFAD, 0xBBF2, 0xCBEB, 0xFFFF, 0xFFFB, 0xC389, 0xB7EE, 0xB36A, 0xB7CC, 0xBBED,
  0xC3EF, 0xA266, 0xD713, 0xFFFF, 0xFFFF, 0xFFFF, 0xFFFF, 0xFFFF, 0xFFFF, 0xFFFF, 0xFFFF, 0xFFFF, 0xFFFF, 0xFFFF, 0xFFFF, 0xFFFF,
  0xFFFF, 0xFFFF, 0xFFFF, 0xFFFF, 0xFFFF, 0xFFFF, 0xB60A, 0xB7EF, 0xB7F1, 0xB3EF, 0xB7F2, 0xB3F1, 0xB3F0, 0xBFEF, 0xA9C5, 0xA984,
  0xB627, 0xA0E1, 0xB70A, 0xB7F2, 0xBFCB, 0xFFF1, 0xFFF3, 0xBF69, 0xBBF0, 0xAAC9, 0xA5C5, 0x9DC4, 0x9983, 0xCEF1, 0xFFFF, 0xFFFF,
  0xFFFF, 0xFFFF, 0xFFFF, 0xFFFF, 0xFFFF, 0xFFFF, 0xFFFF, 0xFFFF, 0xFFFF, 0xFFFF, 0xFFFF, 0xFFFF, 0xFFFF, 0xFFFF, 0xFFFF, 0xFFFF,
  0xFFFF, 0xFFFF, 0xB1CA, 0xB36E, 0xBBF2, 0xB3EE, 0xB7F0, 0xB3F0, 0xBFF3, 0xAA8A, 0x8C61, 0xA9C6, 0xB647, 0x9CC1, 0xB288, 0xBBF2,
  0xB7F1, 0xAF69, 0xB78A, 0xBBEF, 0xBBF2, 0xA647, 0x94A2, 0xF7BC, 0xFFFF, 0xFFFF, 0xFFFF, 0xFFFF, 0xFFFF, 0xFFFF, 0xFFFF, 0xFFFF,
  0xFFFF, 0xFFFF, 0xFFFF, 0xFFFF, 0xFFFF, 0xFFFF, 0xFFFF, 0xFFFF, 0xFFFF, 0xFFFF, 0xFFFF, 0xFFFF, 0xFFFF, 0xFFFF, 0xFFFF, 0x9D87,
  0xB34C, 0xBFED, 0xBFEE, 0xC3EF, 0xAA69, 0x90A2, 0x9D04, 0xBEEA, 0xAE26, 0xA504, 0xA9A5, 0xBB8C, 0xB7F1, 0xBBF4, 0xB7F3, 0xBBF2,
  0xC3F1, 0x9DE5, 0xDAD2, 0xFFFF, 0xFFFF, 0xFFFF, 0xFFFF, 0xFFFF, 0xFFFF, 0xFFFF, 0xFFFF, 0xFFFF, 0xFFFF, 0xFFFF, 0xFFFF, 0xFFFF,
  0xFFFF, 0xFFFF, 0xFFFF, 0xFFFF, 0xFFFF, 0xFFFF, 0xFFFF, 0xFFFF, 0xFFFF, 0xFFFF, 0xFFFF, 0xFFFF, 0xA146, 0x9523, 0x9965, 0x9504,
  0xCE92, 0xFFFF, 0x9D25, 0xBB0A, 0xA1A3, 0xE716, 0xFFFF, 0x9D63, 0xBFCC, 0xBFEE, 0xB7EC, 0xC3EE, 0xB70A, 0x9502, 0xFFFF, 0xFFFF,
  0xFFFF, 0xFFFF, 0xFFFF, 0xFFFF, 0xFFFF, 0xFFFF, 0xFFFF, 0xFFFF, 0xFFFF, 0xFFFF, 0xFFFF, 0xFFFF, 0xFFFF, 0xFFFF, 0xFFFF, 0xFFFF,
  0xFFFF, 0xFFFF, 0xFFFF, 0xFFFF, 0xFFFF, 0xFFFF, 0xFFFF, 0xFFFF, 0xFFFF, 0xFFFF, 0xFFFF, 0xFFFF, 0xFFFF, 0xFFFF, 0x9925, 0xBF2A,
  0xA1C3, 0xDAD4, 0xFFFF, 0xFFFF, 0xA5A4, 0xA9E3, 0xAA03, 0x9DA1, 0xBA2A, 0xFFFF, 0xFFFF, 0xFFFF, 0xFFFF, 0xFFFF, 0xFFFF, 0xFFFF,
  0xFFFF, 0xFFFF, 0xFFFF, 0xFFFF, 0xFFFF, 0xFFFF, 0xFFFF, 0xFFFF, 0xFFFF, 0xFFFF, 0xFFFF, 0xFFFF, 0xFFFF, 0xFFFF, 0xFFFF, 0xFFFF,
  0xFFFF, 0xFFFF, 0xFFFF, 0xFFFF, 0xFFFF, 0xFFFF, 0xFFFF, 0xFFFF, 0xFFFF, 0xFFFF, 0x9D66, 0xC3EE, 0xA1E4, 0xD293, 0xFFFF, 0xFFFF,
  0xFFFF, 0xDF14, 0xCE8F, 0xCA6E, 0xFFFF, 0xFFFF, 0xFFFF, 0xFFFF, 0xFFFF, 0xFFFF, 0xFFFF, 0xFFFF, 0xFFFF, 0xFFFF, 0xFFFF, 0xFFFF,
  0xFFFF, 0xFFFF, 0xFFFF, 0xFFFF, 0xFFFF, 0xFFFF, 0xFFFE, 0xBA4A, 0xC72E, 0xE7F7, 0xFFFF, 0xFFFF, 0xE776, 0xFFFF, 0xFFFF, 0xFFFF,
  0xFFFF, 0xFFFF, 0xF7FA, 0xFFFF, 0xFFFF, 0xFFFF, 0x9D85, 0xC3EF, 0xA245, 0xD272, 0xFFFF, 0xFFFF, 0xFFFF, 0xFFFF, 0xFFFF, 0xFFFF,
  0xFFFF, 0xFFFF, 0xFFFF, 0xFFFF, 0xFFFF, 0xFFFF, 0xFFFF, 0xDF54, 0xFFFF, 0xFFFF, 0xFFFF, 0xFFFF, 0xFFFF, 0xFFFF, 0xFFFF, 0xFFFF,
  0xFFFF, 0xFFFF, 0xFFFF, 0xFFFC, 0xBB4D, 0xBBEF, 0xDFF6, 0xFFFF, 0xD710, 0xFFFF, 0xFFFF, 0xFFFF, 0xFFFF, 0xC6AD, 0xC2EC, 0xFFFF,
  0xBE8A, 0xB649, 0x9943, 0xBBAC, 0xC3CF, 0xA985, 0xB1C9, 0xAE0A, 0xB209, 0xB209, 0xB629, 0xB1C7, 0xFFFD, 0xFFFD, 0xB229, 0xFFFF,
  0xFFFF, 0xFFFF, 0xFFFE, 0xAAC9, 0xFFFF, 0xFFFF, 0xFFFF, 0xFFFF, 0xD711, 0xFFFF, 0xFFFF, 0xFFFF, 0xFFFF, 0xFFFF, 0xFFFF, 0xFFFF,
  0xF3FA, 0xBBAF, 0xBFF2, 0xCF70, 0xC36E, 0xFFFE, 0xCEB0, 0xB24A, 0xBB4E, 0xBFF1, 0xBBF1, 0xBBCF, 0xB7CD, 0xC7F3, 0x9963, 0xB2A8,
  0xC7F0, 0xA182, 0xB2CA, 0xC3F5, 0xBBF3, 0xBBF1, 0xB7AD, 0xBFCF, 0xAE87, 0xBBAF, 0xBFF2, 0xC32E, 0xBE6A, 0xEBF8, 0xBECC, 0xBBF2,
  0xEFFE, 0xFFFF, 0xD7B3, 0xBF8E, 0xB669, 0xFFFF, 0xFFFF, 0xFFFF, 0xFFFF, 0xFFFF, 0xFFFF, 0xFFFF, 0xFFFF, 0xBACA, 0xCBF6, 0xAB4B,
  0xC3F2, 0xB32B, 0xB2C9, 0xBBF0, 0xC3F6, 0xBBF6, 0xBFF6, 0xBFF5, 0xBBF4, 0xC3F7, 0xB74D, 0xAA89, 0xCBF1, 0xA5C2, 0xB2CA, 0xBFF4,
  0xB3F4, 0xB7F4, 0xB7F3, 0xBBF3, 0xBBF3, 0xBBF4, 0xBFF7, 0xBFF1, 0xB7CD, 0xC3F1, 0xAEE8, 0xBFF3, 0xD7F7, 0xCBB1, 0xBFF1, 0xBF2D,
  0xFFFF, 0xFFFF, 0xFFFF, 0xFFFF, 0xFFFF, 0xFFFF, 0xFFFF, 0xFFFF, 0xDBB3, 0xB687, 0xB7AE, 0xC3F5, 0xB3EE, 0xBFF3, 0xBFF1, 0xBFF5,
  0xB7F5, 0xB7F4, 0xB7F4, 0xB7F4, 0xBBF5, 0xBBF6, 0xBBF1, 0x99A4, 0xC3EF, 0xBF6B, 0x9D62, 0xB32D, 0xC3F4, 0xBBF2, 0xBBF2, 0xB7F3,
  0xB7F3, 0xB7F4, 0xB7F4, 0xBBF4, 0xBFF5, 0xBFF5, 0xBBF4, 0xC3F6, 0xAF6C, 0xBFF2, 0xBB8E, 0xB1E6, 0xFFFF, 0xFFFF, 0xFFFF, 0xFFFF,
  0xFFFF, 0xFFFF, 0xF3D8, 0xAE46, 0xC7F0, 0xB74B, 0xBBF0, 0xBBF4, 0xB7F2, 0xB7F3, 0xB7F3, 0xBBF5, 0xB7F5, 0xB7F5, 0xB7F5, 0xBBF4,
  0xBBF4, 0xBFF4, 0xBFF0, 0xA605, 0xBB8D, 0xBFF0, 0xAE47, 0xAE27, 0xC36C, 0xB70A, 0xBBCF, 0xBFF3, 0xBBF2, 0xBBF3, 0xB7F4, 0xB7F4,
  0xBBF4, 0xBBF2, 0xBBF3, 0xBFF5, 0xBBF5, 0xBBF4, 0xBBF2, 0xC3B0, 0xB269, 0xCAAE, 0xFFFF, 0xFFFF, 0xFFFF, 0xEFD8, 0xB2A9, 0xBFCF,
  0xB7EF, 0xC3F4, 0xBBF3, 0xBBF4, 0xBBF3, 0xCFF8, 0xD7FA, 0xBFF5, 0xBBF5, 0xC3F5, 0xBBF3, 0xBFF3, 0xB76B, 0xBF4A, 0xC78C, 0xBA88,
  0xAA05, 0xBFEE, 0xC3AE, 0xADE5, 0xB627, 0xC70B, 0xBEEA, 0xBF0B, 0xBB0A, 0xB7CE, 0xBBF4, 0xBFF5, 0xCBF0, 0xEBF1, 0xEBF1, 0xC3EE,
  0xBFF5, 0xBBF5, 0xB7F2, 0xBFF4, 0xBBF0, 0xB72C, 0xC6CD, 0xFFFF, 0xFBDA, 0xAEA9, 0xCBF5, 0xBBF2, 0xBBF3, 0xB7F3, 0xB7F4, 0xBBF4,
  0xB7F3, 0xF3FE, 0xFFFE, 0xC3F4, 0xBBF3, 0xB76B, 0xBB6B, 0xC7F1, 0xBF2A, 0xC72A, 0xC32A, 0xBEC9, 0xA9A4, 0xBAC9, 0xBF6A, 0xBEA8,
  0xA9A3, 0xBA67, 0xC70B, 0xC2EA, 0xBEC8, 0xBB8D, 0xBFF3, 0xBBCC, 0xFFF1, 0xFFFF, 0xFFFF, 0xEBEA, 0xBFEF, 0xBFF5, 0xBBF3, 0xB7F3,
  0xBBF5, 0xBFF3, 0xBB2B, 0xC26B, 0xFFFA, 0xB267, 0xC7F3, 0xBBF4, 0xB7F3, 0xBBF4, 0xB7F4, 0xB7F4, 0xBBF4, 0xBBF1, 0xBBF2, 0xBBF4,
  0xBBF4, 0xBFF0, 0xBB2A, 0xBF2A, 0xC32A, 0xC32A, 0xBF0A, 0xC32A, 0xBAA8, 0xB266, 0xC729, 0xC329, 0xBEA8, 0xBEA8, 0xC30A, 0xBB2A,
  0xBB6C, 0xBBF0, 0xBFF3, 0xC38A, 0xFFF2, 0xFFF8, 0xFFF0, 0xFFEE, 0xBFAB, 0xB7F0, 0xBBF4, 0xB7F4, 0xB7F4, 0xC3F6, 0xC3CF, 0xBE49,
  0xFBFA, 0xAE04, 0xBF0A, 0xC3F1, 0xC3F4, 0xBBF3, 0xBFF4, 0xBBF4, 0xBBF4, 0xB7F1, 0xBBF3, 0xB7F3, 0xB7F4, 0xBFF4, 0xBBAE, 0xBF4C,
  0xBF0A, 0xBF0A, 0xBF4C, 0xBF8D, 0xC38C, 0xC309, 0xC309, 0xBF4A, 0xBF4B, 0xBF2A, 0xBB2A, 0xC3F2, 0xBBF4, 0xBBF4, 0xB7F0, 0xBFEF,
  0xC328, 0xC6E6, 0xCAE7, 0xC328, 0xBFF0, 0xBFF4, 0xBFF5, 0xBBF4, 0xBFF5, 0xC3F2, 0xBF2B, 0xC24A, 0xFFFF, 0xB647, 0xBA87, 0xBF0A,
  0xB74B, 0xC3F2, 0xB3CE, 0xB7F2, 0xBBF5, 0xB7F3, 0xB7F3, 0xB7F3, 0xB7F4, 0xB7F3, 0xBBF4, 0xBFF3, 0xB78D, 0xB76D, 0xBFF3, 0xC3F5,
  0xBFF2, 0xBB8C, 0xBFAD, 0xBBEE, 0xBBEF, 0xBBF0, 0xB7EF, 0xBBF3, 0xB7F4, 0xB7F4, 0xBBF4, 0xBFF5, 0xBBF4, 0xBFF2, 0xB7AE, 0xBFF3,
  0xC3F6, 0xBFF0, 0xBFCE, 0xC7F3, 0xBBAE, 0xC36C, 0xBA68, 0xDF33, 0xFFFF, 0xFBFB, 0xB667, 0xBEC8, 0xBAA7, 0xC7AE, 0xB72B, 0xBFF1,
  0xBFF6, 0xBBF5, 0xB7F4, 0xB7F3, 0xB7F3, 0xB7F3, 0xB7F3, 0xB7F3, 0xBBF4, 0xBBF4, 0xBBF4, 0xB7F4, 0xBBF5, 0xBFF6, 0xC7F5, 0xEFF4,
  0xE7F5, 0xD7F5, 0xDBF3, 0xBBF2, 0xB7F4, 0xB7F4, 0xBBF4, 0xB7F2, 0xBBF3, 0xBBF2, 0xBFF2, 0xC3F4, 0xBFF1, 0xBF2B, 0xC32B, 0xC7AE,
  0xBEC9, 0xBE89, 0xE795, 0xFFFF, 0xFFFF, 0xFFFF, 0xFFFE, 0xC2CB, 0xC2C9, 0xBEC9, 0xBEC8, 0xBB2A, 0xC3F1, 0xBFF0, 0xBBF0, 0xBBF3,
  0xB7F3, 0xB7F3, 0xB7F3, 0xB7F3, 0xB7F2, 0xB7F3, 0xBBF4, 0xBBF4, 0xB7F5, 0xB7F5, 0xC7F2, 0xFFF6, 0xFFF7, 0xFFFB, 0xFFF9, 0xC7F1,
  0xB7F5, 0xB7F4, 0xBFF4, 0xB32B, 0xBBCE, 0xBFF0, 0xBFAE, 0xC3CF, 0xB6C9, 0xC2C9, 0xC2CA, 0xC2A9, 0xC6CA, 0xD731, 0xFFFF, 0xFFFF,
};
#define assets_c30_W 44
#define assets_c30_H 44

static const unsigned short assets_retro[1936] = {
  0xB081, 0xB061, 0xAC41, 0xAC41, 0xB061, 0xB081, 0xB062, 0xC165, 0xC144, 0xB504, 0xD247, 0xBD03, 0xB061, 0xB061, 0xB061, 0xB081,
  0xB4A2, 0xB482, 0xB061, 0xB108, 0xBBFF, 0xB6B9, 0xB6B9, 0xBFFF, 0xB129, 0xB061, 0xB082, 0xB082, 0xB081, 0xB061, 0xB061, 0xB061,
  0xB8E3, 0xD247, 0xB904, 0xBD43, 0xC165, 0xB062, 0xB081, 0xB061, 0xAC41, 0xAC41, 0xB061, 0xB081, 0xB061, 0xB4E3, 0xD246, 0xCDE4,
  0xB4C2, 0xB903, 0xDAA8, 0xE6E6, 0xE684, 0xE708, 0xCE06, 0xA821, 0xB082, 0xB8E4, 0xB4C4, 0xB041, 0xAC41, 0xB082, 0xB041, 0xB5F1,
  0xB75F, 0xBF3E, 0xBADA, 0xB77F, 0xB633, 0xB041, 0xB082, 0xAC21, 0xB041, 0xB8C4, 0xB8E4, 0xB082, 0xA821, 0xC9E5, 0xE728, 0xE684,
  0xEAE6, 0xDEC8, 0xB924, 0xB4C2, 0xCDE5, 0xD246, 0xB8E3, 0xB061, 0xAC41, 0xD205, 0xF3EC, 0xEFA9, 0xC9A4, 0xBD44, 0xEF68, 0xE663,
  0xC502, 0xB8C2, 0xBD45, 0xCE0B, 0xEFD0, 0xFBF2, 0xF7F1, 0xE32D, 0xCE0A, 0xB0A3, 0xAC21, 0xBA33, 0xBB3E, 0xBB1C, 0xBB7F, 0xBB3E,
  0xBA75, 0xAC21, 0xB082, 0xCE0A, 0xE32D, 0xF3F1, 0xFBF2, 0xEFD0, 0xD24C, 0xC145, 0xB8E2, 0xC102, 0xE643, 0xEF47, 0xC185, 0xC983,
  0xEFA8, 0xEFEC, 0xD646, 0xAC41, 0xAC41, 0xCDE5, 0xEF67, 0xEF88, 0xCDC4, 0xC984, 0xDE65, 0xC9A5, 0xBD24, 0xB062, 0xE770, 0xFFF2,
  0xF3ED, 0xE769, 0xEB88, 0xEFCB, 0xF3EE, 0xEBB0, 0xBD05, 0xAC85, 0xBFFF, 0xB31D, 0xB6DB, 0xBFFF, 0xACC6, 0xB8E4, 0xEB90, 0xF3EE,
  0xEFCA, 0xEB88, 0xE769, 0xF3EE, 0xFFF2, 0xEB91, 0xB083, 0xB924, 0xC585, 0xDE44, 0xC983, 0xCDC4, 0xEF88, 0xEF67, 0xD225, 0xAC41,
  0xB061, 0xB4C2, 0xCD83, 0xCDA3, 0xBCE2, 0xB904, 0xC5A6, 0xC9E6, 0xB0A2, 0xDECD, 0xFFF0, 0xE76A, 0xDE66, 0xDE24, 0xDE44, 0xE2A6,
  0xE6E6, 0xEFEB, 0xEFAC, 0xBA51, 0xADB0, 0xBFFF, 0xBFFF, 0xAD6D, 0xBA73, 0xEB8C, 0xEFEB, 0xE6E6, 0xE2A6, 0xDE44, 0xDE24, 0xE266,
  0xE36A, 0xFBEF, 0xE30E, 0xB082, 0xC9E6, 0xC5A6, 0xB924, 0xBCE2, 0xC9A4, 0xCD83, 0xB8C2, 0xAC61, 0xB081, 0xB903, 0xBD65, 0xC964,
  0xB924, 0xCE67, 0xD687, 0xB4C3, 0xBD26, 0xFFF4, 0xEFEC, 0xD625, 0xC983, 0xC542, 0xCDA4, 0xCDA3, 0xCDA3, 0xE2C7, 0xF3CB, 0xE2C5,
  0xB9ED, 0xB214, 0xB234, 0xBA10, 0xE2C5, 0xF3EB, 0xE2E8, 0xCDA3, 0xC983, 0xCDA4, 0xC543, 0xC983, 0xD625, 0xEBEC, 0xFFF4, 0xC147,
  0xB0A3, 0xD667, 0xD288, 0xB924, 0xC564, 0xBD44, 0xBD24, 0xB081, 0xAC61, 0xDAC8, 0xF368, 0xDA45, 0xC9E7, 0xD288, 0xF3E9, 0xD1E4,
  0xC588, 0xFFF2, 0xE707, 0xD1C3, 0xB4A3, 0xBD45, 0xB4A2, 0xC543, 0xD604, 0xC561, 0xD645, 0xEF89, 0xE748, 0xB8C1, 0xC565, 0xE78A,
  0xEF88, 0xDA66, 0xC541, 0xD603, 0xC543, 0xB482, 0xBD45, 0xB4C3, 0xCDA3, 0xE2E6, 0xFFF1, 0xC9A9, 0xCDC4, 0xF3E9, 0xD6A8, 0xC9E7,
  0xD625, 0xEF47, 0xDEC8, 0xB082, 0xC165, 0xEB06, 0xE244, 0xC585, 0xC165, 0xB8E4, 0xD226, 0xB8E2, 0xBD26, 0xFBF1, 0xE2E6, 0xCD83,
  0xBD02, 0xE74D, 0xC9C7, 0xB061, 0xCDC3, 0xD1E3, 0xC122, 0xDA24, 0xDE86, 0xDAEA, 0xEFCC, 0xEB26, 0xDE44, 0xC122, 0xD1E3, 0xCDC4,
  0xB081, 0xC586, 0xE74D, 0xC103, 0xCD83, 0xDEC6, 0xFBF1, 0xC567, 0xB8C2, 0xD646, 0xB904, 0xC144, 0xC585, 0xE644, 0xEAE6, 0xC585,
  0xBD44, 0xE684, 0xC102, 0xBD45, 0xB4C2, 0xA821, 0xA821, 0xAC21, 0xB062, 0xEBD1, 0xF3EB, 0xD604, 0xD1A3, 0xE74B, 0xD669, 0xA821,
  0xC983, 0xD604, 0xD1E2, 0xB4A2, 0xD268, 0xEBCC, 0xEF68, 0xD1C3, 0xB081, 0xD1E2, 0xD604, 0xC9A3, 0xAC21, 0xCE28, 0xEB6B, 0xD1C3,
  0xD204, 0xEFEA, 0xEFF1, 0xB082, 0xA821, 0xA821, 0xA821, 0xB4A2, 0xBD65, 0xC0E2, 0xE685, 0xC164, 0xB0C3, 0xE328, 0xC963, 0xA821,
  0xB8E4, 0xDAAE, 0xEFD3, 0xE32F, 0xB4A3, 0xB0A4, 0xEB90, 0xF7EF, 0xF3ED, 0xE34D, 0xB4C3, 0xB061, 0xCDA3, 0xD1E3, 0xC563, 0xDAA9,
  0xEBAB, 0xE728, 0xCDA2, 0xBD02, 0xD227, 0xC984, 0xD1C2, 0xCDC3, 0xB061, 0xB4A3, 0xE32C, 0xF3EE, 0xF7EE, 0xEBB0, 0xB4C4, 0xB082,
  0xE30F, 0xEFD3, 0xDECE, 0xBD05, 0xA821, 0xC143, 0xE728, 0xB4E3, 0xC9E6, 0xCA27, 0xBD65, 0xC9A9, 0xFFF6, 0xFBF1, 0xF3ED, 0xF7F0,
  0xF3F3, 0xB8C4, 0xB062, 0xBD45, 0xC165, 0xAC21, 0xAC21, 0xB0A1, 0xC981, 0xCDC6, 0xE74D, 0xE78A, 0xE748, 0xC983, 0xB4C2, 0xDA86,
  0xEBAB, 0xE76D, 0xC9C7, 0xC981, 0xB4A2, 0xB021, 0xAC21, 0xBD45, 0xC145, 0xB062, 0xB4A3, 0xEFF2, 0xF7F0, 0xF3ED, 0xFBF0, 0xFFF6,
  0xC9CA, 0xBD45, 0xCA27, 0xCE06, 0xB8E3, 0xB061, 0xB082, 0xFBF5, 0xEFCB, 0xCDC2, 0xCDA2, 0xD603, 0xEBAC, 0xDECC, 0xAC21, 0xAC61,
  0xAC21, 0xBDEF, 0xBA54, 0xB904, 0xD249, 0xF3F1, 0xEB6A, 0xDEE7, 0xC982, 0xB8C1, 0xB8A1, 0xC982, 0xDEE7, 0xE76A, 0xF3F1, 0xD66A,
  0xB904, 0xB633, 0xBE10, 0xB021, 0xAC61, 0xAC21, 0xDAAB, 0xEFCC, 0xD603, 0xCDA2, 0xCDA2, 0xEFAA, 0xFFF6, 0xB0A3, 0xB041, 0xB8C3,
  0xB081, 0xAC41, 0xCE0A, 0xF7EF, 0xDA43, 0xD5E4, 0xC5C7, 0xC543, 0xE2A7, 0xDACB, 0xAC41, 0xB061, 0xC2D9, 0xBBDF, 0xB5CF, 0xDAAA,
  0xFBEF, 0xE307, 0xDEC6, 0xD1C2, 0xC563, 0xB927, 0xB506, 0xC564, 0xCDA2, 0xDEC7, 0xE307, 0xFBEF, 0xDACA, 0xB5CE, 0xBBBF, 0xC31B,
  0xB482, 0xAC41, 0xD6AB, 0xE6C8, 0xC542, 0xC5C8, 0xD5E4, 0xDA23, 0xF7EE, 0xD24B, 0xAC41, 0xB081, 0xB0A2, 0xAC21, 0xD6AD, 0xF7EE,
  0xDA24, 0xCDC4, 0xD28B, 0xE729, 0xEF8D, 0xC187, 0xAC41, 0xB5AE, 0xB77F, 0xB4C2, 0xDEA5, 0xEF69, 0xDEA5, 0xE2C7, 0xD623, 0xC983,
  0xC122, 0xBAFB, 0xBF3D, 0xC145, 0xC982, 0xD603, 0xE2E7, 0xDEA6, 0xEF68, 0xE2A5, 0xB4E2, 0xB75F, 0xB9CF, 0xAC41, 0xC166, 0xEF8D,
  0xEB28, 0xD68C, 0xCDE5, 0xDA24, 0xF7ED, 0xDACE, 0xAC21, 0xB4A2, 0xB0A2, 0xAC21, 0xC9C8, 0xF7EE, 0xD1E3, 0xDA66, 0xC5A5, 0xC9E7,
  0xBD44, 0xAC21, 0xB041, 0xB149, 0xD289, 0xE6E6, 0xD666, 0xDA24, 0xDA86, 0xDEA6, 0xCDC2, 0xC541, 0xB041, 0xB9AD, 0xB9AE, 0xB061,
  0xC521, 0xCDA2, 0xDEA6, 0xDEA6, 0xDA24, 0xD646, 0xE6E6, 0xD2A9, 0xB549, 0xAC41, 0xAC21, 0xBD24, 0xC9E7, 0xC185, 0xDA86, 0xD5E2,
  0xF7ED, 0xCE0A, 0xAC21, 0xB0A2, 0xB061, 0xB0E6, 0xB0C4, 0xEBCD, 0xE2C6, 0xDA04, 0xE727, 0xC9A4, 0xB903, 0xBD24, 0xCE06, 0xE767,
  0xE6E5, 0xCDE5, 0xDE66, 0xDA45, 0xD226, 0xE6A3, 0xC101, 0xBA11, 0xBEFB, 0xCAF9, 0xC2D9, 0xBEDA, 0xBE12, 0xBCE1, 0xE6A4, 0xD247,
  0xDA46, 0xDE65, 0xC9E5, 0xE6C6, 0xEB68, 0xCE26, 0xBD24, 0xB903, 0xC5A4, 0xE727, 0xDA04, 0xDEA5, 0xEFEE, 0xB4C4, 0xB0E7, 0xB061,
  0xB12A, 0xBB7F, 0xB2BA, 0xB905, 0xE78B, 0xDA24, 0xD1E4, 0xE707, 0xEB89, 0xEB69, 0xE707, 0xDA65, 0xD605, 0xD246, 0xDE44, 0xD626,
  0xBDAA, 0xC5C9, 0xC73E, 0xC79D, 0xD2EE, 0xD715, 0xCAD4, 0xD2EE, 0xCB9D, 0xC75F, 0xC5EA, 0xB9AA, 0xD626, 0xDE44, 0xD246, 0xD5E4,
  0xDE65, 0xE707, 0xEB68, 0xEB89, 0xE727, 0xD604, 0xD604, 0xE78B, 0xBD25, 0xB299, 0xBB9F, 0xB14B, 0xBF9F, 0xBAB8, 0xB612, 0xB8E4,
  0xB968, 0xD2AA, 0xCDC3, 0xD5E5, 0xDA25, 0xD605, 0xD1E4, 0xD604, 0xC962, 0xD205, 0xDE24, 0xDA84, 0xCA2A, 0xBB1F, 0xCAB0, 0xDEA7,
  0xD667, 0xE779, 0xCEF4, 0xD687, 0xDEA7, 0xCEAE, 0xBF3F, 0xC62B, 0xDA84, 0xDE24, 0xD225, 0xC562, 0xD5E4, 0xD1E4, 0xD604, 0xDA25,
  0xD5E4, 0xCDC3, 0xD2AA, 0xB989, 0xB8E4, 0xB633, 0xB696, 0xBFDF, 0xB16C, 0xC3FF, 0xB5CF, 0xC562, 0xC9C6, 0xB1F1, 0xCECE, 0xD182,
  0xCDA4, 0xD5E4, 0xD5E4, 0xC941, 0xB968, 0xD268, 0xE244, 0xCDA3, 0xC35F, 0xCED1, 0xCDEC, 0xD68C, 0xCEF0, 0xF3FF, 0xD314, 0xCEF2,
  0xD68B, 0xCE0C, 0xCAAF, 0xC35F, 0xCDC4, 0xDE24, 0xD688, 0xB988, 0xC521, 0xD5E4, 0xD604, 0xD1C4, 0xD181, 0xCEAD, 0xB212, 0xC5C6,
  0xC583, 0xB58D, 0xC3FF, 0xB18D, 0xB041, 0xB14B, 0xBFFF, 0xB5EF, 0xD622, 0xB0E6, 0xB6B9, 0xBAFA, 0xC963, 0xCDC5, 0xC102, 0xBAB8,
  0xB236, 0xCE26, 0xDA02, 0xCA51, 0xC77C, 0xDEC8, 0xDA88, 0xEBFA, 0xD759, 0xFBFF, 0xDF0E, 0xCEF6, 0xEBFB, 0xD268, 0xDEA8, 0xCB7B,
  0xC673, 0xD9E2, 0xD225, 0xB214, 0xBAD9, 0xC102, 0xC9A5, 0xC962, 0xBAD8, 0xB6FB, 0xB0E6, 0xD623, 0xB5CE, 0xBBFF, 0xB16C, 0xB021,
  0xAC62, 0xB4A1, 0xB9ED, 0xC3FF, 0xB18D, 0xB656, 0xB18D, 0xAEBC, 0xBF5E, 0xC9A2, 0xBB5F, 0xBB3F, 0xAC41, 0xB4A1, 0xBCE1, 0xC31C,
  0xD6EE, 0xD667, 0xD313, 0xD6CD, 0xE3DE, 0xEBFF, 0xD6AC, 0xD77C, 0xD6CE, 0xD712, 0xDA88, 0xD6CC, 0xC33E, 0xBCE1, 0xB8C3, 0xAC42,
  0xBB1D, 0xBF7F, 0xC9A3, 0xBF3C, 0xAEDE, 0xB16C, 0xB677, 0xB16C, 0xC3FF, 0xBA0E, 0xB8A2, 0xAC42, 0xC5E7, 0xE7AC, 0xDA43, 0xB58B,
  0xB7FF, 0xB2DC, 0xC586, 0xC961, 0xB6DB, 0xBBFF, 0xBADA, 0xB021, 0xB9CF, 0xB9F1, 0xBDCF, 0xC6F9, 0xD6F5, 0xE779, 0xF3FF, 0xFFFF,
  0xEFFF, 0xEBD9, 0xE792, 0xC37D, 0xCBFF, 0xCBDF, 0xCF38, 0xCED4, 0xC71A, 0xB529, 0xC2FA, 0xB529, 0xAC21, 0xBAB9, 0xBFFF, 0xB2DC,
  0xC961, 0xC585, 0xB2BB, 0xB7FF, 0xB58C, 0xDA22, 0xE7AC, 0xCA27, 0xCA07, 0xEBCD, 0xDA44, 0xB549, 0xB7FF, 0xB2DC, 0xC985, 0xCD61,
  0xB699, 0xBBFF, 0xBAB9, 0xB021, 0xB58C, 0xBA97, 0xB129, 0xC6FA, 0xCAD4, 0xCED3, 0xD734, 0xDF30, 0xD68B, 0xDF4F, 0xE34F, 0xD269,
  0xD2EF, 0xCAF3, 0xC6B3, 0xC6B4, 0xC2FA, 0xB54A, 0xBEB8, 0xB129, 0xAC21, 0xB676, 0xBFFF, 0xB6DB, 0xCD61, 0xC9A4, 0xB2BA, 0xB7FF,
  0xB56A, 0xDA42, 0xEBEC, 0xCE48, 0xAC42, 0xB8C2, 0xB9EB, 0xC3FF, 0xB1CF, 0xB677, 0xB18D, 0xAE9A, 0xBB7F, 0xC9C4, 0xBB7F, 0xBB1D,
  0xB021, 0xB481, 0xBCC1, 0xC33D, 0xD2CD, 0xD667, 0xCAF3, 0xD316, 0xCF37, 0xE7FF, 0xD689, 0xCAD3, 0xD736, 0xCF13, 0xDA88, 0xD6CC,
  0xBF1C, 0xB8C1, 0xB4E4, 0xB041, 0xBADA, 0xBF9F, 0xC9A4, 0xBF7E, 0xAEBC, 0xB16C, 0xB698, 0xB18D, 0xC3FF, 0xBE0D, 0xB8E2, 0xAC42,
  0xAC41, 0xB109, 0xBFFF, 0xB611, 0xD202, 0xB0E6, 0xB6B9, 0xBB1C, 0xC563, 0xCDC5, 0xC102, 0xBADA, 0xB215, 0xCE06, 0xD602, 0xC252,
  0xCB9B, 0xDAA7, 0xDACD, 0xE7B6, 0xD2CD, 0xFBFF, 0xE330, 0xCEAC, 0xE394, 0xD6AD, 0xDEA7, 0xCB7A, 0xC674, 0xD5E1, 0xD205, 0xB1F4,
  0xBAFB, 0xC102, 0xCDA4, 0xC963, 0xBAFA, 0xB6DA, 0xB0E7, 0xD223, 0xB5EF, 0xBBFF, 0xB12A, 0xB041, 0xB14A, 0xC7FF, 0xB5F1, 0xC142,
  0xC9E5, 0xB1D0, 0xCAF1, 0xD181, 0xCDA4, 0xD5E4, 0xD5E4, 0xC521, 0xBD89, 0xD288, 0xDA24, 0xCDC3, 0xC35F, 0xCEAF, 0xCA0C, 0xD247,
  0xCF14, 0xE7FF, 0xDB33, 0xCAF4, 0xD247, 0xCA0B, 0xCE8E, 0xBF7F, 0xCDA4, 0xDE23, 0xD268, 0xB98A, 0xC121, 0xD5E4, 0xD5E4, 0xCDC4,
  0xD181, 0xCEF0, 0xB1F2, 0xC9E6, 0xC562, 0xB5AF, 0xC3FF, 0xB16C, 0xBF9F, 0xBAD8, 0xB611, 0xB904, 0xB548, 0xCE8B, 0xCDC3, 0xD1E4,
  0xD604, 0xD604, 0xD1E4, 0xD5E4, 0xC962, 0xD205, 0xDE24, 0xDA64, 0xCA2B, 0xBB1F, 0xCA8E, 0xDEA7, 0xD267, 0xE799, 0xCEF4, 0xD267,
  0xDEC7, 0xCA8D, 0xBB3F, 0xCA4C, 0xDA64, 0xDE24, 0xD625, 0xC542, 0xD1E4, 0xD1C4, 0xD604, 0xD604, 0xD5E4, 0xCDC3, 0xCEAB, 0xB989,
  0xB8E4, 0xB611, 0xBA97, 0xBFDF, 0xB14B, 0xBB9F, 0xB2FC, 0xB4E4, 0xE76B, 0xDA44, 0xD5E4, 0xE2E7, 0xEB68, 0xEB68, 0xE6E7, 0xDA44,
  0xD5E4, 0xD246, 0xDE44, 0xD646, 0xBDAA, 0xBDCB, 0xC35F, 0xCB9C, 0xD6CD, 0xD6F4, 0xCAB3, 0xD6CC, 0xC77B, 0xC37F, 0xC20C, 0xBDAA,
  0xD646, 0xDE44, 0xD646, 0xD5E4, 0xDA44, 0xE2E7, 0xEB68, 0xEB68, 0xE307, 0xD5E4, 0xD604, 0xE76B, 0xB904, 0xB2DA, 0xBBBF, 0xB16C,
  0xB041, 0xB108, 0xB0C5, 0xE7AD, 0xE307, 0xD5E3, 0xE727, 0xC9E5, 0xBD43, 0xBD64, 0xCE26, 0xEB68, 0xE2A4, 0xCDE5, 0xDA45, 0xD626,
  0xD267, 0xE284, 0xBD02, 0xBA33, 0xBF1C, 0xCB1A, 0xC2D9, 0xBF1C, 0xBE54, 0xBD02, 0xDE83, 0xD687, 0xD646, 0xDA45, 0xCDE5, 0xE284,
  0xEB68, 0xD246, 0xC164, 0xBD44, 0xC9C5, 0xE707, 0xD5E4, 0xE2C6, 0xEBCE, 0xB0C5, 0xB129, 0xB041, 0xB0A2, 0xA821, 0xC9E8, 0xF7EE,
  0xD5E3, 0xDA45, 0xC5A5, 0xC5A7, 0xB4C3, 0xA821, 0xAC41, 0xB4E3, 0xD30E, 0xE2C4, 0xD204, 0xD205, 0xE307, 0xDEC6, 0xD1E3, 0xC101,
  0xA821, 0xB96B, 0xB56B, 0xA821, 0xBCE1, 0xD1C3, 0xDEA6, 0xE307, 0xD626, 0xCE05, 0xE2A4, 0xD72E, 0xB4E4, 0xAC41, 0xA821, 0xB0C3,
  0xC5A7, 0xC1A5, 0xDA65, 0xD1E3, 0xF7EE, 0xCE09, 0xA821, 0xB0A2, 0xB0A2, 0xA822, 0xD6AD, 0xF7EE, 0xDA03, 0xD225, 0xCE2A, 0xEB4A,
  0xE30C, 0xB905, 0xAC82, 0xAC41, 0xB257, 0xC37C, 0xDA85, 0xDEA4, 0xDEC9, 0xE706, 0xD1E4, 0xC983, 0xB081, 0xB5F1, 0xB655, 0xB061,
  0xC983, 0xD1E4, 0xE705, 0xDEC9, 0xDEA5, 0xDE84, 0xC339, 0xB679, 0xAC42, 0xB081, 0xB4E4, 0xDEEC, 0xEB4A, 0xCE4A, 0xD226, 0xDA04,
  0xF7ED, 0xDACE, 0xA822, 0xB0A2, 0xAC81, 0xA841, 0xCE4B, 0xF7EF, 0xD603, 0xDA45, 0xC9E7, 0xC982, 0xE2A7, 0xCA09, 0xA841, 0xB0A2,
  0xB0A3, 0xBA99, 0xB73E, 0xCEAD, 0xE728, 0xE748, 0xDA85, 0xD1C4, 0xC542, 0xB56C, 0xB58D, 0xC142, 0xD1C3, 0xDA85, 0xE728, 0xE728,
  0xCECC, 0xBB1C, 0xB6B9, 0xB0A4, 0xB082, 0xA841, 0xC5E9, 0xE2C8, 0xC982, 0xC5C6, 0xDE66, 0xD5E3, 0xF7EE, 0xD68C, 0xA821, 0xB081,
  0xB924, 0xB082, 0xB082, 0xF7F2, 0xEFEA, 0xCDE3, 0xD5E3, 0xDA23, 0xEBAD, 0xC5C9, 0xAC41, 0xAC61, 0xA821, 0xA821, 0xB0E6, 0xB109,
  0xC5A4, 0xEFAC, 0xEFA9, 0xD244, 0xD1E3, 0xBD02, 0xC101, 0xD1C3, 0xD224, 0xEF89, 0xEFAC, 0xC9A3, 0xAD09, 0xB107, 0xA821, 0xA821,
  0xAC61, 0xAC41, 0xC5A8, 0xEBAE, 0xDA23, 0xD603, 0xD1C3, 0xEFEA, 0xF7F2, 0xB0C3, 0xB061, 0xBD24, 0xC9E6, 0xCA07, 0xB925, 0xC5A7,
  0xF3F2, 0xF7EF, 0xEFCB, 0xF7F0, 0xE770, 0xAC62, 0xAC41, 0xC187, 0xD26A, 0xCE4A, 0xAC61, 0xA821, 0xB8E2, 0xC9A4, 0xE76D, 0xEFAA,
  0xD665, 0xC563, 0xCDA3, 0xD224, 0xEB6A, 0xE76D, 0xC9C4, 0xB8E2, 0xAC41, 0xAC41, 0xCE2A, 0xD28A, 0xC5A7, 0xAC61, 0xAC62, 0xE350,
  0xF7F1, 0xEFAB, 0xF7EF, 0xF7F2, 0xC5A8, 0xB504, 0xC607, 0xCA06, 0xC144, 0xE34A, 0xC1A6, 0xA821, 0xB0A3, 0xCE4A, 0xD6AC, 0xC9E9,
  0xB082, 0xAC41, 0xD26B, 0xF7EE, 0xE728, 0xE78B, 0xDB0D, 0xAC62, 0xBD22, 0xD1E3, 0xC9A3, 0xE34D, 0xD647, 0xC962, 0xCE04, 0xEFAB,
  0xE74E, 0xC9A3, 0xD1E3, 0xC142, 0xAC42, 0xDACC, 0xE78B, 0xE727, 0xF7EE, 0xD28B, 0xAC41, 0xB081, 0xC5C8, 0xD6AD, 0xCE4A, 0xB4C3,
  0xA821, 0xC186, 0xE36A, 0xC164, 0xB8E2, 0xEA84, 0xC585, 0xB945, 0xBD44, 0xA821, 0xA821, 0xAC41, 0xAC61, 0xB8E4, 0xF3EF, 0xDA84,
  0xC563, 0xC982, 0xE74C, 0xB4E4, 0xBD21, 0xD1E4, 0xDA22, 0xC122, 0xC9A3, 0xDEC6, 0xEFAA, 0xD66A, 0xC142, 0xD622, 0xCDC4, 0xC542,
  0xB4C4, 0xE74C, 0xC982, 0xC564, 0xD644, 0xF7EF, 0xB925, 0xAC61, 0xAC41, 0xA821, 0xA421, 0xB923, 0xBD65, 0xC165, 0xEA84, 0xBD02,
  0xBD64, 0xF2E4, 0xE265, 0xDAC8, 0xD687, 0xAC82, 0xDAC8, 0xDAC8, 0xAC41, 0xB925, 0xF3EC, 0xD603, 0xCE05, 0xC165, 0xD6AB, 0xB0A3,
  0xC9C3, 0xD203, 0xC9A3, 0xC9A4, 0xDEA5, 0xEFAB, 0xDEEA, 0xD223, 0xC9C4, 0xC9A3, 0xD603, 0xD1E4, 0xB0A2, 0xD28C, 0xC586, 0xCE05,
  0xD604, 0xEFEC, 0xBD66, 0xAC41, 0xD6C8, 0xDAE8, 0xB082, 0xD246, 0xDAC8, 0xDA45, 0xF6E4, 0xC585, 0xAC61, 0xCE06, 0xF346, 0xEAC5,
  0xCA07, 0xC9E6, 0xEFCB, 0xDEC8, 0xAC61, 0xB904, 0xF3ED, 0xD644, 0xCDA3, 0xD205, 0xBD23, 0xC162, 0xD1E3, 0xC9A3, 0xC5A3, 0xE2C4,
  0xF3EF, 0xB926, 0xB8E3, 0xEFEF, 0xE2C4, 0xC9C4, 0xC9A3, 0xD1E3, 0xC563, 0xBD03, 0xD1E5, 0xD1C3, 0xD624, 0xF3ED, 0xB925, 0xAC41,
  0xDAA7, 0xEFEB, 0xCA06, 0xCA07, 0xEAA5, 0xF746, 0xD226, 0xAC61, 0xAC61, 0xB4E3, 0xBD44, 0xB8C2, 0xB4E3, 0xB924, 0xCE47, 0xB0A2,
  0xAC61, 0xAC41, 0xDF0C, 0xF3EA, 0xD1E3, 0xCDA3, 0xD624, 0xD204, 0xCE05, 0xD244, 0xE747, 0xE729, 0xBE51, 0xB2FD, 0xB71D, 0xBE52,
  0xE709, 0xE747, 0xD244, 0xCDE5, 0xD205, 0xD625, 0xCDA3, 0xD1E3, 0xEFE9, 0xDF2D, 0xAC62, 0xAC61, 0xB082, 0xCE47, 0xBD44, 0xB4E3,
  0xBCE2, 0xBD44, 0xB903, 0xB061, 0xAC61, 0xB4E3, 0xC9A5, 0xD226, 0xC584, 0xB903, 0xC5C5, 0xDAC7, 0xC185, 0xAC41, 0xB4C4, 0xE78E,
  0xEFC9, 0xE306, 0xDF07, 0xE327, 0xE747, 0xEF89, 0xE2C9, 0xBA54, 0xB256, 0xBBDF, 0xBBDF, 0xB255, 0xB655, 0xDEC9, 0xEF89, 0xE747,
  0xE327, 0xE307, 0xE306, 0xEFC9, 0xE7AE, 0xB4E4, 0xAC41, 0xC185, 0xDAC7, 0xC9E6, 0xB504, 0xC584, 0xD226, 0xC9A5, 0xB903, 0xB061,
  0xAC41, 0xC9C5, 0xEB48, 0xEFC9, 0xCDE4, 0xB8C2, 0xEAC5, 0xD667, 0xBD45, 0xB061, 0xAC61, 0xB083, 0xC9C7, 0xE32A, 0xE76A, 0xE74A,
  0xDECA, 0xC9C8, 0xB062, 0xAC83, 0xBFFF, 0xB6B9, 0xB6B8, 0xBFFF, 0xACA4, 0xAC42, 0xC9A8, 0xDEA9, 0xE74A, 0xEB4A, 0xE72B, 0xC9E8,
  0xB0A3, 0xAC61, 0xB061, 0xBD45, 0xD267, 0xEEE6, 0xBCE2, 0xC9A4, 0xEFC9, 0xEF68, 0xCDE5, 0xAC61, 0xA841, 0xCE26, 0xEFEA, 0xE727,
  0xCDC4, 0xB924, 0xEF27, 0xE6A6, 0xC185, 0xBD65, 0xBD45, 0xAC41, 0xAC41, 0xAC62, 0xB4E4, 0xB4E4, 0xB925, 0xD6C8, 0xC142, 0xB698,
  0xBAB8, 0xB298, 0xB6FB, 0xB655, 0xB6B9, 0xBD02, 0xD6C9, 0xBD45, 0xB4C4, 0xB4E4, 0xAC82, 0xAC41, 0xAC41, 0xBD44, 0xBD85, 0xC165,
  0xE6A6, 0xF347, 0xBD64, 0xC9A4, 0xEB07, 0xEBEA, 0xD266, 0xAC41, 0xAC61, 0xC163, 0xCDE5, 0xD247, 0xBD23, 0xB4E3, 0xD247, 0xEAC5,
  0xEA83, 0xE769, 0xCA07, 0xB082, 0xB082, 0xAC61, 0xB903, 0xD268, 0xE7AB, 0xEBA9, 0xC122, 0xB18E, 0xBB1C, 0xBB5F, 0xBB3E, 0xBF3C,
  0xB1AF, 0xBD02, 0xEBA9, 0xEBCA, 0xD688, 0xBD23, 0xAC61, 0xB082, 0xB082, 0xC5E6, 0xE76A, 0xEA84, 0xEEC4, 0xD246, 0xB4E3, 0xB903,
  0xD227, 0xCE05, 0xC163, 0xBCE6, 0xB081, 0xB061, 0xAC41, 0xAC41, 0xAC61, 0xAC61, 0xA841, 0xB944, 0xBD23, 0xBD03, 0xCA06, 0xB924,
  0xAC61, 0xB081, 0xB4A2, 0xB0A2, 0xBD23, 0xB903, 0xAC61, 0xB021, 0xB6B8, 0xB5F1, 0xB5CF, 0xB6DA, 0xAC21, 0xAC61, 0xBCE2, 0xC123,
  0xB4A1, 0xB0A2, 0xB081, 0xB061, 0xB903, 0xCA06, 0xBD23, 0xBD02, 0xBD64, 0xAC41, 0xB061, 0xAC61, 0xAC41, 0xA841, 0xB8E5, 0xE250,
};
#define assets_retro_W 44
#define assets_retro_H 44

static const unsigned short assets_icon_r1[256] = {
  0xF7FF, 0xF7FF, 0xF7FF, 0xFFFF, 0xF7FF, 0xE7FF, 0xCF3B, 0xCEF9, 0xCAD9, 0xDFDF, 0xF3FF, 0xFFFF, 0xF7FF, 0xF7FF, 0xF7FF, 0xF7FF,
  0xF7FF, 0xF7FF, 0xFBFF, 0xDBBF, 0xB636, 0xA152, 0x9D30, 0x9D30, 0xA171, 0x9D30, 0xA9B3, 0xCB1B, 0xEFFF, 0xFBFF, 0xF7FF, 0xF7FF,
  0xF7FF, 0xFBFF, 0xCAFB, 0x9D73, 0xA593, 0xCAFC, 0xE7FF, 0xEFFF, 0xD75E, 0xCF1C, 0xB636, 0x9D52, 0xB215, 0xEFFF, 0xF7FF, 0xF7FF,
  0xFFFF, 0xDB9F, 0x9952, 0xB615, 0xE3FF, 0xEBFF, 0xFFFF, 0xCF7C, 0x9D69, 0xCF9D, 0xF3FF, 0xCED9, 0x9D52, 0xB636, 0xFBFF, 0xFBFF,
  0xEFFF, 0xA9B2, 0xA551, 0xAE2C, 0xAA8E, 0x9D6A, 0xD298, 0xC10E, 0x9D4B, 0xA94D, 0xAA2F, 0xB2F2, 0xA18B, 0xA132, 0xB251, 0xEBFF,
  0xD75D, 0x9D52, 0xAD8E, 0xA169, 0xA4F9, 0xA59F, 0xB519, 0xD572, 0xADCD, 0xD131, 0xA750, 0xAFF2, 0xA76F, 0xA593, 0x9DEC, 0xBED3,
  0xC6DA, 0x9D10, 0xA1E8, 0x9DE7, 0x9854, 0xA51F, 0x9D1F, 0x9C97, 0xA9DC, 0xA532, 0xAA4B, 0xAA30, 0xA6AA, 0xA5CE, 0xA593, 0xE3FF,
  0xB1D3, 0x9D0C, 0xA1CB, 0xA1DF, 0xADBF, 0x9C78, 0xC50E, 0xC92D, 0xA87F, 0xA87F, 0xA0F0, 0xAE5F, 0xA9FE, 0x9D0E, 0xA9B4, 0xEBFF,
  0xA96F, 0x9CED, 0x9C7A, 0x9D1F, 0xB21F, 0x9076, 0xDD64, 0xF5C7, 0xA88F, 0xA8BD, 0xB0DA, 0xA8B8, 0xB27F, 0xA95E, 0x98C9, 0xDB9F,
  0xB1B0, 0xA1B7, 0xA118, 0x9C9D, 0x907F, 0xD52A, 0xF5C8, 0xE147, 0xF9C5, 0xAC72, 0xB8DF, 0xAC7B, 0xA06F, 0xA9B9, 0xA593, 0xDFBF,
  0xDB7E, 0x9CED, 0xAE5D, 0xA9F9, 0xA175, 0xC58D, 0xD18B, 0xB92A, 0xD5AB, 0xA4CF, 0xA51A, 0xA997, 0xAA19, 0xA5B8, 0xA12D, 0xF3FF,
  0xEFFF, 0xA0CA, 0x9CCE, 0xA595, 0xAA1A, 0xA63B, 0xA1D9, 0xAA9F, 0xAA5E, 0xAA3B, 0xA5D6, 0xA5D7, 0xA553, 0x9CAC, 0xAD8E, 0xF7FF,
  0xFBFF, 0xB5F1, 0x9D12, 0xA575, 0xA174, 0xA131, 0xA573, 0xA110, 0xA130, 0xA553, 0xA153, 0xA595, 0xA596, 0x98EF, 0xCEF9, 0xFFFF,
  0xFBFF, 0xE3FF, 0x98AA, 0xA155, 0xAE3D, 0xAE3C, 0xAA1B, 0xAE7F, 0xAE5E, 0xA9FB, 0xAE7F, 0xA9D9, 0xA598, 0x9CAA, 0xE7FF, 0xFBFF,
  0xF7FF, 0xFBFF, 0xD77E, 0xA0EC, 0x9D10, 0xA596, 0xA9FA, 0xA9FA, 0xA9FA, 0xA9FB, 0xA9B9, 0x9CEF, 0x9CCA, 0xD75D, 0xFBFF, 0xF7FF,
  0xF7FF, 0xF7FF, 0xFBFF, 0xEBFF, 0xC275, 0xA54E, 0xA12D, 0xA0C9, 0xA0EA, 0xA12D, 0xA50C, 0xBE55, 0xE7FF, 0xFBFF, 0xF7FF, 0xF7FF,
};
#define assets_icon_r1_W 16
#define assets_icon_r1_H 16

static const unsigned short assets_icon_r2[256] = {
  0xF7FF, 0xF7FF, 0xF7FF, 0xF7FF, 0xF7FF, 0xF7FF, 0xF7FF, 0xFBFF, 0xFBFF, 0xF7FF, 0xF7FF, 0xF7FF, 0xF7FF, 0xF7FF, 0xF7FF, 0xF7FF,
  0xF7FF, 0xF7FF, 0xF7FF, 0xF7FF, 0xF7FF, 0xF7FF, 0xFBFF, 0xDFDF, 0xDFDF, 0xFBFF, 0xF7FF, 0xF7FF, 0xF7FF, 0xF7FF, 0xF7FF, 0xF7FF,
  0xF7FF, 0xF7FF, 0xF7FF, 0xF7FF, 0xF7FF, 0xF7FF, 0xF3FF, 0xC188, 0xC168, 0xF7FF, 0xF7FF, 0xF7FF, 0xF7FF, 0xF7FF, 0xF7FF, 0xF7FF,
  0xF7FF, 0xF7FF, 0xF7FF, 0xF7FF, 0xF7FF, 0xFFFF, 0xDBDF, 0xFA02, 0xFA02, 0xD7DF, 0xFFFF, 0xF7FF, 0xF7FF, 0xF7FF, 0xF7FF, 0xF7FF,
  0xF7FF, 0xF7FF, 0xF7FF, 0xF7FF, 0xF7FF, 0xFBFF, 0xC211, 0xFEC2, 0xFF21, 0xC210, 0xFBFF, 0xF7FF, 0xF7FF, 0xF7FF, 0xF7FF, 0xF7FF,
  0xF7FF, 0xF7FF, 0xF7FF, 0xF7FF, 0xFFFF, 0xD7DF, 0xDDC1, 0xFF82, 0xFFE3, 0xE1E2, 0xD7BF, 0xFFFF, 0xF7FF, 0xF7FF, 0xF7FF, 0xF7FF,
  0xF7FF, 0xF7FF, 0xF7FF, 0xFBFF, 0xE7FF, 0xD5E9, 0xFFF4, 0xFFE5, 0xFFE4, 0xFFE9, 0xD5C7, 0xE7FF, 0xFBFF, 0xF7FF, 0xF7FF, 0xF7FF,
  0xF7FF, 0xF7FF, 0xF7FF, 0xFBFF, 0xC630, 0xFFA4, 0xFFF5, 0xFFE5, 0xFFE1, 0xFFF5, 0xFF84, 0xC20F, 0xFBFF, 0xF7FF, 0xF7FF, 0xF7FF,
  0xF7FF, 0xF7FF, 0xFFFF, 0xDBDF, 0xEE44, 0xFFF0, 0xFFE1, 0xFFE1, 0xFFE1, 0xFFED, 0xFFF8, 0xF221, 0xDBFF, 0xFFFF, 0xF7FF, 0xF7FF,
  0xF7FF, 0xF7FF, 0xFBFF, 0xC630, 0xFF89, 0xFFF9, 0xFFE1, 0xFFE2, 0xFFE1, 0xFFEB, 0xFFFF, 0xFF81, 0xC652, 0xFBFF, 0xF7FF, 0xF7FF,
  0xF7FF, 0xF7FF, 0xF7FF, 0xCA2C, 0xFFE7, 0xFFF3, 0xFFE1, 0xFFE1, 0xFFE4, 0xFFFF, 0xFFFF, 0xFFE1, 0xC64E, 0xF7FF, 0xF7FF, 0xF7FF,
  0xF7FF, 0xF7FF, 0xFBFF, 0xBE0E, 0xFF81, 0xFFED, 0xFFE4, 0xFFE1, 0xFFE7, 0xFFFF, 0xFFF7, 0xFF81, 0xBE0E, 0xFBFF, 0xF7FF, 0xF7FF,
  0xF7FF, 0xF7FF, 0xFFFF, 0xD35F, 0xF661, 0xFFF1, 0xFFF7, 0xFFE2, 0xFFE7, 0xFFE3, 0xFFE1, 0xF6A1, 0xD35F, 0xFFFF, 0xF7FF, 0xF7FF,
  0xF7FF, 0xF7FF, 0xF7FF, 0xFBFF, 0xCEB7, 0xFEE1, 0xFFE4, 0xFFE2, 0xFFE1, 0xFFE1, 0xFF21, 0xCAB6, 0xFBFF, 0xF7FF, 0xF7FF, 0xF7FF,
  0xF7FF, 0xF7FF, 0xF7FF, 0xF7FF, 0xFBFF, 0xCAB8, 0xD624, 0xFEE2, 0xFF02, 0xDA45, 0xCAB7, 0xFBFF, 0xF7FF, 0xF7FF, 0xF7FF, 0xF7FF,
  0xF7FF, 0xF7FF, 0xF7FF, 0xF7FF, 0xF7FF, 0xFBFF, 0xE3FF, 0xCF3E, 0xCF3E, 0xDFFF, 0xFBFF, 0xF7FF, 0xF7FF, 0xF7FF, 0xF7FF, 0xF7FF,
};
#define assets_icon_r2_W 16
#define assets_icon_r2_H 16

static const unsigned short assets_icon_r3[256] = {
  0xF7FF, 0xF7FF, 0xF7FF, 0xF7FF, 0xF7FF, 0xF7FF, 0xFFFF, 0xFBFF, 0xF7FF, 0xFBFF, 0xFFFF, 0xFFFF, 0xFBFF, 0xF7FF, 0xF7FF, 0xF7FF,
  0xF7FF, 0xF7FF, 0xF7FF, 0xF7FF, 0xF7FF, 0xF3FF, 0xCF1A, 0xEFFF, 0xFFFF, 0xE3FF, 0xC6B7, 0xCAB7, 0xE3DF, 0xF7FF, 0xF7FF, 0xF7FF,
  0xF7FF, 0xF7FF, 0xF7FF, 0xF7FF, 0xFFFF, 0xD31C, 0x94CC, 0xBA12, 0xDB7E, 0x9889, 0x9489, 0x98EF, 0x9489, 0xC255, 0xFBFF, 0xF7FF,
  0xF7FF, 0xF7FF, 0xF7FF, 0xF7FF, 0xFBFF, 0xBA13, 0x9D10, 0x9886, 0x9889, 0xA132, 0xA596, 0xA595, 0xA5D8, 0x94AB, 0xC6B7, 0xFBFF,
  0xF7FF, 0xF7FF, 0xF7FF, 0xFBFF, 0xF3FF, 0xA54E, 0x9D31, 0x9CEE, 0xA174, 0xA5B6, 0xA174, 0xA5D7, 0xA595, 0x9D0E, 0xA10B, 0xF3FF,
  0xF7FF, 0xF7FF, 0xFBFF, 0xF3FF, 0xAD8E, 0x9D10, 0xA152, 0xA174, 0xA5D7, 0xA596, 0xA5B7, 0xA153, 0xA151, 0xA152, 0x9888, 0xDFBF,
  0xF7FF, 0xFBFF, 0xE3FF, 0xA0E9, 0x98EE, 0xA173, 0xA195, 0xA5D8, 0xA5D8, 0xA174, 0xA175, 0xA174, 0x9D0F, 0x9D0E, 0x9888, 0xDB9F,
  0xFBFF, 0xE7FF, 0x9CC9, 0xA152, 0xA594, 0xA131, 0xA195, 0xA195, 0xA173, 0xA131, 0xA152, 0x9CED, 0x9CCB, 0x98CB, 0x9465, 0xE3FF,
  0xF7FF, 0xAD8E, 0xA5D9, 0xB6BF, 0xB27F, 0xAE7E, 0xA5B5, 0xA152, 0xA152, 0xA152, 0x9CCC, 0x9CAA, 0x98AB, 0x9445, 0xD33C, 0xFBFF,
  0xE3FF, 0x9D0E, 0xB27F, 0xB27F, 0xB27F, 0xB2BF, 0xB27E, 0xA130, 0x9D0E, 0x9CED, 0x9CEC, 0x9888, 0x9465, 0xD33C, 0xFFFF, 0xF7FF,
  0xDFBF, 0xA12F, 0xB29F, 0xAE5D, 0xAE3C, 0xAE3D, 0xB27F, 0xA152, 0x98AB, 0x9CEC, 0x9024, 0x9CC7, 0xE7FF, 0xFBFF, 0xF7FF, 0xF7FF,
  0xEBFF, 0xA52C, 0xAE3D, 0xAE5D, 0xAE5E, 0xAE5E, 0xB27F, 0xA5B6, 0x9888, 0x8C23, 0xB5D0, 0xEFFF, 0xFBFF, 0xF7FF, 0xF7FF, 0xF7FF,
  0xFFFF, 0xC275, 0x9D32, 0xB6BF, 0xB27F, 0xAE5D, 0xAE5D, 0xA151, 0x9424, 0xC276, 0xF7FF, 0xFBFF, 0xF7FF, 0xF7FF, 0xF7FF, 0xF7FF,
  0xF7FF, 0xF7FF, 0xBA13, 0x9930, 0xA9FA, 0xAA1B, 0xA5B7, 0x9024, 0xCAF9, 0xFFFF, 0xF7FF, 0xF7FF, 0xF7FF, 0xF7FF, 0xF7FF, 0xF7FF,
  0xF7FF, 0xF7FF, 0xF7FF, 0xCAD8, 0xA96E, 0xA54E, 0xA10B, 0xD33B, 0xFFFF, 0xF7FF, 0xF7FF, 0xF7FF, 0xF7FF, 0xF7FF, 0xF7FF, 0xF7FF,
  0xF7FF, 0xF7FF, 0xF7FF, 0xFFFF, 0xF3FF, 0xEFFF, 0xF3FF, 0xFBFF, 0xF7FF, 0xF7FF, 0xF7FF, 0xF7FF, 0xF7FF, 0xF7FF, 0xF7FF, 0xF7FF,
};
#define assets_icon_r3_W 16
#define assets_icon_r3_H 16

static const unsigned short assets_icon_r4[256] = {
  0xF7FF, 0xF7FF, 0xF7FF, 0xFBFF, 0xEBFF, 0xAA6E, 0xE7FF, 0xA351, 0xBB36, 0xFFFF, 0xF7FF, 0xE3DF, 0xD35D, 0xBAD5, 0xF7FF, 0xF7FF,
  0xF7FF, 0xF7FF, 0xF3FF, 0xF3FF, 0xCB7B, 0x8EE5, 0xA1CA, 0x8BEA, 0x9F6E, 0xCAD9, 0xB293, 0x96EE, 0x8F2B, 0x9B2F, 0xF3FF, 0xF7FF,
  0xF7FF, 0xFFFF, 0xD7BF, 0x9A06, 0xA22A, 0x9A86, 0x8EA8, 0x8FEC, 0x974A, 0x8F0C, 0x8B6B, 0x93EC, 0x8FED, 0xA22C, 0xFBFF, 0xF7FF,
  0xF7FF, 0xFBFF, 0xE7FF, 0x9689, 0x92A9, 0x9964, 0x93AC, 0x932A, 0x9229, 0x8FEF, 0x9729, 0x92A6, 0x974D, 0xCB7C, 0xEBFF, 0xEFFF,
  0xFBFF, 0xFBFF, 0xFBFF, 0xB356, 0x8BEE, 0x9A06, 0x9943, 0x8FF0, 0x8F8E, 0x96E7, 0x976B, 0x8F0D, 0xA5AB, 0xC2B5, 0xAE4E, 0xE3FF,
  0xEFFF, 0xA68F, 0x9B8D, 0x9A8A, 0x92E9, 0x934E, 0x92CC, 0x8F0B, 0x8FED, 0x9A87, 0x8FEE, 0x93AF, 0xA5EB, 0xAA6B, 0xB22F, 0xEFFF,
  0xF3FF, 0xC379, 0x9BAE, 0xA64C, 0x9D86, 0x936D, 0x8BF3, 0x9269, 0x976A, 0x93EE, 0x8ECA, 0xA587, 0xB2AE, 0xAE6D, 0xAE8D, 0xB230,
  0xFBFF, 0xF3FF, 0xB335, 0xA2CF, 0x9585, 0x9247, 0x8FEE, 0x92E9, 0x9646, 0x8FF0, 0x93EF, 0xA5EA, 0xA62A, 0xA609, 0xA1C9, 0xD75D,
  0xFBFF, 0xE7FF, 0x972E, 0x8BEC, 0x9265, 0x9A46, 0x9667, 0x9707, 0x8F6B, 0x9249, 0x9D87, 0xA229, 0xAA0B, 0xC2F5, 0xB6B0, 0xD7BF,
  0xF7FF, 0xFBFF, 0xF3FF, 0xE7FF, 0xC296, 0x91C6, 0x9646, 0x92C8, 0x8FF1, 0x932C, 0x96C7, 0x8FA8, 0xAACF, 0xF7FF, 0xF7FF, 0xF7FF,
  0xF7FF, 0xF7FF, 0xF7FF, 0xFBFF, 0xBA58, 0xB299, 0x9DAB, 0x94A3, 0x95C2, 0x9E03, 0x96C9, 0x938C, 0x92A9, 0xDBBF, 0xFBFF, 0xF7FF,
  0xF7FF, 0xF7FF, 0xFFFF, 0xCAF9, 0xA9F0, 0xBEFF, 0xA593, 0xD35D, 0xC2F6, 0x9684, 0xA22A, 0xEFFF, 0xEBFF, 0xF3FF, 0xF7FF, 0xF7FF,
  0xF7FF, 0xFBFF, 0xCFDD, 0x8E47, 0x9667, 0x9948, 0xADB2, 0xF7FF, 0xFFFF, 0xE3FF, 0xCB5A, 0xFBFF, 0xFBFF, 0xF7FF, 0xF7FF, 0xF7FF,
  0xF7FF, 0xF7FF, 0x9A6B, 0x8AE8, 0x8E87, 0xAE90, 0xBA36, 0xE7FF, 0xF7FF, 0xFBFF, 0xFBFF, 0xF7FF, 0xF7FF, 0xF7FF, 0xF7FF, 0xF7FF,
  0xF7FF, 0xFBFF, 0xDB9F, 0xA22C, 0x9E2A, 0xCF5D, 0xBE98, 0xF3FF, 0xF7FF, 0xF7FF, 0xF7FF, 0xF7FF, 0xF7FF, 0xF7FF, 0xF7FF, 0xF7FF,
  0xF7FF, 0xF7FF, 0xFBFF, 0xF7FF, 0xEBFF, 0xF3FF, 0xEFFF, 0xF7FF, 0xF7FF, 0xF7FF, 0xF7FF, 0xF7FF, 0xF7FF, 0xF7FF, 0xF7FF, 0xF7FF,
};
#define assets_icon_r4_W 16
#define assets_icon_r4_H 16

static const unsigned short assets_icon_e1[576] = {
  0xF3FF, 0xF3FF, 0xF3FF, 0xF3FF, 0xF3FF, 0xF3FF, 0xF3FF, 0xF3FF, 0xF3FF, 0xF3FF, 0xFBFF, 0xE7FF, 0xDFFF, 0xDFFF, 0xF3FF, 0xFBFF,
  0xF3FF, 0xF3FF, 0xF3FF, 0xF3FF, 0xF3FF, 0xF3FF, 0xF3FF, 0xF3FF, 0xF3FF, 0xF3FF, 0xF3FF, 0xF3FF, 0xF3FF, 0xF3FF, 0xF7FF, 0xFBFF,
  0xFBFF, 0xF3FF, 0xB612, 0x9CA5, 0xA8E6, 0xA0C6, 0xA92A, 0xDB9F, 0xFBFF, 0xF3FF, 0xF3FF, 0xF3FF, 0xF3FF, 0xF3FF, 0xF3FF, 0xF3FF,
  0xF3FF, 0xF3FF, 0xF3FF, 0xF3FF, 0xF3FF, 0xFBFF, 0xE3FF, 0xCF5D, 0xDBBF, 0xB18D, 0xA082, 0xD671, 0xE6F5, 0xE6F5, 0xC1AB, 0x9021,
  0xD35D, 0xFFFF, 0xFBFF, 0xF3FF, 0xF3FF, 0xF3FF, 0xF3FF, 0xF3FF, 0xF3FF, 0xF3FF, 0xF3FF, 0xF3FF, 0xF7FF, 0xC675, 0xA0C6, 0xA906,
  0x9C62, 0xA4A4, 0xE6F5, 0xEB15, 0xE2D4, 0xE6F4, 0xEB16, 0xC5ED, 0x9842, 0xCAD9, 0xD35D, 0xEFFF, 0xF7FF, 0xF3FF, 0xF3FF, 0xF3FF,
  0xF3FF, 0xF3FF, 0xF3FF, 0xFBFF, 0xCAFA, 0x9841, 0xDA71, 0xEF37, 0xDED3, 0xCA2F, 0xD671, 0xE2D3, 0xE6F5, 0xE6F4, 0xE6F5, 0xE2F4,
  0xB107, 0xA4A4, 0xA8C5, 0xA4E8, 0xDFFF, 0xF7FF, 0xF3FF, 0xF3FF, 0xF3FF, 0xF3FF, 0xFBFF, 0xEFFF, 0xA4E7, 0xCE2F, 0xEB36, 0xE2D4,
  0xDA92, 0xCE2F, 0xCE2F, 0xD24F, 0xE2D3, 0xE2D3, 0xDED3, 0xC5ED, 0xD250, 0xEB16, 0xEB36, 0xB127, 0xAD8D, 0xFFFF, 0xF7FF, 0xF3FF,
  0xF3FF, 0xF7FF, 0xCAD9, 0x9CC6, 0x9C63, 0xBDAB, 0xDEB3, 0xDAB2, 0xCE2F, 0xE6F4, 0xE6F5, 0xE2D4, 0xDEB2, 0xC60E, 0xD250, 0xD671,
  0xCE2F, 0xDAB2, 0xE715, 0xD671, 0x9821, 0xC275, 0xEFFF, 0xF7FF, 0xF7FF, 0xBA33, 0x9841, 0xC9EE, 0xDEB3, 0xD250, 0xD250, 0xCE2F,
  0xE6F5, 0xE6F4, 0xE6D4, 0xE6F4, 0xE6F4, 0xE2F4, 0xE6F4, 0xE715, 0xDEB2, 0xDA91, 0xE6F5, 0xCA0E, 0xC5CC, 0xACE6, 0x98A6, 0xDFBF,
  0xD35D, 0x9C63, 0xDA92, 0xEB16, 0xE6F4, 0xE715, 0xE715, 0xCA0E, 0xD671, 0xE715, 0xE6F4, 0xE6F4, 0xE6F5, 0xDA91, 0xDED3, 0xE6F5,
  0xE715, 0xE2D4, 0xDED3, 0xE2D3, 0xE715, 0xEB36, 0xB969, 0xA0C6, 0xA94B, 0xBD8A, 0xEB16, 0xE2F4, 0xE6F5, 0xDEB3, 0xCE2F, 0xC5ED,
  0xC5ED, 0xD671, 0xE2F4, 0xE2D4, 0xD691, 0xC1CC, 0xCA0E, 0xD270, 0xDEB3, 0xCE2F, 0xCE50, 0xE6F5, 0xE2F4, 0xE2D3, 0xD670, 0xA4C5,
  0xA94B, 0xB127, 0xCE50, 0xDA92, 0xD671, 0xC60E, 0xBDAC, 0xB149, 0xC20E, 0xC60E, 0xCA2E, 0xCA0E, 0xC5ED, 0xC60F, 0xB98A, 0xBD8A,
  0xBDAC, 0xA8E6, 0xB148, 0xCE50, 0xD250, 0xCA0E, 0xC1CD, 0xA083, 0xD75D, 0x9821, 0xB96A, 0xC1CC, 0xC1CC, 0xB98B, 0xB56A, 0xB98B,
  0xB149, 0xB18C, 0xBDCE, 0xBDCD, 0xBDAC, 0xADAF, 0x9CC8, 0xA8C5, 0xB128, 0xB128, 0xB128, 0xB96A, 0xBDAB, 0xC1CC, 0xA8A4, 0xB18D,
  0xF7FF, 0xC6B8, 0xA0C7, 0xA0A5, 0xA0A5, 0xA084, 0x9862, 0xA4A4, 0xB549, 0xA483, 0x992B, 0x9EB9, 0x9E98, 0x933E, 0x94A6, 0xB949,
  0xBDAB, 0xB969, 0x9C41, 0x9C84, 0xA0A5, 0x9C84, 0xB5AE, 0xF7FF, 0xF3FF, 0xFBFF, 0xEFFF, 0xE7FF, 0xEBFF, 0xEBFF, 0xE7FF, 0xB9F1,
  0xA0A5, 0x9842, 0x9BFF, 0xD7FF, 0xCBFF, 0x9ADA, 0xA4E7, 0xA92A, 0xA4E8, 0xA509, 0xD33C, 0xEFFF, 0xEBFF, 0xE7FF, 0xF3FF, 0xF7FF,
  0xF3FF, 0xF3FF, 0xF7FF, 0xF7FF, 0xF7FF, 0xF7FF, 0xF7FF, 0xFFFF, 0xDB3B, 0x8D4D, 0xBFFF, 0xDFFF, 0xA7BF, 0x9822, 0xC1CF, 0xB9F0,
  0xC6B7, 0xF7FF, 0xF7FF, 0xF7FF, 0xF7FF, 0xF7FF, 0xF3FF, 0xF3FF, 0xF3FF, 0xF3FF, 0xF3FF, 0xF3FF, 0xF3FF, 0xF3FF, 0xF3FF, 0xF3FF,
  0xAD6C, 0x9BBF, 0xE7FF, 0xCBFF, 0x9BDF, 0x9EFA, 0x9B3C, 0x8DD1, 0xB16C, 0xF7FF, 0xF3FF, 0xF3FF, 0xF3FF, 0xF3FF, 0xF3FF, 0xF3FF,
  0xF3FF, 0xF3FF, 0xF3FF, 0xF3FF, 0xF3FF, 0xF3FF, 0xF7FF, 0xDB5D, 0x8DB0, 0xAFFF, 0xCFFF, 0xCBFF, 0xD7FF, 0xE3FF, 0xABFF, 0x9109,
  0xE3DF, 0xF7FF, 0xF3FF, 0xF3FF, 0xF3FF, 0xF3FF, 0xF3FF, 0xF3FF, 0xF3FF, 0xF3FF, 0xF3FF, 0xF3FF, 0xF3FF, 0xF3FF, 0xFBFF, 0xB5AE,
  0x90E8, 0x958E, 0x916E, 0x8E78, 0xBFFF, 0xBFFF, 0x91D1, 0xCEB7, 0xF7FF, 0xF3FF, 0xF3FF, 0xF3FF, 0xF3FF, 0xF3FF, 0xF3FF, 0xF3FF,
  0xF3FF, 0xF3FF, 0xF3FF, 0xF3FF, 0xF3FF, 0xF3FF, 0xF7FF, 0xE7FF, 0xDB9F, 0xE3BF, 0xB96C, 0x9676, 0xC3FF, 0x89D1, 0xC633, 0xFFFF,
  0xF3FF, 0xF3FF, 0xF3FF, 0xF3FF, 0xF3FF, 0xF3FF, 0xF3FF, 0xF3FF, 0xF3FF, 0xF3FF, 0xF3FF, 0xF3FF, 0xF3FF, 0xF3FF, 0xF3FF, 0xF7FF,
  0xF7FF, 0xF7FF, 0xA52A, 0xABFF, 0x9F3D, 0xA8E7, 0xEFFF, 0xF3FF, 0xF3FF, 0xF3FF, 0xF3FF, 0xF3FF, 0xF3FF, 0xF3FF, 0xF3FF, 0xF3FF,
  0xF3FF, 0xF3FF, 0xF3FF, 0xF3FF, 0xF3FF, 0xF3FF, 0xF3FF, 0xF3FF, 0xF7FF, 0xDB7E, 0x958F, 0xA3FF, 0xA54B, 0xF3FF, 0xF7FF, 0xF3FF,
  0xF3FF, 0xF3FF, 0xF3FF, 0xF3FF, 0xF3FF, 0xF3FF, 0xF3FF, 0xF3FF, 0xF3FF, 0xF3FF, 0xF3FF, 0xF3FF, 0xF3FF, 0xF3FF, 0xF3FF, 0xF3FF,
  0xFBFF, 0xC675, 0x9AB9, 0x94E9, 0xD75D, 0xF7FF, 0xF3FF, 0xF3FF, 0xF3FF, 0xF3FF, 0xF3FF, 0xF3FF, 0xF3FF, 0xF3FF, 0xF3FF, 0xF3FF,
  0xF3FF, 0xF3FF, 0xF3FF, 0xF3FF, 0xF3FF, 0xF3FF, 0xF3FF, 0xF3FF, 0xF7FF, 0xAD4B, 0x992A, 0xD77E, 0xF7FF, 0xF3FF, 0xF3FF, 0xF3FF,
  0xF3FF, 0xF3FF, 0xF3FF, 0xF3FF, 0xF3FF, 0xF3FF, 0xF3FF, 0xF3FF, 0xF3FF, 0xF3FF, 0xF3FF, 0xF3FF, 0xF3FF, 0xF3FF, 0xF3FF, 0xF3FF,
  0xF7FF, 0xB1AE, 0xCED8, 0xFBFF, 0xF3FF, 0xF3FF, 0xF3FF, 0xF3FF, 0xF3FF, 0xF3FF, 0xF3FF, 0xF3FF, 0xF3FF, 0xF3FF, 0xF3FF, 0xF3FF,
};
#define assets_icon_e1_W 24
#define assets_icon_e1_H 24

static const unsigned short assets_icon_e2[576] = {
  0xF3FF, 0xF3FF, 0xF3FF, 0xF3FF, 0xF3FF, 0xF3FF, 0xF3FF, 0xF3FF, 0xF3FF, 0xF3FF, 0xF7FF, 0xEBFF, 0xEBFF, 0xF7FF, 0xF3FF, 0xF3FF,
  0xF3FF, 0xF3FF, 0xF3FF, 0xF3FF, 0xF3FF, 0xF3FF, 0xF3FF, 0xF3FF, 0xF3FF, 0xF3FF, 0xF3FF, 0xF3FF, 0xF3FF, 0xF3FF, 0xF3FF, 0xF3FF,
  0xF3FF, 0xF7FF, 0xF3FF, 0xB9ED, 0xBDED, 0xF3FF, 0xF7FF, 0xF3FF, 0xF3FF, 0xF3FF, 0xF3FF, 0xF3FF, 0xF3FF, 0xF3FF, 0xF3FF, 0xF3FF,
  0xF3FF, 0xF3FF, 0xF3FF, 0xF3FF, 0xF3FF, 0xF3FF, 0xF3FF, 0xF3FF, 0xF7FF, 0xE37B, 0xB9D1, 0xEF09, 0xEF4C, 0xB9D1, 0xE37B, 0xF3FF,
  0xF3FF, 0xF3FF, 0xF3FF, 0xF3FF, 0xF3FF, 0xF3FF, 0xF3FF, 0xF3FF, 0xF3FF, 0xF3FF, 0xF3FF, 0xF3FF, 0xF3FF, 0xFBFF, 0xF7FF, 0xF7FF,
  0xF3FF, 0xC1A9, 0xFAA2, 0xFF25, 0xFF89, 0xFEA2, 0xC1A9, 0xEFFF, 0xF7FF, 0xF7FF, 0xFBFF, 0xF3FF, 0xF3FF, 0xF3FF, 0xF3FF, 0xF3FF,
  0xF3FF, 0xF3FF, 0xF3FF, 0xFBFF, 0xF3FF, 0xCAFA, 0xDFFF, 0xF7FF, 0xDFDF, 0xC207, 0xD627, 0xFFE6, 0xFFEA, 0xD627, 0xC207, 0xDFDF,
  0xF3FF, 0xDFFF, 0xCAFA, 0xF3FF, 0xFBFF, 0xF3FF, 0xF3FF, 0xF3FF, 0xF3FF, 0xF7FF, 0xF3FF, 0xCAFC, 0xDFFF, 0xCDC5, 0xD66B, 0xDAAE,
  0xD37F, 0xFF48, 0xFF69, 0xF305, 0xF368, 0xFB69, 0xFF68, 0xD37F, 0xDAAE, 0xD66C, 0xD1E6, 0xDFFF, 0xCAFC, 0xF3FF, 0xF7FF, 0xF3FF,
  0xF3FF, 0xFBFF, 0xCF1A, 0xD1E2, 0xB5EE, 0xF74C, 0xFF67, 0xFF45, 0xDFBF, 0xC278, 0xF6A6, 0xFFE6, 0xFFE9, 0xF6C6, 0xC277, 0xDFBF,
  0xFF46, 0xFF68, 0xF34D, 0xB5EE, 0xD623, 0xD31A, 0xFBFF, 0xF3FF, 0xF3FF, 0xF7FF, 0xE3FF, 0xF72A, 0xFFE8, 0xFFEE, 0xF6E7, 0xFFCB,
  0xC6D9, 0xC251, 0xA991, 0xFF26, 0xFF8A, 0xA971, 0xC251, 0xC6D9, 0xFFEC, 0xF6E7, 0xFFEF, 0xFFE8, 0xF70A, 0xE3FF, 0xF7FF, 0xF3FF,
  0xF3FF, 0xF3FF, 0xF7FF, 0xC695, 0xEE22, 0xFFE8, 0xFFE8, 0xFFEC, 0xA590, 0xFFE9, 0xFF27, 0xF6E5, 0xF749, 0xFF28, 0xFFEB, 0xA170,
  0xFFEC, 0xFFEA, 0xFFE8, 0xEE22, 0xC674, 0xF7FF, 0xF3FF, 0xF3FF, 0xF3FF, 0xFBFF, 0xC6D9, 0xE201, 0xE244, 0xC122, 0xFFE3, 0xFFE7,
  0xD228, 0xFFC7, 0xFEE4, 0xFFE4, 0xFFE8, 0xFF04, 0xFFE8, 0xCE48, 0xFFE8, 0xFFE4, 0xBD02, 0xE265, 0xE241, 0xC6D9, 0xFBFF, 0xF3FF,
  0xF3FF, 0xF3FF, 0xF3FF, 0xB9F2, 0xD5E1, 0xFF62, 0xEA06, 0xD22C, 0xFFC7, 0xFFE9, 0xB103, 0xF2A4, 0xF327, 0xB103, 0xFFEA, 0xFFE8,
  0xD22C, 0xE606, 0xFFA3, 0xD202, 0xB9F1, 0xF3FF, 0xF3FF, 0xF3FF, 0xF3FF, 0xF3FF, 0xFBFF, 0xDFDF, 0xD6D0, 0xDAF5, 0xC297, 0xC20B,
  0xFF03, 0xFF44, 0xFF66, 0xFFC3, 0xFFE5, 0xFF87, 0xFF44, 0xFEE3, 0xC20B, 0xC297, 0xDAF5, 0xD6D1, 0xDFDF, 0xFBFF, 0xF3FF, 0xF3FF,
  0xF3FF, 0xF3FF, 0xF3FF, 0xF3FF, 0xE7FF, 0xEFFF, 0xCEB4, 0xFFE2, 0xFF46, 0x9021, 0xEA66, 0xFFEA, 0xFFEA, 0xEAA7, 0x9021, 0xFB25,
  0xFFE2, 0xCEB4, 0xEFFF, 0xE3FF, 0xF3FF, 0xF3FF, 0xF3FF, 0xF3FF, 0xF3FF, 0xF3FF, 0xFFFF, 0xD33D, 0xE246, 0xCE2A, 0xBE35, 0xC5EE,
  0xFAE5, 0xFFEA, 0xFF69, 0xFEE5, 0xFF06, 0xFF49, 0xFFEB, 0xF706, 0xC5EE, 0xBE55, 0xCE4B, 0xDE46, 0xD33C, 0xFFFF, 0xF3FF, 0xF3FF,
  0xF3FF, 0xF7FF, 0xE3FF, 0xC1EC, 0xE202, 0xFFA5, 0xF284, 0xD24A, 0xFF69, 0xFFC7, 0xA041, 0xE222, 0xE6A4, 0xA042, 0xFFE7, 0xFF68,
  0xD24B, 0xEEA4, 0xFFA6, 0xE202, 0xC1EC, 0xE3FF, 0xF7FF, 0xF3FF, 0xF3FF, 0xF7FF, 0xD33B, 0xFA61, 0xF265, 0xC186, 0xFFE9, 0xFFE7,
  0xCD86, 0xFAE6, 0xE623, 0xFF83, 0xFFE4, 0xEA63, 0xFF06, 0xC986, 0xFFE8, 0xFFEB, 0xC1A6, 0xEE44, 0xF641, 0xD33B, 0xFBFF, 0xF3FF,
  0xF3FF, 0xF3FF, 0xFBFF, 0xAD90, 0xFEE6, 0xFFEB, 0xFF05, 0xFEC5, 0xB214, 0xFF43, 0xF287, 0xEE85, 0xEAC5, 0xF267, 0xFF64, 0xB234,
  0xFEC5, 0xFF26, 0xFFEB, 0xF2A6, 0xA98F, 0xFBFF, 0xF3FF, 0xF3FF, 0xF3FF, 0xF7FF, 0xDB7F, 0xFAA5, 0xFF45, 0xFF03, 0xEE45, 0xFEE4,
  0xD73D, 0xE2F5, 0xA94F, 0xF2A4, 0xF305, 0xA94F, 0xE2F5, 0xD73D, 0xFEE5, 0xEE65, 0xFEE3, 0xFF46, 0xFAA5, 0xDB7E, 0xF7FF, 0xF3FF,
  0xF3FF, 0xF7FF, 0xDB9F, 0xE1A4, 0xB56C, 0xEA45, 0xEE22, 0xE9E1, 0xDFDF, 0xCB5F, 0xDDE3, 0xFFA3, 0xFFE4, 0xDE23, 0xCB3E, 0xDFDF,
  0xEDE1, 0xF223, 0xEA65, 0xB96C, 0xE1A3, 0xD77E, 0xF7FF, 0xF3FF, 0xF3FF, 0xF3FF, 0xF7FF, 0xE3FF, 0xE7FF, 0xCD85, 0xCDCC, 0xCEF8,
  0xD77F, 0xDDC2, 0xFEA5, 0xFEC4, 0xFF05, 0xFEA5, 0xE202, 0xD77F, 0xD2F8, 0xCDCC, 0xCD85, 0xE7FF, 0xDFFF, 0xF7FF, 0xF3FF, 0xF3FF,
  0xF3FF, 0xF3FF, 0xF3FF, 0xF7FF, 0xF3FF, 0xE3FF, 0xEFFF, 0xFFFF, 0xD79F, 0xD142, 0xF646, 0xFF64, 0xFFE5, 0xF246, 0xD583, 0xDB9F,
  0xFFFF, 0xEFFF, 0xE3FF, 0xF3FF, 0xFBFF, 0xF3FF, 0xF3FF, 0xF3FF, 0xF3FF, 0xF3FF, 0xF3FF, 0xF3FF, 0xF3FF, 0xF7FF, 0xF7FF, 0xF3FF,
  0xEFFF, 0xC9CA, 0xE603, 0xF265, 0xF6E6, 0xE603, 0xC5CA, 0xEFFF, 0xF3FF, 0xF3FF, 0xF7FF, 0xF3FF, 0xF3FF, 0xF3FF, 0xF3FF, 0xF3FF,
  0xF3FF, 0xF3FF, 0xF3FF, 0xF3FF, 0xF3FF, 0xF3FF, 0xF3FF, 0xF3FF, 0xF7FF, 0xEBFF, 0xC6FD, 0xD9E6, 0xDA26, 0xC6FC, 0xE7FF, 0xF7FF,
  0xF3FF, 0xF3FF, 0xF3FF, 0xF3FF, 0xF3FF, 0xF3FF, 0xF3FF, 0xF3FF, 0xF3FF, 0xF3FF, 0xF3FF, 0xF3FF, 0xF3FF, 0xF3FF, 0xF3FF, 0xF3FF,
  0xF3FF, 0xF7FF, 0xFBFF, 0xB9F1, 0xB9F0, 0xFBFF, 0xF7FF, 0xF3FF, 0xF3FF, 0xF3FF, 0xF3FF, 0xF3FF, 0xF3FF, 0xF3FF, 0xF3FF, 0xF3FF,
};
#define assets_icon_e2_W 24
#define assets_icon_e2_H 24

static const unsigned short assets_icon_e3[576] = {
  0xF3FF, 0xF3FF, 0xF3FF, 0xF3FF, 0xF3FF, 0xF3FF, 0xF3FF, 0xF3FF, 0xF3FF, 0xFBFF, 0xF3FF, 0xDFDF, 0xDFDF, 0xE3FF, 0xFBFF, 0xF7FF,
  0xF3FF, 0xF3FF, 0xF3FF, 0xF3FF, 0xF3FF, 0xF3FF, 0xF3FF, 0xF3FF, 0xF3FF, 0xF3FF, 0xF3FF, 0xF3FF, 0xF3FF, 0xF3FF, 0xFBFF, 0xFBFF,
  0xFBFF, 0xD77F, 0xA94A, 0xB108, 0xB128, 0xA4E7, 0xBA11, 0xF3FF, 0xF7FF, 0xF3FF, 0xF3FF, 0xF3FF, 0xF3FF, 0xF3FF, 0xF3FF, 0xF3FF,
  0xF3FF, 0xF3FF, 0xF3FF, 0xF3FF, 0xF7FF, 0xF7FF, 0xD35E, 0xD37F, 0xCF1B, 0xA8E6, 0xE6D3, 0xFFFF, 0xFFFF, 0xFFFC, 0xC5CB, 0xA96C,
  0xF3FF, 0xF7FF, 0xF3FF, 0xF3FF, 0xF3FF, 0xF3FF, 0xF3FF, 0xF3FF, 0xF3FF, 0xF3FF, 0xF3FF, 0xF7FF, 0xE3FF, 0xA92A, 0xB128, 0xB949,
  0x9862, 0xF779, 0xFFFF, 0xFFFF, 0xFFFF, 0xFFFF, 0xFFFF, 0xBD69, 0xCAB8, 0xF7FF, 0xF7FF, 0xF7FF, 0xF3FF, 0xF3FF, 0xF3FF, 0xF3FF,
  0xF3FF, 0xF3FF, 0xF3FF, 0xF7FF, 0x9CC6, 0xCDED, 0xFFFF, 0xFFFF, 0xF778, 0xFFFC, 0xFFFF, 0xFFFF, 0xFFFF, 0xFFFE, 0xFFFF, 0xEF36,
  0x9442, 0xA509, 0xADAF, 0xE3FF, 0xF7FF, 0xF3FF, 0xF3FF, 0xF3FF, 0xF3FF, 0xF7FF, 0xFFFF, 0xC6B8, 0xBD6A, 0xFFFF, 0xFFFE, 0xFFFF,
  0xFFDB, 0xF777, 0xFFFB, 0xFFFF, 0xFFFF, 0xFFFF, 0xFFFD, 0xF777, 0xF798, 0xFFBA, 0xD650, 0xA0A5, 0xEFFF, 0xF7FF, 0xF3FF, 0xF3FF,
  0xFBFF, 0xEBFF, 0xB1AE, 0x9484, 0xCE2F, 0xFFFF, 0xFFFF, 0xFFFD, 0xFFB9, 0xFFFE, 0xFFDB, 0xFFFC, 0xFBB9, 0xFB98, 0xF356, 0xFBB9,
  0xFFFF, 0xFFFF, 0xFFFF, 0xBD8A, 0xB633, 0xFBFF, 0xF7FF, 0xF3FF, 0xDFFF, 0x9885, 0xC5AB, 0xFFFC, 0xFFDB, 0xFFDB, 0xFFFF, 0xFFFF,
  0xFFFF, 0xFFFF, 0xFFFF, 0xFFFE, 0xFFBA, 0xFFFD, 0xFFFF, 0xFFDA, 0xFFDA, 0xFFFF, 0xFFFB, 0xC5EC, 0xA0C6, 0xB16C, 0xDFDF, 0xF7FF,
  0xA909, 0xCA0D, 0xFFFF, 0xFFFF, 0xFFFF, 0xFFFF, 0xFFFE, 0xFFFF, 0xFFFF, 0xFFFF, 0xFFFF, 0xFFFF, 0xFFFF, 0xFFFF, 0xFFFF, 0xFFFF,
  0xFFFE, 0xFFFF, 0xFFBA, 0xFFFC, 0xFFFF, 0xDA70, 0x9463, 0xE7FF, 0xA8E6, 0xFFFB, 0xFFFF, 0xFFFE, 0xFFFF, 0xFFFE, 0xF778, 0xFFFB,
  0xFFFF, 0xFFFF, 0xFFFF, 0xFFFF, 0xFFFE, 0xFFFE, 0xFFFE, 0xFFFF, 0xFFFF, 0xFFFE, 0xFFFF, 0xFFFF, 0xFFFE, 0xFFFF, 0xD650, 0xB18E,
  0xAD07, 0xF777, 0xFFFC, 0xFFFF, 0xFFFC, 0xF756, 0xEF35, 0xEF35, 0xFFFB, 0xFFFF, 0xFFFF, 0xFFFC, 0xF777, 0xF776, 0xF777, 0xFFFD,
  0xFFFF, 0xFFBA, 0xFB98, 0xFFFE, 0xFFFF, 0xFFFE, 0xE2B2, 0x9CC6, 0xA929, 0xCE0D, 0xFFB8, 0xFFB9, 0xF777, 0xF776, 0xEB14, 0xF756,
  0xF355, 0xF777, 0xF777, 0xF355, 0xF355, 0xEB14, 0xF356, 0xF776, 0xFB77, 0xF776, 0xF776, 0xFFB8, 0xFFB9, 0xFB98, 0xB106, 0xB5D0,
  0xDFFF, 0xA4C6, 0xBD69, 0xC5AA, 0xC5AA, 0xB948, 0xA0A4, 0xC1AA, 0xEAF3, 0xEAF3, 0xEAF3, 0xE6D2, 0xB969, 0xA0A4, 0xD22E, 0xEF14,
  0xEAF3, 0xC1AA, 0xBD69, 0xC5AA, 0xC5CB, 0xA8C4, 0xB1D0, 0xF7FF, 0xFBFF, 0xE3FF, 0xBA33, 0xBA33, 0xB5F1, 0xC696, 0xDFFF, 0xB5D0,
  0xA4C6, 0xA4E6, 0xA4C6, 0xA8E7, 0xB612, 0xE3FF, 0xAD4B, 0xA0E7, 0xA0C7, 0xC696, 0xCED9, 0xB5F1, 0xBA33, 0xC697, 0xF7FF, 0xF3FF,
  0xF3FF, 0xF7FF, 0xFFFF, 0xBE33, 0xCAD7, 0xFFFF, 0xFFFD, 0xFFFF, 0xEBFF, 0xE7FF, 0xEFFF, 0xD77F, 0xAD4A, 0xF7FF, 0xF3FF, 0xEFFF,
  0xEFFF, 0xFBFF, 0xE7FF, 0xB14B, 0xF7FF, 0xFBFF, 0xF3FF, 0xF3FF, 0xF3FF, 0xF7FF, 0xD77F, 0xE602, 0xDAF6, 0xFBFF, 0xFFF2, 0xF3FF,
  0xFBFF, 0xFFFF, 0xEBFF, 0xDA8E, 0xDA05, 0xE3FF, 0xFBFF, 0xFFF5, 0xFFFF, 0xE7FF, 0xD64E, 0xDE05, 0xE3FF, 0xF7FF, 0xF3FF, 0xF3FF,
  0xF7FF, 0xEFFF, 0xCE2B, 0xFFE7, 0xD2D6, 0xFBFF, 0xFFFF, 0xF7FF, 0xD35E, 0xC6D9, 0xD31B, 0xFF47, 0xF70B, 0xDFFF, 0xFFFF, 0xFFF8,
  0xF7FF, 0xCF1B, 0xFF68, 0xFB0B, 0xDFFF, 0xF7FF, 0xF3FF, 0xF3FF, 0xF3FF, 0xF3FF, 0xDEB1, 0xEE01, 0xCF1B, 0xFFFF, 0xF7FF, 0xEFFF,
  0xCDC8, 0xCA2E, 0xD7BF, 0xEA03, 0xDA2C, 0xEBFF, 0xF7FF, 0xF3FF, 0xF7FF, 0xDBBF, 0xEA24, 0xDE2A, 0xEBFF, 0xF7FF, 0xF3FF, 0xF3FF,
  0xF3FF, 0xF7FF, 0xEBFF, 0xD79F, 0xFFFF, 0xFFFE, 0xF7FF, 0xC674, 0xFF88, 0xE2F1, 0xEFFF, 0xD7BF, 0xDFFF, 0xFFFF, 0xFFFF, 0xF7FF,
  0xF7FF, 0xF3FF, 0xD7BF, 0xE3FF, 0xF7FF, 0xF3FF, 0xF3FF, 0xF3FF, 0xF3FF, 0xF3FF, 0xF7FF, 0xF7FF, 0xEFFF, 0xDB5C, 0xF3FF, 0xD270,
  0xFF02, 0xCE50, 0xF3FF, 0xFBFF, 0xFBFF, 0xFFF5, 0xFBFF, 0xCF7F, 0xE7FF, 0xF7FF, 0xFBFF, 0xFFFF, 0xF3FF, 0xF3FF, 0xF3FF, 0xF3FF,
  0xF3FF, 0xF3FF, 0xF3FF, 0xFBFF, 0xCED8, 0xACC3, 0xF3FF, 0xEBFF, 0xCE53, 0xE7FF, 0xF3FF, 0xEFFF, 0xF7FF, 0xFFFF, 0xE7FF, 0xACC2,
  0xDB7E, 0xF7FF, 0xFFFF, 0xFFFE, 0xF3FF, 0xF3FF, 0xF3FF, 0xF3FF, 0xF3FF, 0xF3FF, 0xF7FF, 0xD7BF, 0xF6C9, 0xF2EB, 0xE7FF, 0xF3FF,
  0xFFFF, 0xFFFF, 0xEFFF, 0xFFFF, 0xFBFF, 0xE7FF, 0xDA8F, 0xFF26, 0xDB9F, 0xF7FF, 0xFFFF, 0xF7FF, 0xF3FF, 0xF3FF, 0xF3FF, 0xF3FF,
  0xF3FF, 0xF3FF, 0xF7FF, 0xCAB7, 0xFFA7, 0xE6AB, 0xE7FF, 0xFBFF, 0xFFF9, 0xF3FF, 0xF7FF, 0xFFF6, 0xFFFF, 0xD7DF, 0xFAC7, 0xFF47,
  0xCF5F, 0xFFFF, 0xFFFE, 0xEFFF, 0xF3FF, 0xF3FF, 0xF3FF, 0xF3FF, 0xF3FF, 0xF3FF, 0xF7FF, 0xE7FF, 0xCDA8, 0xD6B3, 0xEFFF, 0xFBFF,
  0xFBFF, 0xEFFF, 0xF7FF, 0xFFFC, 0xF7FF, 0xEFFF, 0xD24F, 0xCDCA, 0xE7FF, 0xFFFF, 0xFFFF, 0xF3FF, 0xF3FF, 0xF3FF, 0xF3FF, 0xF3FF,
};
#define assets_icon_e3_W 24
#define assets_icon_e3_H 24

static const unsigned short assets_icon_e4[576] = {
  0xF3FF, 0xF3FF, 0xF3FF, 0xF3FF, 0xF3FF, 0xF3FF, 0xF3FF, 0xF3FF, 0xF3FF, 0xF3FF, 0xF7FF, 0xF3FF, 0xCF3B, 0xCEFA, 0xCEFA, 0xCAF9,
  0xD77E, 0xF7FF, 0xF3FF, 0xF3FF, 0xF3FF, 0xF3FF, 0xF3FF, 0xF3FF, 0xF3FF, 0xF3FF, 0xF3FF, 0xF3FF, 0xF3FF, 0xF3FF, 0xF3FF, 0xF3FF,
  0xF3FF, 0xFBFF, 0xE7FF, 0xA509, 0xA0A4, 0xA8C5, 0xA8C5, 0xA4A4, 0x9C84, 0xA98D, 0xEFFF, 0xF7FF, 0xF3FF, 0xF3FF, 0xF3FF, 0xF3FF,
  0xF3FF, 0xF3FF, 0xF3FF, 0xF3FF, 0xF3FF, 0xF3FF, 0xF3FF, 0xF3FF, 0xF7FF, 0xE3FF, 0xA4C7, 0xB108, 0xCA10, 0xCA10, 0xCE31, 0xCE30,
  0xCE30, 0xB128, 0xB16C, 0xEFFF, 0xF3FF, 0xF3FF, 0xF3FF, 0xF3FF, 0xF3FF, 0xF3FF, 0xF3FF, 0xF3FF, 0xF3FF, 0xF3FF, 0xF3FF, 0xF7FF,
  0xE7FF, 0x9CC6, 0xB108, 0xCE30, 0xCE30, 0xCE30, 0xC5EE, 0xD251, 0xCA0F, 0xDA93, 0xA4A5, 0xB611, 0xFBFF, 0xF3FF, 0xF3FF, 0xF3FF,
  0xF3FF, 0xF3FF, 0xF3FF, 0xF3FF, 0xF3FF, 0xF3FF, 0xF3FF, 0xFBFF, 0xD33D, 0x9C62, 0xBD8C, 0xCE31, 0xCA0F, 0xD251, 0xCA0F, 0xD652,
  0xCA0F, 0xCE30, 0xC5CE, 0xA0A5, 0xE7FF, 0xF7FF, 0xF3FF, 0xF3FF, 0xF3FF, 0xF3FF, 0xF3FF, 0xF3FF, 0xF3FF, 0xF3FF, 0xF3FF, 0xFBFF,
  0xB5AE, 0xACE6, 0xB98C, 0xCE30, 0xCA10, 0xD672, 0xCE10, 0xD251, 0xC9EF, 0xCE10, 0xD672, 0xA8A5, 0xC275, 0xFBFF, 0xF3FF, 0xF3FF,
  0xF3FF, 0xF3FF, 0xF3FF, 0xF3FF, 0xF3FF, 0xF3FF, 0xF3FF, 0xFBFF, 0xB18E, 0xA8E6, 0xBDAC, 0xD251, 0xC1AC, 0xBDAD, 0xB98C, 0xD231,
  0xCE30, 0xCA0F, 0xC1CE, 0x9C63, 0xC696, 0xFBFF, 0xF3FF, 0xF3FF, 0xF3FF, 0xF3FF, 0xF3FF, 0xF3FF, 0xF3FF, 0xF3FF, 0xF3FF, 0xFBFF,
  0xB18E, 0xA8C6, 0xC1AD, 0xC1CD, 0xAD90, 0xA54F, 0xA10C, 0xA92B, 0xC1AD, 0xA8E8, 0xA50C, 0x9865, 0xC696, 0xFBFF, 0xF3FF, 0xF3FF,
  0xF3FF, 0xF3FF, 0xF3FF, 0xF3FF, 0xF3FF, 0xF3FF, 0xEFFF, 0xF7FF, 0xB18E, 0xA8C6, 0xC1AC, 0xB14B, 0xC29D, 0xFFFF, 0xA4C6, 0xBA15,
  0xA50C, 0x98A8, 0xCE54, 0xBDF4, 0xBA33, 0xFBFF, 0xF3FF, 0xF3FF, 0xF3FF, 0xF3FF, 0xF3FF, 0xF3FF, 0xF3FF, 0xF7FF, 0xFBFF, 0xFFFF,
  0xB18E, 0xA8E6, 0xC1AD, 0xC1AD, 0xC6BC, 0xDFDF, 0xCF3F, 0xC279, 0xB14A, 0xA90A, 0xD33F, 0xA92C, 0xC675, 0xFBFF, 0xF3FF, 0xF3FF,
  0xF3FF, 0xF3FF, 0xF3FF, 0xFBFF, 0xEFFF, 0xD33C, 0xBE33, 0xC275, 0xB1AE, 0xA4C6, 0xBD8C, 0xD251, 0xC1AD, 0xB98D, 0xB58C, 0xC1CD,
  0xDA93, 0xC1AC, 0xB9AD, 0xA083, 0xC275, 0xFBFF, 0xF3FF, 0xF3FF, 0xF3FF, 0xF7FF, 0xF3FF, 0xC254, 0xA0E8, 0xA54E, 0xA56F, 0xA54E,
  0x9CC7, 0x9C42, 0xB129, 0xC5CE, 0xCA0F, 0xD651, 0xCA0F, 0xD672, 0xC1AD, 0xB96A, 0xD251, 0xA8C6, 0xC6B8, 0xFBFF, 0xF3FF, 0xF3FF,
  0xF3FF, 0xF3FF, 0xB1AE, 0xA10C, 0xBA9C, 0xC2FF, 0xC2FF, 0xBEDE, 0xBA9C, 0x9CEB, 0x9862, 0xC1CE, 0xCA10, 0xCE31, 0xC5EF, 0xD251,
  0xC9EF, 0xC1CE, 0xC5CD, 0xA4C7, 0xEFFF, 0xF7FF, 0xF3FF, 0xF3FF, 0xFBFF, 0xD31A, 0x9D0D, 0xB67A, 0xB67B, 0xBEDE, 0xBEDE, 0xB238,
  0xB659, 0xB217, 0x9443, 0xB128, 0xCA0F, 0xCA0F, 0xC5EF, 0xD231, 0xD231, 0xCE31, 0xA8E6, 0xC297, 0xFBFF, 0xF3FF, 0xF3FF, 0xF3FF,
  0xE7FF, 0xA0E9, 0xB67B, 0xA993, 0xA9B4, 0xBABD, 0xB238, 0xBEBD, 0xB238, 0xADF5, 0xA94E, 0xA8C5, 0xA907, 0xBD8B, 0xC5EE, 0xD672,
  0xCA10, 0xB98B, 0xA929, 0xF7FF, 0xF7FF, 0xF3FF, 0xF3FF, 0xF3FF, 0xC6B8, 0xA991, 0xBABD, 0xADF6, 0xBA9C, 0xBA7B, 0xA992, 0xA10C,
  0xADD3, 0xADF5, 0x98C8, 0xA084, 0xB128, 0xA8E6, 0xACE7, 0xB149, 0xA8E6, 0xA8C6, 0xA8E7, 0xCF1A, 0xEFFF, 0xF7FF, 0xF3FF, 0xF3FF,
  0xB1AF, 0xB659, 0xB67A, 0xA9D4, 0xB238, 0xBEDF, 0xA571, 0xA0A4, 0xA4A5, 0x98A7, 0xAD08, 0xBD8C, 0xA084, 0xA8E7, 0xA8E7, 0xA8E6,
  0xAD07, 0xB129, 0xA4A5, 0xA8E6, 0xA909, 0xE3FF, 0xFBFF, 0xF3FF, 0xB5D1, 0xAE17, 0xB217, 0xA150, 0xBA7B, 0xADD4, 0xB549, 0xCA0F,
  0xB96B, 0x9C84, 0xC5EE, 0xCA0F, 0xB96B, 0xA084, 0xACE7, 0xB129, 0xB129, 0xA8E7, 0xB56A, 0xD673, 0xC5CD, 0xA0A5, 0xE3FF, 0xF7FF,
  0xB1CF, 0xA571, 0xBABD, 0xBA9C, 0xB67B, 0xA509, 0xD230, 0xDA73, 0xB129, 0xAD07, 0xCA0F, 0xC5EE, 0xB549, 0xA084, 0xB96A, 0xB56A,
  0xB54A, 0xC9EF, 0xD672, 0xD651, 0xDA93, 0xB96A, 0xC6B8, 0xFBFF, 0xE3DF, 0x9CC9, 0xA9D5, 0xB639, 0xA571, 0xB96B, 0xDA73, 0xCE30,
  0xA8C6, 0xAD08, 0xC1CE, 0xBD8B, 0xA12B, 0xA12C, 0xBD8B, 0xDA73, 0xD651, 0xD651, 0xD651, 0xCE10, 0xD231, 0xCE0F, 0xB58D, 0xF7FF,
  0xFBFF, 0xD33C, 0x98C9, 0xA593, 0xA52D, 0xC5CC, 0xDA93, 0xB54A, 0xB96B, 0xCE31, 0xA4C5, 0xA4E8, 0xB216, 0xB217, 0x9CE9, 0xC1AC,
  0xD672, 0xD231, 0xD672, 0xC1CD, 0xBD8B, 0xD651, 0xBDEF, 0xF3FF, 0xF3FF, 0xF7FF, 0xDFFF, 0xBA34, 0x9885, 0xC1AC, 0xCE10, 0xA8C6,
  0xCE10, 0xD231, 0xB548, 0x9CC8, 0xA12F, 0x98CB, 0xA509, 0xCA0F, 0xD231, 0xD230, 0xD651, 0xC18C, 0xB529, 0xD630, 0xB9CE, 0xF3FF,
  0xF3FF, 0xF3FF, 0xF7FF, 0xF7FF, 0xDFFF, 0xE7FF, 0xEBFF, 0xE7FF, 0xEBFF, 0xEBFF, 0xEBFF, 0xD33B, 0xB612, 0xCF1B, 0xEBFF, 0xEFFF,
  0xEFFF, 0xEFFF, 0xEFFF, 0xEBFF, 0xE7FF, 0xEFFF, 0xEBFF, 0xF3FF, 0xF3FF, 0xF3FF, 0xF3FF, 0xF3FF, 0xF7FF, 0xF7FF, 0xF7FF, 0xF7FF,
  0xF7FF, 0xF7FF, 0xF7FF, 0xF7FF, 0xFBFF, 0xFBFF, 0xF7FF, 0xF3FF, 0xF7FF, 0xF7FF, 0xF7FF, 0xF7FF, 0xF7FF, 0xF7FF, 0xF7FF, 0xF3FF,
};
#define assets_icon_e4_W 24
#define assets_icon_e4_H 24

static const unsigned short assets_icon_e5[576] = {
  0xF3FF, 0xF3FF, 0xF3FF, 0xF3FF, 0xF3FF, 0xF3FF, 0xF3FF, 0xF3FF, 0xF3FF, 0xF7FF, 0xFBFF, 0xF7FF, 0xFBFF, 0xFBFF, 0xF7FF, 0xF3FF,
  0xF3FF, 0xF3FF, 0xF3FF, 0xF3FF, 0xF3FF, 0xF3FF, 0xF3FF, 0xF3FF, 0xF3FF, 0xF3FF, 0xF3FF, 0xF3FF, 0xF3FF, 0xF3FF, 0xF3FF, 0xF3FF,
  0xF7FF, 0xE7FF, 0xCAFA, 0xCF1B, 0xCF1B, 0xCAFA, 0xE7FF, 0xF7FF, 0xF3FF, 0xF3FF, 0xF3FF, 0xF3FF, 0xF3FF, 0xF3FF, 0xF3FF, 0xF3FF,
  0xF3FF, 0xF3FF, 0xF3FF, 0xF3FF, 0xF3FF, 0xF3FF, 0xF3FF, 0xF7FF, 0xE3FF, 0xA52B, 0xB25A, 0xBA9D, 0xBA9D, 0xB659, 0xA50A, 0xE3FF,
  0xF7FF, 0xF3FF, 0xF3FF, 0xF3FF, 0xF3FF, 0xF3FF, 0xF3FF, 0xF3FF, 0xF3FF, 0xF3FF, 0xF3FF, 0xF3FF, 0xF3FF, 0xF3FF, 0xF7FF, 0xE7FF,
  0xCA2E, 0xB16C, 0xAA1B, 0xB67D, 0xB67D, 0xAA1B, 0xB18C, 0xCA2E, 0xE7FF, 0xF7FF, 0xF3FF, 0xF3FF, 0xF3FF, 0xF3FF, 0xF3FF, 0xF3FF,
  0xF3FF, 0xF3FF, 0xF3FF, 0xF3FF, 0xF3FF, 0xF3FF, 0xFBFF, 0xD37E, 0xE6F1, 0xFBD9, 0xC210, 0xC631, 0xC631, 0xC230, 0xFBD9, 0xE2D1,
  0xD35E, 0xFBFF, 0xF3FF, 0xF3FF, 0xF3FF, 0xF3FF, 0xF3FF, 0xF3FF, 0xF3FF, 0xF3FF, 0xF3FF, 0xF3FF, 0xF3FF, 0xF3FF, 0xF7FF, 0xE3FF,
  0xC1EC, 0xFFFE, 0xFFFE, 0xFFF9, 0xFFF9, 0xFFFB, 0xFFFC, 0xC1EC, 0xDFFF, 0xF7FF, 0xF3FF, 0xF3FF, 0xF3FF, 0xF3FF, 0xF3FF, 0xF3FF,
  0xF3FF, 0xF3FF, 0xF3FF, 0xF3FF, 0xF3FF, 0xF3FF, 0xF7FF, 0xE7FF, 0xB5AC, 0xEB31, 0xD2EF, 0xD2EF, 0xCECE, 0xCA8C, 0xEB51, 0xB5AC,
  0xEBFF, 0xF7FF, 0xF3FF, 0xF3FF, 0xF3FF, 0xF3FF, 0xF3FF, 0xF3FF, 0xF3FF, 0xF3FF, 0xF3FF, 0xF3FF, 0xF3FF, 0xF7FF, 0xEFFF, 0xD2D4,
  0xE754, 0xDFB9, 0xDFF9, 0xD7F6, 0xCF95, 0xD395, 0xEBFB, 0xEB75, 0xD2D4, 0xEFFF, 0xF7FF, 0xF3FF, 0xF3FF, 0xF3FF, 0xF3FF, 0xF3FF,
  0xF3FF, 0xF3FF, 0xF3FF, 0xF3FF, 0xF3FF, 0xEFFF, 0xD6D4, 0xF7FC, 0xFFFF, 0xFFFF, 0xE7FF, 0xE7FF, 0xEBFF, 0xEFFF, 0xF7FF, 0xFFFF,
  0xF7FB, 0xD2B4, 0xEFFF, 0xF7FF, 0xF3FF, 0xF3FF, 0xF3FF, 0xF3FF, 0xF3FF, 0xF3FF, 0xF3FF, 0xF3FF, 0xF7FF, 0xD35C, 0xEF55, 0xE7FF,
  0xFFFF, 0xE7FA, 0x97E9, 0x9FEB, 0x9BEB, 0x9BEA, 0xA7EC, 0xBFF8, 0xEBFF, 0xEF55, 0xD35C, 0xFBFF, 0xF3FF, 0xF3FF, 0xF3FF, 0xF3FF,
  0xF3FF, 0xF3FF, 0xF3FF, 0xF3FF, 0xF7FF, 0xCA74, 0xEFD5, 0xCBF8, 0xF3FF, 0xA3F3, 0xABF6, 0xABF6, 0xAFF6, 0xABF6, 0xABF4, 0xABF1,
  0xB7F3, 0xF3D7, 0xC674, 0xF7FF, 0xF3FF, 0xF3FF, 0xF3FF, 0xF3FF, 0xF3FF, 0xF3FF, 0xF3FF, 0xF3FF, 0xF7FF, 0xCE97, 0xDF8F, 0xBBF4,
  0xDFFC, 0xA7EB, 0xB3F0, 0xABCE, 0xABCE, 0xAFF0, 0xAFED, 0x9FEA, 0xA3EE, 0xDF8F, 0xCA96, 0xF7FF, 0xF3FF, 0xF3FF, 0xF3FF, 0xF3FF,
  0xF3FF, 0xF3FF, 0xF3FF, 0xF3FF, 0xF7FF, 0xCA96, 0xE7B1, 0xAFF0, 0xBF31, 0x92C1, 0xAE8A, 0xDF78, 0xDF78, 0xAE8A, 0x92A1, 0xAACA,
  0xA3EE, 0xE3B1, 0xCA96, 0xF7FF, 0xF3FF, 0xF3FF, 0xF3FF, 0xF3FF, 0xF3FF, 0xF3FF, 0xF3FF, 0xF3FF, 0xF7FF, 0xCA96, 0xE3B0, 0xA669,
  0xF7FF, 0xC671, 0xFFFF, 0xFFFF, 0xFFFF, 0xFFFF, 0xBE51, 0xFBFF, 0xA689, 0xDFB0, 0xCA96, 0xF7FF, 0xF3FF, 0xF3FF, 0xF3FF, 0xF3FF,
  0xF3FF, 0xF3FF, 0xF3FF, 0xF3FF, 0xF7FF, 0xCA76, 0xE7B1, 0xA6E9, 0xAA0A, 0xCAB3, 0xC22F, 0xDF58, 0xDF78, 0xBE2F, 0xCAD3, 0xAE0A,
  0xA6E9, 0xE3D1, 0xCA96, 0xF7FF, 0xF3FF, 0xF3FF, 0xF3FF, 0xF3FF, 0xF3FF, 0xF3FF, 0xF3FF, 0xF3FF, 0xF7FF, 0xCA96, 0xE791, 0xA7EF,
  0xA3ED, 0xB22B, 0xBA2F, 0xC250, 0xC250, 0xBE2F, 0xB22B, 0x8BE3, 0xA3EF, 0xE391, 0xCA96, 0xF7FF, 0xF3FF, 0xF3FF, 0xF3FF, 0xF3FF,
  0xF3FF, 0xF3FF, 0xF3FF, 0xF3FF, 0xF7FF, 0xCA96, 0xE370, 0xABEF, 0xABEF, 0x9DA6, 0xEBFE, 0xEBFD, 0xEFFD, 0xEBFD, 0x9DA6, 0x97A8,
  0xA3EE, 0xE390, 0xCA96, 0xF7FF, 0xF3FF, 0xF3FF, 0xF3FF, 0xF3FF, 0xF3FF, 0xF3FF, 0xF3FF, 0xF3FF, 0xF7FF, 0xCA76, 0xE7D1, 0x9FEA,
  0xDF39, 0xDFFA, 0xA548, 0xC6B1, 0xCA91, 0xA948, 0xE3FB, 0xE339, 0xA3EB, 0xE3F1, 0xCA96, 0xF7FF, 0xF3FF, 0xF3FF, 0xF3FF, 0xF3FF,
  0xF3FF, 0xF3FF, 0xF3FF, 0xF3FF, 0xF7FF, 0xCA75, 0xE7D1, 0x97E9, 0xBEB0, 0xCED3, 0x92A1, 0x9341, 0x8F61, 0x92A1, 0xCEF4, 0xBED0,
  0x97E9, 0xE3D1, 0xCA76, 0xF7FF, 0xF3FF, 0xF3FF, 0xF3FF, 0xF3FF, 0xF3FF, 0xF3FF, 0xF3FF, 0xF3FF, 0xF7FF, 0xCAB7, 0xF373, 0xBFEE,
  0x8BA1, 0x92A1, 0x8BE1, 0x87E3, 0x87E4, 0x87E3, 0x8F22, 0x8BE3, 0xBFEE, 0xEF73, 0xCAB7, 0xFBFF, 0xF3FF, 0xF3FF, 0xF3FF, 0xF3FF,
  0xF3FF, 0xF3FF, 0xF3FF, 0xF3FF, 0xF7FF, 0xF3FF, 0xCEB5, 0xDEEF, 0xDFF0, 0xBFEA, 0xB3EA, 0xB3EB, 0xB7EC, 0xB3EB, 0xBBEB, 0xDFF0,
  0xDEEF, 0xCEB5, 0xEFFF, 0xF7FF, 0xF3FF, 0xF3FF, 0xF3FF, 0xF3FF, 0xF3FF, 0xF3FF, 0xF3FF, 0xF3FF, 0xF3FF, 0xF7FF, 0xEFFF, 0xD33B,
  0xC632, 0xD670, 0xDEB0, 0xDE90, 0xDE8F, 0xDEB0, 0xD670, 0xC632, 0xD31B, 0xF3FF, 0xF7FF, 0xF3FF, 0xF3FF, 0xF3FF, 0xF3FF, 0xF3FF,
  0xF3FF, 0xF3FF, 0xF3FF, 0xF3FF, 0xF3FF, 0xF3FF, 0xF7FF, 0xF7FF, 0xF3FF, 0xE3FF, 0xD7BF, 0xD7BF, 0xD7BF, 0xD7BF, 0xDFFF, 0xF3FF,
  0xF7FF, 0xF7FF, 0xF3FF, 0xF3FF, 0xF3FF, 0xF3FF, 0xF3FF, 0xF3FF, 0xF3FF, 0xF3FF, 0xF3FF, 0xF3FF, 0xF3FF, 0xF3FF, 0xF3FF, 0xF3FF,
  0xF3FF, 0xF7FF, 0xFBFF, 0xFBFF, 0xFBFF, 0xFBFF, 0xF7FF, 0xF3FF, 0xF3FF, 0xF3FF, 0xF3FF, 0xF3FF, 0xF3FF, 0xF3FF, 0xF3FF, 0xF3FF,
};
#define assets_icon_e5_W 24
#define assets_icon_e5_H 24

static const unsigned short assets_icon_e6[576] = {
  0xF3FF, 0xF3FF, 0xF3FF, 0xF3FF, 0xF3FF, 0xF3FF, 0xF3FF, 0xF3FF, 0xF3FF, 0xF3FF, 0xF3FF, 0xF3FF, 0xF3FF, 0xF3FF, 0xF3FF, 0xF3FF,
  0xF3FF, 0xF3FF, 0xF3FF, 0xF3FF, 0xF3FF, 0xF3FF, 0xF3FF, 0xF3FF, 0xF3FF, 0xF3FF, 0xF3FF, 0xF3FF, 0xF3FF, 0xF3FF, 0xF3FF, 0xF3FF,
  0xF3FF, 0xF3FF, 0xF3FF, 0xF3FF, 0xF3FF, 0xF3FF, 0xF3FF, 0xF3FF, 0xF3FF, 0xF3FF, 0xF3FF, 0xF3FF, 0xF3FF, 0xF3FF, 0xF3FF, 0xF3FF,
  0xF3FF, 0xF3FF, 0xF3FF, 0xF3FF, 0xF3FF, 0xF3FF, 0xF3FF, 0xF3FF, 0xF3FF, 0xF3FF, 0xF3FF, 0xF3FF, 0xF3FF, 0xF3FF, 0xF3FF, 0xF3FF,
  0xF3FF, 0xF3FF, 0xF3FF, 0xF3FF, 0xF3FF, 0xF3FF, 0xF3FF, 0xF3FF, 0xF3FF, 0xF3FF, 0xF3FF, 0xF3FF, 0xF3FF, 0xF3FF, 0xF3FF, 0xF3FF,
  0xF3FF, 0xF3FF, 0xF3FF, 0xF3FF, 0xF3FF, 0xF3FF, 0xF3FF, 0xF3FF, 0xF3FF, 0xF3FF, 0xF3FF, 0xF3FF, 0xF3FF, 0xF3FF, 0xF3FF, 0xF3FF,
  0xF3FF, 0xF3FF, 0xF3FF, 0xF3FF, 0xF3FF, 0xF3FF, 0xF3FF, 0xF3FF, 0xF3FF, 0xF3FF, 0xF3FF, 0xF3FF, 0xF3FF, 0xF3FF, 0xF3FF, 0xF3FF,
  0xF3FF, 0xF3FF, 0xF3FF, 0xF3FF, 0xF3FF, 0xF3FF, 0xF3FF, 0xF3FF, 0xF3FF, 0xF3FF, 0xF3FF, 0xF3FF, 0xF7FF, 0xF7FF, 0xF7FF, 0xF7FF,
  0xF3FF, 0xF3FF, 0xF3FF, 0xF7FF, 0xF7FF, 0xF7FF, 0xF7FF, 0xF7FF, 0xF3FF, 0xF3FF, 0xF3FF, 0xF3FF, 0xF7FF, 0xF7FF, 0xF7FF, 0xF7FF,
  0xF3FF, 0xF3FF, 0xF7FF, 0xEFFF, 0xE7DF, 0xE3BF, 0xE3BF, 0xEBFF, 0xF7FF, 0xF3FF, 0xF7FF, 0xEFFF, 0xE7DF, 0xE7DF, 0xE7BF, 0xEFFF,
  0xF7FF, 0xF3FF, 0xF3FF, 0xF3FF, 0xE7FF, 0xE7DF, 0xE7DF, 0xE7FF, 0xF3FF, 0xF7FF, 0xEBFF, 0xF798, 0xFFFB, 0xFFFB, 0xFFFB, 0xFFFA,
  0xEBFF, 0xF7FF, 0xEFFF, 0xF777, 0xFFF9, 0xFFF8, 0xFFF9, 0xFFFB, 0xEFFF, 0xF7FF, 0xF3FF, 0xEB9C, 0xFFF9, 0xFFF8, 0xFFF8, 0xFFFB,
  0xF7FF, 0xEBFF, 0xFFF9, 0xFFFF, 0xFFFE, 0xFFFA, 0xFFD6, 0xFFF6, 0xEF78, 0xE3FF, 0xFFD9, 0xFFFF, 0xFFFC, 0xFFF8, 0xFF72, 0xFFFA,
  0xF378, 0xEFFF, 0xEF9B, 0xFFFD, 0xFFFE, 0xFFF9, 0xFFB3, 0xFFF9, 0xE7FF, 0xFFB7, 0xFFFD, 0xFFF9, 0xFFF5, 0xFACE, 0xE3BE, 0xEBFF,
  0xF3FF, 0xEFBC, 0xFFFB, 0xFFF9, 0xFFF5, 0xFAF0, 0xE7DF, 0xF3BC, 0xEFDD, 0xE7FF, 0xFFF9, 0xFFFD, 0xFFF6, 0xFF50, 0xEB37, 0xE7DF,
  0xEFBB, 0xFFFB, 0xFFF7, 0xFFF7, 0xFF2F, 0xE75A, 0xF7FF, 0xF7FF, 0xE77C, 0xFFFB, 0xFFFA, 0xFFF7, 0xFF2F, 0xE359, 0xF7FF, 0xF3FF,
  0xEFFF, 0xFB98, 0xFFFB, 0xFFF7, 0xFFF5, 0xEEAF, 0xEFFF, 0xF7FF, 0xFFFD, 0xFFFB, 0xFFF7, 0xFFF7, 0xFF0E, 0xE739, 0xF7FF, 0xE7FF,
  0xFFF7, 0xFFFB, 0xFFF7, 0xFFF8, 0xFEEE, 0xE39D, 0xF7FF, 0xF7FF, 0xE7DF, 0xFFF9, 0xFFFA, 0xFFF8, 0xFFF4, 0xEE8E, 0xEFFF, 0xF3FF,
  0xFFF8, 0xFFF5, 0xFFF7, 0xFFF7, 0xFFF5, 0xFF31, 0xE2F5, 0xFFD8, 0xFFFC, 0xFFF7, 0xFFF7, 0xFFF8, 0xFFB2, 0xEEF2, 0xE7FF, 0xE7BF,
  0xFF74, 0xFFF8, 0xFF93, 0xFF92, 0xFFF5, 0xFF51, 0xEAD2, 0xE6F5, 0xFFF5, 0xFFF7, 0xFFF7, 0xFFF7, 0xFFF7, 0xFFB3, 0xFF0E, 0xFFB3,
  0xFFF7, 0xFFF7, 0xFFF7, 0xFFF7, 0xFFF7, 0xFFB3, 0xFEEF, 0xFF30, 0xFFF7, 0xFFB3, 0xFFFB, 0xFFFE, 0xFFB4, 0xFFF7, 0xFFB2, 0xFF70,
  0xFFF9, 0xFFF9, 0xFFF8, 0xFFF5, 0xFF72, 0xFFF7, 0xFFFD, 0xFFFC, 0xFFB4, 0xFFD4, 0xFFF6, 0xFFF7, 0xFFF7, 0xFFF8, 0xFFF7, 0xFFF6,
  0xFFB4, 0xFFFB, 0xFFFA, 0xFFFF, 0xFFF8, 0xFFB3, 0xFFF7, 0xFFF7, 0xFFF7, 0xFFF7, 0xFFD4, 0xFFF8, 0xFFFE, 0xFFFC, 0xFF72, 0xFFF6,
  0xFFB4, 0xFFF7, 0xFFF6, 0xFFD4, 0xFFF5, 0xFFF6, 0xFFF6, 0xFF92, 0xFFFA, 0xFFFC, 0xFFB4, 0xFF10, 0xFFD5, 0xFFF9, 0xFFF7, 0xFFF5,
  0xFFF7, 0xFFB4, 0xFFF7, 0xFFFC, 0xFFF7, 0xFFFA, 0xFF31, 0xFFF6, 0xFFD5, 0xFFF7, 0xFFF9, 0xFFFB, 0xFFFA, 0xFFF8, 0xFFF5, 0xFFFC,
  0xFFFB, 0xFFF8, 0xFFF9, 0xFF93, 0xFFF9, 0xFFFB, 0xFFF8, 0xFFFA, 0xFF93, 0xFFF7, 0xFFFD, 0xFFF7, 0xFFF7, 0xFFFB, 0xFFFA, 0xFF93,
  0xFFF6, 0xFFF7, 0xFFF7, 0xFFF6, 0xFF93, 0xFFB4, 0xFFF9, 0xFFF9, 0xFFB3, 0xFFF5, 0xFFF8, 0xFFF9, 0xFFFA, 0xFFFD, 0xFFFA, 0xFFF7,
  0xFFF9, 0xFFF9, 0xFFD4, 0xFF71, 0xFFF5, 0xFFF7, 0xFFFA, 0xFFF7, 0xFF72, 0xFF73, 0xFF72, 0xFFB3, 0xFFF9, 0xFFFD, 0xFFF8, 0xFF71,
  0xFF50, 0xFF50, 0xFF92, 0xFFF9, 0xFFFE, 0xFFFB, 0xFF72, 0xFF93, 0xFFD4, 0xFF92, 0xFF71, 0xFF50, 0xFF50, 0xFFB2, 0xFFF6, 0xFFF9,
  0xFFFA, 0xFFFA, 0xFFFB, 0xFFFB, 0xFFF7, 0xFF91, 0xFF50, 0xFF71, 0xFF71, 0xFF71, 0xFF50, 0xFF71, 0xFFF4, 0xFFF9, 0xFFF9, 0xFFFA,
  0xFF2F, 0xFF50, 0xFF50, 0xFF4F, 0xFF4F, 0xFF4F, 0xFF50, 0xFF91, 0xFF71, 0xFF91, 0xFF91, 0xFF4F, 0xFF2F, 0xFF4F, 0xFF4F, 0xFF50,
  0xFF4F, 0xFF4F, 0xFF50, 0xFF4F, 0xFF4F, 0xFF4F, 0xFF4F, 0xFF4F, 0xFBFF, 0xFBFF, 0xFBFF, 0xFBFF, 0xFBFF, 0xFBFF, 0xFBFF, 0xFBFF,
  0xFBFF, 0xFBFF, 0xFBFF, 0xFBFF, 0xFBFF, 0xFBFF, 0xFBFF, 0xFBFF, 0xFBFF, 0xFBFF, 0xFBFF, 0xFBFF, 0xFBFF, 0xFBFF, 0xFBFF, 0xFBFF,
  0xF3FF, 0xF3FF, 0xF3FF, 0xF3FF, 0xF3FF, 0xF3FF, 0xF3FF, 0xF3FF, 0xF3FF, 0xF3FF, 0xF3FF, 0xF3FF, 0xF3FF, 0xF3FF, 0xF3FF, 0xF3FF,
  0xF3FF, 0xF3FF, 0xF3FF, 0xF3FF, 0xF3FF, 0xF3FF, 0xF3FF, 0xF3FF, 0xF3FF, 0xF3FF, 0xF3FF, 0xF3FF, 0xF3FF, 0xF3FF, 0xF3FF, 0xF3FF,
  0xF3FF, 0xF3FF, 0xF3FF, 0xF3FF, 0xF3FF, 0xF3FF, 0xF3FF, 0xF3FF, 0xF3FF, 0xF3FF, 0xF3FF, 0xF7FF, 0xF3FF, 0xF3FF, 0xF3FF, 0xF3FF,
};
#define assets_icon_e6_W 24
#define assets_icon_e6_H 24

static const unsigned short assets_icon_e7[576] = {
  0xCAD9, 0xC296, 0xC6B7, 0xC6B7, 0xC6B7, 0xC6B7, 0xC6B7, 0xC6B7, 0xC6B7, 0xC6B7, 0xC6B7, 0xC6B7, 0xC6B7, 0xC6B7, 0xC6B7, 0xC6B7,
  0xC6B7, 0xC6B7, 0xC6B7, 0xC6B7, 0xC6B7, 0xC6B7, 0xC6B7, 0xC276, 0xC275, 0xEBFF, 0xEFFF, 0xEBFF, 0xEBFF, 0xEBFF, 0xEBFF, 0xEBFF,
  0xEBFF, 0xEBFF, 0xEBFF, 0xEBFF, 0xEBFF, 0xEBFF, 0xEBFF, 0xEBFF, 0xEBFF, 0xEBFF, 0xEBFF, 0xEBFF, 0xEBFF, 0xEBFF, 0xEFFF, 0xDFDF,
  0xC6B7, 0xEFFF, 0xF3FF, 0xF3FF, 0xF3FF, 0xF3FF, 0xF3FF, 0xF3FF, 0xF3FF, 0xF3FF, 0xF3FF, 0xF3FF, 0xF3FF, 0xF3FF, 0xF3FF, 0xF3FF,
  0xF3FF, 0xF3FF, 0xF3FF, 0xF3FF, 0xF3FF, 0xF3FF, 0xF7FF, 0xE3FF, 0xC697, 0xEFFF, 0xEFFF, 0xEFFF, 0xEFFF, 0xEFFF, 0xEFFF, 0xEFFF,
  0xEFFF, 0xEFFF, 0xEFFF, 0xEFFF, 0xEFFF, 0xEFFF, 0xEFFF, 0xEFFF, 0xEFFF, 0xEFFF, 0xEFFF, 0xEFFF, 0xEFFF, 0xEFFF, 0xF3FF, 0xE3FF,
  0xC697, 0xEFFF, 0xEFFF, 0xEFFF, 0xEFFF, 0xEFFF, 0xEFFF, 0xEFFF, 0xEFFF, 0xF3FF, 0xF7FF, 0xF7FF, 0xF7FF, 0xF7FF, 0xF7FF, 0xF3FF,
  0xEFFF, 0xEFFF, 0xEFFF, 0xEFFF, 0xEFFF, 0xEFFF, 0xF3FF, 0xE3FF, 0xC697, 0xEFFF, 0xEFFF, 0xEFFF, 0xEFFF, 0xEFFF, 0xEFFF, 0xF3FF,
  0xF3FF, 0xEBFF, 0xCF1B, 0xCAF9, 0xCAF9, 0xCAF9, 0xCF1B, 0xEBFF, 0xF3FF, 0xF3FF, 0xEFFF, 0xEFFF, 0xEFFF, 0xEFFF, 0xF3FF, 0xE3FF,
  0xC297, 0xEFFF, 0xEFFF, 0xEFFF, 0xEFFF, 0xEFFF, 0xF3FF, 0xDFFF, 0xBE74, 0xA9D0, 0xAA93, 0xAA6F, 0xA651, 0xAA96, 0xAA92, 0xA5CC,
  0xBA53, 0xE7FF, 0xF7FF, 0xEFFF, 0xF3FF, 0xF3FF, 0xF3FF, 0xE3FF, 0xC297, 0xEFFF, 0xEFFF, 0xEFFF, 0xEFFF, 0xF7FF, 0xCAD9, 0xA148,
  0xA5EC, 0xAF15, 0xB2F3, 0xB292, 0xB336, 0xB2F5, 0xAEB1, 0xAEF6, 0xAA95, 0xAE0D, 0xCF1B, 0xEBFF, 0xDFFF, 0xE3FF, 0xF7FF, 0xE3FF,
  0xC697, 0xEFFF, 0xEFFF, 0xEFFF, 0xF7FF, 0xC6B8, 0xA167, 0xB2D1, 0xB2F4, 0xB26D, 0xB2D2, 0xB313, 0xB28D, 0xB2D1, 0xAEB3, 0xAE90,
  0xB2F1, 0xB2B1, 0xA128, 0xB1D0, 0xB231, 0xA9AE, 0xD79F, 0xE7FF, 0xC697, 0xEFFF, 0xEFFF, 0xF7FF, 0xCAD9, 0x9D66, 0xAE4E, 0xAA97,
  0xB333, 0xAE92, 0xAF19, 0xAEF3, 0xB2F2, 0xAEFA, 0xB377, 0xB2F0, 0xB24F, 0xA9EF, 0xA96C, 0xB274, 0xBA52, 0xCBDE, 0xBEB7, 0xCEFA,
  0xC697, 0xEFFF, 0xF7FF, 0xCB1A, 0x9CE5, 0xB26B, 0xAE8E, 0xAF15, 0xAE4C, 0xAA74, 0xAADA, 0xAED1, 0xAE70, 0xAF37, 0xB2EF, 0xAE4D,
  0xAEB5, 0xA528, 0xBF19, 0xBEFA, 0xB231, 0xCB9E, 0xBEB7, 0xC275, 0xC297, 0xEFFF, 0xD35D, 0x9CE7, 0xAE2D, 0xA9AB, 0xB24B, 0xB6CB,
  0xAE0C, 0xB30F, 0xB331, 0xB2CE, 0xB24D, 0xB2AC, 0xAE6E, 0xB2B4, 0xA54C, 0xAE4D, 0xCBFF, 0xD3FF, 0xCB7E, 0xBED7, 0xBA54, 0xDBDF,
  0xC296, 0xEFFF, 0xC295, 0xA567, 0xA128, 0xAE52, 0xB250, 0xAE0E, 0xAE2E, 0xAE0A, 0xAE2B, 0xAE0B, 0xA98B, 0xB2B2, 0xA9EF, 0xA58A,
  0xA525, 0xB28E, 0xB2B1, 0xB272, 0xB271, 0xBA31, 0xF3FF, 0xE3FF, 0xC296, 0xEFFF, 0xDFFF, 0xA96A, 0xAE0E, 0xA9AB, 0xA58C, 0xB2B5,
  0xAE71, 0xAE92, 0xAE71, 0xAEB3, 0xAE91, 0xA9EF, 0xA106, 0xB28C, 0xBB35, 0xA589, 0x9CA5, 0xA0E2, 0xAA0C, 0xB1F2, 0xEFFF, 0xE3FF,
  0xC2B7, 0xEFFF, 0xB1CF, 0xBAB7, 0xC35C, 0xADEE, 0x98C6, 0x9CE8, 0xA54A, 0xADF0, 0xA9CE, 0xA9EF, 0xB230, 0xB22E, 0xA145, 0xB6F1,
  0xC37E, 0xB673, 0xC2DB, 0xBEB9, 0xB655, 0xC33E, 0xEBFF, 0xE3FF, 0xC297, 0xEFFF, 0xC2B8, 0xA9CF, 0xA9AF, 0xBA77, 0xD3FF, 0xC77F,
  0xB678, 0xA9AF, 0xA58D, 0xA9CF, 0xAE31, 0xA54A, 0xB271, 0xBB39, 0xC37F, 0xB234, 0xC31F, 0xCFFF, 0xCFFF, 0xD3FF, 0xEBFF, 0xDFFF,
  0xC697, 0xEFFF, 0xEBFF, 0xDFFF, 0xE7FF, 0xDFFF, 0xE3FF, 0xEBFF, 0xDFFF, 0xD3FF, 0xD7FF, 0xCFBF, 0xB1F3, 0xAE10, 0xBAD8, 0xBF3B,
  0xBAD7, 0xB213, 0xD3FF, 0xD3FF, 0xCFDF, 0xCFDF, 0xEFFF, 0xE7FF, 0xC297, 0xEFFF, 0xEFFF, 0xEBFF, 0xE3FF, 0xFFFF, 0xFBFF, 0xE3FF,
  0xEFFF, 0xF3FF, 0xE7FF, 0xB1AE, 0xB674, 0xC35D, 0xC33C, 0xB231, 0xA9D1, 0xCB9F, 0xE7FF, 0xEFFF, 0xEFFF, 0xEFFF, 0xF3FF, 0xE3FF,
  0xC6B7, 0xE7FF, 0xD35E, 0xFFFF, 0xDF9F, 0xFBFF, 0xF7FF, 0xD73D, 0xEFFF, 0xEFFF, 0xAD8D, 0xA5AD, 0xBAD8, 0xBAD8, 0xAE11, 0xADD1,
  0xCFBF, 0xE3FF, 0xEFFF, 0xEFFF, 0xEFFF, 0xEFFF, 0xF3FF, 0xE3FF, 0xC297, 0xDFBF, 0xFFFF, 0xE7DF, 0xFFFF, 0xFFFF, 0xD31C, 0xFFFF,
  0xFBFF, 0xD7FF, 0xCF7F, 0xB234, 0xB1F2, 0xADF2, 0xCB5F, 0xE7FF, 0xF3FF, 0xEFFF, 0xEFFF, 0xEFFF, 0xEFFF, 0xEFFF, 0xF3FF, 0xE3FF,
  0xC2B7, 0xD79F, 0xFFFF, 0xEFFF, 0xFFFF, 0xF7FF, 0xF7FF, 0xFFFF, 0xDF7E, 0xE7FF, 0xE7FF, 0xEFFF, 0xEFFF, 0xEFFF, 0xF3FF, 0xF3FF,
  0xEFFF, 0xEFFF, 0xEFFF, 0xEFFF, 0xEFFF, 0xEFFF, 0xF3FF, 0xE3FF, 0xC6B7, 0xE3FF, 0xD75F, 0xFFFF, 0xDB7F, 0xFFFF, 0xFFFF, 0xCAFC,
  0xFFFF, 0xFFFF, 0xDBFF, 0xF3FF, 0xEFFF, 0xF3FF, 0xEFFF, 0xEFFF, 0xEFFF, 0xEFFF, 0xEFFF, 0xEFFF, 0xEFFF, 0xEFFF, 0xF3FF, 0xE3FF,
  0xC297, 0xEFFF, 0xDBFF, 0xDFBF, 0xD7BF, 0xFFFF, 0xF3FF, 0xCB9F, 0xE3FF, 0xDBFF, 0xEFFF, 0xF7FF, 0xE7FF, 0xE3FF, 0xEFFF, 0xF3FF,
  0xF3FF, 0xF3FF, 0xF3FF, 0xF3FF, 0xF3FF, 0xF3FF, 0xF3FF, 0xE3FF, 0xC275, 0xE3FF, 0xE7FF, 0xDFFF, 0xE7FF, 0xD37F, 0xD79F, 0xE7FF,
  0xDFFF, 0xE3FF, 0xE7FF, 0xE7FF, 0xE7FF, 0xDFFF, 0xDFFF, 0xE7FF, 0xE7FF, 0xE7FF, 0xE7FF, 0xE7FF, 0xE7FF, 0xE7FF, 0xE7FF, 0xDBBF,
};
#define assets_icon_e7_W 24
#define assets_icon_e7_H 24

static const unsigned short assets_icon_e8[576] = {
  0xC6B7, 0xC6B7, 0xC6B7, 0xC6B7, 0xC6B7, 0xC6B7, 0xC6B7, 0xC6B7, 0xC6B7, 0xC6B7, 0xC6B8, 0xC6B7, 0xC6B7, 0xC6B7, 0xC6B7, 0xC6B7,
  0xC6B7, 0xC6B7, 0xC6B7, 0xC6B7, 0xC6B7, 0xC6B7, 0xC6B7, 0xC6B7, 0xEBFF, 0xEBFF, 0xEBFF, 0xEBFF, 0xEBFF, 0xEBFF, 0xEBFF, 0xEBFF,
  0xEBFF, 0xEBFF, 0xE7FF, 0xE7FF, 0xEBFF, 0xEBFF, 0xEBFF, 0xEBFF, 0xEBFF, 0xEBFF, 0xEBFF, 0xEBFF, 0xEBFF, 0xEBFF, 0xEBFF, 0xEBFF,
  0xF3FF, 0xF3FF, 0xF3FF, 0xF3FF, 0xF3FF, 0xF3FF, 0xF3FF, 0xF3FF, 0xF3FF, 0xFBFF, 0xCF3E, 0xEBFF, 0xF7FF, 0xF3FF, 0xF3FF, 0xF3FF,
  0xF3FF, 0xF3FF, 0xF3FF, 0xF3FF, 0xF3FF, 0xF3FF, 0xF3FF, 0xF3FF, 0xEFFF, 0xEFFF, 0xEFFF, 0xEFFF, 0xEFFF, 0xEFFF, 0xEFFF, 0xEFFF,
  0xEBFF, 0xD79F, 0xADD2, 0xCAFB, 0xE7FF, 0xF3FF, 0xF3FF, 0xDBDF, 0xF3FF, 0xEFFF, 0xEFFF, 0xEFFF, 0xEFFF, 0xEFFF, 0xEFFF, 0xEFFF,
  0xEFFF, 0xEFFF, 0xEFFF, 0xEFFF, 0xEFFF, 0xEFFF, 0xEFFF, 0xF7FF, 0xE3FF, 0xD6F9, 0xFFFF, 0xF3DF, 0xCEFA, 0xEFFF, 0xE3FF, 0xBA77,
  0xE7FF, 0xEFFF, 0xEFFF, 0xEFFF, 0xEFFF, 0xEFFF, 0xEFFF, 0xEFFF, 0xEFFF, 0xEFFF, 0xEFFF, 0xEFFF, 0xEFFF, 0xEFFF, 0xEFFF, 0xEFFF,
  0xEBFF, 0xDF5C, 0xFFFF, 0xFFFF, 0xE79E, 0xC6D9, 0xDB1A, 0xD2B7, 0xD2D8, 0xE3FF, 0xF3FF, 0xEFFF, 0xEFFF, 0xEFFF, 0xEFFF, 0xEFFF,
  0xEFFF, 0xEFFF, 0xEFFF, 0xEFFF, 0xEFFF, 0xEFFF, 0xEFFF, 0xD7BF, 0xD7BF, 0xCEB6, 0xD6D8, 0xE33B, 0xD2F9, 0xD7BF, 0xFFFF, 0xFFFF,
  0xFFFF, 0xD33B, 0xEFFF, 0xEFFF, 0xEFFF, 0xEFFF, 0xEFFF, 0xEFFF, 0xEFFF, 0xEFFF, 0xEFFF, 0xEFFF, 0xEFFF, 0xF3FF, 0xF3FF, 0xCF3D,
  0xC277, 0xB9F1, 0xB5D1, 0xC275, 0xBE33, 0xD75E, 0xCEB7, 0xD6F9, 0xDAF8, 0xCED8, 0xF3FF, 0xF3FF, 0xEFFF, 0xEFFF, 0xEFFF, 0xEFFF,
  0xEFFF, 0xEFFF, 0xEFFF, 0xEFFF, 0xF3FF, 0xE7FF, 0xCF5F, 0xB1D3, 0xCAD9, 0xFFFF, 0xFFFF, 0xFFFF, 0xF7FF, 0xBE12, 0xD2F9, 0xC255,
  0xC676, 0xD295, 0xDBBF, 0xF3FF, 0xEFFF, 0xEFFF, 0xEFFF, 0xEFFF, 0xEFFF, 0xEFFF, 0xEFFF, 0xEFFF, 0xF7FF, 0xD35D, 0xE75B, 0xF7FF,
  0xCA74, 0xFFFF, 0xFFFF, 0xFFFF, 0xFFFF, 0xDF3A, 0xFFFF, 0xFFFF, 0xEF9D, 0xDF19, 0xDF5C, 0xE3FF, 0xF3FF, 0xEFFF, 0xEFFF, 0xEFFF,
  0xEFFF, 0xEFFF, 0xEFFF, 0xF3FF, 0xD79F, 0xC277, 0xFFFF, 0xFFFF, 0xDF19, 0xFFFF, 0xFFFF, 0xFFFF, 0xFFFF, 0xDF3A, 0xFFFF, 0xFFFF,
  0xF3FF, 0xAD6D, 0xEFBE, 0xEFDF, 0xE7FF, 0xF3FF, 0xEFFF, 0xEFFF, 0xEFFF, 0xEFFF, 0xEFFF, 0xF3FF, 0xDB7E, 0xCE74, 0xE77C, 0xDAF9,
  0xD2B6, 0xE37D, 0xBA13, 0xD73B, 0xD71A, 0xE77B, 0xFFFF, 0xFFFF, 0xEF9D, 0xE33A, 0xE75B, 0xFFFF, 0xD33D, 0xEBFF, 0xF3FF, 0xEFFF,
  0xEFFF, 0xEFFF, 0xEFFF, 0xF3FF, 0xDB9F, 0xEF9C, 0xD6F8, 0xAD8E, 0xB5D0, 0xCF1C, 0xADB0, 0xCF3D, 0xBE35, 0xC633, 0xC6B8, 0xBA13,
  0xC676, 0xFBFF, 0xEB7C, 0xFFFF, 0xFFFF, 0xDF9F, 0xF3FF, 0xEFFF, 0xF3FF, 0xEFFF, 0xF3FF, 0xEFFF, 0xDF7E, 0xFFFF, 0xFFFF, 0xBDF1,
  0xFFFF, 0xFFFF, 0xFFFF, 0xF7FF, 0xC211, 0xDB19, 0xEFDF, 0xE77D, 0xD2D8, 0xDF3A, 0xEB9D, 0xEFBE, 0xFFFF, 0xDAF9, 0xE3FF, 0xF7FF,
  0xFFFF, 0xFFFF, 0xFFFF, 0xF7FF, 0xEFBE, 0xFFFF, 0xFFFF, 0xC633, 0xEFBF, 0xFFFF, 0xFFFF, 0xFFFF, 0xF3FF, 0xFFFF, 0xFFFF, 0xFFFF,
  0xFFFF, 0xEF9D, 0xFFFF, 0xC632, 0xDF5C, 0xE39D, 0xC696, 0xFBFF, 0xFFFF, 0xFFFF, 0xFFFF, 0xEB9D, 0xD6D7, 0xE75A, 0xEF7C, 0xCEB7,
  0xDF5C, 0xFFFF, 0xFFFF, 0xFFFF, 0xF7FF, 0xEF9D, 0xFFFF, 0xFFFF, 0xFFFF, 0xCE75, 0xDF19, 0xD2B6, 0xC235, 0xD2F9, 0xDF3A, 0xFFFF,
  0xFFFF, 0xFFFF, 0xFFFF, 0xFFFF, 0xCE73, 0xC255, 0xBA56, 0xA96D, 0xE77C, 0xFFFF, 0xEB9D, 0xDF3A, 0xD2B6, 0xEFBE, 0xDF1A, 0xD2B7,
  0xC633, 0xD6D7, 0xD296, 0xA92C, 0xAD6D, 0xFFFF, 0xFFFF, 0xFFFF, 0xFFFF, 0xFFFF, 0xFFFF, 0xFFFF, 0xA52D, 0x9D2F, 0xA94E, 0xA0C8,
  0xB58E, 0xB9D0, 0xA54E, 0xFFFF, 0xD6B5, 0xB5CF, 0xBA12, 0xB5F3, 0xB5D1, 0xB5F3, 0xA12D, 0xDAD6, 0xFFFF, 0xFFFF, 0xFFFF, 0xFFFF,
  0xFFFF, 0xFFFF, 0xFFFF, 0xFFFF, 0xBE12, 0xA9B4, 0xADF6, 0xA991, 0xA14E, 0xA570, 0xA9B1, 0xC255, 0xB5F3, 0xA9F6, 0xA9D5, 0xADF6,
  0xA9D5, 0x98CC, 0xE35C, 0xFFFF, 0xFFFF, 0xFFFF, 0xFFFF, 0xFFFF, 0xFFFE, 0xFFFE, 0xFFFF, 0xFFFF, 0xFFFA, 0xA10C, 0xA593, 0xA9D6,
  0xAE18, 0xAE18, 0xA9F8, 0xA5B5, 0xA9F7, 0xAE18, 0xAA18, 0xA9D6, 0x9D30, 0xA94C, 0xFFFD, 0xFFFF, 0xFFFF, 0xFFFF, 0xFFFF, 0xFFFF,
  0xFF94, 0xFFB5, 0xFFB5, 0xFF74, 0xFFD6, 0xE2D2, 0xA10C, 0xAD91, 0xA991, 0xA970, 0xAD92, 0xADB2, 0xAD91, 0xAD92, 0xB190, 0xCA32,
  0xA52D, 0xDE91, 0xFFB4, 0xFF94, 0xFFB5, 0xFFD6, 0xFF94, 0xFF94, 0xFB31, 0xFB11, 0xF711, 0xFB31, 0xFF32, 0xFB31, 0xEECF, 0xEAAE,
  0xE68E, 0xEAAF, 0xF711, 0xF2D0, 0xEEAF, 0xEED0, 0xEAAE, 0xF6F0, 0xF711, 0xF6EF, 0xF2AE, 0xF2AE, 0xF6F0, 0xFB11, 0xFB11, 0xFB11,
  0xF2CE, 0xF2AE, 0xEEAD, 0xF6EF, 0xFF31, 0xFF52, 0xF6F0, 0xEE8D, 0xEEAE, 0xFB11, 0xF2CE, 0xF2CE, 0xF6EF, 0xF2AE, 0xEE8D, 0xEA6C,
  0xEE8D, 0xF6EF, 0xFB31, 0xFB11, 0xF2CE, 0xEA6C, 0xF2AE, 0xF6F0, 0xE24B, 0xE24C, 0xE24C, 0xDE2B, 0xE24C, 0xE66D, 0xEAAE, 0xE24C,
  0xDE2B, 0xDE2B, 0xDE2B, 0xE24C, 0xE24C, 0xE24C, 0xE24B, 0xE22B, 0xE24C, 0xE24C, 0xE26C, 0xE26C, 0xE24C, 0xE24C, 0xE22B, 0xE22B,
};
#define assets_icon_e8_W 24
#define assets_icon_e8_H 24

static const unsigned short assets_icon_e9[576] = {
  0xC275, 0xC6B7, 0xC6B7, 0xC6B7, 0xC6B7, 0xC6B7, 0xC6B7, 0xC6B7, 0xC6B7, 0xC6B7, 0xC6B7, 0xC697, 0xC697, 0xC697, 0xC697, 0xC6B7,
  0xC6B7, 0xC6B7, 0xC6B7, 0xC6B7, 0xC6B7, 0xC6B7, 0xC275, 0xDFDF, 0xD77E, 0xEFFF, 0xEBFF, 0xEBFF, 0xEBFF, 0xEBFF, 0xEBFF, 0xEBFF,
  0xEBFF, 0xEFFF, 0xEBFF, 0xEFFF, 0xEFFF, 0xEFFF, 0xEBFF, 0xEBFF, 0xEFFF, 0xEBFF, 0xEBFF, 0xEBFF, 0xEBFF, 0xEFFF, 0xD79F, 0xD33C,
  0xDBBF, 0xF7FF, 0xEFFF, 0xF3FF, 0xF3FF, 0xF3FF, 0xF3FF, 0xF3FF, 0xF3FF, 0xEBFF, 0xEBFF, 0xE3DF, 0xE3DF, 0xE3DF, 0xE7FF, 0xEFFF,
  0xEFFF, 0xF3FF, 0xF3FF, 0xF3FF, 0xF3FF, 0xF7FF, 0xDFFF, 0xD33C, 0xDBBF, 0xF3FF, 0xEFFF, 0xEFFF, 0xEFFF, 0xF3FF, 0xF3FF, 0xEBFF,
  0xE79A, 0xF376, 0xFFD7, 0xFFFD, 0xFFFF, 0xFFFE, 0xFFFD, 0xFFD9, 0xF796, 0xE79B, 0xEFFF, 0xF3FF, 0xEFFF, 0xF7FF, 0xDBDF, 0xD33C,
  0xDBBF, 0xF3FF, 0xEFFF, 0xEFFF, 0xF3FF, 0xEFFF, 0xE3BE, 0xFFB5, 0xFFFF, 0xFFFF, 0xFFFF, 0xFFFF, 0xFFFF, 0xFFFF, 0xFFFE, 0xFFFF,
  0xFFFF, 0xFFFE, 0xF7DB, 0xEFFF, 0xFBFF, 0xF3FF, 0xDFDF, 0xD33C, 0xDBBF, 0xF3FF, 0xEFFF, 0xF3FF, 0xEFFF, 0xEF76, 0xFFF8, 0xFFFF,
  0xFFFF, 0xFFFF, 0xFFFF, 0xFFFF, 0xFFFE, 0xFFFD, 0xFFFF, 0xFFF9, 0xFFFF, 0xFFFE, 0xD62B, 0xE3FF, 0xFBFF, 0xF7FF, 0xDFDF, 0xD33C,
  0xDBBF, 0xF3FF, 0xEFFF, 0xEFFF, 0xF798, 0xFFFF, 0xFFFF, 0xFFFF, 0xFFF9, 0xFFFC, 0xFFFF, 0xFFF7, 0xFFFF, 0xFF92, 0xFF94, 0xFFFF,
  0xFFFF, 0xFFFF, 0xFFFB, 0xFFFB, 0xFFFC, 0xEFFF, 0xDFDF, 0xD33C, 0xDBBF, 0xF7FF, 0xEFFF, 0xEB55, 0xFFFF, 0xFFFF, 0xFFFF, 0xFFFF,
  0xFFFB, 0xE5E4, 0xFAED, 0xFFF9, 0xF6CE, 0xFF32, 0xE605, 0xFF72, 0xFFFF, 0xFFFD, 0xFFFF, 0xFFFF, 0xFB31, 0xEBFF, 0xDFFF, 0xD33C,
  0xDBBF, 0xF7FF, 0xE3BD, 0xFFF9, 0xFFFF, 0xFFFF, 0xFFFF, 0xFFB2, 0xFFFD, 0xF6CE, 0xE5E4, 0xEE6B, 0xDDA3, 0xF288, 0xE626, 0xE1C3,
  0xFFF5, 0xFFFF, 0xFFFD, 0xFFFF, 0xF796, 0xFBFF, 0xDFDF, 0xCF3C, 0xDBDF, 0xEBFF, 0xFFF7, 0xFFFF, 0xFFFF, 0xFFFF, 0xE206, 0xE1A2,
  0xEE89, 0xE627, 0xF6A8, 0xE1C3, 0xFAEA, 0xDDE6, 0xF267, 0xFF2C, 0xEEF0, 0xFFD6, 0xFFFA, 0xFFFE, 0xFFFF, 0xE7BD, 0xDFFF, 0xD33C,
  0xC9EB, 0xFFF9, 0xFFFF, 0xFFFF, 0xFFFF, 0xFFFF, 0xE228, 0xE1A2, 0xEE46, 0xEE67, 0xEA47, 0xF689, 0xF289, 0xEE46, 0xFF4C, 0xE7DF,
  0xEFFF, 0xE37A, 0xEF56, 0xF710, 0xFFB6, 0xEFFF, 0xDFFF, 0xCF3C, 0xFFD8, 0xFFFF, 0xFFFF, 0xFFFD, 0xFFFF, 0xFFFF, 0xFFFF, 0xFB11,
  0xFF31, 0xFF2F, 0xD982, 0xFAEA, 0xE627, 0xFF0A, 0xEF75, 0xEFFF, 0xEFFF, 0xEFFF, 0xF3FF, 0xE3BE, 0xEFBA, 0xFFFF, 0xDBBF, 0xD33C,
  0xFFFF, 0xFFFF, 0xFFFC, 0xFFFC, 0xFFFF, 0xFFFF, 0xFFFF, 0xFFFF, 0xFFFF, 0xEEAC, 0xEE6A, 0xFF71, 0xEE46, 0xFAC8, 0xE7BD, 0xF3FF,
  0xEFFF, 0xEFFF, 0xF7FF, 0xFFFF, 0xEFFF, 0xF7FF, 0xDBDF, 0xD33C, 0xFFFE, 0xFFFF, 0xFFFB, 0xFFF8, 0xFFFF, 0xFFFF, 0xFFFF, 0xFFFC,
  0xFFFE, 0xFFFF, 0xFFFF, 0xFFD7, 0xF6AB, 0xFAC8, 0xE7BC, 0xEFFF, 0xEFFF, 0xEFFF, 0xEFFF, 0xF3FF, 0xEFFF, 0xF3FF, 0xDBDF, 0xD33C,
  0xFFFC, 0xFFFF, 0xFFFE, 0xFFF8, 0xFFB1, 0xFFFB, 0xFFFE, 0xFFFF, 0xFFFA, 0xEA4A, 0xFFFF, 0xFFF6, 0xE1E5, 0xF687, 0xEF10, 0xEBFF,
  0xF3FF, 0xEFFF, 0xEFFF, 0xEFFF, 0xEFFF, 0xF3FF, 0xDBDF, 0xD33C, 0xFFFA, 0xFF0E, 0xFFFE, 0xFFD6, 0xD562, 0xFFFC, 0xFF95, 0xFB10,
  0xFFF7, 0xEE69, 0xF6CD, 0xF28B, 0xDDC3, 0xF288, 0xFF0B, 0xE79B, 0xEFFF, 0xF3FF, 0xF3FF, 0xEFFF, 0xEFFF, 0xF7FF, 0xDFDF, 0xD33C,
  0xFB55, 0xD983, 0xF28A, 0xFF70, 0xEE68, 0xFF51, 0xEA26, 0xD982, 0xEA26, 0xFFB0, 0xEE69, 0xEA46, 0xF289, 0xEE25, 0xFF6D, 0xFF6E,
  0xEF53, 0xE7DF, 0xE7FF, 0xEFFF, 0xEBFF, 0xF3FF, 0xD77E, 0xCF3C, 0xFF94, 0xFAA9, 0xEA04, 0xFF0B, 0xEE47, 0xD121, 0xFEEA, 0xFAA8,
  0xDDA4, 0xF288, 0xFF4E, 0xF267, 0xFF2C, 0xF689, 0xFF2C, 0xFFF1, 0xFFF0, 0xFFB0, 0xFF71, 0xF375, 0xF775, 0xFBB6, 0xE6AE, 0xD33C,
  0xF6ED, 0xFFD3, 0xD562, 0xFEE9, 0xFAA9, 0xDD83, 0xDDC4, 0xFF8E, 0xEA26, 0xE5C4, 0xFF2C, 0xFF4E, 0xEE47, 0xFAEB, 0xF289, 0xFAC9,
  0xFF6D, 0xFFEF, 0xFFF0, 0xFFF2, 0xFFF3, 0xFFF4, 0xF6EC, 0xCF3C, 0xD1A5, 0xFFF9, 0xFF10, 0xE5E3, 0xF667, 0xF288, 0xE1E6, 0xF288,
  0xFF8E, 0xF666, 0xEE46, 0xFFB0, 0xFF6F, 0xFEEA, 0xFF2D, 0xF6CA, 0xEA26, 0xF288, 0xFF4D, 0xFFD1, 0xFF90, 0xFF2C, 0xE226, 0xD33C,
  0xD5A4, 0xFEEB, 0xFFF9, 0xF6EE, 0xF289, 0xFAED, 0xF688, 0xE1A4, 0xE607, 0xFFF2, 0xFFAF, 0xF245, 0xFF6D, 0xFFF2, 0xF288, 0xFF0C,
  0xFF2D, 0xFEEC, 0xF6AA, 0xF2AA, 0xF6CA, 0xF688, 0xD9C5, 0xCF3D, 0xDDE6, 0xE605, 0xEE26, 0xFFF2, 0xFFF5, 0xFFFF, 0xF2AD, 0xDDA3,
  0xD962, 0xEA48, 0xFFF4, 0xFF4E, 0xE605, 0xF267, 0xFEEA, 0xFF4D, 0xFF8F, 0xFF6E, 0xFF2D, 0xFF4D, 0xFF4E, 0xFF8F, 0xEE8A, 0xD33D,
  0xDDE6, 0xFAA8, 0xF246, 0xE9E4, 0xFAA9, 0xFF8E, 0xFFFB, 0xFFF8, 0xEE28, 0xE5E4, 0xDDA3, 0xEE69, 0xFAEC, 0xF689, 0xEE25, 0xEE46,
  0xF6A9, 0xFF2C, 0xFFD0, 0xFF8E, 0xFF8E, 0xFFAE, 0xF6CB, 0xD35D, 0xD5C6, 0xEE47, 0xEE47, 0xEA27, 0xE626, 0xE626, 0xF6CA, 0xFFF6,
  0xFFF8, 0xEA8C, 0xD584, 0xD9A4, 0xE206, 0xF6ED, 0xF6CD, 0xEE8B, 0xD163, 0xDDC4, 0xEA47, 0xEE69, 0xEA69, 0xF289, 0xE249, 0xD35D,
};
#define assets_icon_e9_W 24
#define assets_icon_e9_H 24

static const unsigned short assets_icon_e10[576] = {
  0xD39F, 0xFA8A, 0xFFAF, 0xFF6D, 0xFF8D, 0xFF8D, 0xFF8D, 0xFF8D, 0xFF8D, 0xFF8D, 0xFF8D, 0xFF6E, 0xFF8E, 0xFF8D, 0xFF8D, 0xFF6E,
  0xFF8D, 0xFF8D, 0xFF8D, 0xFF8D, 0xFF8D, 0xFF6D, 0xFF8E, 0xFF0C, 0xD39F, 0xFF0B, 0xFFF0, 0xFFEF, 0xFFEF, 0xFFEF, 0xFFEF, 0xFFEF,
  0xFFEF, 0xFFEF, 0xFFEE, 0xFFF1, 0xFFB7, 0xFFEE, 0xFFEF, 0xFFEE, 0xFFEF, 0xFFEF, 0xFFEF, 0xFFEF, 0xFFEF, 0xFFEF, 0xFFF0, 0xFF6E,
  0xD39F, 0xFEEB, 0xFFF0, 0xFFEF, 0xFFEE, 0xFFEF, 0xFFEF, 0xFFEF, 0xEF7A, 0xFFCF, 0xFFED, 0xFFD6, 0xCBBF, 0xFFEF, 0xFFEE, 0xFFD2,
  0xDF7C, 0xFFEE, 0xFFEF, 0xFFEE, 0xFFEE, 0xFFEE, 0xFFEF, 0xFF4D, 0xD39F, 0xFEEB, 0xFFF0, 0xFFEF, 0xFFF0, 0xFFEE, 0xFFEE, 0xFFEE,
  0xBF9F, 0xDFFF, 0xFFEC, 0xEFDB, 0xA7FF, 0xFFD0, 0xFFED, 0xCBFF, 0xB3BF, 0xFFEE, 0xFFED, 0xFFEF, 0xFFF0, 0xFFEE, 0xFFEF, 0xFF6D,
  0xD39F, 0xFEEB, 0xFFF0, 0xFFED, 0xFB98, 0xD79F, 0xFFEF, 0xFFEC, 0xF3DB, 0x9FFF, 0xFF91, 0xF7FD, 0x9FFF, 0xFF93, 0xFFD8, 0x97FF,
  0xE7BC, 0xFFEC, 0xFFD6, 0xC75F, 0xFFF0, 0xFFEE, 0xFFEF, 0xFF6D, 0xD39F, 0xFEEB, 0xFFF0, 0xFFEF, 0xFFCE, 0xBFBF, 0xC3FF, 0xFFD0,
  0xFF72, 0x97FF, 0xCFFF, 0xCFFF, 0xA7FF, 0xCB7F, 0xC3FF, 0xABFF, 0xFF8D, 0xFFF8, 0x9BFF, 0xE79B, 0xFFED, 0xFFEF, 0xFFEF, 0xFF6D,
  0xD79F, 0xFEEB, 0xFFEF, 0xFFEE, 0xFFED, 0xFFB2, 0xA3FF, 0xB7FF, 0xCFDF, 0xA3FF, 0x9BFF, 0x975F, 0x979F, 0x935F, 0xA3FF, 0xBBBF,
  0xE7FF, 0x97FF, 0xCFBF, 0xFFEE, 0xFFEE, 0xFFEE, 0xFFEF, 0xFF6D, 0xD37F, 0xFF0C, 0xFFF3, 0xFBB9, 0xFFF9, 0xFFEF, 0xFB98, 0x9BFF,
  0xAFFF, 0x9BBF, 0xAFFF, 0xC3FF, 0xC3FF, 0xA3FF, 0x97FF, 0x9B9F, 0xA7FF, 0xAFFF, 0xFFCF, 0xFFEF, 0xFFF5, 0xFFB8, 0xFFF1, 0xFF8F,
  0xD39F, 0xFF2D, 0xFFF3, 0xF3DC, 0xABFF, 0xBFFF, 0xF3FE, 0xA3BF, 0x93DF, 0xC3FF, 0xEFFF, 0xEBFF, 0xD3FF, 0xA7FF, 0xA3FF, 0x9BFF,
  0x8B9F, 0xB7BF, 0xEFFF, 0xBBFF, 0x9BDF, 0xF3BA, 0xFFF0, 0xFFB0, 0xD39F, 0xFF2E, 0xFFF3, 0xFFF0, 0xFFF2, 0xC3FF, 0x97FF, 0x9BBF,
  0xABFF, 0xAFFF, 0xA3DF, 0xABFF, 0xA3FF, 0xA3FF, 0x9BBF, 0x9FFF, 0x93FF, 0x97FF, 0x93FF, 0xBBDF, 0xFFF7, 0xFFF0, 0xFFF2, 0xFFB0,
  0xD39F, 0xFF2D, 0xFFF0, 0xFFF1, 0xFFF3, 0xFFF6, 0xA37F, 0x9BDF, 0x9FFF, 0x933F, 0x92DF, 0x97FF, 0xA3FF, 0x975F, 0x971F, 0x93BF,
  0x9BFF, 0x933F, 0xB39F, 0xFFD4, 0xFFF1, 0xFFF0, 0xFFF1, 0xFFB0, 0xDB9F, 0xEAF1, 0xDBDF, 0xBBFF, 0xABFF, 0xB3FF, 0xBBFF, 0x97BF,
  0x97FF, 0xBBFF, 0xBABA, 0xA7FF, 0x9BFF, 0xAFFF, 0xBA77, 0xA3FF, 0x93FF, 0x9F7F, 0xC7FF, 0xAFFF, 0xA3FF, 0xC39F, 0xEBDD, 0xFFB0,
  0xD79F, 0xF710, 0xFFFC, 0xD7BF, 0xB7BF, 0xABFF, 0x8F9F, 0x939F, 0x97FF, 0x9BFF, 0x9FFF, 0xA3FF, 0xA3FF, 0x9BFF, 0x9BFF, 0x9BFF,
  0x97FF, 0x931F, 0x93FF, 0xB3DF, 0xB7BF, 0xEBDD, 0xFFF9, 0xFFB0, 0xD39F, 0xFF4D, 0xFFF1, 0xFFF0, 0xFFEF, 0xF3DB, 0x9F9F, 0x935F,
  0x97FF, 0x9BFF, 0x9BFF, 0x9BFF, 0x9BFF, 0x9FFF, 0x9BFF, 0x97FF, 0x93FF, 0x931F, 0xBBBF, 0xFFF1, 0xFFEF, 0xFFF0, 0xFFF1, 0xFFB0,
  0xD79F, 0xFF2E, 0xFFF3, 0xFFF4, 0xDFFF, 0xA3FF, 0x9BFF, 0x931F, 0x93FF, 0x9BFF, 0x9FFF, 0x9F7F, 0x9FBF, 0x9FBF, 0x9BFF, 0x93FF,
  0x8F3F, 0x97BF, 0x9BFF, 0xBFFF, 0xFFF9, 0xFFF2, 0xFFF3, 0xFFB0, 0xD39F, 0xFF2E, 0xFFF3, 0xBB7F, 0xA3BF, 0xFFFA, 0xFFB7, 0xAFFF,
  0x979F, 0x93FF, 0x97FF, 0x9BFF, 0x9BFF, 0x9BFF, 0x93FF, 0x8F5F, 0xA3FF, 0xCFBF, 0xFFD8, 0xB7FF, 0x9BBF, 0xE39C, 0xFFF1, 0xFFB0,
  0xD39F, 0xFF4E, 0xFFF4, 0xFFF6, 0xFFF3, 0xFFF0, 0xEBFF, 0x9FFF, 0x97BF, 0x92FF, 0x935F, 0x93BF, 0x93DF, 0x93BF, 0x933F, 0x92DF,
  0x97FF, 0xB7FF, 0xFFF8, 0xFFF1, 0xFFF5, 0xFFF5, 0xFFF3, 0xFFD1, 0xD39F, 0xFF90, 0xFFF6, 0xFFF5, 0xFFF5, 0xFBFF, 0x93FF, 0xD3DF,
  0xF7FC, 0xA3FF, 0x977F, 0xA71F, 0x9B5F, 0x9A7F, 0x93FF, 0xC7FF, 0xFFFB, 0xA3FF, 0xB7FF, 0xFFF5, 0xFFF3, 0xFFF4, 0xFFF6, 0xFFF3,
  0xD39F, 0xFF91, 0xFFF8, 0xFFF6, 0xFFF9, 0xA77F, 0xD7FF, 0xFFF4, 0xF7FF, 0x97FF, 0xEBFD, 0xC7FF, 0x8FFF, 0xE3BF, 0xC3FF, 0xABFF,
  0xFFF6, 0xFFF8, 0xAB7F, 0xCFBF, 0xFFF6, 0xFFF7, 0xFFF7, 0xFFF4, 0xD39F, 0xFF91, 0xFFF8, 0xFFF6, 0xFFF9, 0xFFF9, 0xFFF5, 0xFFF7,
  0xABFF, 0xBBDF, 0xFFF5, 0xDFFF, 0x9BFF, 0xFFF9, 0xFFFA, 0x93DF, 0xF7FE, 0xFFF5, 0xFFF7, 0xFFFB, 0xFFF7, 0xFFF6, 0xFFF7, 0xFFF4,
  0xD39F, 0xFF91, 0xFFF8, 0xFFF6, 0xFFF6, 0xFFF6, 0xFFF6, 0xFFFA, 0xA75F, 0xFFF8, 0xFFF5, 0xF3FF, 0x9FBF, 0xFFF6, 0xFFF5, 0xEFFE,
  0xB77F, 0xFFF6, 0xFFF7, 0xFFF6, 0xFFF6, 0xFFF6, 0xFFF7, 0xFFF4, 0xD39F, 0xFFB1, 0xFFF8, 0xFFF7, 0xFFF7, 0xFFF7, 0xFFF7, 0xFFF9,
  0xFFFA, 0xFFF7, 0xFFF6, 0xFFFB, 0xD7BF, 0xFFF7, 0xFFF7, 0xFFF8, 0xFFFA, 0xFFF7, 0xFFF7, 0xFFF7, 0xFFF7, 0xFFF7, 0xFFF7, 0xFFF4,
  0xD37F, 0xFF4F, 0xFFF6, 0xFFF4, 0xFFF4, 0xFFF4, 0xFFF4, 0xFFF4, 0xFFF3, 0xFFF4, 0xFFF4, 0xFFF5, 0xFFF8, 0xFFF4, 0xFFF4, 0xFFF4,
  0xFFF4, 0xFFF4, 0xFFF4, 0xFFF4, 0xFFF4, 0xFFF4, 0xFFF5, 0xFFD1, 0xE3FF, 0xCA72, 0xD2B4, 0xD2B4, 0xD2B4, 0xD2B4, 0xD2B4, 0xD2B4,
  0xCEB4, 0xD2B3, 0xD2B4, 0xD2B4, 0xD6B3, 0xD2B4, 0xD2B4, 0xD2B4, 0xCEB4, 0xD2B4, 0xD2B4, 0xD2B4, 0xD2B4, 0xD2B4, 0xD2B4, 0xCE93,
};
#define assets_icon_e10_W 24
#define assets_icon_e10_H 24

static const unsigned short assets_icon_e11[576] = {
  0xEFFF, 0xEFFF, 0xF3FF, 0xF3FF, 0xEFFF, 0xEFFF, 0xEFFF, 0xF3FF, 0xEFFF, 0xF3FF, 0xE7FF, 0xEFFF, 0xEFFF, 0xE7FF, 0xF3FF, 0xEFFF,
  0xEFFF, 0xEBFF, 0xF7FF, 0xEBFF, 0xF3FF, 0xEFFF, 0xEFFF, 0xEFFF, 0xEFFF, 0xEFFF, 0xD35D, 0xDBBF, 0xE7FF, 0xE3DF, 0xD73A, 0xEFFF,
  0xEFFF, 0xE7FF, 0xF379, 0xE7FF, 0xE7DF, 0xEF57, 0xEBFF, 0xF3FF, 0xDF7C, 0xE33A, 0xD79F, 0xD693, 0xE3FF, 0xF3FF, 0xEFFF, 0xEFFF,
  0xF3FF, 0xEBFF, 0xCE51, 0xFFFA, 0xDAF7, 0xD22E, 0xDB18, 0xEBFF, 0xEFFF, 0xEBFF, 0xF7FE, 0xFFFC, 0xE715, 0xE779, 0xEBFF, 0xEBFF,
  0xD6B4, 0xFFFF, 0xDA92, 0xF313, 0xD73B, 0xF7FF, 0xEFFF, 0xEFFF, 0xEFFF, 0xF3FF, 0xE7FF, 0xDAF7, 0xCE2E, 0xA4C6, 0xBE11, 0xD77E,
  0xF3FF, 0xEFFF, 0xE3FF, 0xCE12, 0xC58F, 0xC659, 0xDB7D, 0xEFFF, 0xDFFF, 0xEF79, 0xFFFF, 0xD20D, 0xCA95, 0xD7BF, 0xEBFF, 0xF3FF,
  0xEFFF, 0xEFFF, 0xF3FF, 0xB2FA, 0x95D3, 0xA4C6, 0xA4C4, 0xCB1B, 0xF7FF, 0xF3FF, 0xDFBF, 0xB54C, 0xBDF1, 0xB991, 0xDFBF, 0xF3FF,
  0xF3FF, 0xD35D, 0xC674, 0xAD4C, 0xAD6D, 0xC275, 0xE7FF, 0xF3FF, 0xEFFF, 0xEFFF, 0xEFFF, 0xA5AF, 0xA12C, 0xB5D0, 0xB5F0, 0xE7FF,
  0xF3FF, 0xEFFF, 0xEBFF, 0xE7FF, 0xEFFF, 0xE7FF, 0xEBFF, 0xEFFF, 0xDFDF, 0xB699, 0x9D2D, 0xA509, 0xA10A, 0xDB9F, 0xF7FF, 0xEFFF,
  0xEFFF, 0xEFFF, 0xF3FF, 0xDFFF, 0xCF1B, 0xE3FF, 0xEFFF, 0xEFFF, 0xE7FF, 0xF3FF, 0xF3FF, 0xF3FF, 0xE3FF, 0xE3FF, 0xF3FF, 0xEFFF,
  0xADD1, 0x9D92, 0xAD4D, 0xC232, 0xC6B7, 0xEBFF, 0xEFFF, 0xEFFF, 0xEFFF, 0xF3FF, 0xEFFF, 0xEFFF, 0xF3FF, 0xF3FF, 0xE7FF, 0xD6F8,
  0xDF18, 0xDB5C, 0xEBFF, 0xE7FF, 0xDEB3, 0xEB37, 0xE3FF, 0xF3FF, 0xC675, 0xD33C, 0xCF3C, 0xD35E, 0xEFFF, 0xEFFF, 0xEFFF, 0xEFFF,
  0xEFFF, 0xE3DF, 0xEBFF, 0xEBFF, 0xDF5A, 0xF3FF, 0xD7BF, 0xFFBA, 0xFFFF, 0xFFFD, 0xE79D, 0xC6B7, 0xFFFB, 0xFFFB, 0xCF3C, 0xF7FF,
  0xF3FF, 0xF3FF, 0xE7FF, 0xE7FF, 0xEBFF, 0xEFFF, 0xF3FF, 0xEFFF, 0xDFFF, 0xFFFA, 0xFFFF, 0xDFDF, 0xEF35, 0xE3FF, 0xEBFF, 0xDB3B,
  0xFFFF, 0xFFFF, 0xFFFF, 0xCE30, 0xFFFB, 0xFFFA, 0xDB7E, 0xDBBF, 0xE7FF, 0xF3FF, 0xE3DF, 0xFFB8, 0xEFFF, 0xE7FF, 0xDBBF, 0xEFFF,
  0xEFFF, 0xEBDF, 0xFFFF, 0xDF16, 0xC630, 0xCA51, 0xE7FF, 0xD79F, 0xFF99, 0xFFFF, 0xFFFF, 0xFFFF, 0xCDEC, 0xCA30, 0xA98D, 0xD31B,
  0xCF1B, 0xDB9F, 0xEBFF, 0xEB78, 0xCAF6, 0xBA51, 0xD2B3, 0xE7FF, 0xF3FF, 0xEBFF, 0xCA73, 0xB147, 0xA906, 0xB988, 0xD77D, 0xF3FF,
  0xD79F, 0xCE95, 0xD2D5, 0xD64F, 0xB610, 0x9B7E, 0xA5CE, 0xBA97, 0xDFFF, 0xE7FF, 0xC73B, 0xAE50, 0xB5F0, 0xB692, 0xC6B3, 0xF3FF,
  0xF7FF, 0xD35E, 0xB126, 0xA0A4, 0xB9CE, 0xBE31, 0xDFFF, 0xF7FF, 0xE7FF, 0xAD8C, 0x9B9F, 0x9D2B, 0xA699, 0xA6DB, 0xB0A4, 0xA2B8,
  0xDBDF, 0xF7FF, 0xBE73, 0xBA0F, 0xD719, 0xDFBF, 0xEBFF, 0xEFFF, 0xF3FF, 0xE7FF, 0xB5F0, 0xC6B8, 0xE7FF, 0xF7FF, 0xEFFF, 0xEFFF,
  0xBA97, 0xAB9E, 0xB633, 0xA1B2, 0x9422, 0xA5B3, 0xA98E, 0x9E16, 0xDFFF, 0xF3FF, 0xEBFF, 0xEBFF, 0xEFFF, 0xF3FF, 0xF3FF, 0xEFFF,
  0xEFFF, 0xF3FF, 0xEBFF, 0xF3FF, 0xEFFF, 0xEFFF, 0xEFFF, 0xF3FF, 0xB5AF, 0xAABA, 0x9DF8, 0xA4A5, 0xBA32, 0xB18D, 0xD7BF, 0xE7FF,
  0xEBFF, 0xEFFF, 0xEFFF, 0xE7FF, 0xF3FF, 0xEFFF, 0xEFFF, 0xEFFF, 0xEFFF, 0xDF7E, 0xDED6, 0xDBBF, 0xF3FF, 0xE3DF, 0xDB3B, 0xF3FF,
  0xCF5E, 0x98C8, 0xBA77, 0xC297, 0xD35D, 0xCB3C, 0xE3FF, 0xEFFF, 0xDAF6, 0xDFFF, 0xDB9F, 0xDED3, 0xE3FF, 0xF3FF, 0xEFFF, 0xEFFF,
  0xEFFF, 0xDAF8, 0xFFFF, 0xFBBD, 0xCF3D, 0xDAB3, 0xD6D7, 0xEFFF, 0xDBBF, 0xCF3C, 0xEFFF, 0xDFFF, 0xEBFF, 0xEBFF, 0xF3FF, 0xD35F,
  0xFFD8, 0xFFFF, 0xC211, 0xFB53, 0xD75C, 0xF3FF, 0xF3FF, 0xEFFF, 0xF3FF, 0xE3FF, 0xEB17, 0xFFFF, 0xE2B3, 0xB528, 0xC233, 0xC6FA,
  0xE3FF, 0xF3FF, 0xEFFF, 0xE3FF, 0xE3FF, 0xE737, 0xE7DF, 0xEFFF, 0xDF5B, 0xFFFB, 0xF335, 0xBD6A, 0xCED8, 0xC6B8, 0xD35D, 0xEFFF,
  0xEFFF, 0xF7FF, 0xD79F, 0xA5AE, 0xB56B, 0xB948, 0xACC4, 0xCF1A, 0xEFFF, 0xF3FF, 0xDFBF, 0xFB98, 0xF7DC, 0xD66F, 0xDBBF, 0xF3FF,
  0xF3FF, 0xBE33, 0xA92A, 0xB616, 0xA90A, 0xB5AE, 0xE7FF, 0xEFFF, 0xEFFF, 0xEFFF, 0xBF3C, 0xAAFD, 0xA92B, 0xA0E7, 0xC6D8, 0xEBFF,
  0xF3FF, 0xEFFF, 0xEBFF, 0xDAF6, 0xD1ED, 0x9C42, 0xC276, 0xF7FF, 0xDFFF, 0xBA15, 0xB12B, 0xAD4B, 0xB1B0, 0xB9F2, 0xF3FF, 0xEFFF,
  0xF7FF, 0xD35D, 0xA215, 0xA1D7, 0xB18E, 0xC676, 0xCEFB, 0xEFFF, 0xEFFF, 0xEFFF, 0xEFFF, 0xB18E, 0xAD6D, 0xCEF9, 0xEBFF, 0xF7FF,
  0xD7BF, 0xA50B, 0xB9F1, 0xCEFA, 0xD77E, 0xE7FF, 0xEFFF, 0xEFFF, 0xF3FF, 0xEBFF, 0xB1AF, 0xC255, 0xCF1B, 0xCF1B, 0xDFFF, 0xEFFF,
  0xEFFF, 0xEFFF, 0xEFFF, 0xEFFF, 0xEBFF, 0xF3FF, 0xEFFF, 0xEFFF, 0xF3FF, 0xE7FF, 0xE3FF, 0xEFFF, 0xF3FF, 0xF3FF, 0xEFFF, 0xEFFF,
  0xEFFF, 0xF3FF, 0xEFFF, 0xEFFF, 0xEBFF, 0xF3FF, 0xF3FF, 0xEFFF, 0xEFFF, 0xEFFF, 0xEFFF, 0xEFFF, 0xF3FF, 0xEFFF, 0xEFFF, 0xEFFF,
  0xEFFF, 0xF3FF, 0xF3FF, 0xEFFF, 0xEFFF, 0xEFFF, 0xEFFF, 0xEFFF, 0xEFFF, 0xEFFF, 0xEFFF, 0xEFFF, 0xF3FF, 0xEFFF, 0xEFFF, 0xEFFF,
  0xEFFF, 0xEFFF, 0xEFFF, 0xEFFF, 0xEFFF, 0xEFFF, 0xEFFF, 0xEFFF, 0xEFFF, 0xEFFF, 0xEFFF, 0xEFFF, 0xEFFF, 0xEFFF, 0xEFFF, 0xEFFF,
};
#define assets_icon_e11_W 24
#define assets_icon_e11_H 24

static const unsigned short assets_icon_e12[576] = {
  0xEFFF, 0xEFFF, 0xEFFF, 0xF7FF, 0xC719, 0xAA2E, 0xF3FF, 0xD7DF, 0xA5EC, 0xDFDF, 0xF7FF, 0xEFFF, 0xEFFF, 0xEFFF, 0xEFFF, 0xEFFF,
  0xEFFF, 0xEFFF, 0xEFFF, 0xEFFF, 0xEFFF, 0xEFFF, 0xEFFF, 0xEFFF, 0xEFFF, 0xEFFF, 0xEBFF, 0xF3FF, 0xCB3B, 0xA311, 0xB611, 0xA66E,
  0xB292, 0xEBFF, 0xEFFF, 0xEFFF, 0xEFFF, 0xEFFF, 0xEFFF, 0xEFFF, 0xEFFF, 0xEFFF, 0xEFFF, 0xEFFF, 0xEFFF, 0xEFFF, 0xEFFF, 0xEFFF,
  0xEFFF, 0xF3FF, 0xB210, 0xAEB0, 0xB230, 0xAB72, 0xA26C, 0xA66C, 0xC676, 0xB2B2, 0xBE74, 0xF3FF, 0xEFFF, 0xEFFF, 0xEFFF, 0xEFFF,
  0xEFFF, 0xEFFF, 0xEFFF, 0xEFFF, 0xEFFF, 0xEFFF, 0xEFFF, 0xEFFF, 0xEFFF, 0xF3FF, 0xE7FF, 0xAA0D, 0xA26B, 0xA66A, 0xAACE, 0xAA6B,
  0xAA6D, 0xB2B1, 0xE7FF, 0xEFFF, 0xEFFF, 0xEFFF, 0xEFFF, 0xEFFF, 0xEFFF, 0xEFFF, 0xEFFF, 0xEFFF, 0xEFFF, 0xEFFF, 0xEFFF, 0xEFFF,
  0xF3FF, 0xEBFF, 0xD39F, 0xADEF, 0xA1C8, 0xA6AC, 0xAFF7, 0xA6CD, 0xA229, 0xBE34, 0xEFFF, 0xEFFF, 0xEFFF, 0xEFFF, 0xEFFF, 0xEFFF,
  0xEFFF, 0xEFFF, 0xEFFF, 0xEFFF, 0xEFFF, 0xEFFF, 0xEFFF, 0xEFFF, 0xF3FF, 0xE7FF, 0xB1F0, 0xAA70, 0xAAAD, 0xA22A, 0xAB50, 0xA66A,
  0xA5C8, 0xAAAF, 0xA5CC, 0xE3FF, 0xF3FF, 0xF3FF, 0xF7FF, 0xF3FF, 0xEFFF, 0xEFFF, 0xEFFF, 0xEFFF, 0xEFFF, 0xEFFF, 0xEFFF, 0xEFFF,
  0xEFFF, 0xF3FF, 0xF7FF, 0xC296, 0xA1C8, 0xAAAC, 0xA68C, 0xA608, 0xA6CD, 0xADAA, 0xD77D, 0xEFFF, 0xEFFF, 0xD77F, 0xD77F, 0xDFBF,
  0xF3FF, 0xEFFF, 0xEFFF, 0xF3FF, 0xF3FF, 0xEFFF, 0xEFFF, 0xEFFF, 0xEFFF, 0xF3FF, 0xD77E, 0xA9CD, 0xB270, 0xA1E8, 0xAA4A, 0xA14A,
  0x9D8B, 0x9DB4, 0xADF6, 0xDFDF, 0xC31F, 0x967F, 0x9A7D, 0x9A5D, 0xD37F, 0xF7FF, 0xF7FF, 0xDFFF, 0xDFFF, 0xF7FF, 0xEFFF, 0xEFFF,
  0xEFFF, 0xEFFF, 0xEBFF, 0xDFBF, 0xA593, 0x9953, 0x9D51, 0x9E3F, 0x9F3F, 0x9AFF, 0x973F, 0x9930, 0x965F, 0x9BFF, 0x9FBF, 0x9FFF,
  0x9D95, 0xC276, 0xD7BF, 0xA98F, 0xAD8E, 0xE7FF, 0xF3FF, 0xEFFF, 0xEFFF, 0xEFFF, 0xF3FF, 0xBA77, 0x99DB, 0x9B3F, 0x9EFF, 0x9F9F,
  0x977F, 0x9FDF, 0x9B1F, 0x9A9F, 0x9978, 0x9B3F, 0x9B1F, 0x9D99, 0xA99F, 0xA95F, 0xA91B, 0xA0EA, 0xA6AB, 0xAAB0, 0xDFFF, 0xF3FF,
  0xEFFF, 0xF3FF, 0xEBFF, 0xA170, 0x9A3F, 0x9A7F, 0x9FFF, 0xA3FF, 0x9F5F, 0x9B5F, 0x9B7F, 0x9EFF, 0x9D53, 0x9DDF, 0x999B, 0xB31F,
  0xC7FF, 0xA6DF, 0xB23F, 0xA8DB, 0xA1A8, 0xABB0, 0xB271, 0xEFFF, 0xF3FF, 0xDFFF, 0xA991, 0xA12F, 0x9E9F, 0x9B7F, 0x9AFF, 0x9B3F,
  0x9FFF, 0x9B5F, 0x9B5F, 0x9B3F, 0x9DFA, 0x9CCD, 0x96BF, 0xA3BF, 0x9F7F, 0x96FF, 0xA2BF, 0xB1DF, 0xA4D3, 0xA1C9, 0xB692, 0xEFFF,
  0xE3FF, 0xB258, 0xA570, 0xA12F, 0xA25F, 0x9A9F, 0x9AFF, 0x9BBF, 0x9A7F, 0x9BFF, 0x9ADF, 0x9EDF, 0x9DB9, 0x99D2, 0x8FDF, 0x8F7F,
  0x933F, 0x933F, 0x9AFF, 0xADDF, 0xA8B3, 0xA9B3, 0xC2BB, 0xEFFF, 0xD77E, 0xB67A, 0xA570, 0x9CEC, 0x9E1D, 0x9DFD, 0x9EDF, 0x9ADF,
  0x9BBF, 0x9A7F, 0x9AFF, 0x9E9F, 0x9D30, 0x9AD2, 0x8FFF, 0x8FFF, 0x93FF, 0x937F, 0x9ABF, 0xA97F, 0x9C28, 0xA9D3, 0xBA7A, 0xEFFF,
  0xE3FF, 0xB217, 0xB69D, 0xA12C, 0x9D51, 0x9DFB, 0x9A1E, 0x9E7F, 0x9EBF, 0x9E7F, 0x9E5F, 0x9E3F, 0x9D50, 0x9F30, 0x97FF, 0x93FF,
  0x93FF, 0x8EFF, 0x959E, 0xA0D2, 0xA98F, 0xB27D, 0xBA77, 0xF3FF, 0xF3FF, 0xB1D0, 0xA592, 0xBABE, 0xBEFF, 0xB659, 0xAE16, 0xA1D7,
  0x9D52, 0x9D74, 0x9D74, 0xA1B6, 0xA10C, 0xA1E9, 0x9E6E, 0x9E8F, 0xAE74, 0xB279, 0xB27B, 0xBABD, 0xB27C, 0x9CEC, 0xCF1B, 0xF7FF,
  0xF7FF, 0xD33D, 0xA10F, 0xA572, 0xA993, 0xADF6, 0xBAFF, 0xB67B, 0xB69D, 0xC33F, 0xC73F, 0xC75F, 0xC75F, 0xC73F, 0xC31F, 0xB25C,
  0xBABF, 0xBABE, 0xADF5, 0xA151, 0xA992, 0xBE13, 0xE7FF, 0xF3FF, 0xF3FF, 0xE7FF, 0xA9B3, 0xAA3C, 0xA593, 0xA151, 0x9CEC, 0xA12F,
  0xA571, 0xA993, 0xA593, 0xA592, 0xA572, 0xA592, 0xA5B3, 0xA572, 0xA14F, 0x9D0E, 0xA172, 0xB619, 0xD75F, 0xE35D, 0xFFFF, 0xEFFF,
  0xEFFF, 0xF3FF, 0xC276, 0xA195, 0xAE3B, 0xAE5C, 0xAE7E, 0xB29E, 0xA9F8, 0xAE18, 0xB239, 0xA9F8, 0xAE19, 0xB23A, 0xA9D6, 0xAE3B,
  0xB27E, 0xB29F, 0xAE3B, 0xAE3B, 0xBE36, 0xFBFF, 0xF7FF, 0xEFFF, 0xEFFF, 0xF3FF, 0xE7FF, 0xA991, 0xA5D8, 0xAE5D, 0xB27D, 0xB69E,
  0xBF1F, 0xAE5D, 0xB6DF, 0xBF3F, 0xBB1F, 0xBADF, 0xB29F, 0xBB1F, 0xAE3B, 0xB27D, 0xB25D, 0xA195, 0xBE55, 0xF7FF, 0xEFFF, 0xEFFF,
  0xEFFF, 0xEFFF, 0xF3FF, 0xE3FF, 0xA9B2, 0xA173, 0xAA3B, 0xAE5D, 0xB27E, 0xBAFF, 0xBF1F, 0xB2BF, 0xB6DF, 0xBF1F, 0xBAFF, 0xB27E,
  0xB27F, 0xA5D7, 0x9D51, 0xBE77, 0xF7FF, 0xEFFF, 0xEFFF, 0xEFFF, 0xEFFF, 0xEFFF, 0xEFFF, 0xF3FF, 0xE7FF, 0xD33D, 0xB213, 0xA991,
  0xA5D5, 0xA5B4, 0xA5B3, 0xAA17, 0xA9F6, 0xA171, 0xA9D5, 0xA5D5, 0xADD2, 0xC277, 0xD79F, 0xEFFF, 0xF3FF, 0xEFFF, 0xEFFF, 0xEFFF,
  0xEFFF, 0xEFFF, 0xEFFF, 0xEFFF, 0xF3FF, 0xF3FF, 0xF3FF, 0xE7FF, 0xDBDF, 0xDBDF, 0xDBDF, 0xDBDF, 0xDBDF, 0xDBDF, 0xDBBF, 0xDBBF,
  0xEBFF, 0xF7FF, 0xF7FF, 0xEFFF, 0xEFFF, 0xEFFF, 0xEFFF, 0xEFFF, 0xEFFF, 0xEFFF, 0xEFFF, 0xEFFF, 0xEFFF, 0xEFFF, 0xEFFF, 0xF3FF,
  0xF7FF, 0xF7FF, 0xF3FF, 0xF3FF, 0xF7FF, 0xF7FF, 0xF7FF, 0xF7FF, 0xF3FF, 0xEFFF, 0xEFFF, 0xEFFF, 0xEFFF, 0xEFFF, 0xEFFF, 0xEFFF,
};
#define assets_icon_e12_W 24
#define assets_icon_e12_H 24

static const unsigned short assets_logo[4608] = {
  0xACC4, 0xACC4, 0xACC4, 0xACC4, 0xACC4, 0xACC4, 0xACC4, 0xACC4, 0xACC4, 0xACC4, 0xACC4, 0xACC4, 0xACC4, 0xACC4, 0xACC4, 0xACC4,
  0xACC4, 0xACC4, 0xACC4, 0xACC4, 0xACC4, 0xACC4, 0xACC4, 0xACC4, 0x9863, 0x9863, 0x9863, 0x9863, 0x9863, 0x9863, 0x9863, 0x9863,
  0x9863, 0x9863, 0x9C63, 0x9C63, 0x9C63, 0x9C63, 0x9C63, 0x9C63, 0x9C63, 0x9C63, 0x9C63, 0x9C63, 0x9C63, 0x9C63, 0x9C83, 0x9C83,
  0x9C83, 0x9C63, 0x9C63, 0x9C63, 0x9C63, 0x9C63, 0x9C63, 0x9C63, 0x9C63, 0x9C63, 0x9C63, 0x9C63, 0x9C63, 0x9863, 0x9863, 0x9863,
  0x9863, 0x9863, 0x9863, 0x9863, 0x9863, 0x9863, 0x9863, 0x9863, 0xACC4, 0xACC4, 0xACC4, 0xACC4, 0xACC4, 0xACC4, 0xACC4, 0xACC4,
  0xACC4, 0xACC4, 0xACC4, 0xACC4, 0xACC4, 0xACC4, 0xACC4, 0xACC4, 0xACC4, 0xACC4, 0xACC4, 0xACC4, 0xACC4, 0xACC4, 0xACC4, 0xACC4,
  0xACC4, 0xACC4, 0xACC4, 0xACC4, 0xACC4, 0xACC4, 0xACC4, 0xACC4, 0xACC4, 0xACC4, 0xACC4, 0xACC4, 0xACC4, 0xACC4, 0xACC4, 0xACC4,
  0xACC4, 0xACC4, 0xACC4, 0xACC4, 0xACC4, 0xACC4, 0xACC4, 0xACC4, 0x9863, 0x9863, 0x9863, 0x9863, 0x9863, 0x9863, 0x9C63, 0x9863,
  0x9C63, 0x9C63, 0x9C63, 0x9C63, 0x9C63, 0x9C63, 0x9C63, 0x9C83, 0x9C83, 0x9C83, 0x9C83, 0x9C83, 0x9C83, 0x9C83, 0x9C83, 0x9C83,
  0x9C83, 0x9C83, 0x9C83, 0x9C83, 0x9C83, 0x9C83, 0x9C83, 0x9C63, 0x9C83, 0x9C63, 0x9C63, 0x9C63, 0x9C63, 0x9C63, 0x9C63, 0x9C63,
  0x9C63, 0x9863, 0x9863, 0x9863, 0x9863, 0x9863, 0x9863, 0x9863, 0xACC4, 0xACC4, 0xACC4, 0xACC4, 0xACC4, 0xACC4, 0xACC4, 0xACC4,
  0xACC4, 0xACC4, 0xACC4, 0xACC4, 0xACC4, 0xACC4, 0xACC4, 0xACC4, 0xACC4, 0xACC4, 0xACC4, 0xACC4, 0xACC4, 0xACC4, 0xACC4, 0xACC4,
  0xACC4, 0xACC4, 0xACC4, 0xACC4, 0xACC4, 0xACC4, 0xACC4, 0xACC4, 0xACC4, 0xACC4, 0xACC4, 0xACC4, 0xACC4, 0xACC4, 0xACC4, 0xACC4,
  0xACC4, 0xACC4, 0xACC4, 0xACC4, 0xACC4, 0xACC4, 0xACC4, 0xACC4, 0x9863, 0x9863, 0x9863, 0x9863, 0x9861, 0x9C62, 0x9C61, 0x9C61,
  0x9C61, 0x9C61, 0x9C61, 0x9C62, 0x9C62, 0x9C62, 0x9C62, 0x9C62, 0x9C62, 0x9C62, 0x9C62, 0x9C62, 0x9C62, 0x9C62, 0x9C62, 0x9C62,
  0x9C62, 0x9C62, 0x9C62, 0x9C62, 0x9C62, 0x9C62, 0x9C62, 0x9C62, 0x9C62, 0x9C62, 0x9C62, 0x9C62, 0x9C61, 0x9C61, 0x9C61, 0x9C61,
  0x9C61, 0x9C61, 0x9C61, 0x9862, 0x9863, 0x9863, 0x9863, 0x9863, 0xACC4, 0xACC4, 0xACC4, 0xACC4, 0xACC4, 0xACC4, 0xACC4, 0xACC4,
  0xACC4, 0xACC4, 0xACC4, 0xACC4, 0xACC4, 0xACC4, 0xACC4, 0xACC4, 0xACC4, 0xACC4, 0xACC4, 0xACC4, 0xACC4, 0xACC4, 0xACC4, 0xACC4,
  0xACC4, 0xACC4, 0xACC4, 0xACC4, 0xACC4, 0xACC4, 0xACC4, 0xACC4, 0xACC4, 0xACC4, 0xACC4, 0xACC4, 0xACC4, 0xACC4, 0xACC4, 0xACC4,
  0xACC4, 0xACC4, 0xACC4, 0xACC4, 0xACC4, 0xACC4, 0xACC4, 0xACC4, 0x9863, 0x9863, 0x9863, 0x9864, 0x98A8, 0x9888, 0x98A8, 0x98A9,
  0x98A9, 0x98A9, 0x98A9, 0x98A9, 0x98A9, 0x9889, 0x98A9, 0x98A9, 0x98A9, 0x98A9, 0x98A9, 0x98A9, 0x98A9, 0x98A9, 0x98A9, 0x98A9,
  0x98A9, 0x98A9, 0x98A9, 0x98A9, 0x98A9, 0x98A9, 0x98A9, 0x98A9, 0x98A9, 0x98A9, 0x9889, 0x98A9, 0x98A9, 0x98A9, 0x98A9, 0x98A9,
  0x98A9, 0x98A8, 0x98A8, 0x98A8, 0x9864, 0x9863, 0x9863, 0x9863, 0xACC4, 0xACC4, 0xACC4, 0xACC4, 0xACC4, 0xACC4, 0xACC4, 0xACC4,
  0xACC4, 0xACC4, 0xACC4, 0xACC4, 0xACC4, 0xACC4, 0xACC4, 0xACC4, 0xACC4, 0xACC4, 0xACC4, 0xACC4, 0xACC4, 0xACC4, 0xACC4, 0xACC4,
  0xACC4, 0xACC4, 0xACC4, 0xACC4, 0xACC4, 0xACC4, 0xACC4, 0xACC4, 0xACC4, 0xACC4, 0xACC4, 0xACC4, 0xACC4, 0xACC4, 0xACC4, 0xACC4,
  0xACC4, 0xACC4, 0xACC4, 0xACC4, 0xACC4, 0xACC4, 0xACC4, 0xACC4, 0x9863, 0x9863, 0x9862, 0x98A8, 0x9D98, 0xA0CD, 0xA0EE, 0xA50F,
  0xA50F, 0xA50F, 0xA50F, 0x9CEE, 0x994B, 0x99B0, 0x9D10, 0xA50F, 0xA50F, 0xA50F, 0xA50F, 0xA50F, 0xA50F, 0xA50F, 0xA50F, 0xA50F,
  0xA50F, 0xA50F, 0xA50F, 0xA4EF, 0xA50F, 0xA510, 0xA50F, 0xA50F, 0xA50F, 0xA0EF, 0x996F, 0x996C, 0x98ED, 0xA10F, 0xA50F, 0xA50F,
  0xA50F, 0xA4EE, 0xA0ED, 0x9D98, 0x98A8, 0x9862, 0x9863, 0x9863, 0xACC4, 0xACC4, 0xACC4, 0xACC4, 0xACC4, 0xACC4, 0xACC4, 0xACC4,
  0xACC4, 0xACC4, 0xACC4, 0xACC4, 0xACC4, 0xACC4, 0xACC4, 0xACC4, 0xACC4, 0xACC4, 0xACC4, 0xACC4, 0xACC4, 0xACC4, 0xACC4, 0xACC4,
  0xACC4, 0xACC4, 0xACC4, 0xACC4, 0xACC4, 0xACC4, 0xACC4, 0xACC4, 0xACC4, 0xACC4, 0xACC4, 0xACC4, 0xACC4, 0xACC4, 0xACC4, 0xACC4,
  0xACC4, 0xACC4, 0xACC4, 0xACC4, 0xACC4, 0xACC4, 0xACC4, 0xACC4, 0x9863, 0x9863, 0x9C62, 0x98A9, 0xA0CD, 0xC4E5, 0xC4E6, 0xC4E6,
  0xC4E6, 0xC4E6, 0xC4E6, 0xB8A4, 0x98A0, 0x9DC4, 0x99E8, 0xB905, 0xC4E6, 0xC4E6, 0xC8E6, 0xC0C5, 0xB8C5, 0xB906, 0xC0E5, 0xC4E6,
  0xC4E6, 0xBCE5, 0xB126, 0xAD27, 0xB4E5, 0xC0C5, 0xC4E6, 0xC4E6, 0xBCC5, 0xA1E8, 0x9DE5, 0x98C0, 0xB4A3, 0xC4E6, 0xC4E6, 0xC4E6,
  0xC4E6, 0xC4E6, 0xC4E4, 0xA0ED, 0x98A9, 0x9C62, 0x9863, 0x9863, 0xACC4, 0xACC4, 0xACC4, 0xACC4, 0xACC4, 0xACC4, 0xACC4, 0xACC4,
  0xACC4, 0xACC4, 0xACC4, 0xACC4, 0xACC4, 0xACC4, 0xACC4, 0xACC4, 0xACC4, 0xACC4, 0xACC4, 0xACC4, 0xACC4, 0xACC4, 0xACC4, 0xACC4,
  0xACC4, 0xACC4, 0xACC4, 0xACC4, 0xACC4, 0xACC4, 0xACC4, 0xACC4, 0xACC4, 0xACC4, 0xACC4, 0xACC4, 0xACC4, 0xACC4, 0xACC4, 0xACC4,
  0xACC4, 0xACC4, 0xACC4, 0xACC4, 0xACC4, 0xACC4, 0xACC4, 0xACC4, 0x9863, 0x9863, 0x9C61, 0x98A9, 0xA10F, 0xC4E6, 0xC108, 0xC508,
  0xC508, 0xC4E7, 0xC4E7, 0xC8E8, 0xB8C6, 0x9CC2, 0x9DC6, 0x9DE9, 0xC0E7, 0xC508, 0xB106, 0x9DA8, 0x9A6C, 0x9609, 0x9D27, 0xB8E6,
  0xC508, 0xB4E6, 0xA127, 0x962A, 0x9A6A, 0xA1A7, 0xB8E6, 0xC4E7, 0xA1A8, 0x99E7, 0x9D03, 0xB0A5, 0xC8E8, 0xC4E7, 0xC4E7, 0xCD4A,
  0xD1CD, 0xC96A, 0xC4E6, 0xA50F, 0x98A9, 0x9C61, 0x9863, 0x9863, 0xACC4, 0xACC4, 0xACC4, 0xACC4, 0xACC4, 0xACC4, 0xACC4, 0xACC4,
  0xACC4, 0xACC4, 0xACC4, 0xACC4, 0xACC4, 0xACC4, 0xACC4, 0xACC4, 0xACC4, 0xACC4, 0xACC4, 0xACC4, 0xACC4, 0xACC4, 0xACC4, 0xACC4,
  0xACC4, 0xACC4, 0xACC4, 0xACC4, 0xACC4, 0xACC4, 0xACC4, 0xACC4, 0xACC4, 0xACC4, 0xACC4, 0xACC4, 0xACC4, 0xACC4, 0xACC4, 0xACC4,
  0xACC4, 0xACC4, 0xACC4, 0xACC4, 0xACC4, 0xACC4, 0xACC4, 0xACC4, 0x9863, 0x9C63, 0x9C61, 0x98A9, 0xA50F, 0xC506, 0xC928, 0xC4E7,
  0xB506, 0xA567, 0xA1A9, 0xA588, 0xB508, 0xA8A4, 0x9D22, 0x99C7, 0xB507, 0xAD04, 0x99E6, 0x9E69, 0x91A8, 0xA4C5, 0xC0E7, 0xC107,
  0xC507, 0xC907, 0xC4C6, 0xA0E5, 0x99C7, 0x9E28, 0x9D84, 0xB0C5, 0x9DE9, 0x9D63, 0xA083, 0xB507, 0xA588, 0xA1A9, 0xA587, 0xB506,
  0xC508, 0xC508, 0xC4E6, 0xA10F, 0x98A9, 0x9C61, 0x9863, 0x9863, 0xACC4, 0xACC4, 0xACC4, 0xACC4, 0xACC4, 0xACC4, 0xACC4, 0xACC4,
  0xACC4, 0xACC4, 0xACC4, 0xACC4, 0xACC4, 0xACC4, 0xACC4, 0xACC4, 0xACC4, 0xACC4, 0xACC4, 0xACC4, 0xACC4, 0xACC4, 0xACC4, 0xACC4,
  0xACC4, 0xACC4, 0xACC4, 0xACC4, 0xACC4, 0xACC4, 0xACC4, 0xACC4, 0xACC4, 0xACC4, 0xACC4, 0xACC4, 0xACC4, 0xACC4, 0xACC4, 0xACC4,
  0xACC4, 0xACC4, 0xACC4, 0xACC4, 0xACC4, 0xACC4, 0xACC4, 0xACC4, 0x9C63, 0x9C63, 0x9C61, 0x98A9, 0xA510, 0xC4E6, 0xC108, 0xA104,
  0x9563, 0x9584, 0x95A6, 0x99C6, 0x9E07, 0xA187, 0x98A1, 0xA163, 0xA4C4, 0xA184, 0xA1C4, 0x9525, 0xA0A4, 0xB8C6, 0xC0E7, 0xC4E8,
  0xC0E7, 0xB128, 0xA969, 0xAD48, 0x9CE5, 0x9944, 0xA1A4, 0x98C2, 0x9D44, 0x9CE1, 0x9D66, 0x99E6, 0x99E6, 0x95A5, 0x9584, 0x9563,
  0xA104, 0xC0E8, 0xC4E6, 0xA110, 0x98A9, 0x9C61, 0x9C63, 0x9863, 0xACC4, 0xACC4, 0xACC4, 0xACC4, 0xACC4, 0xACC4, 0xACC4, 0xACC4,
  0xACC4, 0xACC4, 0xACC4, 0xACC4, 0xACC4, 0xACC4, 0xACC4, 0xACC4, 0xACC4, 0xACC4, 0xACC4, 0xACC4, 0xACC4, 0xACC4, 0xACC4, 0xACC4,
  0xACC4, 0xACC4, 0xACC4, 0xACC4, 0xACC4, 0xACC4, 0xACC4, 0xACC4, 0xACC4, 0xACC4, 0xACC4, 0xACC4, 0xACC4, 0xACC4, 0xACC4, 0xACC4,
  0xACC4, 0xACC4, 0xACC4, 0xACC4, 0xACC4, 0xACC4, 0xACC4, 0xACC4, 0x9C63, 0x9C63, 0x9C61, 0x98A9, 0xA510, 0xC4E8, 0xB0C7, 0xA4C4,
  0xACA5, 0xA884, 0xA0A3, 0x98E3, 0x9903, 0x9D64, 0xA143, 0xA102, 0x98C2, 0xA122, 0x9944, 0x9986, 0x9DE9, 0x9A4B, 0x9E2B, 0xA528,
  0xA1CB, 0x962B, 0x966B, 0x9A49, 0x9E07, 0x9D85, 0x9D02, 0xA102, 0x9D02, 0x9D23, 0x9D84, 0x9903, 0x98E3, 0xA0A3, 0xA884, 0xACA5,
  0xA4C4, 0xB0C7, 0xC4E8, 0xA110, 0x98A9, 0x9C61, 0x9C63, 0x9863, 0xACC4, 0xACC4, 0xACC4, 0xACC4, 0xACC4, 0xACC4, 0xACC4, 0xACC4,
  0xACC4, 0xACC4, 0xACC4, 0xACC4, 0xACC4, 0xACC4, 0xACC4, 0xACC4, 0xACC4, 0xACC4, 0xACC4, 0xACC4, 0xACC4, 0xACC4, 0xACC4, 0xACC4,
  0xACC4, 0xACC4, 0xACC4, 0xACC4, 0xACC4, 0xACC4, 0xACC4, 0xACC4, 0xACC4, 0xACC4, 0xACC4, 0xACC4, 0xACC4, 0xACC4, 0xACC4, 0xACC4,
  0xACC4, 0xACC4, 0xACC4, 0xACC4, 0xACC4, 0xACC4, 0xACC4, 0xACC4, 0x9C63, 0x9C63, 0x9C62, 0x98A9, 0xA510, 0xC0E8, 0xC50A, 0xC4EA,
  0xBCE9, 0xA926, 0xA124, 0x9D23, 0x9CC1, 0x9860, 0x9CA1, 0x98A1, 0x9CC2, 0xA102, 0x9DA5, 0x99C6, 0x95C6, 0x95A6, 0x95A8, 0x91A8,
  0x91C7, 0x94E5, 0x9504, 0x9504, 0x9D44, 0xA143, 0xA102, 0x9CC1, 0x9CC1, 0x9CA1, 0x9860, 0x9CC1, 0x9D02, 0xA124, 0xAD26, 0xBCE9,
  0xC8EA, 0xC509, 0xC0E8, 0xA110, 0x98A9, 0x9C61, 0x9C63, 0x9C63, 0xACC4, 0xACC4, 0xACC4, 0xACC4, 0xACC4, 0xACC4, 0xACC4, 0xACC4,
  0xACC4, 0xACC4, 0xACC4, 0xACC4, 0xACC4, 0xACC4, 0xACC4, 0xACC4, 0xACC4, 0xACC4, 0xACC4, 0xACC4, 0xACC4, 0xACC4, 0xACC4, 0xACC4,
  0xACC4, 0xACC4, 0xACC4, 0xACC4, 0xACC4, 0xACC4, 0xACC4, 0xACC4, 0xACC4, 0xACC4, 0xACC4, 0xACC4, 0xACC4, 0xACC4, 0xACC4, 0xACC4,
  0xACC4, 0xACC4, 0xACC4, 0xACC4, 0xACC4, 0xACC4, 0xACC4, 0xACC4, 0x9C63, 0x9C63, 0x9C62, 0x98A9, 0xA111, 0xBCCB, 0xC4EB, 0xB0C6,
  0x9D63, 0xA182, 0x9D21, 0x9CA1, 0x9CE1, 0x9D24, 0x9CE2, 0x9861, 0x9860, 0x9CC1, 0x98C2, 0xA0A4, 0xACA6, 0xA8C5, 0xA4A4, 0xA0C4,
  0xA083, 0xACC6, 0xBCC8, 0xB8C7, 0xACA6, 0xA0C4, 0x9CA1, 0x9460, 0x9881, 0x9CE2, 0x9D24, 0xA0E2, 0x9CC1, 0x9D21, 0x9D82, 0x9D63,
  0xB0C7, 0xBCEE, 0xB8CE, 0xA112, 0x98A9, 0x9C62, 0x9C63, 0x9C63, 0xACC4, 0xACC4, 0xACC4, 0xACC4, 0xACC4, 0xACC4, 0xACC4, 0xACC4,
  0xACC4, 0xACC4, 0xACC4, 0xACC4, 0xACC4, 0xACC4, 0xACC4, 0xACC4, 0xACC4, 0xACC4, 0xACC4, 0xACC4, 0xACC4, 0xACC4, 0xACC4, 0xACC4,
  0xACC4, 0xACC4, 0xACC4, 0xACC4, 0xACC4, 0xACC4, 0xACC4, 0xACC4, 0xACC4, 0xACC4, 0xACC4, 0xACC4, 0xACC4, 0xACC4, 0xACC4, 0xACC4,
  0xACC4, 0xACC4, 0xACC4, 0xACC4, 0xACC4, 0xACC4, 0xACC4, 0xACC4, 0x9C63, 0x9C63, 0x9C62, 0x98A9, 0xA510, 0xC4EA, 0xB0E9, 0x9D42,
  0x9901, 0x98A1, 0xA4A4, 0x98E4, 0x9A29, 0x9E48, 0x9D63, 0x9881, 0x98A1, 0x9861, 0xA102, 0xA545, 0xAD29, 0xC0CC, 0xC0EC, 0xC0EC,
  0xC0EB, 0xC0EA, 0xC0EB, 0xA969, 0x9DA5, 0xA122, 0x9CA1, 0x9CC2, 0x9881, 0x9D63, 0x9E49, 0x9A2A, 0x98E4, 0xA4A4, 0x98A1, 0x9D01,
  0x9D42, 0xACCB, 0xBCCD, 0xA111, 0x98A9, 0x9C62, 0x9C63, 0x9C63, 0xACC4, 0xACC4, 0xACC4, 0xACC4, 0xACC4, 0xACC4, 0xACC4, 0xACC4,
  0xACC4, 0xACC4, 0xACC4, 0xACC4, 0xACC4, 0xACC4, 0xACC4, 0xACC4, 0xACC4, 0xACC4, 0xACC4, 0xACC4, 0xACC4, 0xACC4, 0xACC4, 0xACC4,
  0xACC4, 0xACC4, 0xACC4, 0xACC4, 0xACC4, 0xACC4, 0xACC4, 0xACC4, 0xACC4, 0xACC4, 0xACC4, 0xACC4, 0xACC4, 0xACC4, 0xACC4, 0xACC4,
  0xACC4, 0xACC4, 0xACC4, 0xACC4, 0xACC4, 0xACC4, 0xACC4, 0xACC4, 0x9C63, 0x9C83, 0x9C62, 0x98A9, 0xA111, 0xBCCC, 0x9CE3, 0x9CA2,
  0xACC7, 0xB4AB, 0xA4E8, 0x9A8B, 0x9A49, 0x9547, 0x9467, 0x9423, 0xA502, 0x9D44, 0x98C1, 0x9D63, 0x99E6, 0xA18B, 0xB8CE, 0xBCEF,
  0xBCEE, 0xBCCD, 0xA1AB, 0x9A07, 0x9D84, 0x98C2, 0x9D64, 0xA102, 0x9422, 0x9467, 0x9546, 0x9A49, 0x9E6B, 0xA8E8, 0xB4AB, 0xACC7,
  0x98A2, 0x9CE3, 0xBCCC, 0xA111, 0x98A9, 0x9C62, 0x9C63, 0x9C63, 0xACC4, 0xACC4, 0xACC4, 0xACC4, 0xACC4, 0xACC4, 0xACC4, 0xACC4,
  0xACC4, 0xACC4, 0xACC4, 0xACC4, 0xACC4, 0xACC4, 0xACC4, 0xACC4, 0xACC4, 0xACC4, 0xACC4, 0xACC4, 0xACC4, 0xACC4, 0xACC4, 0xACC4,
  0xACC4, 0xACC4, 0xACC4, 0xACC4, 0xACC4, 0xACC4, 0xACC4, 0xACC4, 0xACC4, 0xACC4, 0xACC4, 0xACC4, 0xACC4, 0xACC4, 0xACC4, 0xACC4,
  0xACC4, 0xACC4, 0xACC4, 0xACC4, 0xACC4, 0xACC4, 0xACC4, 0xACC4, 0x9C63, 0x9C63, 0x9C62, 0x98A9, 0xA512, 0xB4A8, 0xA8A7, 0xB8AC,
  0xC0EE, 0xBCCC, 0x99A6, 0x9A29, 0x9D26, 0x9845, 0x9469, 0x9489, 0x98A1, 0xA1C5, 0x9D47, 0x9C84, 0x9964, 0x9A28, 0xA58C, 0xBCCE,
  0xC0CE, 0xA92C, 0x968B, 0x9986, 0x9C84, 0x9DC8, 0xA1A4, 0x98A2, 0x948A, 0x9467, 0x9844, 0x9D26, 0x9629, 0x99A6, 0xBCCC, 0xC0EE,
  0xB8CD, 0xA8A7, 0xB4A9, 0xA512, 0x98A9, 0x9C62, 0x9C63, 0x9C63, 0xACC4, 0xACC4, 0xACC4, 0xACC4, 0xACC4, 0xACC4, 0xACC4, 0xACC4,
  0xACC4, 0xACC4, 0xACC4, 0xACC4, 0xACC4, 0xACC4, 0xACC4, 0xACC4, 0xACC4, 0xACC4, 0xACC4, 0xACC4, 0xACC4, 0xACC4, 0xACC4, 0xACC4,
  0xACC4, 0xACC4, 0xACC4, 0xACC4, 0xACC4, 0xACC4, 0xACC4, 0xACC4, 0xACC4, 0xACC4, 0xACC4, 0xACC4, 0xACC4, 0xACC4, 0xACC4, 0xACC4,
  0xACC4, 0xACC4, 0xACC4, 0xACC4, 0xACC4, 0xACC4, 0xACC4, 0xACC4, 0x9C63, 0x9C83, 0x9C62, 0x98A9, 0xA112, 0xB8CD, 0xC130, 0xC150,
  0xB8F0, 0xACCB, 0x9984, 0x9504, 0xA489, 0x9867, 0x9467, 0x98CE, 0x98A3, 0x9D43, 0x9E09, 0xACEC, 0x9CA7, 0x95A7, 0x9A4C, 0xB0EE,
  0xB8D0, 0x9DCB, 0x95E8, 0xA0C7, 0xA8CB, 0x9A2A, 0xA142, 0x98A3, 0x98F0, 0x9467, 0x9867, 0xA489, 0x94E4, 0x9963, 0xACCB, 0xBCF0,
  0xBCEF, 0xBCEF, 0xB8CC, 0xA111, 0x98A9, 0x9C62, 0x9C83, 0x9C63, 0xACC4, 0xACC4, 0xACC4, 0xACC4, 0xACC4, 0xACC4, 0xACC4, 0xACC4,
  0xACC4, 0xACC4, 0xACC4, 0xACC4, 0xACC4, 0xACC4, 0xACC4, 0xACC4, 0xACC4, 0xACC4, 0xACC4, 0xACC4, 0xACC4, 0xACC4, 0xACC4, 0xACC4,
  0xACC4, 0xACC4, 0xACC4, 0xACC4, 0xACC4, 0xACC4, 0xACC4, 0xACC4, 0xACC4, 0xACC4, 0xACC4, 0xACC4, 0xACC4, 0xACC4, 0xACC4, 0xACC4,
  0xACC4, 0xACC4, 0xACC4, 0xACC4, 0xACC4, 0xACC4, 0xACC4, 0xACC4, 0x9C63, 0x9C63, 0x9C62, 0x98A9, 0x9D12, 0xB0D1, 0xB953, 0xB932,
  0xB4F3, 0xA4EB, 0x9903, 0xA4AA, 0x9867, 0x98CD, 0xACF0, 0xACD0, 0x9CA7, 0x9D63, 0x9A6A, 0xA52F, 0xB0D2, 0x98E6, 0x91E8, 0xA550,
  0xACD2, 0x9A0A, 0x94E5, 0xACD1, 0xA54F, 0x9A4A, 0x9D42, 0xA0A7, 0xACD0, 0xACF0, 0x98AC, 0x9847, 0xA4AA, 0x9902, 0xA4EB, 0xB4F3,
  0xB4F1, 0xB4F2, 0xB0D1, 0x9D12, 0x98A9, 0x9C62, 0x9C83, 0x9C63, 0xACC4, 0xACC4, 0xACC4, 0xACC4, 0xACC4, 0xACC4, 0xACC4, 0xACC4,
  0xACC4, 0xACC4, 0xACC4, 0xACC4, 0xACC4, 0xACC4, 0xACC4, 0xACC4, 0xACC4, 0xACC4, 0xACC4, 0xACC4, 0xACC4, 0xACC4, 0xACC4, 0xACC4,
  0xACC4, 0xACC4, 0xACC4, 0xACC4, 0xACC4, 0xACC4, 0xACC4, 0xACC4, 0xACC4, 0xACC4, 0xACC4, 0xACC4, 0xACC4, 0xACC4, 0xACC4, 0xACC4,
  0xACC4, 0xACC4, 0xACC4, 0xACC4, 0xACC4, 0xACC4, 0xACC4, 0xACC4, 0x9C63, 0x9C83, 0x9C62, 0x98A9, 0xA112, 0xB0D1, 0xB0F3, 0xACF3,
  0xB0F4, 0xA8CC, 0xA4C9, 0xA06B, 0x94CD, 0xA8F0, 0xB4F2, 0xB0F3, 0xA0A9, 0x9D43, 0x9A4A, 0xA52E, 0xB4F3, 0xA8AD, 0x9565, 0xA56E,
  0xB0D1, 0x9948, 0xACCE, 0xB4D3, 0xA54E, 0x9E6A, 0x9904, 0xA0AA, 0xB4F3, 0xB4F2, 0xA8F0, 0x98ED, 0xA06B, 0xA4C9, 0xA8CC, 0xB0F4,
  0xACF3, 0xB113, 0xB8CF, 0xA112, 0x98A9, 0x9C62, 0x9C83, 0x9C63, 0xACC4, 0xACC4, 0xACC4, 0xACC4, 0xACC4, 0xACC4, 0xACC4, 0xACC4,
  0xACC4, 0xACC4, 0xACC4, 0xACC4, 0xACC4, 0xACC4, 0xACC4, 0xACC4, 0xACC4, 0xACC4, 0xACC4, 0xACC4, 0xACC4, 0xACC4, 0xACC4, 0xACC4,
  0xACC4, 0xACC4, 0xACC4, 0xACC4, 0xACC4, 0xACC4, 0xACC4, 0xACC4, 0xACC4, 0xACC4, 0xACC4, 0xACC4, 0xACC4, 0xACC4, 0xACC4, 0xACC4,
  0xACC4, 0xACC4, 0xACC4, 0xACC4, 0xACC4, 0xACC4, 0xACC4, 0xACC4, 0x9C63, 0x9C83, 0x9C62, 0x98A9, 0xA111, 0xBCCE, 0xB4F2, 0xB8F0,
  0xAD13, 0xAD15, 0xA8AD, 0x94AC, 0x9D32, 0xACF3, 0xACF3, 0xACF4, 0xA8D1, 0x98C4, 0x9A4A, 0xA131, 0xA8F4, 0xAD15, 0x9CEE, 0x9D0F,
  0xA8F4, 0xA0F0, 0xAD15, 0xACF5, 0xA511, 0x9A09, 0x9CC4, 0xA8D1, 0xACF4, 0xACF3, 0xACF3, 0x9D32, 0x94CC, 0xA4AE, 0xAD14, 0xB4F1,
  0xB112, 0xB8F0, 0xC0CC, 0xA111, 0x98A9, 0x9C62, 0x9C83, 0x9C63, 0xACC4, 0xACC4, 0xACC4, 0xACC4, 0xACC4, 0xACC4, 0xACC4, 0xACC4,
  0xACC4, 0xACC4, 0xACC4, 0xACC4, 0xACC4, 0xACC4, 0xACC4, 0xACC4, 0xACC4, 0xACC4, 0xACC4, 0xACC4, 0xACC4, 0xACC4, 0xACC4, 0xACC4,
  0xACC4, 0xACC4, 0xACC4, 0xACC4, 0xACC4, 0xACC4, 0xACC4, 0xACC4, 0xACC4, 0xACC4, 0xACC4, 0xACC4, 0xACC4, 0xACC4, 0xACC4, 0xACC4,
  0xACC4, 0xACC4, 0xACC4, 0xACC4, 0xACC4, 0xACC4, 0xACC4, 0xACC4, 0x9C63, 0x9C83, 0x9C62, 0x98A9, 0xA111, 0xC0CB, 0xBD31, 0xB953,
  0xBCEE, 0xB8F0, 0x9C68, 0x9931, 0xAD10, 0xA117, 0x9D17, 0x9D39, 0x98F5, 0x98C3, 0x99CB, 0x9918, 0x9939, 0x9919, 0x9918, 0x98F7,
  0x9919, 0x9919, 0x9919, 0x9939, 0x9919, 0x99AC, 0x98E4, 0x98F6, 0xA138, 0xA536, 0xA915, 0xAD10, 0x9952, 0x9C68, 0xB8F0, 0xBD0F,
  0xBD10, 0xB196, 0xB173, 0xA111, 0x98A9, 0x9C62, 0x9C83, 0x9C63, 0xACC4, 0xACC4, 0xACC4, 0xACC4, 0xACC4, 0xACC4, 0xACC4, 0xACC4,
  0xACC4, 0xACC4, 0xACC4, 0xACC4, 0xACC4, 0xACC4, 0xACC4, 0xACC4, 0xACC4, 0xACC4, 0xACC4, 0xACC4, 0xACC4, 0xACC4, 0xACC4, 0xACC4,
  0xACC4, 0xACC4, 0xACC4, 0xACC4, 0xACC4, 0xACC4, 0xACC4, 0xACC4, 0xACC4, 0xACC4, 0xACC4, 0xACC4, 0xACC4, 0xACC4, 0xACC4, 0xACC4,
  0xACC4, 0xACC4, 0xACC4, 0xACC4, 0xACC4, 0xACC4, 0xACC4, 0xACC4, 0x9C63, 0x9C83, 0x9C62, 0x98A8, 0x9D33, 0xA934, 0xA957, 0xA1BB,
  0xA59A, 0xA4CD, 0x98CD, 0x9D53, 0xA935, 0xA557, 0x9D79, 0x995A, 0x98F6, 0x9504, 0x9951, 0x991A, 0x9918, 0x9959, 0x99DC, 0x9A1D,
  0x9A1C, 0x99DB, 0x9959, 0x9918, 0x993A, 0x9915, 0x94EA, 0x9919, 0x9959, 0xA158, 0xA558, 0xA157, 0x9D53, 0x98CD, 0x9CCF, 0xA17A,
  0x9D9A, 0x9DBC, 0x9D79, 0x9934, 0x9CA8, 0x9C62, 0x9C83, 0x9C63, 0xACC4, 0xACC4, 0xACC4, 0xACC4, 0xACC4, 0xACC4, 0xACC4, 0xACC4,
  0xACC4, 0xACC4, 0xACC4, 0xACC4, 0xACC4, 0xACC4, 0xACC4, 0xACC4, 0xACC4, 0xACC4, 0xACC4, 0xACC4, 0xACC4, 0xACC4, 0xACC4, 0xACC4,
  0xACC4, 0xACC4, 0xACC4, 0xACC4, 0xACC4, 0xACC4, 0xACC4, 0xACC4, 0xACC4, 0xACC4, 0xACC4, 0xACC4, 0xACC4, 0xACC4, 0xACC4, 0xACC4,
  0xACC4, 0xACC4, 0xACC4, 0xACC4, 0xACC4, 0xACC4, 0xACC4, 0xACC4, 0x9C83, 0x9C83, 0x9C62, 0x9CA8, 0x9934, 0x9539, 0x9919, 0x9919,
  0x9918, 0x98AB, 0x9931, 0x9936, 0x993A, 0x9939, 0x9939, 0x9939, 0x9918, 0x94F1, 0x9919, 0x9919, 0x99FC, 0x9E9F, 0x9ADF, 0x9ADF,
  0x9ADF, 0x9ADF, 0x9A9F, 0x99FC, 0x9918, 0x993A, 0x9917, 0x9D58, 0xA599, 0xA158, 0x9919, 0x991A, 0x9936, 0x9931, 0x988B, 0x9918,
  0x9919, 0x9918, 0x9918, 0x9934, 0x9CA8, 0x9C62, 0x9C83, 0x9C83, 0xACC4, 0xACC4, 0xACC4, 0xACC4, 0xACC4, 0xACC4, 0xACC4, 0xACC4,
  0xACC4, 0xACC4, 0xACC4, 0xACC4, 0xACC4, 0xACC4, 0xACC4, 0xACC4, 0xACC4, 0xACC4, 0xACC4, 0xACC4, 0xACC4, 0xACC4, 0xACC4, 0xACC4,
  0xACC4, 0xACC4, 0xACC4, 0xACC4, 0xACC4, 0xACC4, 0xACC4, 0xACC4, 0xACC4, 0xACC4, 0xACC4, 0xACC4, 0xACC4, 0xACC4, 0xACC4, 0xACC4,
  0xACC4, 0xACC4, 0xACC4, 0xACC4, 0xACC4, 0xACC4, 0xACC4, 0xACC4, 0x9C83, 0x9C83, 0x9C62, 0x98A8, 0x9D54, 0xA5FB, 0x9DBC, 0x991A,
  0x98AE, 0x98AB, 0x9954, 0x9917, 0x9939, 0x9918, 0x9919, 0x9939, 0x9918, 0x9919, 0x9919, 0x9E1D, 0x9EDF, 0x9ABF, 0x9ABF, 0x9ABF,
  0x9ABF, 0x9EBF, 0x9ABF, 0x9EDF, 0x9E1D, 0x9918, 0x9919, 0xA159, 0xB5F8, 0xA578, 0x9938, 0x9939, 0x9917, 0x9953, 0x98CB, 0x98AE,
  0x993A, 0x999B, 0xA61C, 0x9D33, 0x98A8, 0x9C62, 0x9C83, 0x9C83, 0xACC4, 0xACC4, 0xACC4, 0xACC4, 0xACC4, 0xACC4, 0xACC4, 0xACC4,
  0xACC4, 0xACC4, 0xACC4, 0xACC4, 0xACC4, 0xACC4, 0xACC4, 0xACC4, 0xACC4, 0xACC4, 0xACC4, 0xACC4, 0xACC4, 0xACC4, 0xACC4, 0xACC4,
  0xACC4, 0xACC4, 0xACC4, 0xACC4, 0xACC4, 0xACC4, 0xACC4, 0xACC4, 0xACC4, 0xACC4, 0xACC4, 0xACC4, 0xACC4, 0xACC4, 0xACC4, 0xACC4,
  0xACC4, 0xACC4, 0xACC4, 0xACC4, 0xACC4, 0xACC4, 0xACC4, 0xACC4, 0x9C83, 0x9C83, 0x9C62, 0x98A9, 0xA111, 0xB531, 0xA61D, 0x955A,
  0x9889, 0x9D51, 0x9534, 0x995B, 0x993A, 0x993A, 0x993A, 0x9939, 0x993A, 0x993A, 0x95BC, 0x9A7F, 0x9A7F, 0x967F, 0x967F, 0x967F,
  0x967F, 0x967F, 0x9A5F, 0x9A5F, 0x9A7F, 0x95BC, 0x953A, 0x953A, 0x953A, 0x953A, 0x993A, 0x993A, 0x993B, 0x9514, 0x9D51, 0x9889,
  0x9539, 0xA61D, 0xB931, 0xA111, 0x98A9, 0x9C62, 0x9C83, 0x9C83, 0xACC4, 0xACC4, 0xACC4, 0xACC4, 0xACC4, 0xACC4, 0xACC4, 0xACC4,
  0xACC4, 0xACC4, 0xACC4, 0xACC4, 0xACC4, 0xACC4, 0xACC4, 0xACC4, 0xACC4, 0xACC4, 0xACC4, 0xACC4, 0xACC4, 0xACC4, 0xACC4, 0xACC4,
  0xACC4, 0xACC4, 0xACC4, 0xACC4, 0xACC4, 0xACC4, 0xACC4, 0xACC4, 0xACC4, 0xACC4, 0xACC4, 0xACC4, 0xACC4, 0xACC4, 0xACC4, 0xACC4,
  0xACC4, 0xACC4, 0xACC4, 0xACC4, 0xACC4, 0xACC4, 0xACC4, 0xACC4, 0x9C63, 0x9C83, 0x9C62, 0x98A9, 0xA111, 0xB552, 0xA63D, 0x9D96,
  0x9468, 0x9952, 0x9559, 0x957D, 0x955C, 0x955C, 0x957C, 0x955C, 0x955C, 0x917D, 0x91BF, 0x91DF, 0x91DF, 0x91BF, 0x91BF, 0x91BF,
  0x91DF, 0x91BF, 0x91BF, 0x91BF, 0x91BF, 0x91BF, 0x917D, 0x957C, 0x955C, 0x957C, 0x957C, 0x955C, 0x955D, 0x9559, 0x9952, 0x9468,
  0x9977, 0xA63D, 0xB532, 0xA112, 0x98A9, 0x9C62, 0x9C83, 0x9C83, 0xACC4, 0xACC4, 0xACC4, 0xACC4, 0xACC4, 0xACC4, 0xACC4, 0xACC4,
  0xACC4, 0xACC4, 0xACC4, 0xACC4, 0xACC4, 0xACC4, 0xACC4, 0xACC4, 0xACC4, 0xACC4, 0xACC4, 0xACC4, 0xACC4, 0xACC4, 0xACC4, 0xACC4,
  0xACC4, 0xACC4, 0xACC4, 0xACC4, 0xACC4, 0xACC4, 0xACC4, 0xACC4, 0xACC4, 0xACC4, 0xACC4, 0xACC4, 0xACC4, 0xACC4, 0xACC4, 0xACC4,
  0xACC4, 0xACC4, 0xACC4, 0xACC4, 0xACC4, 0xACC4, 0xACC4, 0xACC4, 0x9C63, 0x9C83, 0x9C62, 0x98A9, 0xA112, 0xBCCD, 0xB553, 0xA088,
  0x98EF, 0x9D94, 0x99DD, 0x917D, 0x919E, 0x919E, 0x915D, 0x917D, 0x917D, 0x915D, 0x911F, 0x911F, 0x911F, 0x913F, 0x913F, 0x913F,
  0x913F, 0x913F, 0x913F, 0x913F, 0x913F, 0x911F, 0x915D, 0x917D, 0x917D, 0x915D, 0x917D, 0x915D, 0x95BE, 0x9E3E, 0x9D74, 0x98CE,
  0x98ED, 0xADD9, 0xBCCD, 0xA112, 0x98A9, 0x9C62, 0x9C83, 0x9C63, 0xACC4, 0xACC4, 0xACC4, 0xACC4, 0xACC4, 0xACC4, 0xACC4, 0xACC4,
  0xACC4, 0xACC4, 0xACC4, 0xACC4, 0xACC4, 0xACC4, 0xACC4, 0xACC4, 0xACC4, 0xACC4, 0xACC4, 0xACC4, 0xACC4, 0xACC4, 0xACC4, 0xACC4,
  0xACC4, 0xACC4, 0xACC4, 0xACC4, 0xACC4, 0xACC4, 0xACC4, 0xACC4, 0xACC4, 0xACC4, 0xACC4, 0xACC4, 0xACC4, 0xACC4, 0xACC4, 0xACC4,
  0xACC4, 0xACC4, 0xACC4, 0xACC4, 0xACC4, 0xACC4, 0xACC4, 0xACC4, 0x9C83, 0x9C83, 0x9C62, 0x98A9, 0xA111, 0xC0CD, 0xBCCD, 0x9868,
  0x9931, 0xACEE, 0xB196, 0x9DFD, 0xAD97, 0xA9D9, 0x95DE, 0x917D, 0x917D, 0x953C, 0x94BC, 0x94DC, 0x94DC, 0x94DC, 0x94DC, 0x94DC,
  0x94DC, 0x94DC, 0x94DC, 0x98BB, 0x98BB, 0x98BA, 0x953C, 0x917D, 0x915D, 0x95BE, 0xA1FC, 0xA1DC, 0x9E3E, 0xB574, 0xACEE, 0x9531,
  0x9888, 0xBCCD, 0xC0CD, 0xA111, 0x98A9, 0x9C62, 0x9C83, 0x9C83, 0xACC4, 0xACC4, 0xACC4, 0xACC4, 0xACC4, 0xACC4, 0xACC4, 0xACC4,
  0xACC4, 0xACC4, 0xACC4, 0xACC4, 0xACC4, 0xACC4, 0xACC4, 0xACC4, 0xACC4, 0xACC4, 0xACC4, 0xACC4, 0xACC4, 0xACC4, 0xACC4, 0xACC4,
  0xACC4, 0xACC4, 0xACC4, 0xACC4, 0xACC4, 0xACC4, 0xACC4, 0xACC4, 0xACC4, 0xACC4, 0xACC4, 0xACC4, 0xACC4, 0xACC4, 0xACC4, 0xACC4,
  0xACC4, 0xACC4, 0xACC4, 0xACC4, 0xACC4, 0xACC4, 0xACC4, 0xACC4, 0x9C83, 0x9C83, 0x9C62, 0x98A9, 0xA112, 0xBCF0, 0xB0CC, 0x988A,
  0x9974, 0xB0F0, 0xB912, 0xB532, 0xB533, 0xB8F0, 0xAD76, 0xA5BA, 0x95BE, 0x915E, 0x9C98, 0x9C77, 0x9C77, 0x9C77, 0x9C77, 0x9C77,
  0x9C77, 0x9C77, 0x9C77, 0x9C77, 0x9C77, 0x9C98, 0x915E, 0x95BE, 0xA1BC, 0xA9B9, 0xB534, 0xB155, 0xB154, 0xB8F1, 0xB0EF, 0x9974,
  0x988A, 0xB0CC, 0xBCF0, 0xA112, 0x98A9, 0x9C62, 0x9C83, 0x9C63, 0xACC4, 0xACC4, 0xACC4, 0xACC4, 0xACC4, 0xACC4, 0xACC4, 0xACC4,
  0xACC4, 0xACC4, 0xACC4, 0xACC4, 0xACC4, 0xACC4, 0xACC4, 0xACC4, 0xACC4, 0xACC4, 0xACC4, 0xACC4, 0xACC4, 0xACC4, 0xACC4, 0xACC4,
  0xACC4, 0xACC4, 0xACC4, 0xACC4, 0xACC4, 0xACC4, 0xACC4, 0xACC4, 0xACC4, 0xACC4, 0xACC4, 0xACC4, 0xACC4, 0xACC4, 0xACC4, 0xACC4,
  0xACC4, 0xACC4, 0xACC4, 0xACC4, 0xACC4, 0xACC4, 0xACC4, 0xACC4, 0x9C63, 0x9C83, 0x9C62, 0x98A9, 0x9D12, 0xAD12, 0xA0AB, 0x98EE,
  0x9D72, 0xA8F0, 0xAD13, 0xAD12, 0xAD12, 0xAD32, 0xAD11, 0xAD11, 0xAD54, 0xA956, 0xA8F3, 0xA8D3, 0xA4F4, 0xA4D4, 0xA4F4, 0xA4F4,
  0xA4F5, 0xA4F4, 0xA4D4, 0xA4D4, 0xA8D3, 0xA8F3, 0xA956, 0xA954, 0xAD12, 0xAD11, 0xAD12, 0xAD12, 0xAD12, 0xAD33, 0xA8F0, 0x9D72,
  0x98EE, 0xA0AB, 0xAD12, 0x9D12, 0x98A9, 0x9C62, 0x9C83, 0x9C63, 0xACC4, 0xACC4, 0xACC4, 0xACC4, 0xACC4, 0xACC4, 0xACC4, 0xACC4,
  0xACC4, 0xACC4, 0xACC4, 0xACC4, 0xACC4, 0xACC4, 0xACC4, 0xACC4, 0xACC4, 0xACC4, 0xACC4, 0xACC4, 0xACC4, 0xACC4, 0xACC4, 0xACC4,
  0xACC4, 0xACC4, 0xACC4, 0xACC4, 0xACC4, 0xACC4, 0xACC4, 0xACC4, 0xACC4, 0xACC4, 0xACC4, 0xACC4, 0xACC4, 0xACC4, 0xACC4, 0xACC4,
  0xACC4, 0xACC4, 0xACC4, 0xACC4, 0xACC4, 0xACC4, 0xACC4, 0xACC4, 0x9C63, 0x9C83, 0x9C62, 0x98A9, 0xA10F, 0xC0C1, 0xA065, 0x9511,
  0xA54F, 0xBCA2, 0xC0E3, 0xC0E4, 0xC4E5, 0xC0C6, 0xC0E7, 0xC0E6, 0xC4E8, 0xC8CA, 0xC152, 0xB5B6, 0xB1B7, 0xA5FC, 0x9E5F, 0xA2BF,
  0xA29F, 0xA25E, 0xA61C, 0xB1B7, 0xB595, 0xC531, 0xC8EB, 0xC8EA, 0xC4E9, 0xC4E8, 0xC0C7, 0xC0E6, 0xC0E4, 0xC0E4, 0xC0C2, 0xA54F,
  0x9511, 0xA465, 0xC0C1, 0xA10F, 0x98A9, 0x9C62, 0x9C83, 0x9C63, 0xACC4, 0xACC4, 0xACC4, 0xACC4, 0xACC4, 0xACC4, 0xACC4, 0xACC4,
  0xACC4, 0xACC4, 0xACC4, 0xACC4, 0xACC4, 0xACC4, 0xACC4, 0xACC4, 0xACC4, 0xACC4, 0xACC4, 0xACC4, 0xACC4, 0xACC4, 0xACC4, 0xACC4,
  0xACC4, 0xACC4, 0xACC4, 0xACC4, 0xACC4, 0xACC4, 0xACC4, 0xACC4, 0xACC4, 0xACC4, 0xACC4, 0xACC4, 0xACC4, 0xACC4, 0xACC4, 0xACC4,
  0xACC4, 0xACC4, 0xACC4, 0xACC4, 0xACC4, 0xACC4, 0xACC4, 0xACC4, 0x9C63, 0x9C83, 0x9C62, 0x98A9, 0xA530, 0xC103, 0x9C87, 0x9511,
  0xA90B, 0xC944, 0xC946, 0xC946, 0xC927, 0xC927, 0xC927, 0xC928, 0xC509, 0xC92A, 0xC52A, 0xBD4D, 0xBD6E, 0xB1D7, 0xA63D, 0xA23F,
  0xA21F, 0xA21F, 0xADF8, 0xB992, 0xC18E, 0xC989, 0xC947, 0xC928, 0xC928, 0xCD67, 0xCD66, 0xC926, 0xC945, 0xC965, 0xCD43, 0xA92B,
  0x9532, 0x9C88, 0xC522, 0xA52F, 0x98A9, 0x9C62, 0x9C63, 0x9C63, 0xACC4, 0xACC4, 0xACC4, 0xACC4, 0xACC4, 0xACC4, 0xACC4, 0xACC4,
  0xACC4, 0xACC4, 0xACC4, 0xACC4, 0xACC4, 0xACC4, 0xACC4, 0xACC4, 0xACC4, 0xACC4, 0xACC4, 0xACC4, 0xACC4, 0xACC4, 0xACC4, 0xACC4,
  0xACC4, 0xACC4, 0xACC4, 0xACC4, 0xACC4, 0xACC4, 0xACC4, 0xACC4, 0xACC4, 0xACC4, 0xACC4, 0xACC4, 0xACC4, 0xACC4, 0xACC4, 0xACC4,
  0xACC4, 0xACC4, 0xACC4, 0xACC4, 0xACC4, 0xACC4, 0xACC4, 0xACC4, 0x9C63, 0x9C83, 0x9C62, 0x98A9, 0xA930, 0xC124, 0x9447, 0x9533,
  0xB14B, 0xCD44, 0xC964, 0xC964, 0xCD83, 0xD1C3, 0xCDA4, 0xCD66, 0xCD66, 0xC966, 0xC926, 0xC546, 0xC9A6, 0xC5A8, 0xB9B2, 0xB1B9,
  0xB198, 0xB9B1, 0xC1AE, 0xCDCA, 0xC96B, 0xCD8A, 0xD5A7, 0xD1A6, 0xCD84, 0xCD65, 0xD1A3, 0xCDA2, 0xCD84, 0xCD64, 0xCD44, 0xB56A,
  0x9533, 0x9867, 0xC542, 0xA54F, 0x98A9, 0x9C62, 0x9C83, 0x9C63, 0xACC4, 0xACC4, 0xACC4, 0xACC4, 0xACC4, 0xACC4, 0xACC4, 0xACC4,
  0xACC4, 0xACC4, 0xACC4, 0xACC4, 0xACC4, 0xACC4, 0xACC4, 0xACC4, 0xACC4, 0xACC4, 0xACC4, 0xACC4, 0xACC4, 0xACC4, 0xACC4, 0xACC4,
  0xACC4, 0xACC4, 0xACC4, 0xACC4, 0xACC4, 0xACC4, 0xACC4, 0xACC4, 0xACC4, 0xACC4, 0xACC4, 0xACC4, 0xACC4, 0xACC4, 0xACC4, 0xACC4,
  0xACC4, 0xACC4, 0xACC4, 0xACC4, 0xACC4, 0xACC4, 0xACC4, 0xACC4, 0x9C63, 0x9C83, 0x9C62, 0x98A9, 0xA950, 0xBD24, 0x9468, 0x94EF,
  0xC187, 0xDE23, 0xDA26, 0xDA06, 0xDE44, 0xD5E4, 0xC945, 0xC965, 0xD1C3, 0xD602, 0xDE63, 0xDE63, 0xDE44, 0xD229, 0xCA0A, 0xC5EA,
  0xC9E9, 0xD207, 0xD22A, 0xDA25, 0xDE45, 0xDA24, 0xD5E3, 0xCD84, 0xC526, 0xC965, 0xD5E3, 0xDE65, 0xDA06, 0xDA26, 0xDE23, 0xBD86,
  0x94EF, 0x9448, 0xBD24, 0xA970, 0x9889, 0x9C62, 0x9C63, 0x9C63, 0xACC4, 0xACC4, 0xACC4, 0xACC4, 0xACC4, 0xACC4, 0xACC4, 0xACC4,
  0xACC4, 0xACC4, 0xACC4, 0xACC4, 0xACC4, 0xACC4, 0xACC4, 0xACC4, 0xACC4, 0xACC4, 0xACC4, 0xACC4, 0xACC4, 0xACC4, 0xACC4, 0xACC4,
  0xACC4, 0xACC4, 0xACC4, 0xACC4, 0xACC4, 0xACC4, 0xACC4, 0xACC4, 0xACC4, 0xACC4, 0xACC4, 0xACC4, 0xACC4, 0xACC4, 0xACC4, 0xACC4,
  0xACC4, 0xACC4, 0xACC4, 0xACC4, 0xACC4, 0xACC4, 0xACC4, 0xACC4, 0x9C63, 0x9C63, 0x9C62, 0x94A9, 0xAD70, 0xB923, 0x948C, 0x9976,
  0xC1C9, 0xDE26, 0xD5C7, 0xD1A5, 0xD5E5, 0xDA27, 0xDA24, 0xDE47, 0xDA27, 0xDA07, 0xD1C8, 0xD187, 0xCD67, 0xD1A8, 0xD607, 0xDA29,
  0xDA2A, 0xD1C8, 0xCD88, 0xCD66, 0xD5C7, 0xD605, 0xD605, 0xDA23, 0xDE44, 0xDE66, 0xDE48, 0xDA08, 0xD1A4, 0xD1C6, 0xDE47, 0xC1C9,
  0x9977, 0x948B, 0xB903, 0xA950, 0x94A9, 0x9C62, 0x9C63, 0x9863, 0xACC4, 0xACC4, 0xACC4, 0xACC4, 0xACC4, 0xACC4, 0xACC4, 0xACC4,
  0xACC4, 0xACC4, 0xACC4, 0xACC4, 0xACC4, 0xACC4, 0xACC4, 0xACC4, 0xACC4, 0xACC4, 0xACC4, 0xACC4, 0xACC4, 0xACC4, 0xACC4, 0xACC4,
  0xACC4, 0xACC4, 0xACC4, 0xACC4, 0xACC4, 0xACC4, 0xACC4, 0xACC4, 0xACC4, 0xACC4, 0xACC4, 0xACC4, 0xACC4, 0xACC4, 0xACC4, 0xACC4,
  0xACC4, 0xACC4, 0xACC4, 0xACC4, 0xACC4, 0xACC4, 0xACC4, 0xACC4, 0x9C63, 0x9C63, 0x9C62, 0x98A9, 0xAD8F, 0xB922, 0x9448, 0x9510,
  0xB989, 0xDE25, 0xD625, 0xD624, 0xDA27, 0xDA29, 0xDE2A, 0xDE0B, 0xD9E9, 0xDA09, 0xD5E8, 0xDA2A, 0xDE2B, 0xDA09, 0xD9E8, 0xD5CA,
  0xD5CA, 0xD5CC, 0xDE2C, 0xDA49, 0xDA08, 0xDA0C, 0xD9ED, 0xD9ED, 0xE28D, 0xE2AA, 0xD606, 0xD605, 0xDA25, 0xDA45, 0xD5C3, 0xB968,
  0x9910, 0x9048, 0xB942, 0xA96F, 0x9489, 0x9C62, 0x9C63, 0x9863, 0xACC4, 0xACC4, 0xACC4, 0xACC4, 0xACC4, 0xACC4, 0xACC4, 0xACC4,
  0xACC4, 0xACC4, 0xACC4, 0xACC4, 0xACC4, 0xACC4, 0xACC4, 0xACC4, 0xACC4, 0xACC4, 0xACC4, 0xACC4, 0xACC4, 0xACC4, 0xACC4, 0xACC4,
  0xACC4, 0xACC4, 0xACC4, 0xACC4, 0xACC4, 0xACC4, 0xACC4, 0xACC4, 0xACC4, 0xACC4, 0xACC4, 0xACC4, 0xACC4, 0xACC4, 0xACC4, 0xACC4,
  0xACC4, 0xACC4, 0xACC4, 0xACC4, 0xACC4, 0xACC4, 0xACC4, 0xACC4, 0x9C63, 0x9C63, 0x9C62, 0x9889, 0xAD8F, 0xBD83, 0x9448, 0x9910,
  0xAE14, 0xDA86, 0xD645, 0xD645, 0xD646, 0xDA87, 0xE2CB, 0xDE8A, 0xD626, 0xD624, 0xD201, 0xD201, 0xD644, 0xDE89, 0xDA48, 0xDEAA,
  0xDE89, 0xDE89, 0xD666, 0xD223, 0xCDE2, 0xD224, 0xDE88, 0xDE89, 0xDA67, 0xD203, 0xCE02, 0xD203, 0xD625, 0xDEA8, 0xDE86, 0xADF4,
  0x9910, 0x9448, 0xBD83, 0xAD8F, 0x9489, 0x9C62, 0x9C63, 0x9C63, 0xACC4, 0xACC4, 0xACC4, 0xACC4, 0xACC4, 0xACC4, 0xACC4, 0xACC4,
  0xACC4, 0xACC4, 0xACC4, 0xACC4, 0xACC4, 0xACC4, 0xACC4, 0xACC4, 0xACC4, 0xACC4, 0xACC4, 0xACC4, 0xACC4, 0xACC4, 0xACC4, 0xACC4,
  0xACC4, 0xACC4, 0xACC4, 0xACC4, 0xACC4, 0xACC4, 0xACC4, 0xACC4, 0xACC4, 0xACC4, 0xACC4, 0xACC4, 0xACC4, 0xACC4, 0xACC4, 0xACC4,
  0xACC4, 0xACC4, 0xACC4, 0xACC4, 0xACC4, 0xACC4, 0xACC4, 0xACC4, 0x9863, 0x9863, 0x9C62, 0x9888, 0xA9B4, 0xB5AD, 0x9447, 0x9910,
  0x9931, 0xD689, 0xEF6B, 0xEB48, 0xE706, 0xE2C6, 0xDAA5, 0xDA84, 0xDAA6, 0xE2E8, 0xE329, 0xE309, 0xDEA5, 0xDA84, 0xDAA5, 0xDEC7,
  0xDAA6, 0xD663, 0xDEC6, 0xE729, 0xE309, 0xDEC7, 0xDA85, 0xDA84, 0xDA85, 0xE2E8, 0xE729, 0xEF4A, 0xEB29, 0xEF48, 0xDAA8, 0x9951,
  0x9911, 0x9448, 0xB9CA, 0xA9B2, 0x9489, 0x9C62, 0x9C63, 0x9C63, 0xACC4, 0xACC4, 0xACC4, 0xACC4, 0xACC4, 0xACC4, 0xACC4, 0xACC4,
  0xACC4, 0xACC4, 0xACC4, 0xACC4, 0xACC4, 0xACC4, 0xACC4, 0xACC4, 0xACC4, 0xACC4, 0xACC4, 0xACC4, 0xACC4, 0xACC4, 0xACC4, 0xACC4,
  0xACC4, 0xACC4, 0xACC4, 0xACC4, 0xACC4, 0xACC4, 0xACC4, 0xACC4, 0xACC4, 0xACC4, 0xACC4, 0xACC4, 0xACC4, 0xACC4, 0xACC4, 0xACC4,
  0xACC4, 0xACC4, 0xACC4, 0xACC4, 0xACC4, 0xACC4, 0xACC4, 0xACC4, 0x9863, 0x9863, 0x9C62, 0x9888, 0xA195, 0xADF3, 0x9867, 0x948A,
  0x9931, 0xA991, 0xBE97, 0xC271, 0xDAF0, 0xEB4C, 0xEB26, 0xEB49, 0xEB49, 0xEB27, 0xEF49, 0xEF4A, 0xEF49, 0xEF49, 0xE728, 0xE305,
  0xE707, 0xE74A, 0xE72A, 0xEB2A, 0xE705, 0xE705, 0xE727, 0xE727, 0xEB48, 0xEF6C, 0xEB2F, 0xD6F2, 0xC272, 0xCA92, 0xADAF, 0x9952,
  0x948A, 0x9846, 0xA14A, 0x9D74, 0x9888, 0x9C62, 0x9863, 0x9863, 0xACC4, 0xACC4, 0xACC4, 0xACC4, 0xACC4, 0xACC4, 0xACC4, 0xACC4,
  0xACC4, 0xACC4, 0xACC4, 0xACC4, 0xACC4, 0xACC4, 0xACC4, 0xACC4, 0xACC4, 0xACC4, 0xACC4, 0xACC4, 0xACC4, 0xACC4, 0xACC4, 0xACC4,
  0xACC4, 0xACC4, 0xACC4, 0xACC4, 0xACC4, 0xACC4, 0xACC4, 0xACC4, 0xACC4, 0xACC4, 0xACC4, 0xACC4, 0xACC4, 0xACC4, 0xACC4, 0xACC4,
  0xACC4, 0xACC4, 0xACC4, 0xACC4, 0xACC4, 0xACC4, 0xACC4, 0xACC4, 0x9C63, 0x9863, 0x9862, 0x98A9, 0x9D30, 0xA0E3, 0x9487, 0x98E9,
  0x990F, 0x9D74, 0xA1D1, 0xAA73, 0xB29C, 0xB679, 0xCEB5, 0xDAF0, 0xDEED, 0xDACF, 0xCAB4, 0xC255, 0xD2D6, 0xDAD0, 0xEB2B, 0xEF6D,
  0xEF49, 0xEB27, 0xEB28, 0xEB4E, 0xE30F, 0xE72F, 0xEB0A, 0xEB4E, 0xD6D2, 0xBA36, 0xB67B, 0xAE7B, 0xAA53, 0xA1AF, 0x9954, 0x98EE,
  0x98EA, 0x9487, 0x9CA0, 0x9D30, 0x98A9, 0x9862, 0x9863, 0x9863, 0xACC4, 0xACC4, 0xACC4, 0xACC4, 0xACC4, 0xACC4, 0xACC4, 0xACC4,
  0xACC4, 0xACC4, 0xACC4, 0xACC4, 0xACC4, 0xACC4, 0xACC4, 0xACC4, 0xACC4, 0xACC4, 0xACC4, 0xACC4, 0xACC4, 0xACC4, 0xACC4, 0xACC4,
  0xACC4, 0xACC4, 0xACC4, 0xACC4, 0xACC4, 0xACC4, 0xACC4, 0xACC4, 0xACC4, 0xACC4, 0xACC4, 0xACC4, 0xACC4, 0xACC4, 0xACC4, 0xACC4,
  0xACC4, 0xACC4, 0xACC4, 0xACC4, 0xACC4, 0xACC4, 0xACC4, 0xACC4, 0x9863, 0x9863, 0x9862, 0x98A9, 0x992F, 0x9CE2, 0x9925, 0x98C6,
  0x9468, 0x98EE, 0x98A9, 0xA104, 0xB693, 0xBF5F, 0xB6DE, 0xAE9B, 0xB6DD, 0xB6DE, 0xB6DE, 0xB6FE, 0xB2BD, 0xB29D, 0xBA7B, 0xBE99,
  0xC277, 0xBE56, 0xBE57, 0xB639, 0xAA3B, 0xB27B, 0xBABB, 0xBABB, 0xB6BE, 0xB6FF, 0xBB3F, 0xBEF9, 0xA125, 0x9488, 0x948A, 0x9447,
  0x98E6, 0x9925, 0x9CE3, 0x9930, 0x98A9, 0x9862, 0x9863, 0x9C63, 0xACC4, 0xACC4, 0xACC4, 0xACC4, 0xACC4, 0xACC4, 0xACC4, 0xACC4,
  0xACC4, 0xACC4, 0xACC4, 0xACC4, 0xACC4, 0xACC4, 0xACC4, 0xACC4, 0xACC4, 0xACC4, 0xACC4, 0xACC4, 0xACC4, 0xACC4, 0xACC4, 0xACC4,
  0xACC4, 0xACC4, 0xACC4, 0xACC4, 0xACC4, 0xACC4, 0xACC4, 0xACC4, 0xACC4, 0xACC4, 0xACC4, 0xACC4, 0xACC4, 0xACC4, 0xACC4, 0xACC4,
  0xACC4, 0xACC4, 0xACC4, 0xACC4, 0xACC4, 0xACC4, 0xACC4, 0xACC4, 0x9863, 0x9863, 0x9862, 0x98A9, 0x9D0F, 0x9D02, 0x9D46, 0x94A7,
  0x98C7, 0x9D32, 0xA194, 0xA5B2, 0xA9F5, 0xBF1D, 0xBF1B, 0xA9EC, 0xB6B6, 0xC35F, 0xBF3E, 0xC35F, 0xC37F, 0xC35E, 0xB6FD, 0xBB3F,
  0xB6DE, 0xB6FE, 0xB6FE, 0xBB1E, 0xBF5F, 0xBB1E, 0xBB1E, 0xBB1E, 0xA173, 0xB69A, 0xBB1D, 0xB258, 0xADF3, 0xA193, 0x9D0F, 0x94C8,
  0x94A8, 0x9D46, 0x98E2, 0x990F, 0x98A9, 0x9862, 0x9863, 0x9863, 0xACC4, 0xACC4, 0xACC4, 0xACC4, 0xACC4, 0xACC4, 0xACC4, 0xACC4,
  0xACC4, 0xACC4, 0xACC4, 0xACC4, 0xACC4, 0xACC4, 0xACC4, 0xACC4, 0xACC4, 0xACC4, 0xACC4, 0xACC4, 0xACC4, 0xACC4, 0xACC4, 0xACC4,
  0xACC4, 0xACC4, 0xACC4, 0xACC4, 0xACC4, 0xACC4, 0xACC4, 0xACC4, 0xACC4, 0xACC4, 0xACC4, 0xACC4, 0xACC4, 0xACC4, 0xACC4, 0xACC4,
  0xACC4, 0xACC4, 0xACC4, 0xACC4, 0xACC4, 0xACC4, 0xACC4, 0xACC4, 0x9863, 0x9863, 0x9C62, 0x98A9, 0x98EE, 0x9CE2, 0x9CE3, 0x9D28,
  0x9D70, 0xA5F7, 0xB2BE, 0xB6FF, 0xBF1F, 0xBB1E, 0xBB3F, 0xBADB, 0xBF1D, 0xBF3F, 0xB69B, 0xAE39, 0xBF3F, 0xC35F, 0xC33E, 0xC77F,
  0xC35F, 0xC77F, 0xC77F, 0xC35F, 0xC35F, 0xBF3E, 0xBF1E, 0xBF3E, 0xB69B, 0xBAFD, 0xC33F, 0xBB1F, 0xB71F, 0xAEBE, 0xA5F6, 0xA16F,
  0x9D29, 0xA104, 0xA924, 0x98ED, 0x98A9, 0x9862, 0x9863, 0x9863, 0xACC4, 0xACC4, 0xACC4, 0xACC4, 0xACC4, 0xACC4, 0xACC4, 0xACC4,
  0xACC4, 0xACC4, 0xACC4, 0xACC4, 0xACC4, 0xACC4, 0xACC4, 0xACC4, 0xACC4, 0xACC4, 0xACC4, 0xACC4, 0xACC4, 0xACC4, 0xACC4, 0xACC4,
  0xACC4, 0xACC4, 0xACC4, 0xACC4, 0xACC4, 0xACC4, 0xACC4, 0xACC4, 0xACC4, 0xACC4, 0xACC4, 0xACC4, 0xACC4, 0xACC4, 0xACC4, 0xACC4,
  0xACC4, 0xACC4, 0xACC4, 0xACC4, 0xACC4, 0xACC4, 0xACC4, 0xACC4, 0x9863, 0x9863, 0x9C62, 0x98A9, 0x98CD, 0xA0A0, 0xA0E1, 0x98A3,
  0x9CE6, 0x9D4D, 0x9CEA, 0xA176, 0xA5D7, 0xA5F8, 0xAE5A, 0xB29C, 0xB2BC, 0xB6DC, 0xB6DC, 0xB6DC, 0xBAFD, 0xC33D, 0xBAFD, 0xB2BC,
  0xB6DC, 0xB6DC, 0xB6DC, 0xB6DC, 0xBADD, 0xBAFD, 0xB6DC, 0xAE7C, 0xB29C, 0xAA5A, 0xA9F8, 0xA9F8, 0xA1D8, 0x9D0B, 0xA14D, 0x9CE6,
  0x98A3, 0xA924, 0xBD88, 0x9CEE, 0x9888, 0x9862, 0x9863, 0x9863, 0xACC4, 0xACC4, 0xACC4, 0xACC4, 0xACC4, 0xACC4, 0xACC4, 0xACC4,
  0xACC4, 0xACC4, 0xACC4, 0xACC4, 0xACC4, 0xACC4, 0xACC4, 0xACC4, 0xACC4, 0xACC4, 0xACC4, 0xACC4, 0xACC4, 0xACC4, 0xACC4, 0xACC4,
  0xACC4, 0xACC4, 0xACC4, 0xACC4, 0xACC4, 0xACC4, 0xACC4, 0xACC4, 0xACC4, 0xACC4, 0xACC4, 0xACC4, 0xACC4, 0xACC4, 0xACC4, 0xACC4,
  0xACC4, 0xACC4, 0xACC4, 0xACC4, 0xACC4, 0xACC4, 0xACC4, 0xACC4, 0x9863, 0x9863, 0x9862, 0x98A8, 0x9D98, 0x98AC, 0x98CD, 0x98EE,
  0x990F, 0x98EE, 0x9910, 0x9D32, 0x9932, 0x9912, 0x9912, 0x9932, 0x9D54, 0x9D54, 0x9D54, 0x9D54, 0x9D74, 0x9D74, 0x9D54, 0x9D54,
  0x9D54, 0x9D54, 0x9D54, 0x9D54, 0x9D54, 0x9D54, 0x9D53, 0x9D54, 0x9933, 0x9912, 0x9912, 0x9D32, 0x9D32, 0x9910, 0x98EE, 0x98EF,
  0x9CEE, 0x98CD, 0x9CED, 0x9D98, 0x98A8, 0x9862, 0x9863, 0x9863, 0xACC4, 0xACC4, 0xACC4, 0xACC4, 0xACC4, 0xACC4, 0xACC4, 0xACC4,
  0xACC4, 0xACC4, 0xACC4, 0xACC4, 0xACC4, 0xACC4, 0xACC4, 0xACC4, 0xACC4, 0xACC4, 0xACC4, 0xACC4, 0xACC4, 0xACC4, 0xACC4, 0xACC4,
  0xACC4, 0xACC4, 0xACC4, 0xACC4, 0xACC4, 0xACC4, 0xACC4, 0xACC4, 0xACC4, 0xACC4, 0xACC4, 0xACC4, 0xACC4, 0xACC4, 0xACC4, 0xACC4,
  0xACC4, 0xACC4, 0xACC4, 0xACC4, 0xACC4, 0xACC4, 0xACC4, 0xACC4, 0x9863, 0x9863, 0x9863, 0x9864, 0x9888, 0x9888, 0x9888, 0x98A9,
  0x98A9, 0x98A9, 0x98A8, 0x98A8, 0x9CA8, 0x9CA8, 0x9CA8, 0x9CA8, 0x9CA8, 0x9CA8, 0x9CA8, 0x9CA8, 0x9C88, 0x9C88, 0x9CA8, 0x9CA8,
  0x9CA8, 0x9CA8, 0x9CA8, 0x9CA8, 0x9CA8, 0x9CA8, 0x9CA8, 0x9CA8, 0x9CA8, 0x9CA8, 0x9CA8, 0x98A8, 0x98A8, 0x98A9, 0x98A9, 0x98A9,
  0x98A9, 0x9888, 0x9888, 0x9888, 0x9863, 0x9863, 0x9863, 0x9863, 0xACC4, 0xACC4, 0xACC4, 0xACC4, 0xACC4, 0xACC4, 0xACC4, 0xACC4,
  0xACC4, 0xACC4, 0xACC4, 0xACC4, 0xACC4, 0xACC4, 0xACC4, 0xACC4, 0xACC4, 0xACC4, 0xACC4, 0xACC4, 0xACC4, 0xACC4, 0xACC4, 0xACC4,
  0xACC4, 0xACC4, 0xACC4, 0xACC4, 0xACC4, 0xACC4, 0xACC4, 0xACC4, 0xACC4, 0xACC4, 0xACC4, 0xACC4, 0xACC4, 0xACC4, 0xACC4, 0xACC4,
  0xACC4, 0xACC4, 0xACC4, 0xACC4, 0xACC4, 0xACC4, 0xACC4, 0xACC4, 0x9863, 0x9863, 0x9863, 0x9863, 0x9862, 0x9862, 0x9862, 0x9862,
  0x9862, 0x9C62, 0x9C62, 0x9C62, 0x9C62, 0x9C62, 0x9C62, 0x9C62, 0x9C62, 0x9C62, 0x9C62, 0x9C62, 0x9C62, 0x9C62, 0x9C62, 0x9C62,
  0x9C62, 0x9C62, 0x9C62, 0x9C62, 0x9C62, 0x9C62, 0x9C62, 0x9C62, 0x9C62, 0x9C62, 0x9C62, 0x9C62, 0x9C62, 0x9C62, 0x9C62, 0x9862,
  0x9862, 0x9862, 0x9862, 0x9862, 0x9863, 0x9863, 0x9863, 0x9863, 0xACC4, 0xACC4, 0xACC4, 0xACC4, 0xACC4, 0xACC4, 0xACC4, 0xACC4,
  0xACC4, 0xACC4, 0xACC4, 0xACC4, 0xACC4, 0xACC4, 0xACC4, 0xACC4, 0xACC4, 0xACC4, 0xACC4, 0xACC4, 0xACC4, 0xACC4, 0xACC4, 0xACC4,
  0xACC4, 0xACC4, 0xACC4, 0xACC4, 0xACC4, 0xACC4, 0xACC4, 0xACC4, 0xACC4, 0xACC4, 0xACC4, 0xACC4, 0xACC4, 0xACC4, 0xACC4, 0xACC4,
  0xACC4, 0xACC4, 0xACC4, 0xACC4, 0xACC4, 0xACC4, 0xACC4, 0xACC4, 0x9863, 0x9863, 0x9863, 0x9863, 0x9863, 0x9863, 0x9863, 0x9863,
  0x9863, 0x9863, 0x9C63, 0x9C63, 0x9C63, 0x9C63, 0x9C63, 0x9C63, 0x9C83, 0x9C83, 0x9C63, 0x9C83, 0x9C84, 0x9C84, 0x9C83, 0x9C83,
  0x9C83, 0x9C83, 0x9C83, 0x9C83, 0x9C63, 0x9C63, 0x9C63, 0x9C63, 0x9C83, 0x9C83, 0x9C63, 0x9C63, 0x9C63, 0x9863, 0x9863, 0x9C63,
  0x9863, 0x9863, 0x9863, 0x9863, 0x9863, 0x9863, 0x9863, 0x9863, 0xACC4, 0xACC4, 0xACC4, 0xACC4, 0xACC4, 0xACC4, 0xACC4, 0xACC4,
  0xACC4, 0xACC4, 0xACC4, 0xACC4, 0xACC4, 0xACC4, 0xACC4, 0xACC4, 0xACC4, 0xACC4, 0xACC4, 0xACC4, 0xACC4, 0xACC4, 0xACC4, 0xACC4,
  0xACC4, 0xACC4, 0xACC4, 0xACC4, 0xACC4, 0xACC4, 0xACC4, 0xACC4, 0xACC4, 0xACC4, 0xACC4, 0xACC4, 0xACC4, 0xACC4, 0xACC4, 0xACC4,
  0xACC4, 0xACC4, 0xACC4, 0xACC4, 0xACC4, 0xACC4, 0xACC4, 0xACC4, 0x9863, 0x9863, 0x9863, 0x9863, 0x9863, 0x9863, 0x9863, 0x9863,
  0x9863, 0x9863, 0x9863, 0x9863, 0x9C63, 0x9C63, 0x9C63, 0x9C63, 0x9C63, 0x9C63, 0x9C63, 0x9C83, 0x9C83, 0x9C83, 0x9C83, 0x9C83,
  0x9C83, 0x9C83, 0x9C83, 0x9C63, 0x9C63, 0x9C63, 0x9C63, 0x9C63, 0x9C63, 0x9C63, 0x9C63, 0x9C63, 0x9863, 0x9C63, 0x9C63, 0x9863,
  0x9863, 0x9863, 0x9863, 0x9863, 0x9863, 0x9863, 0x9863, 0x9863, 0xACC4, 0xACC4, 0xACC4, 0xACC4, 0xACC4, 0xACC4, 0xACC4, 0xACC4,
  0xACC4, 0xACC4, 0xACC4, 0xACC4, 0xACC4, 0xACC4, 0xACC4, 0xACC4, 0xACC4, 0xACC4, 0xACC4, 0xACC4, 0xACC4, 0xACC4, 0xACC4, 0xACC4,
};
#define assets_logo_W 96
#define assets_logo_H 48

static const unsigned short assets_sfondo[49152] = {
  0xD1E8, 0xD1E8, 0xD1E8, 0xD1E8, 0xD1E8, 0xD1E8, 0xD1E8, 0xD1E8, 0xD1E8, 0xD1E8, 0xD1E8, 0xD1E8, 0xD1E8, 0xD1E8, 0xD1E8, 0xD1E8,
  0xD1E8, 0xD1E8, 0xD1E8, 0xD1E8, 0xD1E8, 0xD1E8, 0xD1E8, 0xD1E8, 0xD1E8, 0xD1E8, 0xD1E8, 0xD1E8, 0xD1E8, 0xD1E8, 0xD1E8, 0xD1E8,
  0xD1E8, 0xD1E8, 0xD1E8, 0xD1E8, 0xD1E8, 0xD1E8, 0xD1E8, 0xD1E8, 0xD1E8, 0xD1E8, 0xD1E8, 0xD1E8, 0xD1E8, 0xD1E8, 0xD1E8, 0xD1E8,
  0xD1E8, 0xD1E8, 0xD1E8, 0xD1E8, 0xD1E8, 0xD1E8, 0xD1E8, 0xD1E8, 0xD1E8, 0xD1E8, 0xD1E8, 0xD1E8, 0xD1E8, 0xD1E8, 0xD1E8, 0xD1E8,
  0xD1E8, 0xD1E8, 0xD1E8, 0xD1E8, 0xD5E8, 0xD1E8, 0xD1E8, 0xD1E8, 0xD1E8, 0xD1E8, 0xD1E8, 0xD1E8, 0xD1E8, 0xD1E8, 0xD1E8, 0xD1E8,
  0xD1E8, 0xD1E8, 0xD1E8, 0xD1E8, 0xD1E8, 0xD1E8, 0xD1E8, 0xD1E8, 0xD1E8, 0xD1E8, 0xD1E8, 0xD1E8, 0xD1E8, 0xD1E8, 0xD1E8, 0xD1E8,
  0xD1E8, 0xD1E8, 0xD1E8, 0xD1E8, 0xD1E8, 0xD1E8, 0xD1E8, 0xD1E8, 0xD1E8, 0xD1E8, 0xD1E8, 0xD1E8, 0xD1E8, 0xD1E8, 0xD1E8, 0xD1E8,
  0xD1E8, 0xD1E8, 0xD1E8, 0xD1E8, 0xD1E8, 0xD1E8, 0xD1E8, 0xD1E8, 0xD1E8, 0xD1E8, 0xD1E8, 0xD1E8, 0xD1E8, 0xD1E8, 0xD1E8, 0xD1E8,
  0xD1E8, 0xD1E8, 0xD1E8, 0xD1E8, 0xD1E8, 0xD1E8, 0xD1E8, 0xD1E8, 0xD1E8, 0xD1E8, 0xD1E8, 0xD1E8, 0xD1E8, 0xD1E8, 0xD1E8, 0xD1E8,
  0xD1E8, 0xD1E8, 0xD1E8, 0xD1E8, 0xD1E8, 0xD1E8, 0xD1E8, 0xD1E8, 0xD1E8, 0xD1E8, 0xD1E8, 0xD1E8, 0xD1E8, 0xD1E8, 0xD1E8, 0xD1E8,
  0xD1E8, 0xD1E8, 0xD1E8, 0xD1E8, 0xD1E8, 0xD1E8, 0xD1E8, 0xD1E8, 0xD1E8, 0xD1E8, 0xD1E8, 0xD1E8, 0xD1E8, 0xD1E8, 0xD1E8, 0xD1E8,
  0xD1E8, 0xD1E8, 0xD1E8, 0xD1E8, 0xD1E8, 0xD1E8, 0xD1E8, 0xD1E8, 0xD1E8, 0xD1E8, 0xD1E8, 0xD1E8, 0xD1E8, 0xD1E8, 0xD1E8, 0xD1E8,
  0xD1E8, 0xD1E8, 0xD1E8, 0xD1E8, 0xD1E8, 0xD1E8, 0xD1E8, 0xD1E8, 0xD1E8, 0xD1E8, 0xD1E8, 0xD1E8, 0xD1E8, 0xD1E8, 0xD1E8, 0xD1E8,
  0xD1E8, 0xD1E8, 0xD1E8, 0xD1E8, 0xD1E8, 0xD1E8, 0xD1E8, 0xD1E8, 0xD1E8, 0xD1E8, 0xD1E8, 0xD1E8, 0xD1E8, 0xD1E8, 0xD1E8, 0xD1E8,
  0xD1E8, 0xD1E8, 0xD1E8, 0xD1E8, 0xD1E8, 0xD1E8, 0xD1E8, 0xD1E8, 0xD1E8, 0xD1E8, 0xD1E8, 0xD1E8, 0xD1E8, 0xD1E8, 0xD1E8, 0xD1E8,
  0xD1E8, 0xD1E8, 0xD1E8, 0xD1E8, 0xD1E8, 0xD1E8, 0xD1E8, 0xD1E8, 0xD1E8, 0xD1E8, 0xD1E8, 0xD1E8, 0xD1E8, 0xD1E8, 0xD1E8, 0xD1E8,
  0xD1E8, 0xD1E8, 0xD1E8, 0xD1E8, 0xD1E8, 0xD1E8, 0xD1E8, 0xD1E8, 0xD1E8, 0xD1E8, 0xD1E8, 0xD1E8, 0xD1E8, 0xD1E8, 0xD1E8, 0xD1E8,
  0xD1E8, 0xD1E8, 0xD1E8, 0xD1E8, 0xD1E8, 0xD1E8, 0xD1E8, 0xD1E8, 0xD1E8, 0xD1E8, 0xD1E8, 0xD1E8, 0xD1E8, 0xD1E8, 0xD1E8, 0xD1E8,
  0xD1E8, 0xD1E8, 0xD1E8, 0xD1E8, 0xD1E8, 0xD1E8, 0xD1E8, 0xD1E8, 0xD1E8, 0xD1E8, 0xD1E8, 0xD1E8, 0xD1E8, 0xD1E8, 0xD1E8, 0xD1E8,
  0xD1E8, 0xD1E8, 0xD1E8, 0xD1E8, 0xD1E8, 0xD1E8, 0xD1E8, 0xD1E8, 0xD1E8, 0xD1E8, 0xD1E8, 0xD1E8, 0xD1E8, 0xD1E8, 0xD1E8, 0xD1E8,
  0xD1E8, 0xD1E8, 0xD1E8, 0xD1E8, 0xD1E8, 0xD1E8, 0xD1E8, 0xD1E8, 0xD1E8, 0xD1E8, 0xD1E8, 0xD1E8, 0xD1E8, 0xD1E8, 0xD1E8, 0xD1E8,
  0xD1E8, 0xD1E8, 0xD1E8, 0xD1E8, 0xD1E8, 0xD1E8, 0xD1E8, 0xD1E8, 0xD1E8, 0xD1E8, 0xD1E8, 0xD1E8, 0xD1E8, 0xD1E8, 0xD1E8, 0xD1E8,
  0xD1E8, 0xD1E8, 0xD1E8, 0xD1E8, 0xD1E8, 0xD1E8, 0xD1E8, 0xD1E8, 0xD1E8, 0xD1E8, 0xD1E8, 0xD1E8, 0xD1E8, 0xD1E8, 0xD1E8, 0xD1E8,
  0xD1E8, 0xD1E8, 0xD1E8, 0xD1E8, 0xD1E8, 0xD1E8, 0xD1E8, 0xD1E8, 0xD1E8, 0xD1E8, 0xD1E8, 0xD1E8, 0xD1E8, 0xD1E8, 0xD1E8, 0xD1E8,
  0xD1E8, 0xD1E8, 0xD1E8, 0xD1E8, 0xD1E8, 0xD1E8, 0xD1E8, 0xD1E8, 0xD1E8, 0xD1E8, 0xD1E8, 0xD1E8, 0xD1E8, 0xD1E8, 0xD1E8, 0xD1E8,
  0xD1E8, 0xD1E8, 0xD1E8, 0xD1E8, 0xD1E8, 0xD1E8, 0xD1E8, 0xD1E8, 0xD1E8, 0xD1E8, 0xD1E8, 0xD1E8, 0xD1E8, 0xD1E8, 0xD1E8, 0xD1E8,
  0xD1E8, 0xD1E8, 0xD1E8, 0xD1E8, 0xD1E8, 0xD1E8, 0xD1E8, 0xD1E8, 0xD1E8, 0xD1E8, 0xD1E8, 0xD1E8, 0xD1E8, 0xD1E8, 0xD1E8, 0xD1E8,
  0xD1E8, 0xD1E8, 0xD1E8, 0xD1E8, 0xD1E8, 0xD1E8, 0xD1E8, 0xD1E8, 0xD1E8, 0xD1E8, 0xD1E8, 0xD1E8, 0xD1E8, 0xD1E8, 0xD1E8, 0xD1E8,
  0xD1E8, 0xD1E8, 0xD1E8, 0xD1E8, 0xD1E8, 0xD1E8, 0xD1E8, 0xD1E8, 0xD1E8, 0xD1E8, 0xD1E8, 0xD1E8, 0xD1E8, 0xD1E8, 0xD1E8, 0xD1E8,
  0xD1E8, 0xD1E8, 0xD1E8, 0xD1E8, 0xD1E8, 0xD1E8, 0xD1E8, 0xD1E8, 0xD1E8, 0xD1E8, 0xD1E8, 0xD1E8, 0xD1E8, 0xD1E8, 0xD1E8, 0xD1E8,
  0xD1E8, 0xD1E8, 0xD1E8, 0xD1E8, 0xD1E8, 0xD1E8, 0xD1E8, 0xD1E8, 0xD1E8, 0xD1E8, 0xD1E8, 0xD1E8, 0xD1E8, 0xD1E8, 0xD1E8, 0xD1E8,
  0xD1E8, 0xD1E8, 0xD1E8, 0xD1E8, 0xD1E8, 0xD1E8, 0xD1E8, 0xD1E8, 0xD1E8, 0xD1E8, 0xD1E8, 0xD1E8, 0xD1E8, 0xD1E8, 0xD1E8, 0xD1E8,
  0xD1E8, 0xD1E8, 0xD1E8, 0xD1E8, 0xD1E8, 0xD1E8, 0xD1E8, 0xD1E8, 0xD1E8, 0xD1E8, 0xD1E8, 0xD1E8, 0xD1E8, 0xD1E8, 0xD1E8, 0xD1E8,
  0xD1E8, 0xD1E8, 0xD1E8, 0xD1E8, 0xD1E8, 0xD1E8, 0xD1E8, 0xD1E8, 0xD1E8, 0xD1E8, 0xD1E8, 0xD1E8, 0xD1E8, 0xD1E8, 0xD1E8, 0xD1E8,
  0xD1E8, 0xD1E8, 0xD1E8, 0xD1E8, 0xD1E8, 0xD1E8, 0xD1E8, 0xD1E8, 0xD1E8, 0xD1E8, 0xD1E8, 0xD1E8, 0xD1E8, 0xD1E8, 0xD1E8, 0xD1E8,
  0xD1E8, 0xD1E8, 0xD1E8, 0xD1E8, 0xD1E8, 0xD1E8, 0xD1E8, 0xD1E8, 0xD1E8, 0xD1E8, 0xD1E8, 0xD1E8, 0xD1E8, 0xD1E8, 0xD1E8, 0xD1E8,
  0xD1E8, 0xD1E8, 0xD1E8, 0xD1E8, 0xD1E8, 0xD608, 0xD1E8, 0xD1E8, 0xD1E8, 0xD1E8, 0xD1E8, 0xD1E8, 0xD1E8, 0xD1E8, 0xD1E8, 0xD1E8,
  0xD1E8, 0xD1E8, 0xD1E8, 0xD1E8, 0xD1E8, 0xD1E8, 0xD1E8, 0xD1E8, 0xD1E8, 0xD1E8, 0xD1E8, 0xD1E8, 0xD1E8, 0xD1E8, 0xD1E8, 0xD1E8,
  0xD1E8, 0xD1E8, 0xD1E8, 0xD1E8, 0xD1E8, 0xD1E8, 0xD1E8, 0xD1E8, 0xD1E8, 0xD1E8, 0xD1E8, 0xD1E8, 0xD1E8, 0xD1E8, 0xD1E8, 0xD1E8,
  0xD1E8, 0xD1E8, 0xD1E8, 0xD1E8, 0xD1E8, 0xD1E8, 0xD1E8, 0xD1E8, 0xD1E8, 0xD1E8, 0xD1E8, 0xD1E8, 0xD1E8, 0xD1E8, 0xD1E8, 0xD1E8,
  0xD1E8, 0xD1E8, 0xD1E8, 0xD1E8, 0xD1E8, 0xD1E8, 0xD1E8, 0xD1E8, 0xD1E8, 0xD1E8, 0xD1E8, 0xD1E8, 0xD1E8, 0xD1E8, 0xD1E8, 0xD1E8,
  0xD1E8, 0xD1E8, 0xD1E8, 0xD1E8, 0xD1E8, 0xD1E8, 0xD1E8, 0xD1E8, 0xD1E8, 0xD1E8, 0xD1E8, 0xD1E8, 0xD1E8, 0xD1E8, 0xD1E8, 0xD1E8,
  0xD1E8, 0xD1E8, 0xD1E8, 0xD1E8, 0xD1E8, 0xD1E8, 0xD1E8, 0xD1E8, 0xD1E8, 0xD1E8, 0xD1E8, 0xD1E8, 0xD1E8, 0xD1E8, 0xD1E8, 0xD1E8,
  0xD1E8, 0xD1E8, 0xD1E8, 0xD1E8, 0xD1E8, 0xD1E8, 0xD1E8, 0xD1E8, 0xD1E8, 0xD1E8, 0xD1E8, 0xD1E8, 0xD1E8, 0xD1E8, 0xD1E8, 0xD1E8,
  0xD1E8, 0xD1E8, 0xD1E8, 0xD1E8, 0xD1E8, 0xD1E8, 0xD1E8, 0xD1E8, 0xD1E8, 0xD1E8, 0xD1E8, 0xD1E8, 0xD1E8, 0xD1E8, 0xD1E8, 0xD1E8,
  0xD1E8, 0xD1E8, 0xD1E8, 0xD1E8, 0xD1E8, 0xD1E8, 0xD1E8, 0xD1E8, 0xD1E8, 0xD1E8, 0xD1E8, 0xD1E8, 0xD1E8, 0xD1E8, 0xD1E8, 0xD1E8,
  0xD1E8, 0xD1E8, 0xD1E8, 0xD1E8, 0xD1E8, 0xD1E8, 0xD1E8, 0xD1E8, 0xD1E8, 0xD1E8, 0xD1E8, 0xD1E8, 0xD1E8, 0xD1E8, 0xD1E8, 0xD1E8,
  0xD1E8, 0xD1E8, 0xD1E8, 0xD1E8, 0xD1E8, 0xD1E8, 0xD1E8, 0xD1E8, 0xD1E8, 0xD1E8, 0xD1E8, 0xD1E8, 0xD1E8, 0xD1E8, 0xD1E8, 0xD1E8,
  0xD1E8, 0xD1E8, 0xD1E8, 0xD1E8, 0xD1E8, 0xD1E8, 0xD1E8, 0xD1E8, 0xD1E8, 0xD1E8, 0xD1E8, 0xD1E8, 0xD1E8, 0xD1E8, 0xD1E8, 0xD1E8,
  0xD1E8, 0xD1E8, 0xD1E8, 0xD1E8, 0xD1E8, 0xD1E8, 0xD1E8, 0xD1E8, 0xD1E8, 0xD1E8, 0xD1E8, 0xD1E8, 0xD1E8, 0xD1E8, 0xD1E8, 0xD1E8,
  0xD1E8, 0xD1E8, 0xD1E8, 0xD1E8, 0xD1E8, 0xD1E8, 0xD1E8, 0xD1E8, 0xD1E8, 0xD1E8, 0xD1E8, 0xD1E8, 0xD1E8, 0xD1E8, 0xD1E8, 0xD1E8,
  0xD1E8, 0xD1E8, 0xD1E8, 0xD1E8, 0xD1E8, 0xD1E8, 0xD1E8, 0xD1E8, 0xD1E8, 0xD1E8, 0xD1E8, 0xD1E8, 0xD1E8, 0xD1E8, 0xD1E8, 0xD1E8,
  0xD1E8, 0xD1E8, 0xD1E8, 0xD1E8, 0xD1E8, 0xD1E8, 0xD1E8, 0xD5E8, 0xD1E8, 0xD1E8, 0xD1E8, 0xD1E8, 0xD1E8, 0xD1E8, 0xD1E8, 0xD1E8,
  0xD1E8, 0xD1E8, 0xD1E8, 0xD1E8, 0xD1E8, 0xD1E8, 0xD1E8, 0xD1E8, 0xD1E8, 0xD1E8, 0xD1E8, 0xD1E8, 0xD1E8, 0xD1E8, 0xD1E8, 0xD1E8,
  0xD1E8, 0xD1E8, 0xD1E8, 0xD1E8, 0xD1E8, 0xD1E8, 0xD1E8, 0xD1E8, 0xD1E8, 0xD1E8, 0xD1E8, 0xD1E8, 0xD1E8, 0xD1E8, 0xD1E8, 0xD1E8,
  0xD1E8, 0xD1E8, 0xD1E8, 0xD1E8, 0xD1E8, 0xD1E8, 0xD1E8, 0xD1E8, 0xD1E8, 0xD1E8, 0xD1E8, 0xD1E8, 0xD1E8, 0xD1E8, 0xD1E8, 0xD1E8,
  0xD1E8, 0xD1E8, 0xD1E8, 0xD1E8, 0xD1E8, 0xD1E8, 0xD1E8, 0xD1E8, 0xD1E8, 0xD1E8, 0xD1E8, 0xD1E8, 0xD1E8, 0xD1E8, 0xD1E8, 0xD1E8,
  0xD1E8, 0xD1E8, 0xD1E8, 0xD1E8, 0xD1E8, 0xD1E8, 0xD1E8, 0xD1E8, 0xD1E8, 0xD1E8, 0xD1E8, 0xD1E8, 0xD1E8, 0xD1E8, 0xD1E8, 0xD1E8,
  0xD1E8, 0xD1E8, 0xD1E8, 0xD1E8, 0xD1E8, 0xD1E8, 0xD1E8, 0xD1E8, 0xD1E8, 0xD1E8, 0xD1E8, 0xD1E8, 0xD1E8, 0xD1E8, 0xD1E8, 0xD1E8,
  0xD1E8, 0xD1E8, 0xD1E8, 0xD1E8, 0xD1E8, 0xD1E8, 0xD1E8, 0xD1E8, 0xD1E8, 0xD1E8, 0xD1E8, 0xD1E8, 0xD1E8, 0xD1E8, 0xD1E8, 0xD1E8,
  0xD1E8, 0xD1E8, 0xD1E8, 0xD1E8, 0xD1E8, 0xD1E8, 0xD1E8, 0xD1E8, 0xD1E8, 0xD1E8, 0xD1E8, 0xD1E8, 0xD1E8, 0xD1E8, 0xD1E8, 0xD1E8,
  0xD1E8, 0xD1E8, 0xD1E8, 0xD1E8, 0xD1E8, 0xD1E8, 0xD1E8, 0xD1E8, 0xD1E8, 0xD1E8, 0xD1E8, 0xD1E8, 0xD1E8, 0xD1E8, 0xD1E8, 0xD1E8,
  0xD1E8, 0xD1E8, 0xD1E8, 0xD1E8, 0xD1E8, 0xD1E8, 0xD1E8, 0xD1E8, 0xD1E8, 0xD1E8, 0xD1E8, 0xD1E8, 0xD1E8, 0xD1E8, 0xD1E8, 0xD1E8,
  0xD1E8, 0xD1E8, 0xD1E8, 0xD1E8, 0xD1E8, 0xD1E8, 0xD1E8, 0xD1E8, 0xD5E8, 0xD608, 0xD608, 0xD5E8, 0xD5E8, 0xD5E8, 0xD5E8, 0xD608,
  0xD1E8, 0xD1E8, 0xD1E8, 0xD1E8, 0xD1E8, 0xD1E8, 0xD1E8, 0xD1E8, 0xD1E8, 0xD1E8, 0xD1E8, 0xD1E8, 0xD1E8, 0xD1E8, 0xD1E8, 0xD1E8,
  0xD1E8, 0xD1E8, 0xD1E8, 0xD1E8, 0xD1E8, 0xD1E8, 0xD1E8, 0xD1E8, 0xD1E8, 0xD1E8, 0xD1E8, 0xD1E8, 0xD1E8, 0xD1E8, 0xD1E8, 0xD1E8,
  0xD1E8, 0xD1E8, 0xD1E8, 0xD1E8, 0xD1E8, 0xD1E8, 0xD1E8, 0xD1E8, 0xD1E8, 0xD1E8, 0xD1E8, 0xD1E8, 0xD1E8, 0xD1E8, 0xD1E8, 0xD1E8,
  0xD1E8, 0xD5E8, 0xD1E8, 0xD1E8, 0xD1E8, 0xD1E8, 0xD1E8, 0xD1E8, 0xD608, 0xD1E8, 0xD1E8, 0xD1E8, 0xD1E8, 0xD1E8, 0xD1E8, 0xD1E8,
  0xD1E8, 0xD1E8, 0xD1E8, 0xD1E8, 0xD1E8, 0xD1E8, 0xD1E8, 0xD1E8, 0xD1E8, 0xD1E8, 0xD1E8, 0xD1E8, 0xD1E8, 0xD1E8, 0xD1E8, 0xD1E8,
  0xD1E8, 0xD1E8, 0xD1E8, 0xD1E8, 0xD1E8, 0xD1E8, 0xD1E8, 0xD1E8, 0xD1E8, 0xD1E8, 0xD1E8, 0xD1E8, 0xD1E8, 0xD1E8, 0xD1E8, 0xD1E8,
  0xD1E8, 0xD1E8, 0xD1E8, 0xD1E8, 0xD1E8, 0xD1E8, 0xD1E8, 0xD1E8, 0xD1E8, 0xD1E8, 0xD1E8, 0xD1E8, 0xD1E8, 0xD1E8, 0xD1E8, 0xD1E8,
  0xD1E8, 0xD1E8, 0xD1E8, 0xD1E8, 0xD1E8, 0xD1E8, 0xD1E8, 0xD1E8, 0xD1E8, 0xD1E8, 0xD1E8, 0xD1E8, 0xD1E8, 0xD1E8, 0xD1E8, 0xD1E8,
  0xD1E8, 0xD1E8, 0xD1E8, 0xD1E8, 0xD1E8, 0xD1E8, 0xD1E8, 0xD1E8, 0xD1E8, 0xD1E8, 0xD1E8, 0xD1E8, 0xD1E8, 0xD1E8, 0xD1E8, 0xD1E8,
  0xD1E8, 0xD1E8, 0xD1E8, 0xD1E8, 0xD1E8, 0xD1E8, 0xD1E8, 0xD1E8, 0xD1E8, 0xD1E8, 0xD1E8, 0xD1E8, 0xD1E8, 0xD1E8, 0xD1E8, 0xD1E8,
  0xD1E8, 0xD1E8, 0xD1E8, 0xD1E8, 0xD1E8, 0xD1E8, 0xD1E8, 0xD1E8, 0xD1E8, 0xD1E8, 0xD1E8, 0xD1E8, 0xD1E8, 0xD1E8, 0xD1E8, 0xD1E8,
  0xD1E8, 0xD1E8, 0xD1E8, 0xD1E8, 0xD1E8, 0xD1E8, 0xD1E8, 0xD1E8, 0xD1E8, 0xD1E8, 0xD1E8, 0xD1E8, 0xD1E8, 0xD1E8, 0xD1E8, 0xD1E8,
  0xD1E8, 0xD1E8, 0xD1E8, 0xD1E8, 0xD1E8, 0xD1E8, 0xD1E8, 0xD1E8, 0xD1E8, 0xD1E8, 0xD1E8, 0xD1E8, 0xD1E8, 0xD1E8, 0xD1E8, 0xD1E8,
  0xD1E8, 0xD1E8, 0xD1E8, 0xD1E8, 0xD1E8, 0xD1E8, 0xD1E8, 0xD1E8, 0xD1E8, 0xD1E8, 0xD1E8, 0xD1E8, 0xD1E8, 0xD1E8, 0xD1E8, 0xD1E8,
  0xD1E8, 0xD1E8, 0xD1E8, 0xD1E8, 0xD1E8, 0xD1E8, 0xD1E8, 0xD1E8, 0xD1E8, 0xD1E8, 0xD1E8, 0xD1E8, 0xD1E8, 0xD1E8, 0xD1E8, 0xD1E8,
  0xD1E8, 0xD1E8, 0xD1E8, 0xD1E8, 0xD1E8, 0xD1E8, 0xD1E8, 0xD208, 0xCDE7, 0xC9C6, 0xAD66, 0xA587, 0xA987, 0xA987, 0xA987, 0xA966,
  0xD1E8, 0xD1E8, 0xD1E8, 0xD1E8, 0xD1E8, 0xD1E8, 0xD1E8, 0xD1E8, 0xD1E8, 0xD1E8, 0xD1E8, 0xD1E8, 0xD1E8, 0xD1E8, 0xD1E8, 0xD1E8,
  0xD1E8, 0xD1E8, 0xD1E8, 0xD1E8, 0xD1E8, 0xD1E8, 0xD1E8, 0xD1E8, 0xD1E8, 0xD1E8, 0xD1E8, 0xD1E8, 0xD1E8, 0xD1E8, 0xD1E8, 0xD1E8,
  0xD1E8, 0xD1E8, 0xD1E8, 0xD1E8, 0xD1E8, 0xD1E8, 0xD1E8, 0xD1E8, 0xD1E8, 0xD1E8, 0xD1E8, 0xD1E8, 0xD1E8, 0xD1E8, 0xD1E8, 0xD1E8,
  0xD1E8, 0xD1E8, 0xD1E8, 0xD1E8, 0xD1E8, 0xD1E8, 0xD1E8, 0xD1E8, 0xD1E8, 0xD1E8, 0xD1E8, 0xD1E8, 0xD1E8, 0xD1E8, 0xD1E8, 0xD1E8,
  0xD1E8, 0xD1E8, 0xD1E8, 0xD1E8, 0xD1E8, 0xD1E8, 0xD1E8, 0xD1E8, 0xD1E8, 0xD1E8, 0xD1E8, 0xD1E8, 0xD1E8, 0xD1E8, 0xD1E8, 0xD1E8,
  0xD1E8, 0xD1E8, 0xD1E8, 0xD1E8, 0xD1E8, 0xD1E8, 0xD1E8, 0xD1E8, 0xD1E8, 0xD1E8, 0xD1E8, 0xD1E8, 0xD1E8, 0xD1E8, 0xD1E8, 0xD1E8,
  0xD1E8, 0xD1E8, 0xD1E8, 0xD1E8, 0xD1E8, 0xD1E8, 0xD1E8, 0xD1E8, 0xD1E8, 0xD1E8, 0xD1E8, 0xD1E8, 0xD1E8, 0xD1E8, 0xD1E8, 0xD1E8,
  0xD1E8, 0xD1E8, 0xD1E8, 0xD1E8, 0xD1E8, 0xD1E8, 0xD1E8, 0xD1E8, 0xD1E8, 0xD1E8, 0xD1E8, 0xD1E8, 0xD1E8, 0xD1E8, 0xD1E8, 0xD1E8,
  0xD1E8, 0xD1E8, 0xD1E8, 0xD1E8, 0xD1E8, 0xD1E8, 0xD1E8, 0xD1E8, 0xD1E8, 0xD1E8, 0xD1E8, 0xD1E8, 0xD1E8, 0xD1E8, 0xD1E8, 0xD1E8,
  0xD1E8, 0xD1E8, 0xD1E8, 0xD1E8, 0xD1E8, 0xD1E8, 0xD1E8, 0xD1E8, 0xD1E8, 0xD1E8, 0xD1E8, 0xD1E8, 0xD1E8, 0xD1E8, 0xD1E8, 0xD1E8,
  0xD1E8, 0xD1E8, 0xD1E8, 0xD1E8, 0xD1E8, 0xD1E8, 0xD1E8, 0xD1E8, 0xD1E8, 0xD1E8, 0xD1E8, 0xD1E8, 0xD1E8, 0xD1E8, 0xD1E8, 0xD1E8,
  0xD1E8, 0xD1E8, 0xD1E8, 0xD1E8, 0xD1E8, 0xD1E8, 0xD1E8, 0xD1E8, 0xD1E8, 0xD1E8, 0xD1E8, 0xD1E8, 0xD1E8, 0xD1E8, 0xD1E8, 0xD1E8,
  0xD1E8, 0xD1E8, 0xD1E8, 0xD1E8, 0xD1E8, 0xD1E8, 0xD1E8, 0xD1E8, 0xD1E8, 0xD1E8, 0xD1E8, 0xD1E8, 0xD1E8, 0xD1E8, 0xD1E8, 0xD1E8,
  0xD1E8, 0xD1E8, 0xD1E8, 0xD1E8, 0xD1E8, 0xD1E8, 0xD1E8, 0xD1E8, 0xD1E8, 0xD1E8, 0xD1E8, 0xD1E8, 0xD1E8, 0xD1E8, 0xD1E8, 0xD1E8,
  0xD1E8, 0xD1E8, 0xD1E8, 0xD1E8, 0xD1E8, 0xD1E8, 0xD1E8, 0xD1E8, 0xD1E8, 0xD1E8, 0xD1E8, 0xD1E8, 0xD1E8, 0xD1E8, 0xD1E8, 0xD1E8,
  0xD1E8, 0xD1E8, 0xD1E8, 0xD1E8, 0xD1E8, 0xD1E8, 0xD1E8, 0xB186, 0x9D89, 0x9DCC, 0x960F, 0x9674, 0x9673, 0x9A52, 0x9A52, 0x9A30,
  0xD1E8, 0xD1E8, 0xD1E8, 0xD1E8, 0xD1E8, 0xD1E8, 0xD1E8, 0xD1E8, 0xD1E8, 0xD1E8, 0xD1E8, 0xD1E8, 0xD1E8, 0xD1E8, 0xD1E8, 0xD1E8,
  0xD1E8, 0xD1E8, 0xD1E8, 0xD1E8, 0xD1E8, 0xD1E8, 0xD1E8, 0xD1E8, 0xD1E8, 0xD1E8, 0xD1E8, 0xD1E8, 0xD1E8, 0xD1E8, 0xD1E8, 0xD1E8,
  0xD1E8, 0xD1E8, 0xD1E8, 0xD1E8, 0xD1E8, 0xD1E8, 0xD1E8, 0xD1E8, 0xD1E8, 0xD1E8, 0xD1E8, 0xD1E8, 0xD1E8, 0xD1E8, 0xD1E8, 0xD1E8,
  0xD1E8, 0xD1E8, 0xD1E8, 0xD1E8, 0xD1E8, 0xD1E8, 0xD1E8, 0xD1E8, 0xD1E8, 0xD1E8, 0xD1E8, 0xD1E8, 0xD1E8, 0xD1E8, 0xD1E8, 0xD1E8,
  0xD1E8, 0xD1E8, 0xD1E8, 0xD1E8, 0xD1E8, 0xD1E8, 0xD1E8, 0xD1E8, 0xD1E8, 0xD1E8, 0xD1E8, 0xD1E8, 0xD1E8, 0xD1E8, 0xD1E8, 0xD1E8,
  0xD1E8, 0xD1E8, 0xD1E8, 0xD1E8, 0xD1E8, 0xD1E8, 0xD1E8, 0xD1E8, 0xD1E8, 0xD1E8, 0xD1E8, 0xD1E8, 0xD1E8, 0xD1E8, 0xD1E8, 0xD1E8,
  0xD1E8, 0xD1E8, 0xD1E8, 0xD1E8, 0xD1E8, 0xD1E8, 0xD1E8, 0xD1E8, 0xD1E8, 0xD1E8, 0xD1E8, 0xD1E8, 0xD1E8, 0xD1E8, 0xD1E8, 0xD1E8,
  0xD1E8, 0xD1E8, 0xD1E8, 0xD1E8, 0xD1E8, 0xD1E8, 0xD1E8, 0xD1E8, 0xD1E8, 0xD1E8, 0xD1E8, 0xD1E8, 0xD1E8, 0xD1E8, 0xD1E8, 0xD1E8,
  0xD1E8, 0xD1E8, 0xD1E8, 0xD1E8, 0xD1E8, 0xD1E8, 0xD1E8, 0xD1E8, 0xD1E8, 0xD1E8, 0xD1E8, 0xD1E8, 0xD1E8, 0xD1E8, 0xD1E8, 0xD1E8,
  0xD1E8, 0xD1E8, 0xD1E8, 0xD1E8, 0xD1E8, 0xD1E8, 0xD1E8, 0xD1E8, 0xD1E8, 0xD1E8, 0xD1E8, 0xD1E8, 0xD1E8, 0xD1E8, 0xD1E8, 0xD1E8,
  0xD1E8, 0xD1E8, 0xD1E8, 0xD1E8, 0xD1E8, 0xD1E8, 0xD1E8, 0xD1E8, 0xD1E8, 0xD1E8, 0xD1E8, 0xD1E8, 0xD1E8, 0xD1E8, 0xD1E8, 0xD1E8,
  0xD1E8, 0xD1E8, 0xD1E8, 0xD1E8, 0xD1E8, 0xD1E8, 0xD1E8, 0xD1E8, 0xD1E8, 0xD1E8, 0xD1E8, 0xD1E8, 0xD1E8, 0xD1E8, 0xD1E8, 0xD1E8,
  0xD1E8, 0xD1E8, 0xD1E8, 0xD1E8, 0xD1E8, 0xD1E8, 0xD1E8, 0xD1E8, 0xD1E8, 0xD1E8, 0xD1E8, 0xD1E8, 0xD1E8, 0xD1E8, 0xD1E8, 0xD1E8,
  0xD1E8, 0xD1E8, 0xD1E8, 0xD1E8, 0xD1E8, 0xD1E8, 0xD1E8, 0xD1E8, 0xD1E8, 0xD1E8, 0xD1E8, 0xD1E8, 0xD1E8, 0xD1E8, 0xD1E8, 0xD1E8,
  0xD1E8, 0xD1E8, 0xD1E8, 0xD1E8, 0xD1E8, 0xD1E8, 0xD1E8, 0xD1E8, 0xD1E8, 0xD1E8, 0xD1E8, 0xD1E8, 0xD1E8, 0xD1E8, 0xD1E8, 0xD1E8,
  0xD1E8, 0xD1E8, 0xD1E8, 0xD1E8, 0xD1E8, 0xD208, 0xCDE8, 0xB9A6, 0xA5A9, 0x99CC, 0x960F, 0x9A51, 0x962E, 0x95CB, 0x95CA, 0x95EC,
  0xD1E8, 0xD1E8, 0xD1E8, 0xD1E8, 0xD1E8, 0xD1E8, 0xD1E8, 0xD1E8, 0xD1E8, 0xD1E8, 0xD1E8, 0xD1E8, 0xD1E8, 0xD1E8, 0xD1E8, 0xD1E8,
  0xD1E8, 0xD1E8, 0xD1E8, 0xD1E8, 0xD1E8, 0xD1E8, 0xD1E8, 0xD1E8, 0xD1E8, 0xD1E8, 0xD1E8, 0xD1E8, 0xD1E8, 0xD1E8, 0xD1E8, 0xD1E8,
  0xD1E8, 0xD1E8, 0xD1E8, 0xD1E8, 0xD1E8, 0xD1E8, 0xD1E8, 0xD1E8, 0xD1E8, 0xD1E8, 0xD1E8, 0xD1E8, 0xD1E8, 0xD1E8, 0xD1E8, 0xD1E8,
  0xD1E8, 0xD1E8, 0xD1E8, 0xD1E8, 0xD1E8, 0xD1E8, 0xD1E8, 0xD1E8, 0xD1E8, 0xD1E8, 0xD1E8, 0xD1E8, 0xD1E8, 0xD1E8, 0xD1E8, 0xD1E8,
  0xD1E8, 0xD1E8, 0xD1E8, 0xD1E8, 0xD1E8, 0xD1E8, 0xD1E8, 0xD1E8, 0xD1E8, 0xD1E8, 0xD1E8, 0xD1E8, 0xD1E8, 0xD1E8, 0xD1E8, 0xD1E8,
  0xD1E8, 0xD1E8, 0xD1E8, 0xD1E8, 0xD1E8, 0xD1E8, 0xD1E8, 0xD1E8, 0xD1E8, 0xD1E8, 0xD1E8, 0xD1E8, 0xD1E8, 0xD1E8, 0xD1E8, 0xD1E8,
  0xD1E8, 0xD1E8, 0xD1E8, 0xD1E8, 0xD1E8, 0xD1E8, 0xD1E8, 0xD1E8, 0xD1E8, 0xD1E8, 0xD1E8, 0xD1E8, 0xD1E8, 0xD1E8, 0xD1E8, 0xD1E8,
  0xD1E8, 0xD1E8, 0xD1E8, 0xD1E8, 0xD1E8, 0xD1E8, 0xD1E8, 0xD1E8, 0xD1E8, 0xD1E8, 0xD1E8, 0xD1E8, 0xD1E8, 0xD1E8, 0xD1E8, 0xD1E8,
  0xD1E8, 0xD1E8, 0xD1E8, 0xD1E8, 0xD1E8, 0xD1E8, 0xD1E8, 0xD1E8, 0xD1E8, 0xD1E8, 0xD1E8, 0xD1E8, 0xD1E8, 0xD1E8, 0xD1E8, 0xD1E8,
  0xD1E8, 0xD1E8, 0xD1E8, 0xD1E8, 0xD1E8, 0xD1E8, 0xD1E8, 0xD1E8, 0xD1E8, 0xD1E8, 0xD1E8, 0xD1E8, 0xD1E8, 0xD1E8, 0xD1E8, 0xD1E8,
  0xD1E8, 0xD1E8, 0xD1E8, 0xD1E8, 0xD1E8, 0xD1E8, 0xD1E8, 0xD1E8, 0xD1E8, 0xD1E8, 0xD1E8, 0xD1E8, 0xD1E8, 0xD1E8, 0xD1E8, 0xD1E8,
  0xD1E8, 0xD1E8, 0xD1E8, 0xD1E8, 0xD1E8, 0xD1E8, 0xD1E8, 0xD1E8, 0xD1E8, 0xD1E8, 0xD1E8, 0xD1E8, 0xD1E8, 0xD1E8, 0xD1E8, 0xD1E8,
  0xD1E8, 0xD1E8, 0xD1E8, 0xD1E8, 0xD1E8, 0xD1E8, 0xD1E8, 0xD1E8, 0xD1E8, 0xD1E8, 0xD1E8, 0xD1E8, 0xD1E8, 0xD1E8, 0xD1E8, 0xD1E8,
  0xD1E8, 0xD1E8, 0xD1E8, 0xD1E8, 0xD1E8, 0xD1E8, 0xD1E8, 0xD1E8, 0xD1E8, 0xD1E8, 0xD1E8, 0xD1E8, 0xD1E8, 0xD1E8, 0xD1E8, 0xD1E8,
  0xD1E8, 0xD1E8, 0xD1E8, 0xD1E8, 0xD1E8, 0xD1E8, 0xD1E8, 0xD1E8, 0xD1E8, 0xD1E8, 0xD1E8, 0xD1E8, 0xD1E8, 0xD1E8, 0xD1E8, 0xD1E8,
  0xD1E8, 0xD1E8, 0xD1E8, 0xD1E8, 0xD1E8, 0xD208, 0xD1E8, 0xD608, 0xCDC8, 0xC1A6, 0xA965, 0x9589, 0x95AA, 0x95A9, 0x95EB, 0x95EA,
  0xD1E8, 0xD1E8, 0xD1E8, 0xD1E8, 0xD1E8, 0xD1E8, 0xD1E8, 0xD1E8, 0xD1E8, 0xD1E8, 0xD1E8, 0xD1E8, 0xD1E8, 0xD1E8, 0xD1E8, 0xD1E8,
  0xD1E8, 0xD1E8, 0xD1E8, 0xD1E8, 0xD1E8, 0xD1E8, 0xD1E8, 0xD1E8, 0xD1E8, 0xD1E8, 0xD1E8, 0xD1E8, 0xD1E8, 0xD1E8, 0xD1E8, 0xD1E8,
  0xD1E8, 0xD1E8, 0xD1E8, 0xD1E8, 0xD1E8, 0xD1E8, 0xD1E8, 0xD1E8, 0xD1E8, 0xD1E8, 0xD1E8, 0xD1E8, 0xD1E8, 0xD1E8, 0xD1E8, 0xD1E8,
  0xD1E8, 0xD1E8, 0xD1E8, 0xD1E8, 0xD1E8, 0xD1E8, 0xD1E8, 0xD1E8, 0xD1E8, 0xD1E8, 0xD1E8, 0xD1E8, 0xD1E8, 0xD1E8, 0xD1E8, 0xD1E8,
  0xD1E8, 0xD1E8, 0xD1E8, 0xD1E8, 0xD1E8, 0xD1E8, 0xD1E8, 0xD1E8, 0xD1E8, 0xD1E8, 0xD1E8, 0xD1E8, 0xD1E8, 0xD1E8, 0xD1E8, 0xD1E8,
  0xD1E8, 0xD1E8, 0xD1E8, 0xD1E8, 0xD1E8, 0xD1E8, 0xD1E8, 0xD1E8, 0xD1E8, 0xD1E8, 0xD1E8, 0xD1E8, 0xD1E8, 0xD1E8, 0xD1E8, 0xD1E8,
  0xD1E8, 0xD1E8, 0xD1E8, 0xD1E8, 0xD1E8, 0xD1E8, 0xD1E8, 0xD1E8, 0xD1E8, 0xD1E8, 0xD1E8, 0xD1E8, 0xD1E8, 0xD1E8, 0xD1E8, 0xD1E8,
  0xD1E8, 0xD1E8, 0xD1E8, 0xD1E8, 0xD1E8, 0xD1E8, 0xD1E8, 0xD1E8, 0xD1E8, 0xD1E8, 0xD1E8, 0xD1E8, 0xD1E8, 0xD1E8, 0xD1E8, 0xD1E8,
  0xD1E8, 0xD1E8, 0xD1E8, 0xD1E8, 0xD1E8, 0xD1E8, 0xD1E8, 0xD1E8, 0xD1E8, 0xD1E8, 0xD1E8, 0xD1E8, 0xD1E8, 0xD1E8, 0xD1E8, 0xD1E8,
  0xD1E8, 0xD1E8, 0xD1E8, 0xD1E8, 0xD1E8, 0xD1E8, 0xD1E8, 0xD1E8, 0xD1E8, 0xD1E8, 0xD1E8, 0xD1E8, 0xD1E8, 0xD1E8, 0xD1E8, 0xD1E8,
  0xD1E8, 0xD1E8, 0xD1E8, 0xD1E8, 0xD1E8, 0xD1E8, 0xD1E8, 0xD1E8, 0xD1E8, 0xD1E8, 0xD1E8, 0xD1E8, 0xD1E8, 0xD1E8, 0xD1E8, 0xD1E8,
  0xD1E8, 0xD1E8, 0xD1E8, 0xD1E8, 0xD1E8, 0xD1E8, 0xD1E8, 0xD1E8, 0xD1E8, 0xD1E8, 0xD1E8, 0xD1E8, 0xD1E8, 0xD1E8, 0xD1E8, 0xD1E8,
  0xD1E8, 0xD1E8, 0xD1E8, 0xD1E8, 0xD1E8, 0xD1E8, 0xD1E8, 0xD1E8, 0xD1E8, 0xD1E8, 0xD1E8, 0xD1E8, 0xD1E8, 0xD1E8, 0xD1E8, 0xD1E8,
  0xD1E8, 0xD1E8, 0xD1E8, 0xD1E8, 0xD1E8, 0xD1E8, 0xD1E8, 0xD1E8, 0xD1E8, 0xD1E8, 0xD1E8, 0xD1E8, 0xD1E8, 0xD1E8, 0xD1E8, 0xD1E8,
  0xD1E8, 0xD1E8, 0xD1E8, 0xD1E8, 0xD1E8, 0xD1E8, 0xD1E8, 0xD1E8, 0xD1E8, 0xD1E8, 0xD1E8, 0xD1E8, 0xD1E8, 0xD1E8, 0xD1E8, 0xD1E8,
  0xD1E8, 0xD1E8, 0xD1E8, 0xD1E8, 0xD1E8, 0xD1E8, 0xD1E8, 0xD1E8, 0xD1E8, 0xD609, 0xBDA7, 0x99AC, 0x9A96, 0x9A96, 0x9652, 0x922F,
  0xD1E8, 0xD1E8, 0xD1E8, 0xD1E8, 0xD1E8, 0xD1E8, 0xD1E8, 0xD1E8, 0xD1E8, 0xD1E8, 0xD1E8, 0xD1E8, 0xD1E8, 0xD1E8, 0xD1E8, 0xD1E8,
  0xD1E8, 0xD1E8, 0xD1E8, 0xD1E8, 0xD1E8, 0xD1E8, 0xD1E8, 0xD1E8, 0xD1E8, 0xD1E8, 0xD1E8, 0xD1E8, 0xD1E8, 0xD1E8, 0xD1E8, 0xD1E8,
  0xD1E8, 0xD1E8, 0xD1E8, 0xD1E8, 0xD1E8, 0xD1E8, 0xD1E8, 0xD1E8, 0xD1E8, 0xD1E8, 0xD1E8, 0xD1E8, 0xD1E8, 0xD1E8, 0xD1E8, 0xD1E8,
  0xD1E8, 0xD1E8, 0xD1E8, 0xD1E8, 0xD1E8, 0xD1E8, 0xD1E8, 0xD1E8, 0xD1E8, 0xD1E8, 0xD1E8, 0xD1E8, 0xD1E8, 0xD1E8, 0xD1E8, 0xD1E8,
  0xD1E8, 0xD1E8, 0xD1E8, 0xD1E8, 0xD1E8, 0xD1E8, 0xD1E8, 0xD1E8, 0xD1E8, 0xD1E8, 0xD1E8, 0xD1E8, 0xD1E8, 0xD1E8, 0xD1E8, 0xD1E8,
  0xD1E8, 0xD1E8, 0xD1E8, 0xD1E8, 0xD1E8, 0xD1E8, 0xD1E8, 0xD1E8, 0xD1E8, 0xD1E8, 0xD1E8, 0xD1E8, 0xD1E8, 0xD1E8, 0xD1E8, 0xD1E8,
  0xD1E8, 0xD1E8, 0xD1E8, 0xD1E8, 0xD1E8, 0xD1E8, 0xD1E8, 0xD1E8, 0xD1E8, 0xD1E8, 0xD1E8, 0xD1E8, 0xD1E8, 0xD1E8, 0xD1E8, 0xD1E8,
  0xD1E8, 0xD1E8, 0xD1E8, 0xD1E8, 0xD1E8, 0xD1E8, 0xD1E8, 0xD1E8, 0xD1E8, 0xD1E8, 0xD1E8, 0xD1E8, 0xD1E8, 0xD1E8, 0xD1E8, 0xD1E8,
  0xD1E8, 0xD1E8, 0xD1E8, 0xD1E8, 0xD1E8, 0xD1E8, 0xD1E8, 0xD1E8, 0xD1E8, 0xD1E8, 0xD1E8, 0xD1E8, 0xD1E8, 0xD1E8, 0xD1E8, 0xD1E8,
  0xD1E8, 0xD1E8, 0xD1E8, 0xD1E8, 0xD1E8, 0xD1E8, 0xD1E8, 0xD1E8, 0xD1E8, 0xD1E8, 0xD1E8, 0xD1E8, 0xD1E8, 0xD1E8, 0xD1E8, 0xD1E8,
  0xD1E8, 0xD1E8, 0xD1E8, 0xD1E8, 0xD1E8, 0xD1E8, 0xD1E8, 0xD1E8, 0xD1E8, 0xD1E8, 0xD1E8, 0xD1E8, 0xD1E8, 0xD1E8, 0xD1E8, 0xD1E8,
  0xD1E8, 0xD1E8, 0xD1E8, 0xD1E8, 0xD1E8, 0xD1E8, 0xD1E8, 0xD1E8, 0xD1E8, 0xD1E8, 0xD1E8, 0xD1E8, 0xD1E8, 0xD1E8, 0xD1E8, 0xD1E8,
  0xD1E8, 0xD1E8, 0xD1E8, 0xD1E8, 0xD1E8, 0xD1E8, 0xD1E8, 0xD1E8, 0xD1E8, 0xD1E8, 0xD1E8, 0xD1E8, 0xD1E8, 0xD1E8, 0xD1E8, 0xD1E8,
  0xD1E8, 0xD1E8, 0xD1E8, 0xD1E8, 0xD1E8, 0xD1E8, 0xD1E8, 0xD1E8, 0xD1E8, 0xD1E8, 0xD1E8, 0xD1E8, 0xD1E8, 0xD1E8, 0xD1E8, 0xD1E8,
  0xD1E8, 0xD1E8, 0xD1E8, 0xD1E8, 0xD1E8, 0xD1E8, 0xD1E8, 0xD1E8, 0xD1E8, 0xD1E8, 0xD1E8, 0xD1E8, 0xD1E8, 0xD1E8, 0xD1E8, 0xD1E8,
  0xD1E8, 0xD1E8, 0xD1E8, 0xD1E8, 0xD1E8, 0xD1E8, 0xD1E8, 0xD1E8, 0xD1E8, 0xD1E8, 0xD1E8, 0xBDA7, 0x9D8A, 0x9632, 0x9654, 0x9653,
  0xD1E8, 0xD1E8, 0xD1E8, 0xD1E8, 0xD1E8, 0xD1E8, 0xD1E8, 0xD1E8, 0xD1E8, 0xD1E8, 0xD1E8, 0xD1E8, 0xD1E8, 0xD1E8, 0xD1E8, 0xD1E8,
  0xD1E8, 0xD1E8, 0xD1E8, 0xD1E8, 0xD1E8, 0xD1E8, 0xD1E8, 0xD1E8, 0xD1E8, 0xD1E8, 0xD1E8, 0xD1E8, 0xD1E8, 0xD1E8, 0xD1E8, 0xD1E8,
  0xD1E8, 0xD1E8, 0xD1E8, 0xD1E8, 0xD1E8, 0xD1E8, 0xD1E8, 0xD1E8, 0xD1E8, 0xD1E8, 0xD1E8, 0xD1E8, 0xD1E8, 0xD1E8, 0xD1E8, 0xD1E8,
  0xD1E8, 0xD1E8, 0xD1E8, 0xD1E8, 0xD1E8, 0xD1E8, 0xD1E8, 0xD1E8, 0xD1E8, 0xD1E8, 0xD1E8, 0xD1E8, 0xD1E8, 0xD1E8, 0xD1E8, 0xD1E8,
  0xD1E8, 0xD1E8, 0xD1E8, 0xD1E8, 0xD1E8, 0xD1E8, 0xD1E8, 0xD1E8, 0xD1E8, 0xD1E8, 0xD1E8, 0xD1E8, 0xD1E8, 0xD1E8, 0xD1E8, 0xD1E8,
  0xD1E8, 0xD1E8, 0xD1E8, 0xD1E8, 0xD1E8, 0xD1E8, 0xD1E8, 0xD1E8, 0xD1E8, 0xD1E8, 0xD1E8, 0xD1E8, 0xD1E8, 0xD1E8, 0xD1E8, 0xD1E8,
  0xD1E8, 0xD1E8, 0xD1E8, 0xD1E8, 0xD1E8, 0xD1E8, 0xD1E8, 0xD1E8, 0xD1E8, 0xD1E8, 0xD1E8, 0xD1E8, 0xD1E8, 0xD1E8, 0xD1E8, 0xD1E8,
  0xD1E8, 0xD1E8, 0xD1E8, 0xD1E8, 0xD1E8, 0xD1E8, 0xD1E8, 0xD1E8, 0xD1E8, 0xD1E8, 0xD1E8, 0xD1E8, 0xD1E8, 0xD1E8, 0xD1E8, 0xD1E8,
  0xD1E8, 0xD1E8, 0xD1E8, 0xD1E8, 0xD1E8, 0xD1E8, 0xD1E8, 0xD1E8, 0xD1E8, 0xD1E8, 0xD1E8, 0xD1E8, 0xD1E8, 0xD1E8, 0xD1E8, 0xD1E8,
  0xD1E8, 0xD1E8, 0xD1E8, 0xD1E8, 0xD1E8, 0xD1E8, 0xD1E8, 0xD1E8, 0xD1E8, 0xD1E8, 0xD1E8, 0xD1E8, 0xD1E8, 0xD1E8, 0xD1E8, 0xD1E8,
  0xD1E8, 0xD1E8, 0xD1E8, 0xD1E8, 0xD1E8, 0xD1E8, 0xD1E8, 0xD1E8, 0xD1E8, 0xD1E8, 0xD1E8, 0xD1E8, 0xD1E8, 0xD1E8, 0xD1E8, 0xD1E8,
  0xD1E8, 0xD1E8, 0xD1E8, 0xD1E8, 0xD1E8, 0xD1E8, 0xD1E8, 0xD1E8, 0xD1E8, 0xD1E8, 0xD1E8, 0xD1E8, 0xD1E8, 0xD1E8, 0xD1E8, 0xD1E8,
  0xD1E8, 0xD1E8, 0xD1E8, 0xD1E8, 0xD1E8, 0xD1E8, 0xD1E8, 0xD1E8, 0xD1E8, 0xD1E8, 0xD1E8, 0xD1E8, 0xD1E8, 0xD1E8, 0xD1E8, 0xD1E8,
  0xD1E8, 0xD1E8, 0xD1E8, 0xD1E8, 0xD1E8, 0xD1E8, 0xD1E8, 0xD1E8, 0xD1E8, 0xD1E8, 0xD1E8, 0xD1E8, 0xD1E8, 0xD1E8, 0xD1E8, 0xD1E8,
  0xD1E8, 0xD1E8, 0xD1E8, 0xD1E8, 0xD1E8, 0xD1E8, 0xD1E8, 0xD1E8, 0xD1E8, 0xD1E8, 0xD1E8, 0xD1E8, 0xD1E8, 0xD1E8, 0xD1E8, 0xD1E8,
  0xD1E8, 0xD1E8, 0xD1E8, 0xD1E8, 0xD1E8, 0xD1E8, 0xD1E8, 0xD1E8, 0xD1E8, 0xD1E8, 0xD1E8, 0xD608, 0xC5A6, 0xA945, 0xA967, 0xA566,
  0xD1E8, 0xD1E8, 0xD1E8, 0xD1E8, 0xD1E8, 0xD1E8, 0xD1E8, 0xD1E8, 0xD1E8, 0xD1E8, 0xD1E8, 0xD1E8, 0xD1E8, 0xD1E8, 0xD1E8, 0xD1E8,
  0xD1E8, 0xD1E8, 0xD1E8, 0xD1E8, 0xD1E8, 0xD1E8, 0xD1E8, 0xD1E8, 0xD1E8, 0xD1E8, 0xD1E8, 0xD1E8, 0xD1E8, 0xD1E8, 0xD1E8, 0xD1E8,
  0xD1E8, 0xD1E8, 0xD1E8, 0xD1E8, 0xD1E8, 0xD1E8, 0xD1E8, 0xD1E8, 0xD1E8, 0xD1E8, 0xD1E8, 0xD1E8, 0xD1E8, 0xD1E8, 0xD1E8, 0xD1E8,
  0xD1E8, 0xD1E8, 0xD1E8, 0xD1E8, 0xD1E8, 0xD1E8, 0xD1E8, 0xD1E8, 0xD1E8, 0xD1E8, 0xD1E8, 0xD1E8, 0xD1E8, 0xD1E8, 0xD1E8, 0xD1E8,
  0xD1E8, 0xD1E8, 0xD5E8, 0xD5E8, 0xD5E8, 0xD5E8, 0xD1E8, 0xD1E8, 0xD1E8, 0xD1E8, 0xD1E8, 0xD1E8, 0xD1E8, 0xD1E8, 0xD1E8, 0xD1E8,
  0xD1E8, 0xD1E8, 0xD1E8, 0xD1E8, 0xD1E8, 0xD1E8, 0xD1E8, 0xD1E8, 0xD1E8, 0xD1E8, 0xD1E8, 0xD1E8, 0xD1E8, 0xD1E8, 0xD1E8, 0xD1E8,
  0xD1E8, 0xD1E8, 0xD1E8, 0xD1E8, 0xD1E8, 0xD1E8, 0xD1E8, 0xD1E8, 0xD1E8, 0xD1E8, 0xD1E8, 0xD1E8, 0xD1E8, 0xD1E8, 0xD1E8, 0xD1E8,
  0xD1E8, 0xD1E8, 0xD1E8, 0xD1E8, 0xD1E8, 0xD1E8, 0xD1E8, 0xD1E8, 0xD1E8, 0xD1E8, 0xD1E8, 0xD1E8, 0xD1E8, 0xD1E8, 0xD1E8, 0xD1E8,
  0xD1E8, 0xD1E8, 0xD1E8, 0xD1E8, 0xD1E8, 0xD1E8, 0xD1E8, 0xD1E8, 0xD1E8, 0xD1E8, 0xD1E8, 0xD1E8, 0xD1E8, 0xD1E8, 0xD1E8, 0xD1E8,
  0xD1E8, 0xD1E8, 0xD1E8, 0xD1E8, 0xD1E8, 0xD1E8, 0xD1E8, 0xD1E8, 0xD1E8, 0xD1E8, 0xD1E8, 0xD1E8, 0xD1E8, 0xD1E8, 0xD1E8, 0xD1E8,
  0xD1E8, 0xD1E8, 0xD1E8, 0xD1E8, 0xD1E8, 0xD1E8, 0xD1E8, 0xD1E8, 0xD1E8, 0xD1E8, 0xD1E8, 0xD1E8, 0xD1E8, 0xD1E8, 0xD1E8, 0xD1E8,
  0xD1E8, 0xD1E8, 0xD1E8, 0xD1E8, 0xD1E8, 0xD1E8, 0xD1E8, 0xD1E8, 0xD1E8, 0xD1E8, 0xD1E8, 0xD1E8, 0xD1E8, 0xD1E8, 0xD1E8, 0xD1E8,
  0xD1E8, 0xD1E8, 0xD1E8, 0xD1E8, 0xD1E8, 0xD1E8, 0xD1E8, 0xD1E8, 0xD1E8, 0xD1E8, 0xD1E8, 0xD1E8, 0xD1E8, 0xD1E8, 0xD1E8, 0xD1E8,
  0xD1E8, 0xD1E8, 0xD1E8, 0xD1E8, 0xD1E8, 0xD1E8, 0xD1E8, 0xD1E8, 0xD1E8, 0xD1E8, 0xD1E8, 0xD1E8, 0xD1E8, 0xD1E8, 0xD1E8, 0xD1E8,
  0xD1E8, 0xD1E8, 0xD1E8, 0xD1E8, 0xD1E8, 0xD1E8, 0xD1E8, 0xD1E8, 0xD1E8, 0xD1E8, 0xD1E8, 0xD1E8, 0xD1E8, 0xD1E8, 0xD1E8, 0xD1E8,
  0xD1E8, 0xD1E8, 0xD1E8, 0xD1E8, 0xD1E8, 0xD1E8, 0xD1E8, 0xD1E8, 0xD1E8, 0xD1E8, 0xD1E8, 0xD1E8, 0xD1E8, 0xD1E9, 0xB565, 0xA5A9,
  0xD1E8, 0xD1E8, 0xD1E8, 0xD1E8, 0xD1E8, 0xD1E8, 0xD1E8, 0xD1E8, 0xD1E8, 0xD1E8, 0xD1E8, 0xD1E8, 0xD1E8, 0xD1E8, 0xD1E8, 0xD1E8,
  0xD1E8, 0xD1E8, 0xD1E8, 0xD1E8, 0xD1E8, 0xD1E8, 0xD1E8, 0xD1E8, 0xD1E8, 0xD1E8, 0xD1E8, 0xD1E8, 0xD1E8, 0xD1E8, 0xD1E8, 0xD1E8,
  0xD1E8, 0xD1E8, 0xD1E8, 0xD1E8, 0xD1E8, 0xD1E8, 0xD1E8, 0xD1E8, 0xD1E8, 0xD1E8, 0xD1E8, 0xD1E8, 0xD1E8, 0xD1E8, 0xD1E8, 0xD1E8,
  0xD1E8, 0xD1E8, 0xD1E8, 0xD1E8, 0xD1E8, 0xD1E8, 0xD1E8, 0xD1E8, 0xD1E8, 0xD1E8, 0xD608, 0xD5E8, 0xD1E8, 0xD1E8, 0xD1E8, 0xD1E8,
  0xD5E8, 0xD1E9, 0xCDEA, 0xCDEA, 0xCDEA, 0xCDEA, 0xCDEA, 0xD1E8, 0xD1E8, 0xD1E8, 0xD1E8, 0xD1E8, 0xD1E8, 0xD1E8, 0xD1E8, 0xD1E8,
  0xD1E8, 0xD1E8, 0xD1E8, 0xD1E8, 0xD1E8, 0xD1E8, 0xD1E8, 0xD1E8, 0xD1E8, 0xD1E8, 0xD1E8, 0xD1E8, 0xD1E8, 0xD1E8, 0xD1E8, 0xD1E8,
  0xD1E8, 0xD1E8, 0xD1E8, 0xD1E8, 0xD1E8, 0xD1E8, 0xD1E8, 0xD1E8, 0xD1E8, 0xD1E8, 0xD1E8, 0xD1E8, 0xD1E8, 0xD1E8, 0xD1E8, 0xD1E8,
  0xD1E8, 0xD1E8, 0xD1E8, 0xD1E8, 0xD1E8, 0xD1E8, 0xD1E8, 0xD1E8, 0xD1E8, 0xD1E8, 0xD1E8, 0xD1E8, 0xD1E8, 0xD1E8, 0xD1E8, 0xD1E8,
  0xD1E8, 0xD1E8, 0xD1E8, 0xD1E8, 0xD1E8, 0xD1E8, 0xD1E8, 0xD1E8, 0xD1E8, 0xD208, 0xD1E8, 0xD1E8, 0xD1E8, 0xD1E8, 0xD1E8, 0xD1E8,
  0xD1E8, 0xD1E8, 0xD1E8, 0xD1E8, 0xD1E8, 0xD1E8, 0xD1E8, 0xD1E8, 0xD1E8, 0xD1E8, 0xD1E8, 0xD1E8, 0xD1E8, 0xD1E8, 0xD1E8, 0xD1E8,
  0xD1E8, 0xD1E8, 0xD1E8, 0xD1E8, 0xD1E8, 0xD1E8, 0xD1E8, 0xD1E8, 0xD1E8, 0xD1E8, 0xD1E8, 0xD1E8, 0xD1E8, 0xD1E8, 0xD1E8, 0xD1E8,
  0xD1E8, 0xD1E8, 0xD1E8, 0xD1E8, 0xD1E8, 0xD1E8, 0xD1E8, 0xD1E8, 0xD1E8, 0xD1E8, 0xD1E8, 0xD1E8, 0xD1E8, 0xD1E8, 0xD1E8, 0xD1E8,
  0xD1E8, 0xD1E8, 0xD1E8, 0xD1E8, 0xD1E8, 0xD1E8, 0xD1E8, 0xD1E8, 0xD1E8, 0xD1E8, 0xD1E8, 0xD1E8, 0xD1E8, 0xD1E8, 0xD1E8, 0xD1E8,
  0xD1E8, 0xD1E8, 0xD1E8, 0xD1E8, 0xD1E8, 0xD1E8, 0xD1E8, 0xD1E8, 0xD1E8, 0xD1E8, 0xD1E8, 0xD1E8, 0xD1E8, 0xD1E8, 0xD1E8, 0xD1E8,
  0xD1E8, 0xD1E8, 0xD1E8, 0xD1E8, 0xD1E8, 0xD1E8, 0xD1E8, 0xD1E8, 0xD1E8, 0xD1E8, 0xD1E8, 0xD1E8, 0xD1E8, 0xD1E8, 0xD1E8, 0xD1E8,
  0xD1E8, 0xD1E8, 0xD1E8, 0xD1E8, 0xD1E8, 0xD1E8, 0xD1E8, 0xD1E8, 0xD1E8, 0xD1E8, 0xD1E8, 0xD1E8, 0xD1E8, 0xD1E8, 0xC1A7, 0xA166,
  0xD1E8, 0xD1E8, 0xD1E8, 0xD1E8, 0xD1E8, 0xD1E8, 0xD1E8, 0xD1E8, 0xD1E8, 0xD1E8, 0xD1E8, 0xD1E8, 0xD1E8, 0xD1E8, 0xD1E8, 0xD1E8,
  0xD1E8, 0xD1E8, 0xD1E8, 0xD1E8, 0xD1E8, 0xD1E8, 0xD1E8, 0xD1E8, 0xD1E8, 0xD1E8, 0xD1E8, 0xD1E8, 0xD1E8, 0xD1E8, 0xD1E8, 0xD1E8,
  0xD1E8, 0xD1E8, 0xD1E8, 0xD1E8, 0xD1E8, 0xD1E8, 0xD1E8, 0xD1E8, 0xD1E8, 0xD1E8, 0xD1E8, 0xD1E8, 0xD1E8, 0xD1E8, 0xD1E8, 0xD1E8,
  0xD1E8, 0xD1E8, 0xD1E8, 0xD1E8, 0xD1E8, 0xD1E8, 0xD1E8, 0xD1E8, 0xD1E8, 0xCDEA, 0xC1CE, 0xC5CD, 0xD1E8, 0xD5E8, 0xD1E8, 0xCDE9,
  0xC5CD, 0xB5B2, 0xA995, 0xA995, 0xA995, 0xA995, 0xAD93, 0xBDAE, 0xC5CC, 0xCDE9, 0xD1E9, 0xD1E9, 0xD1E8, 0xD1E8, 0xD1E8, 0xD1E8,
  0xD1E8, 0xD1E8, 0xD1E8, 0xD1E8, 0xD1E8, 0xD1E8, 0xD1E8, 0xD1E8, 0xD1E8, 0xD1E8, 0xD1E8, 0xD1E8, 0xD1E8, 0xD1E8, 0xD1E8, 0xD1E8,
  0xD1E8, 0xD1E8, 0xD1E8, 0xD1E8, 0xD1E8, 0xD1E8, 0xD1E8, 0xD1E8, 0xD1E8, 0xD1E8, 0xD1E8, 0xD1E8, 0xD1E8, 0xD1E8, 0xD1E8, 0xD1E8,
  0xD1E8, 0xD1E8, 0xD1E8, 0xD1E8, 0xD1E8, 0xD1E8, 0xD1E8, 0xD1E8, 0xD1E8, 0xD1E8, 0xD1E8, 0xD1E8, 0xD1E8, 0xD1E8, 0xD1E8, 0xD1E8,
  0xD1E8, 0xD1E8, 0xD1E8, 0xD1E8, 0xD1E8, 0xD1E8, 0xD1E8, 0xD1E8, 0xD1E8, 0xD1E8, 0xD1E8, 0xD1E8, 0xD1E8, 0xD1E8, 0xD1E8, 0xD1E8,
  0xD1E8, 0xD1E8, 0xD1E8, 0xD1E8, 0xD1E8, 0xD1E8, 0xD1E8, 0xD1E8, 0xD1E8, 0xD1E8, 0xD1E8, 0xD1E8, 0xD1E8, 0xD1E8, 0xD1E8, 0xD1E8,
  0xD1E8, 0xD1E8, 0xD1E8, 0xD1E8, 0xD1E8, 0xD1E8, 0xD1E8, 0xD1E8, 0xD1E8, 0xD1E8, 0xD1E8, 0xD1E8, 0xD1E8, 0xD1E8, 0xD1E8, 0xD1E8,
  0xD1E8, 0xD1E8, 0xD1E8, 0xD1E8, 0xD1E8, 0xD1E8, 0xD1E8, 0xD1E8, 0xD1E8, 0xD1E8, 0xD1E8, 0xD1E8, 0xD1E8, 0xD1E8, 0xD1E8, 0xD1E8,
  0xD1E8, 0xD1E8, 0xD1E8, 0xD1E8, 0xD1E8, 0xD1E8, 0xD1E8, 0xD1E8, 0xD1E8, 0xD1E8, 0xD1E8, 0xD1E8, 0xD1E8, 0xD1E8, 0xD1E8, 0xD1E8,
  0xD1E8, 0xD1E8, 0xD1E8, 0xD1E8, 0xD1E8, 0xD1E8, 0xD1E8, 0xD1E8, 0xD1E8, 0xD1E8, 0xD1E8, 0xD1E8, 0xD1E8, 0xD1E8, 0xD1E8, 0xD1E8,
  0xD1E8, 0xD1E8, 0xD1E8, 0xD1E8, 0xD1E8, 0xD1E8, 0xD1E8, 0xD1E8, 0xD1E8, 0xD1E8, 0xD1E8, 0xD1E8, 0xD1E8, 0xD1E8, 0xD1E8, 0xD1E8,
  0xD1E8, 0xD1E8, 0xD1E8, 0xD1E8, 0xD1E8, 0xD1E8, 0xD1E8, 0xD1E8, 0xD1E8, 0xD1E8, 0xD1E8, 0xD1E8, 0xD1E8, 0xD1E8, 0xD208, 0xD1E8,
  0xD1E8, 0xD208, 0xD208, 0xD1E8, 0xD208, 0xD208, 0xD208, 0xD208, 0xD208, 0xD208, 0xD208, 0xD208, 0xD1E8, 0xD1E8, 0xD208, 0xD1E8,
  0xD1E8, 0xD208, 0xD1E8, 0xD208, 0xD208, 0xD208, 0xD208, 0xD1E8, 0xD208, 0xD1E8, 0xD208, 0xD208, 0xD208, 0xD208, 0xD208, 0xD208,
  0xD208, 0xD208, 0xD208, 0xD208, 0xD1E8, 0xD208, 0xD208, 0xD208, 0xD208, 0xD208, 0xD208, 0xD208, 0xD208, 0xD208, 0xD208, 0xD208,
  0xD208, 0xD208, 0xD608, 0xD608, 0xD608, 0xD1E9, 0xCDEA, 0xBDCF, 0xB5B2, 0xB194, 0xA576, 0xA975, 0xBDCF, 0xCDEA, 0xC5CD, 0xB1B2,
  0xA995, 0xA177, 0xA176, 0xA176, 0xA176, 0xA177, 0xA577, 0xA577, 0xA976, 0xB192, 0xB192, 0xB192, 0xBDAE, 0xCDEA, 0xCDEA, 0xCDE9,
  0xD208, 0xD608, 0xD208, 0xD1E8, 0xD208, 0xD208, 0xD208, 0xD208, 0xD208, 0xD208, 0xD208, 0xD208, 0xD208, 0xD208, 0xD208, 0xD208,
  0xD208, 0xD208, 0xD208, 0xD208, 0xD208, 0xD208, 0xD208, 0xD208, 0xD208, 0xD208, 0xD208, 0xD208, 0xD208, 0xD208, 0xD208, 0xD208,
  0xD208, 0xD208, 0xD208, 0xD208, 0xD208, 0xD208, 0xD208, 0xD208, 0xD208, 0xD208, 0xD208, 0xD208, 0xD208, 0xD208, 0xD208, 0xD1E8,
  0xD208, 0xD1E8, 0xD208, 0xD208, 0xD208, 0xD208, 0xD1E8, 0xD208, 0xD1E8, 0xD1E8, 0xD208, 0xD208, 0xD208, 0xD208, 0xD1E8, 0xD208,
  0xD208, 0xD208, 0xD1E8, 0xD1E8, 0xD1E8, 0xD208, 0xD1E8, 0xD208, 0xD208, 0xD1E8, 0xD208, 0xD1E8, 0xD1E8, 0xD208, 0xD208, 0xD208,
  0xD208, 0xD208, 0xD208, 0xD1E8, 0xD208, 0xD208, 0xD208, 0xD208, 0xD1E8, 0xD208, 0xD1E8, 0xD208, 0xD208, 0xD1E8, 0xD1E8, 0xD1E8,
  0xD208, 0xD208, 0xD1E8, 0xD208, 0xD208, 0xD208, 0xD208, 0xD1E8, 0xD1E8, 0xD1E8, 0xD1E8, 0xD1E8, 0xD1E8, 0xD1E8, 0xD208, 0xD1E8,
  0xD1E8, 0xD1E8, 0xD1E8, 0xD1E8, 0xD1E8, 0xD1E8, 0xD1E8, 0xD1E8, 0xD1E8, 0xD208, 0xD208, 0xD1E8, 0xD1E8, 0xD208, 0xD1E8, 0xD1E8,
  0xD1E8, 0xD1E8, 0xD1E8, 0xD1E8, 0xD208, 0xD1E8, 0xD1E8, 0xD1E8, 0xD1E8, 0xD1E8, 0xD1E8, 0xD1E8, 0xD1E8, 0xD1E8, 0xD1E8, 0xD1E8,
  0xD1E8, 0xD1E8, 0xD1E8, 0xD1E8, 0xD1E8, 0xD208, 0xD208, 0xD208, 0xD1E8, 0xD1E8, 0xD1E8, 0xD1E8, 0xD1E8, 0xD1E8, 0xD1E8, 0xD1E8,
  0xD1E8, 0xD1E8, 0xD1E8, 0xD1E8, 0xD1E8, 0xD1E8, 0xD1E8, 0xD1E8, 0xD1E8, 0xD1E8, 0xD1E8, 0xD1E8, 0xD1E8, 0xD1E8, 0xD1E8, 0xD1E8,
  0xD209, 0xD209, 0xD209, 0xD209, 0xD209, 0xD209, 0xD209, 0xD209, 0xD209, 0xD209, 0xD609, 0xD209, 0xD209, 0xD209, 0xD209, 0xD209,
  0xD209, 0xD209, 0xD209, 0xD209, 0xD209, 0xD209, 0xD209, 0xD209, 0xD209, 0xD209, 0xD209, 0xD209, 0xD209, 0xD209, 0xD209, 0xD209,
  0xD209, 0xD209, 0xD209, 0xD209, 0xD209, 0xD209, 0xD229, 0xD209, 0xD209, 0xD209, 0xD609, 0xD609, 0xD209, 0xD609, 0xD629, 0xD629,
  0xD209, 0xD209, 0xC9EC, 0xC1EF, 0xBDCF, 0xB192, 0xA994, 0xA576, 0xA177, 0xA177, 0xA5B8, 0xA5B8, 0xA576, 0xA974, 0xA974, 0xA177,
  0xA176, 0xA1B8, 0xA1B8, 0xA1B8, 0xA1B8, 0xA1B9, 0xA198, 0xA176, 0xA177, 0xA157, 0xA177, 0xA177, 0xA576, 0xA994, 0xA995, 0xB1B2,
  0xC1EE, 0xC5ED, 0xC5ED, 0xD22B, 0xD629, 0xD629, 0xD629, 0xD628, 0xD628, 0xD609, 0xD209, 0xD609, 0xD609, 0xD209, 0xD609, 0xD609,
  0xD609, 0xD609, 0xD209, 0xD209, 0xD209, 0xD209, 0xD209, 0xD209, 0xD209, 0xD209, 0xD209, 0xD209, 0xD609, 0xD209, 0xD209, 0xD209,
  0xD209, 0xD209, 0xD209, 0xD609, 0xD609, 0xD209, 0xD209, 0xD209, 0xD209, 0xD609, 0xD609, 0xD209, 0xD209, 0xD209, 0xD209, 0xD209,
  0xD209, 0xD209, 0xD209, 0xD209, 0xD209, 0xD209, 0xD209, 0xD209, 0xD209, 0xD209, 0xD209, 0xD209, 0xD209, 0xD209, 0xD209, 0xD209,
  0xD209, 0xD209, 0xD209, 0xD209, 0xD209, 0xD609, 0xD209, 0xD209, 0xD209, 0xD209, 0xD209, 0xD209, 0xD209, 0xD209, 0xD209, 0xD209,
  0xD209, 0xD209, 0xD209, 0xD209, 0xD209, 0xD209, 0xD209, 0xD209, 0xD209, 0xD209, 0xD209, 0xD209, 0xD209, 0xD209, 0xD609, 0xD609,
  0xD209, 0xD209, 0xD209, 0xD209, 0xD209, 0xD609, 0xD208, 0xD209, 0xD209, 0xD209, 0xD209, 0xD209, 0xD209, 0xD209, 0xD209, 0xD209,
  0xD209, 0xD209, 0xD209, 0xD209, 0xD209, 0xD209, 0xD209, 0xD209, 0xD209, 0xD209, 0xD209, 0xD209, 0xD209, 0xD209, 0xD209, 0xD209,
  0xD209, 0xD209, 0xD209, 0xD208, 0xD209, 0xD209, 0xD209, 0xD209, 0xD209, 0xD209, 0xD209, 0xD209, 0xD209, 0xD209, 0xD209, 0xD209,
  0xD209, 0xD209, 0xD209, 0xD209, 0xD209, 0xD209, 0xD209, 0xD209, 0xD209, 0xD209, 0xD209, 0xD209, 0xD209, 0xD209, 0xD209, 0xD209,
  0xD209, 0xD209, 0xD209, 0xD209, 0xD209, 0xD209, 0xD209, 0xD209, 0xD209, 0xD209, 0xD209, 0xD209, 0xD209, 0xD229, 0xD209, 0xD209,
  0xD209, 0xD209, 0xD209, 0xD209, 0xD209, 0xD209, 0xD209, 0xD209, 0xD209, 0xD209, 0xD209, 0xD209, 0xD209, 0xD209, 0xD209, 0xD209,
  0xD209, 0xD209, 0xD209, 0xD209, 0xD209, 0xD209, 0xD209, 0xD209, 0xD209, 0xD209, 0xD209, 0xD209, 0xD209, 0xD209, 0xD209, 0xD209,
  0xD209, 0xD209, 0xD209, 0xD209, 0xD209, 0xD209, 0xD209, 0xD209, 0xD209, 0xD209, 0xD209, 0xD209, 0xD209, 0xC9EB, 0xB9AE, 0xB9D0,
  0xBA13, 0xBA13, 0xADF6, 0xA5F9, 0xA5F9, 0xA1DA, 0xA1DB, 0xA1DA, 0xA1DA, 0xA1FB, 0xA23D, 0xA23D, 0xA1DB, 0x9DDB, 0xA1DA, 0xA1D9,
  0xA1D9, 0xA23C, 0xA23D, 0xA23D, 0xA23D, 0xA25D, 0xA21C, 0xA1DA, 0xA1DA, 0xA5FA, 0xA198, 0xA176, 0xA176, 0xA176, 0xA177, 0xA576,
  0xA576, 0xA576, 0xA975, 0xB5B1, 0xC5CC, 0xCDEB, 0xC9EB, 0xC9EB, 0xC9EB, 0xCE0A, 0xD209, 0xD209, 0xD209, 0xD209, 0xD608, 0xD608,
  0xD608, 0xD209, 0xD209, 0xD208, 0xD208, 0xD209, 0xD209, 0xD209, 0xD209, 0xD209, 0xD209, 0xD209, 0xD209, 0xD209, 0xD209, 0xD209,
  0xD209, 0xD209, 0xD209, 0xD209, 0xD209, 0xD209, 0xD209, 0xD209, 0xD209, 0xD209, 0xD209, 0xD209, 0xD209, 0xD209, 0xD209, 0xD209,
  0xD209, 0xD209, 0xD209, 0xD209, 0xD209, 0xD209, 0xD209, 0xD209, 0xD209, 0xD209, 0xD209, 0xD209, 0xD209, 0xD209, 0xD209, 0xD209,
  0xD209, 0xD209, 0xD209, 0xD209, 0xD209, 0xD209, 0xD209, 0xD209, 0xD209, 0xD209, 0xD209, 0xD209, 0xD209, 0xD209, 0xD209, 0xD209,
  0xD209, 0xD209, 0xD209, 0xD209, 0xD209, 0xD209, 0xD209, 0xD209, 0xD209, 0xD209, 0xD209, 0xD209, 0xD209, 0xD209, 0xD209, 0xD209,
  0xD209, 0xD209, 0xD209, 0xD209, 0xD209, 0xD209, 0xD209, 0xD209, 0xD209, 0xD209, 0xD209, 0xD209, 0xD209, 0xD209, 0xD209, 0xD209,
  0xD209, 0xD209, 0xD209, 0xD209, 0xD209, 0xD209, 0xD209, 0xD209, 0xD209, 0xD209, 0xD209, 0xD209, 0xD209, 0xD209, 0xD209, 0xD209,
  0xD209, 0xD209, 0xD209, 0xD209, 0xD209, 0xD209, 0xD209, 0xD209, 0xD209, 0xD209, 0xD209, 0xD209, 0xD209, 0xD209, 0xD209, 0xD209,
  0xD209, 0xD209, 0xD209, 0xD209, 0xD209, 0xD209, 0xD209, 0xD209, 0xD209, 0xD209, 0xD209, 0xD209, 0xD209, 0xD209, 0xD209, 0xD209,
  0xD209, 0xD209, 0xD209, 0xD209, 0xD209, 0xD209, 0xD209, 0xCDE8, 0xCDE8, 0xCDE8, 0xCDE8, 0xCDE8, 0xCDE8, 0xCDE8, 0xCDE8, 0xCE08,
  0xD22A, 0xD22A, 0xD22A, 0xD22A, 0xD22A, 0xD22A, 0xD22A, 0xD22A, 0xD22A, 0xD22A, 0xD22A, 0xD22A, 0xD22A, 0xD22A, 0xD22A, 0xD22A,
  0xD22A, 0xD22A, 0xD22A, 0xD22A, 0xD22A, 0xD22A, 0xD22A, 0xD22A, 0xD22A, 0xD22A, 0xD22A, 0xD22A, 0xD22A, 0xD22A, 0xD22A, 0xD22A,
  0xD22A, 0xD22A, 0xD22A, 0xD22A, 0xD22A, 0xD22A, 0xD22A, 0xD22A, 0xD22A, 0xD22A, 0xD22A, 0xD22A, 0xD22A, 0xCE2B, 0xC60D, 0xC20E,
  0xC22F, 0xC22F, 0xC62E, 0xC62E, 0xC62E, 0xB635, 0xAA5A, 0xAA59, 0xAA5A, 0xAA59, 0xAA39, 0xAA39, 0xAE59, 0xAE59, 0xAA5A, 0xA25E,
  0xA25E, 0x9E3D, 0x9E3D, 0x9E3D, 0x9E3D, 0x9E3D, 0x9E3E, 0xA25E, 0xA25E, 0xA25E, 0xA23D, 0xA21C, 0xA21D, 0xA1FB, 0xA198, 0xA198,
  0xA198, 0xA198, 0xA198, 0xA198, 0xA597, 0xA5B6, 0xA9B5, 0xADB3, 0xB5D2, 0xCA0C, 0xD64A, 0xD22A, 0xD64A, 0xCE2B, 0xCA2D, 0xCA2D,
  0xCA2D, 0xD22B, 0xD22A, 0xCE2C, 0xCE2C, 0xD22A, 0xD22A, 0xD24A, 0xD22A, 0xD22A, 0xD22A, 0xD22A, 0xD22A, 0xD24A, 0xD22A, 0xD22A,
  0xD22A, 0xD22A, 0xD22A, 0xD22A, 0xD62A, 0xD22A, 0xD22A, 0xD22A, 0xD22A, 0xD24A, 0xD24A, 0xD24A, 0xD22A, 0xD22A, 0xD22A, 0xD22A,
  0xD22A, 0xD22A, 0xD22A, 0xD22A, 0xD22A, 0xD22A, 0xD22A, 0xD22A, 0xD22A, 0xD22A, 0xD22A, 0xD22A, 0xD22A, 0xD22A, 0xD22A, 0xD22A,
  0xD22A, 0xD22A, 0xD22A, 0xD22A, 0xD22A, 0xD22A, 0xD22A, 0xD22A, 0xD22A, 0xD22A, 0xD22A, 0xD22A, 0xD22A, 0xD22A, 0xD22A, 0xD22A,
  0xD22A, 0xD22A, 0xD22A, 0xD22A, 0xD22A, 0xD22A, 0xD22A, 0xD22A, 0xD22A, 0xD22A, 0xD22A, 0xD24A, 0xD22A, 0xD22A, 0xD24A, 0xD22A,
  0xD24A, 0xD22A, 0xD22A, 0xD24A, 0xD24A, 0xD24A, 0xD22A, 0xD22A, 0xD22A, 0xD22A, 0xD22A, 0xD22A, 0xD22A, 0xD22A, 0xD22A, 0xD22A,
  0xD62A, 0xD22A, 0xD22A, 0xD22A, 0xD22A, 0xD22A, 0xD22A, 0xD22A, 0xD22A, 0xD22A, 0xD22A, 0xD22A, 0xD22A, 0xD22A, 0xD22A, 0xD22A,
  0xD22A, 0xD22A, 0xD22A, 0xD22A, 0xD22A, 0xD64A, 0xD64A, 0xD64A, 0xD64A, 0xD64A, 0xD64A, 0xD64A, 0xD64A, 0xD24A, 0xD22A, 0xD24A,
  0xD22A, 0xD22A, 0xD22A, 0xD22A, 0xD22A, 0xD22A, 0xD22A, 0xD22A, 0xD22A, 0xD22A, 0xD22A, 0xD22A, 0xD22A, 0xD22A, 0xD22A, 0xD22A,
  0xD22A, 0xD22A, 0xD229, 0xD64A, 0xD22A, 0xC9E8, 0xC5E8, 0xA5A8, 0xA189, 0xA188, 0xA189, 0xA188, 0xA188, 0xA188, 0xA188, 0xA168,
  0xD22A, 0xD22A, 0xD22A, 0xD22A, 0xD22A, 0xD22A, 0xD22A, 0xD22A, 0xD22A, 0xD22A, 0xD22A, 0xD22A, 0xD22A, 0xD22A, 0xD22A, 0xD22A,
  0xD22A, 0xD22A, 0xD22A, 0xD22A, 0xD22A, 0xD22A, 0xD22A, 0xD22A, 0xD22A, 0xD22A, 0xD22A, 0xD22A, 0xD22A, 0xD22A, 0xD22A, 0xD22A,
  0xD22A, 0xD22A, 0xD22A, 0xD22A, 0xD22A, 0xD22A, 0xD22A, 0xD22A, 0xD22A, 0xD22A, 0xD22A, 0xD22A, 0xD22A, 0xD22A, 0xD229, 0xD229,
  0xD229, 0xD229, 0xD229, 0xD229, 0xD229, 0xCE2A, 0xCA2B, 0xCE2B, 0xCE2B, 0xCE2B, 0xCE2B, 0xCE2B, 0xCE2B, 0xCE2B, 0xC62D, 0xBA34,
  0xB635, 0xB635, 0xB635, 0xB635, 0xB635, 0xB635, 0xB634, 0xB634, 0xB635, 0xB635, 0xB635, 0xB635, 0xB635, 0xB635, 0xB635, 0xB635,
  0xB635, 0xBA35, 0xBA35, 0xB635, 0xB635, 0xB635, 0xBA13, 0xC1ED, 0xCE2B, 0xD22A, 0xD22A, 0xD22A, 0xD229, 0xCA2D, 0xBA12, 0xBA12,
  0xBE11, 0xCE2C, 0xD229, 0xC62F, 0xC62F, 0xD22A, 0xD22A, 0xD22A, 0xD22A, 0xD22A, 0xD22A, 0xD22A, 0xD22A, 0xD22A, 0xD22A, 0xD22A,
  0xD22A, 0xD22A, 0xD22A, 0xD22A, 0xD22A, 0xD22A, 0xD22A, 0xD22A, 0xD22A, 0xD22A, 0xD22A, 0xD22A, 0xD22A, 0xD22A, 0xD22A, 0xD22A,
  0xD22A, 0xD229, 0xD22A, 0xD22A, 0xD22A, 0xD22A, 0xD22A, 0xD22A, 0xD22A, 0xD22A, 0xD22A, 0xD22A, 0xD22A, 0xD22A, 0xD22A, 0xD22A,
  0xD22A, 0xD22A, 0xD22A, 0xD22A, 0xD22A, 0xD22A, 0xD22A, 0xD22A, 0xD22A, 0xD22A, 0xD22A, 0xD22A, 0xD22A, 0xD22A, 0xD22A, 0xD22A,
  0xD22A, 0xD22A, 0xD22A, 0xD22A, 0xD22A, 0xD22A, 0xD22A, 0xD22A, 0xD22A, 0xD22A, 0xD22A, 0xD22A, 0xD22A, 0xD22A, 0xD22A, 0xD22A,
  0xD22A, 0xD22A, 0xD22A, 0xD22A, 0xD22A, 0xD22A, 0xD22A, 0xD22A, 0xD22A, 0xD22A, 0xD22A, 0xD22A, 0xD22A, 0xD22A, 0xD22A, 0xD229,
  0xD629, 0xD629, 0xD229, 0xD229, 0xD22A, 0xD22A, 0xD22A, 0xD22A, 0xD22A, 0xD22A, 0xD22A, 0xD229, 0xD229, 0xD229, 0xD229, 0xD22A,
  0xD22A, 0xD229, 0xD22A, 0xD62A, 0xCE09, 0xBDA7, 0xB986, 0xB5A7, 0xB9A7, 0xB986, 0xB986, 0xB987, 0xB986, 0xD22A, 0xD64A, 0xD229,
  0xD22A, 0xD22A, 0xD22A, 0xD22A, 0xD22A, 0xD22A, 0xD229, 0xD22A, 0xD229, 0xD229, 0xD22A, 0xD22A, 0xD22A, 0xD22A, 0xD229, 0xD22A,
  0xD229, 0xD22A, 0xD64A, 0xC1C7, 0xA9A8, 0x9DCC, 0x99CC, 0x9A51, 0x9A2F, 0x9A0F, 0x9A0F, 0x9A0F, 0x9A0F, 0x9A0E, 0x99EE, 0x9A0F,
  0xD22A, 0xD22A, 0xD22A, 0xD22A, 0xD62A, 0xD62A, 0xD62A, 0xD629, 0xD629, 0xD229, 0xD22A, 0xD22A, 0xD22A, 0xD22A, 0xD22A, 0xD22A,
  0xD22A, 0xD22A, 0xD22A, 0xD22A, 0xD22A, 0xD22A, 0xD22A, 0xD22A, 0xD22A, 0xD22A, 0xD22A, 0xD22A, 0xD22A, 0xD22A, 0xD22A, 0xD22A,
  0xD22A, 0xD22A, 0xD22A, 0xD22A, 0xD22A, 0xD22A, 0xD22A, 0xD22A, 0xD22A, 0xD22A, 0xD22A, 0xD22A, 0xD22A, 0xD22A, 0xD22A, 0xD22A,
  0xD22A, 0xD22A, 0xD22A, 0xD22A, 0xD22A, 0xD22A, 0xD22A, 0xD22A, 0xD22A, 0xD22A, 0xD22A, 0xD22A, 0xD22A, 0xD629, 0xD22A, 0xD22A,
  0xD22A, 0xD22A, 0xD22A, 0xD22A, 0xD22A, 0xD22A, 0xD229, 0xD229, 0xD229, 0xD229, 0xD229, 0xD229, 0xD22A, 0xD22A, 0xD22A, 0xD22A,
  0xD22A, 0xD22A, 0xD22A, 0xD22A, 0xD22A, 0xD22A, 0xD22A, 0xD62A, 0xD22A, 0xD22A, 0xD22A, 0xD22A, 0xD22A, 0xD22A, 0xD22A, 0xD22A,
  0xD22A, 0xD22A, 0xD22A, 0xD22A, 0xD22A, 0xD22A, 0xD22A, 0xD22A, 0xD22A, 0xD22A, 0xD22A, 0xD22A, 0xD22A, 0xD22A, 0xD22A, 0xD22A,
  0xD22A, 0xD22A, 0xD22A, 0xD22A, 0xD22A, 0xD22A, 0xD22A, 0xD22A, 0xD22A, 0xD22A, 0xD22A, 0xD22A, 0xD22A, 0xD22A, 0xD22A, 0xD22A,
  0xD22A, 0xD22A, 0xD22A, 0xD22A, 0xD22A, 0xD22A, 0xD22A, 0xD22A, 0xD22A, 0xD22A, 0xD22A, 0xD22A, 0xD22A, 0xD22A, 0xD22A, 0xD22A,
  0xD22A, 0xD22A, 0xD22A, 0xD22A, 0xD22A, 0xD22A, 0xD22A, 0xD22A, 0xD22A, 0xD22A, 0xD22A, 0xD22A, 0xD22A, 0xD22A, 0xD22A, 0xD22A,
  0xD22A, 0xD22A, 0xD22A, 0xD22A, 0xD22A, 0xD22A, 0xD22A, 0xD22A, 0xD22A, 0xD22A, 0xD22A, 0xD22A, 0xD22A, 0xD22A, 0xD22A, 0xD22A,
  0xD22A, 0xD22A, 0xD22A, 0xD22A, 0xD22A, 0xD22A, 0xD22A, 0xD22A, 0xD22A, 0xD229, 0xD229, 0xD229, 0xD229, 0xD629, 0xD229, 0xCE2A,
  0xCE2B, 0xCE2B, 0xCE2A, 0xD22A, 0xD22A, 0xD22A, 0xD22A, 0xD22A, 0xD22A, 0xD22A, 0xD22A, 0xD22A, 0xD22A, 0xD22A, 0xD229, 0xD22A,
  0xD229, 0xD64A, 0xCE09, 0xB186, 0xA525, 0x94E3, 0x9547, 0x958A, 0x9547, 0x94E4, 0x9504, 0x94E4, 0x94C3, 0xA524, 0xB566, 0xD22A,
  0xD22A, 0xD22A, 0xD22A, 0xD22A, 0xD22A, 0xD22A, 0xD22A, 0xD22A, 0xD22A, 0xD22A, 0xD22A, 0xD22A, 0xD22A, 0xD22A, 0xD229, 0xD22A,
  0xD22A, 0xCE09, 0xAD86, 0x9DCC, 0x9632, 0x9A74, 0x960E, 0x95EC, 0x95EB, 0x95EB, 0x95EB, 0x95EB, 0x9588, 0x95CB, 0x95EC, 0x95A9,
  0xD22A, 0xD22A, 0xD22A, 0xC60D, 0xC1EE, 0xC5EE, 0xC1EE, 0xC1EE, 0xC1EE, 0xC60D, 0xD22A, 0xD629, 0xD22A, 0xD22A, 0xD22A, 0xD22A,
  0xD22A, 0xD22A, 0xD22A, 0xD22A, 0xD22A, 0xD22A, 0xD22A, 0xD22A, 0xD22A, 0xD22A, 0xD22A, 0xD22A, 0xD22A, 0xD22A, 0xD22A, 0xD229,
  0xD22A, 0xD22A, 0xD22A, 0xD22A, 0xD22A, 0xD22A, 0xD22A, 0xD22A, 0xD22A, 0xD22A, 0xD22A, 0xD22A, 0xD22A, 0xD22A, 0xD22A, 0xD22A,
  0xD22A, 0xD22A, 0xD22A, 0xD22A, 0xD22A, 0xD22A, 0xD22A, 0xD22A, 0xD22A, 0xD22A, 0xD22A, 0xD22A, 0xD22A, 0xD22A, 0xD22A, 0xD22A,
  0xD22A, 0xD22A, 0xD22A, 0xD22A, 0xD22A, 0xD22A, 0xD22A, 0xD22A, 0xD22A, 0xD22A, 0xD22A, 0xD22A, 0xD22A, 0xD22A, 0xD22A, 0xD22A,
  0xD22A, 0xD22A, 0xD22A, 0xD22A, 0xD22A, 0xD22A, 0xD22A, 0xD22A, 0xD22A, 0xD22A, 0xD22A, 0xD22A, 0xD22A, 0xD22A, 0xD22A, 0xD22A,
  0xD22A, 0xD22A, 0xD22A, 0xD22A, 0xD22A, 0xD22A, 0xD22A, 0xD22A, 0xD22A, 0xD22A, 0xD22A, 0xD22A, 0xD22A, 0xD22A, 0xD22A, 0xD22A,
  0xD22A, 0xD22A, 0xD22A, 0xD22A, 0xD22A, 0xD22A, 0xD22A, 0xD22A, 0xD22A, 0xD22A, 0xD22A, 0xD22A, 0xD22A, 0xD22A, 0xD22A, 0xD22A,
  0xD22A, 0xD22A, 0xD22A, 0xD22A, 0xD22A, 0xD22A, 0xD22A, 0xD22A, 0xD22A, 0xD22A, 0xD22A, 0xD22A, 0xD22A, 0xD22A, 0xD22A, 0xD22A,
  0xD22A, 0xD22A, 0xD22A, 0xD22A, 0xD22A, 0xD22A, 0xD22A, 0xD22A, 0xD22A, 0xD22A, 0xD22A, 0xD22A, 0xD22A, 0xD22A, 0xD22A, 0xD22A,
  0xD22A, 0xD22A, 0xD22A, 0xD22A, 0xD22A, 0xD22A, 0xD22A, 0xD22A, 0xD22A, 0xD22A, 0xD22A, 0xD22A, 0xD22A, 0xD22A, 0xD22A, 0xD22A,
  0xD22A, 0xD229, 0xD229, 0xD229, 0xD229, 0xD229, 0xD22A, 0xD22A, 0xD64A, 0xD24A, 0xCA2D, 0xC60E, 0xC20E, 0xC20F, 0xBDF1, 0xADB4,
  0xA995, 0xAD94, 0xAD94, 0xB9D1, 0xD22A, 0xD229, 0xD229, 0xD229, 0xD22A, 0xD22A, 0xD22A, 0xD22A, 0xD229, 0xD22A, 0xD22A, 0xD229,
  0xD64A, 0xCA09, 0xA566, 0x99CB, 0x95CB, 0x9E0D, 0x99A9, 0x9945, 0x9966, 0x9D66, 0x9D86, 0x9D86, 0x9946, 0x94E4, 0xA0E3, 0xC1C8,
  0xD64A, 0xD22A, 0xD22A, 0xD22A, 0xD22A, 0xD22A, 0xD22A, 0xD22A, 0xD22A, 0xD22A, 0xD22A, 0xD22A, 0xD22A, 0xD22A, 0xD229, 0xD62A,
  0xCE09, 0xA5A9, 0x9630, 0x9A94, 0x9630, 0x960D, 0x95CB, 0x95EE, 0x9630, 0x960E, 0x960C, 0x95EB, 0x960E, 0x9A74, 0x962F, 0x960C,
  0xD22A, 0xC60E, 0xB5D1, 0xA995, 0xA577, 0xA577, 0xA577, 0xA577, 0xA577, 0xA995, 0xB9D0, 0xC1EF, 0xCE0B, 0xD22A, 0xD22A, 0xD22A,
  0xD22A, 0xD22A, 0xD22A, 0xD22A, 0xD22A, 0xD22A, 0xD22A, 0xD22A, 0xD22A, 0xD22A, 0xD22A, 0xD22A, 0xD22A, 0xD22A, 0xD22A, 0xD22A,
  0xD22A, 0xD22A, 0xD22A, 0xD22A, 0xD22A, 0xD22A, 0xD22A, 0xD22A, 0xD22A, 0xD22A, 0xD22A, 0xD22A, 0xD22A, 0xD22A, 0xD22A, 0xD22A,
  0xD22A, 0xD22A, 0xD22A, 0xD22A, 0xD22A, 0xD22A, 0xD22A, 0xD22A, 0xD22A, 0xD22A, 0xD22A, 0xD22A, 0xD22A, 0xD22A, 0xD22A, 0xD22A,
  0xD22A, 0xD22A, 0xD22A, 0xD22A, 0xD22A, 0xD22A, 0xD22A, 0xD22A, 0xD22A, 0xD22A, 0xD22A, 0xD22A, 0xD22A, 0xD22A, 0xD22A, 0xD22A,
  0xD22A, 0xD22A, 0xD22A, 0xD22A, 0xD22A, 0xD22A, 0xD22A, 0xD22A, 0xD22A, 0xD22A, 0xD22A, 0xD22A, 0xD22A, 0xD22A, 0xD22A, 0xD22A,
  0xD22A, 0xD22A, 0xD22A, 0xD22A, 0xD22A, 0xD22A, 0xD22A, 0xD22A, 0xD22A, 0xD22A, 0xD22A, 0xD22A, 0xD22A, 0xD22A, 0xD22A, 0xD22A,
  0xD22A, 0xD22A, 0xD22A, 0xD22A, 0xD22A, 0xD22A, 0xD22A, 0xD22A, 0xD22A, 0xD22A, 0xD22A, 0xD22A, 0xD22A, 0xD22A, 0xD22A, 0xD22A,
  0xD22A, 0xD22A, 0xD22A, 0xD22A, 0xD22A, 0xD22A, 0xD22A, 0xD22A, 0xD22A, 0xD22A, 0xD22A, 0xD22A, 0xD22A, 0xD22A, 0xD22A, 0xD22A,
  0xD22A, 0xD22A, 0xD22A, 0xD22A, 0xD22A, 0xD22A, 0xD22A, 0xD22A, 0xD22A, 0xD22A, 0xD22A, 0xD22A, 0xD22A, 0xD22A, 0xD22A, 0xD22A,
  0xD22A, 0xD22A, 0xD22A, 0xD22A, 0xD22A, 0xD22A, 0xD22A, 0xD22A, 0xD22A, 0xD22A, 0xD22A, 0xD22A, 0xD229, 0xD22A, 0xD22A, 0xD229,
  0xD22A, 0xD22B, 0xC1EF, 0xB5D1, 0xB5D1, 0xB9D1, 0xB9D0, 0xB9CF, 0xB5A9, 0xAD88, 0x9D4C, 0x994D, 0x994D, 0x9D4D, 0x9D2E, 0xA176,
  0xA598, 0xA178, 0xA178, 0xA995, 0xB5D2, 0xB5D1, 0xBDD0, 0xCE2B, 0xD22A, 0xD229, 0xD229, 0xD22A, 0xD22A, 0xD229, 0xD229, 0xD22A,
  0xBDC7, 0x9D88, 0x99CB, 0x9A0D, 0x9DED, 0x9946, 0x9924, 0x9D65, 0x9925, 0x94C3, 0x94C4, 0x94C3, 0x94A2, 0xB986, 0xD64B, 0xD22A,
  0xD22A, 0xD22A, 0xD22A, 0xD22A, 0xD22A, 0xD22A, 0xD22A, 0xD22A, 0xD22A, 0xD22A, 0xD22A, 0xD22A, 0xD22A, 0xD22A, 0xD62A, 0xCA09,
  0xA5CA, 0x9A52, 0x920F, 0x960E, 0x962F, 0x9A0C, 0x9168, 0x9A32, 0x920E, 0x9A0C, 0x9545, 0x95CD, 0x9A75, 0x960E, 0x962C, 0x99CA,
  0xB1B3, 0xA995, 0xA178, 0xA178, 0xA577, 0xA577, 0xA577, 0xA577, 0xA577, 0xA177, 0xA178, 0xA577, 0xB1B3, 0xB5B2, 0xBDD0, 0xCE2B,
  0xD22A, 0xD22A, 0xD22A, 0xD22A, 0xD22A, 0xD22A, 0xD22A, 0xD22A, 0xD22A, 0xD22A, 0xD22A, 0xD22A, 0xD22A, 0xD62A, 0xD22A, 0xD22A,
  0xD22A, 0xD22A, 0xD22A, 0xD22A, 0xD22A, 0xD22A, 0xD22A, 0xD22A, 0xD22A, 0xD22A, 0xD22A, 0xD22A, 0xD22A, 0xD22A, 0xD22A, 0xD22A,
  0xD22A, 0xD22A, 0xD22A, 0xD22A, 0xD22A, 0xD22A, 0xD22A, 0xD22A, 0xD22A, 0xD22A, 0xD22A, 0xD22A, 0xD22A, 0xD22A, 0xD22A, 0xD22A,
  0xD22A, 0xD22A, 0xD22A, 0xD22A, 0xD22A, 0xD22A, 0xD22A, 0xD22A, 0xD22A, 0xD22A, 0xD22A, 0xD22A, 0xD22A, 0xD22A, 0xD22A, 0xD22A,
  0xD22A, 0xD22A, 0xD22A, 0xD22A, 0xD22A, 0xD22A, 0xD22A, 0xD22A, 0xD22A, 0xD22A, 0xD22A, 0xD22A, 0xD22A, 0xD22A, 0xD22A, 0xD22A,
  0xD22A, 0xD22A, 0xD22A, 0xD22A, 0xD22A, 0xD22A, 0xD22A, 0xD22A, 0xD22A, 0xD22A, 0xD22A, 0xD22A, 0xD22A, 0xD22A, 0xD22A, 0xD22A,
  0xD22A, 0xD22A, 0xD22A, 0xD22A, 0xD22A, 0xD22A, 0xD22A, 0xD22A, 0xD22A, 0xD22A, 0xD22A, 0xD629, 0xD629, 0xD629, 0xD229, 0xD229,
  0xD22A, 0xD22A, 0xD629, 0xD629, 0xD22A, 0xD22A, 0xD22A, 0xD22A, 0xD22A, 0xD22A, 0xD22A, 0xD22A, 0xD22A, 0xD22A, 0xD22A, 0xD22A,
  0xD229, 0xD22A, 0xD22A, 0xD22A, 0xD22A, 0xD22A, 0xD22A, 0xD22A, 0xD22A, 0xD22A, 0xD22A, 0xD22A, 0xD22A, 0xD22A, 0xD22A, 0xD22A,
  0xD22A, 0xD22A, 0xD22A, 0xD22A, 0xD22A, 0xD22A, 0xD22A, 0xD22A, 0xD629, 0xD629, 0xCE2A, 0xCE0C, 0xCE0C, 0xCA0C, 0xCA0C, 0xCA0C,
  0xB9D0, 0xB193, 0xA575, 0xA177, 0xA176, 0xA173, 0x994D, 0x956D, 0x9A54, 0x9A53, 0x9A30, 0x9A30, 0x9E0E, 0x9988, 0x99A9, 0x9929,
  0x9909, 0xA151, 0xA576, 0xA178, 0xA177, 0xA177, 0xA577, 0xB1B3, 0xB5B2, 0xBDF0, 0xCA0B, 0xD229, 0xD229, 0xD229, 0xD22A, 0xB5A8,
  0x9989, 0x95EC, 0x9A0D, 0x9DAA, 0x9945, 0x9D65, 0x9966, 0x9986, 0x9966, 0x9925, 0x9482, 0xB567, 0xC1C8, 0xD64A, 0xD229, 0xD22A,
  0xD22A, 0xD22A, 0xD22A, 0xD22A, 0xD22A, 0xD22A, 0xD22A, 0xD22A, 0xD22A, 0xD22A, 0xD22A, 0xD22A, 0xD22A, 0xD22A, 0xCE29, 0xA5AA,
  0x9A31, 0x960F, 0x9651, 0x964F, 0x99EB, 0x9525, 0x99EF, 0x9630, 0x95CA, 0x9504, 0x9526, 0x9E53, 0x920E, 0x962C, 0x9DCA, 0x94E4,
  0xA178, 0xA177, 0xA577, 0xA577, 0xA577, 0xA577, 0xA577, 0xA577, 0xA577, 0xA577, 0xA577, 0xA178, 0xA178, 0xA178, 0xA577, 0xB9D2,
  0xCE2B, 0xD22A, 0xD22A, 0xD22A, 0xD22A, 0xD22A, 0xD22A, 0xD22A, 0xD22A, 0xD22A, 0xD22A, 0xD22A, 0xD22A, 0xD22A, 0xD22A, 0xD22A,
  0xD22A, 0xD22A, 0xD229, 0xD22A, 0xD22A, 0xD22A, 0xD22A, 0xD22A, 0xD22A, 0xD22A, 0xD22A, 0xD22A, 0xD22A, 0xD22A, 0xD22A, 0xD22A,
  0xD22A, 0xD22A, 0xD22A, 0xD22A, 0xD22A, 0xD22A, 0xD22A, 0xD22A, 0xD22A, 0xD22A, 0xD22A, 0xD22A, 0xD22A, 0xD22A, 0xD22A, 0xD22A,
  0xD22A, 0xD22A, 0xD22A, 0xD22A, 0xD22A, 0xD22A, 0xD22A, 0xD22A, 0xD22A, 0xD22A, 0xD22A, 0xD22A, 0xD22A, 0xD22A, 0xD22A, 0xD22A,
  0xD22A, 0xD22A, 0xD22A, 0xD22A, 0xD22A, 0xD22A, 0xD22A, 0xD22A, 0xD22A, 0xD22A, 0xD22A, 0xD22A, 0xD22A, 0xD22A, 0xD22A, 0xD22A,
  0xD22A, 0xD22A, 0xD22A, 0xD22A, 0xD22A, 0xD22A, 0xD22A, 0xD22A, 0xD22A, 0xD22A, 0xD22A, 0xD22A, 0xD22A, 0xD22A, 0xD22A, 0xD22A,
  0xD22A, 0xD22A, 0xD22A, 0xD22A, 0xD22A, 0xD62A, 0xD22A, 0xD22A, 0xD22A, 0xD22A, 0xC60D, 0xBDEF, 0xBDEF, 0xBDEF, 0xBDEF, 0xBDEF,
  0xBDEF, 0xBDEF, 0xBDEF, 0xC1EF, 0xCE0C, 0xD22A, 0xD22A, 0xD22A, 0xD22A, 0xD22A, 0xCE0C, 0xC1EF, 0xBDEF, 0xBDEF, 0xBDEF, 0xBDEF,
  0xBDEF, 0xC1EE, 0xCE2B, 0xD22A, 0xD22A, 0xD22A, 0xD22A, 0xD22A, 0xD22A, 0xD22A, 0xD22A, 0xD22A, 0xD22A, 0xD22A, 0xD22A, 0xD22A,
  0xD22A, 0xD22A, 0xD22A, 0xD22A, 0xD22A, 0xD22A, 0xCE0C, 0xC1EE, 0xBDEF, 0xC1EE, 0xB5B1, 0xA975, 0xA975, 0xA575, 0xA575, 0xA975,
  0xA576, 0xA1B9, 0xA1B9, 0xA1B9, 0xA195, 0x98E8, 0x9DAB, 0x9E2E, 0x962F, 0x962F, 0x960D, 0x960D, 0x962E, 0x9A4F, 0x9A71, 0x9A0C,
  0x99A8, 0x9906, 0x98E9, 0xA151, 0xA597, 0xA176, 0xA177, 0xA177, 0xA577, 0xA577, 0xB1B3, 0xB9D1, 0xBDF0, 0xCE2B, 0xB9C8, 0x95AA,
  0x95EC, 0x99ED, 0x99AB, 0x9904, 0x9D45, 0x9945, 0x9925, 0x9905, 0x9504, 0x9504, 0xA505, 0xD22A, 0xD64A, 0xD229, 0xD22A, 0xD22A,
  0xD22A, 0xD22A, 0xD22A, 0xD22A, 0xD22A, 0xD22A, 0xD22A, 0xD22A, 0xD22A, 0xD22A, 0xD22A, 0xD22A, 0xD22A, 0xCE09, 0xA188, 0x9A52,
  0x95CB, 0x960E, 0x9A72, 0x99EB, 0x98E3, 0x9DCD, 0x9A72, 0x95EB, 0x9925, 0x94E5, 0x9E31, 0x960F, 0x962C, 0x99CA, 0x94C3, 0x9989,
  0xA577, 0xA577, 0xA178, 0xA178, 0xA178, 0xA178, 0xA178, 0xA178, 0xA178, 0xA178, 0xA178, 0xA578, 0xA578, 0xA577, 0xA577, 0xA178,
  0xB5D2, 0xCE2B, 0xD22A, 0xD22A, 0xD22A, 0xD22A, 0xD22A, 0xD22A, 0xD22A, 0xCE2B, 0xB9D0, 0xB5B2, 0xB5B2, 0xB5B2, 0xB5B2, 0xB5B2,
  0xB5B2, 0xB5D1, 0xC60D, 0xD229, 0xD22A, 0xD22A, 0xD22A, 0xD22A, 0xD22A, 0xD22A, 0xD22A, 0xD22A, 0xD22A, 0xD22A, 0xD22A, 0xD22A,
  0xD22A, 0xD22A, 0xD22A, 0xD22A, 0xD22A, 0xD22A, 0xD22A, 0xD22A, 0xD22A, 0xD22A, 0xD22A, 0xD22A, 0xD22A, 0xD22A, 0xD22A, 0xD22A,
  0xD22A, 0xD22A, 0xD22A, 0xD22A, 0xD22A, 0xD22A, 0xD22A, 0xD22A, 0xD22A, 0xD22A, 0xD22A, 0xD22A, 0xD22A, 0xD22A, 0xD22A, 0xD22A,
  0xD22A, 0xD22A, 0xD22A, 0xD22A, 0xD22A, 0xD22A, 0xD22A, 0xD22A, 0xD22A, 0xD22A, 0xD22A, 0xD22A, 0xD22A, 0xD22A, 0xD22A, 0xD22A,
  0xD22A, 0xD22A, 0xD22A, 0xD22A, 0xD22A, 0xD22A, 0xD22A, 0xD22A, 0xD22A, 0xD22A, 0xD22A, 0xD22A, 0xD22A, 0xD22A, 0xD22A, 0xD22A,
  0xD22A, 0xD22A, 0xD22A, 0xD629, 0xD22B, 0xCA0C, 0xCA0C, 0xCA0C, 0xC60D, 0xBDF0, 0xAD95, 0xA178, 0xA177, 0xA177, 0xA177, 0xA177,
  0xA177, 0xA177, 0xA177, 0xA177, 0xADB4, 0xB5D2, 0xB5D2, 0xB5D2, 0xB5D2, 0xB5D2, 0xB1B3, 0xA577, 0xA177, 0xA177, 0xA177, 0xA177,
  0xA177, 0xA596, 0xB1B3, 0xB9D1, 0xCE2B, 0xD22A, 0xD629, 0xD62A, 0xD22A, 0xD22A, 0xD22A, 0xD22A, 0xD22A, 0xD22A, 0xD22A, 0xD22A,
  0xD22A, 0xD22A, 0xD22A, 0xD22A, 0xCE2B, 0xBDF0, 0xADB4, 0xA197, 0xA197, 0xA197, 0xA197, 0xA1FB, 0xA1FC, 0xA1FC, 0xA1FC, 0xA1FB,
  0xA1FC, 0xA25E, 0xA65B, 0xA63C, 0xA23D, 0xA1F7, 0xA1D3, 0x9949, 0x9A0E, 0x9A95, 0x9A95, 0x9A95, 0x9A74, 0x920E, 0x960E, 0x9A50,
  0x9A50, 0x99EB, 0x9967, 0x94E5, 0xA12E, 0xA5D9, 0xA9D6, 0xBDEF, 0xC1EF, 0xC1EF, 0xC1EF, 0xBDEF, 0xC1EF, 0xC1EB, 0x9968, 0x95EC,
  0x95EC, 0x9A0E, 0x9926, 0x9925, 0x9946, 0x9904, 0x9061, 0xA4E5, 0xBDA8, 0xB566, 0xC9E9, 0xD64A, 0xD229, 0xD22A, 0xD22A, 0xD22A,
  0xD22A, 0xD22A, 0xD22A, 0xD22A, 0xD22A, 0xD22A, 0xD22A, 0xD22A, 0xD22A, 0xD22A, 0xD22A, 0xD22A, 0xD64A, 0xAD87, 0x9631, 0x9A2F,
  0x958A, 0x9A51, 0x960B, 0x9904, 0x9D69, 0x9E92, 0x962D, 0x9546, 0x9905, 0x9E0F, 0x9A50, 0x91C9, 0x9588, 0x94C3, 0x9947, 0x9A0D,
  0xA578, 0xA178, 0xA178, 0xA178, 0xA178, 0xA178, 0xA178, 0xA178, 0xA178, 0xA178, 0xA178, 0xA178, 0xA178, 0xA578, 0xA178, 0xA178,
  0xA177, 0xB1B3, 0xCA0C, 0xD22A, 0xD22A, 0xD22A, 0xD22A, 0xD22A, 0xCA0C, 0xB5B2, 0xA577, 0xA178, 0xA178, 0xA178, 0xA178, 0xA178,
  0xA178, 0xA178, 0xA995, 0xB9D0, 0xCA0C, 0xD229, 0xD22A, 0xD22A, 0xD22A, 0xD629, 0xD22A, 0xD22A, 0xD22A, 0xD22A, 0xD629, 0xD629,
  0xD62A, 0xD22A, 0xD22A, 0xD22A, 0xD22A, 0xD22A, 0xD22A, 0xD22A, 0xD22A, 0xD22A, 0xD22A, 0xD22A, 0xD22A, 0xD22A, 0xD22A, 0xD22A,
  0xD22A, 0xD22A, 0xD22A, 0xD22A, 0xD22A, 0xD22A, 0xD22A, 0xD22A, 0xD22A, 0xD22A, 0xD22A, 0xD22A, 0xD22A, 0xD22A, 0xD22A, 0xD22A,
  0xD22A, 0xD22A, 0xD22A, 0xD22A, 0xD22A, 0xD22A, 0xD22A, 0xD22A, 0xD22A, 0xD22A, 0xD22A, 0xD22A, 0xD22A, 0xD22A, 0xD22A, 0xD22A,
  0xD22A, 0xD22A, 0xD22A, 0xD22A, 0xD22A, 0xD22A, 0xD22A, 0xD22A, 0xD22A, 0xD22A, 0xD22A, 0xD22A, 0xD22A, 0xD22A, 0xD22A, 0xD22A,
  0xD22A, 0xD62A, 0xCA0C, 0xC1EE, 0xB5D2, 0xA596, 0xA996, 0xA996, 0xA596, 0xA177, 0xA178, 0xA178, 0xA178, 0xA178, 0xA178, 0xA178,
  0xA177, 0xA177, 0xA177, 0xA177, 0xA178, 0xA178, 0xA178, 0xA178, 0xA178, 0xA178, 0xA178, 0xA177, 0xA176, 0xA176, 0xA176, 0xA176,
  0xA177, 0xA177, 0xA178, 0xA577, 0xB1B3, 0xBDEF, 0xC5ED, 0xC5EE, 0xC60D, 0xCE2A, 0xD22A, 0xD22A, 0xD22A, 0xD22A, 0xD22A, 0xD22A,
  0xD22A, 0xD22A, 0xD22A, 0xD22A, 0xCE2A, 0xC210, 0xB236, 0xB237, 0xB237, 0xB237, 0xB237, 0xB257, 0xB257, 0xB257, 0xB257, 0xB257,
  0xB257, 0xB236, 0xC22E, 0xBE30, 0xB237, 0xB257, 0xB658, 0xAA37, 0x99AE, 0x95EF, 0x9632, 0x9632, 0x9A53, 0x9A51, 0x9A2E, 0x95EB,
  0x95EC, 0x9A0E, 0x95CB, 0x99A8, 0x9505, 0x9D4B, 0xC22E, 0xD249, 0xD629, 0xD649, 0xD649, 0xD229, 0xDA6A, 0xAD87, 0x95ED, 0x95EC,
  0x9A2F, 0x9568, 0x9945, 0x9966, 0x9946, 0x9966, 0x9D46, 0xA146, 0xBDA8, 0xDA6B, 0xD62A, 0xD22A, 0xD22A, 0xD22A, 0xD22A, 0xD22A,
  0xD22A, 0xD22A, 0xD22A, 0xD22A, 0xD22A, 0xD22A, 0xD22A, 0xD22A, 0xD22A, 0xD22A, 0xD22A, 0xD64A, 0xB9A7, 0x99EE, 0x9A51, 0x9525,
  0x998A, 0x95EC, 0x9924, 0xA105, 0x99AC, 0x95AA, 0x9945, 0xA504, 0x9506, 0x99CC, 0x9147, 0x9D04, 0x9CA3, 0x9526, 0x9E2D, 0x99EA,
  0xA178, 0xA578, 0xA178, 0xA177, 0xA177, 0xA577, 0xA177, 0xA178, 0xA198, 0xA198, 0xA178, 0xA178, 0xA578, 0xA178, 0xA178, 0xA178,
  0xA178, 0xA178, 0xADB4, 0xC5ED, 0xD22A, 0xD22A, 0xD22A, 0xC60E, 0xADB4, 0xA178, 0xA577, 0xA577, 0xA577, 0xA577, 0xA577, 0xA577,
  0xA577, 0xA577, 0xA177, 0xA178, 0xADB4, 0xBDEF, 0xCE2B, 0xD22A, 0xCE2B, 0xBDEF, 0xC5EE, 0xD22A, 0xD22A, 0xCE2B, 0xC1EF, 0xB9D1,
  0xBDD0, 0xCE2B, 0xD22A, 0xD22A, 0xD62A, 0xD62A, 0xD22A, 0xD22A, 0xD22A, 0xD22A, 0xD22A, 0xD22A, 0xD22A, 0xD22A, 0xD22A, 0xD22A,
  0xD22A, 0xD22A, 0xD22A, 0xD22A, 0xD22A, 0xD22A, 0xD22A, 0xD22A, 0xD22A, 0xD22A, 0xD22A, 0xD22A, 0xD22A, 0xD22A, 0xD22A, 0xD22A,
  0xD22A, 0xD22A, 0xD22A, 0xD22A, 0xD22A, 0xD22A, 0xD22A, 0xD22A, 0xD22A, 0xD22A, 0xD22A, 0xD22A, 0xD22A, 0xD22A, 0xD22A, 0xD22A,
  0xD22A, 0xD22A, 0xD22A, 0xD22A, 0xD22A, 0xD22A, 0xD22A, 0xD22A, 0xD22A, 0xD22A, 0xD62A, 0xD62A, 0xD62A, 0xD22A, 0xD22A, 0xC60E,
  0xB9D1, 0xB9D1, 0xAD94, 0xA577, 0xA177, 0xA177, 0xA177, 0xA177, 0xA177, 0xA177, 0xA177, 0xA177, 0xA177, 0xA177, 0xA177, 0xA177,
  0xA177, 0xA177, 0xA177, 0xA177, 0xA177, 0xA177, 0xA177, 0xA177, 0xA177, 0xA177, 0xA177, 0xA1B9, 0xA1FB, 0x9DDB, 0xA1FB, 0x9DFB,
  0xA1DA, 0xA177, 0xA177, 0xA197, 0xA178, 0xA177, 0xA596, 0xA597, 0xA596, 0xB9D1, 0xCA0D, 0xCA0D, 0xC60D, 0xCA0D, 0xD22A, 0xD22A,
  0xD22A, 0xD22A, 0xD22A, 0xD22A, 0xD22A, 0xD22A, 0xCE2A, 0xCE2A, 0xCE2A, 0xCE2A, 0xCE2A, 0xCE2A, 0xCE2A, 0xCE2A, 0xCE2A, 0xCE2A,
  0xCE2A, 0xCE2A, 0xD22A, 0xD22A, 0xCE2A, 0xCE2A, 0xCE2A, 0xC64F, 0xBE2F, 0xB586, 0xB587, 0xB186, 0x9D44, 0x9566, 0x95A9, 0x960E,
  0x91CB, 0x91AA, 0x95ED, 0x95CA, 0x99A9, 0x9925, 0xA504, 0xCE0A, 0xD22A, 0xD22A, 0xD22A, 0xD64A, 0xC5E9, 0x9D67, 0x95EB, 0x9A2E,
  0x99CC, 0x9925, 0x9966, 0x9946, 0x9945, 0x9925, 0x94E3, 0x90C2, 0xAD25, 0xD22A, 0xD229, 0xD22A, 0xD22A, 0xD22A, 0xD22A, 0xD22A,
  0xD22A, 0xD22A, 0xD22A, 0xD22A, 0xD22A, 0xD22A, 0xD22A, 0xD22A, 0xD22A, 0xD22A, 0xD64A, 0xC5E8, 0x9DCC, 0x9651, 0x9526, 0xA104,
  0x9D26, 0x9904, 0xC5C8, 0xC9E9, 0xB166, 0xB566, 0xBDA7, 0xCA0A, 0xB566, 0xB166, 0xB146, 0xCA09, 0xC1A8, 0x90E4, 0x9526, 0x94E3,
  0xA178, 0xA177, 0xA178, 0xA199, 0xA199, 0xA199, 0xA199, 0xA198, 0xA177, 0xA177, 0xA578, 0xA178, 0xA178, 0xA178, 0xA178, 0xA178,
  0xA578, 0xA178, 0xA178, 0xAD95, 0xC60D, 0xCA0C, 0xBDF0, 0xA597, 0xA578, 0xA177, 0xA177, 0xA578, 0xA178, 0xA178, 0xA178, 0xA178,
  0xA177, 0xA577, 0xA177, 0xA177, 0xA178, 0xA577, 0xB1B4, 0xB1B3, 0xB1B3, 0xA177, 0xA996, 0xB9D2, 0xB5B2, 0xB1B3, 0xA597, 0xA178,
  0xA178, 0xB1B4, 0xB5B3, 0xB9D1, 0xCA0D, 0xCA0C, 0xCA0C, 0xD22A, 0xD22A, 0xD22A, 0xD22A, 0xD22A, 0xD22A, 0xD22A, 0xD22A, 0xD22A,
  0xD22A, 0xD22A, 0xD22A, 0xD22A, 0xD22A, 0xD22A, 0xD22A, 0xD22A, 0xD22A, 0xD22A, 0xD22A, 0xD22A, 0xD22A, 0xD22A, 0xD22A, 0xD22A,
  0xD22A, 0xD22A, 0xD22A, 0xD22A, 0xD22A, 0xD22A, 0xD22A, 0xD22A, 0xD22A, 0xD22A, 0xD22A, 0xD22A, 0xD22A, 0xD22A, 0xD22A, 0xD22A,
  0xD22A, 0xD22A, 0xD22A, 0xD22A, 0xD22A, 0xD22A, 0xD22A, 0xD22A, 0xD649, 0xD22A, 0xCE2C, 0xCA0C, 0xCE2C, 0xCA0D, 0xB5D2, 0xA996,
  0xA178, 0xA178, 0xA178, 0xA177, 0xA198, 0xA1B9, 0xA1B9, 0xA1B9, 0xA21C, 0xA21D, 0xA1BA, 0xA199, 0xA198, 0xA177, 0xA178, 0xA178,
  0xA198, 0xA1B9, 0xA199, 0xA199, 0xA198, 0xA178, 0xA1DB, 0xA21D, 0x9E1D, 0xA21D, 0xA21D, 0x9E3E, 0x9E5F, 0x9E5F, 0x9E3E, 0x9E3D,
  0xA21D, 0xA1DB, 0xA177, 0xA177, 0xA177, 0xA177, 0xA177, 0xA177, 0xA177, 0xA576, 0xA575, 0xA575, 0xA576, 0xA994, 0xB5B1, 0xB5B1,
  0xB9D0, 0xC60D, 0xCA0D, 0xCA0D, 0xCE2B, 0xD22A, 0xD22A, 0xD229, 0xD229, 0xD22A, 0xD22A, 0xD22A, 0xD22A, 0xD22A, 0xD22A, 0xD22A,
  0xD22A, 0xD22A, 0xD22A, 0xD22A, 0xD22A, 0xD22A, 0xD22A, 0xD229, 0xD229, 0xD64A, 0xCE2A, 0xADA8, 0x998A, 0x9A31, 0x9652, 0x9674,
  0x9652, 0x91CB, 0x95CA, 0x9A0D, 0x9A0C, 0x99C9, 0x9504, 0xA524, 0xD24A, 0xD22A, 0xD229, 0xD229, 0xA946, 0x9589, 0x95EB, 0x9E2F,
  0x9947, 0x9966, 0x9966, 0x9504, 0x98C3, 0x98A3, 0xA0C3, 0xBDA7, 0xCE09, 0xD22A, 0xD22A, 0xD22A, 0xD22A, 0xD22A, 0xD22A, 0xD22A,
  0xD22A, 0xD22A, 0xD22A, 0xD22A, 0xD22A, 0xD22A, 0xD22A, 0xD22A, 0xD22A, 0xD22A, 0xD64A, 0xB187, 0x99ED, 0x9D68, 0xA904, 0xCE0A,
  0xC5E8, 0xC9E8, 0xD22A, 0xD22A, 0xD64B, 0xD64B, 0xD64B, 0xD22A, 0xD64B, 0xD64B, 0xD64B, 0xD22A, 0xC9E9, 0xC1A8, 0xC5A8, 0xC5C8,
  0xA178, 0xA1BA, 0x9E1C, 0x9E5F, 0x9E5F, 0x9E5F, 0x9E5F, 0x9E1D, 0x9DDA, 0xA1B9, 0xA177, 0xA178, 0xA178, 0xA178, 0xA178, 0xA178,
  0xA178, 0xA178, 0xA178, 0xA177, 0xA597, 0xA597, 0xA577, 0xA178, 0xA578, 0xA178, 0xA178, 0xA178, 0xA177, 0xA577, 0xA177, 0xA177,
  0xA177, 0xA177, 0xA178, 0xA178, 0xA177, 0xA178, 0xA178, 0xA178, 0xA178, 0xA177, 0xA178, 0xA178, 0xA178, 0xA178, 0xA577, 0xA577,
  0xA996, 0xB1B4, 0xADB4, 0xB1B4, 0xB5D2, 0xB5B2, 0xB9D1, 0xCE2B, 0xD22A, 0xD22A, 0xD22A, 0xD22A, 0xD22A, 0xD22A, 0xD22A, 0xD22A,
  0xD22A, 0xD22A, 0xD22A, 0xD22A, 0xD22A, 0xD22A, 0xD22A, 0xD22A, 0xD22A, 0xD22A, 0xD22A, 0xD22A, 0xD22A, 0xD22A, 0xD22A, 0xD22A,
  0xD22A, 0xD22A, 0xD22A, 0xD22A, 0xD22A, 0xD22A, 0xD22A, 0xD22A, 0xD22A, 0xD22A, 0xD22A, 0xD22A, 0xD22A, 0xD22A, 0xD22A, 0xD22A,
  0xD22A, 0xD22A, 0xD22A, 0xD22A, 0xD22A, 0xD22A, 0xD22A, 0xD22B, 0xC60E, 0xB9D0, 0xA995, 0xA596, 0xA596, 0xA596, 0xA178, 0xA178,
  0xA197, 0xA197, 0xA197, 0xA177, 0xA198, 0xA1FC, 0xA1FC, 0xA1FC, 0xA1FC, 0xA1FC, 0xA1DB, 0xA1DB, 0xA199, 0xA157, 0xA177, 0xA177,
  0xA198, 0xA1FC, 0x9E3E, 0x9E5F, 0x9E1E, 0x9E1D, 0x9E5F, 0x9A5F, 0x9A5F, 0x9A5F, 0x9E5F, 0x9A5F, 0x9A5F, 0x9E3E, 0x9DDA, 0x9DD9,
  0x9DDA, 0x9DDA, 0x9DDA, 0x9DDA, 0x9DDA, 0x9DDB, 0xA1DB, 0x9DDA, 0xA1DA, 0x9DDA, 0xA1DA, 0xA1DA, 0x9DDA, 0x9DDA, 0x9DDA, 0x9DDB,
  0xA1D9, 0xB5D2, 0xB9D1, 0xB9D1, 0xC60D, 0xD229, 0xD22A, 0xD22A, 0xD22A, 0xD22A, 0xD22A, 0xD22A, 0xD22A, 0xD22A, 0xD22A, 0xD22A,
  0xD22A, 0xD22A, 0xD22A, 0xD22A, 0xD22A, 0xD22A, 0xD22A, 0xD22A, 0xCE2A, 0xD22A, 0xB9C8, 0x958B, 0x95EF, 0x91EF, 0x960E, 0x95A9,
  0x9587, 0x95C9, 0x960C, 0x95A9, 0x9A0D, 0x99CA, 0x9DA8, 0x9904, 0xB586, 0xCE29, 0xD22A, 0xC9E9, 0x98E4, 0x99A9, 0x95EB, 0x99EC,
  0x9945, 0x9986, 0x9946, 0x90A2, 0xAD26, 0xC5E9, 0xD22A, 0xD22A, 0xD229, 0xD229, 0xD229, 0xD229, 0xD229, 0xD229, 0xD229, 0xD22A,
  0xD229, 0xD22A, 0xD22A, 0xD22A, 0xD22A, 0xD22A, 0xD22A, 0xD22A, 0xD22A, 0xD22A, 0xD64A, 0xBDC7, 0xAD45, 0xCE09, 0xD22A, 0xD22A,
  0xD22A, 0xD22A, 0xD22A, 0xD22A, 0xCE2A, 0xCE2A, 0xD22A, 0xD22A, 0xCE2A, 0xCE2A, 0xD22A, 0xD22A, 0xD62A, 0xC5C8, 0xBD87, 0xA504,
  0xA1DB, 0x9E5F, 0x9A5F, 0x9A5F, 0x9A5F, 0x9A5F, 0x9A5F, 0x9A5F, 0x9E5F, 0x9E3F, 0xA1DB, 0xA178, 0xA178, 0xA178, 0xA178, 0xA178,
  0xA178, 0xA178, 0xA178, 0xA178, 0xA178, 0xA178, 0xA178, 0xA178, 0xA178, 0xA178, 0xA177, 0xA177, 0xA198, 0xA178, 0xA178, 0xA198,
  0xA198, 0xA198, 0xA177, 0xA177, 0xA177, 0xA178, 0xA177, 0xA177, 0xA177, 0xA177, 0xA177, 0xA177, 0xA177, 0xA577, 0xB1B3, 0xB9F1,
  0xC20F, 0xCE2B, 0xCE2B, 0xD22B, 0xCE2B, 0xCE2B, 0xCE2B, 0xD22A, 0xD229, 0xD22A, 0xD22A, 0xD22A, 0xD229, 0xD229, 0xD22A, 0xD22A,
  0xCE2B, 0xCE2B, 0xCE2B, 0xCE2B, 0xD22A, 0xD22A, 0xD22A, 0xD22A, 0xD22A, 0xD22A, 0xD22A, 0xD22A, 0xD22A, 0xD22A, 0xD22A, 0xD22A,
  0xD22A, 0xD22A, 0xD22A, 0xD22A, 0xD22A, 0xD22A, 0xD22A, 0xD22A, 0xD22A, 0xD22A, 0xD22A, 0xD22A, 0xD22A, 0xD22A, 0xD22A, 0xD22A,
  0xD22A, 0xD22A, 0xD22B, 0xC1EE, 0xB5D1, 0xB5D1, 0xB5B1, 0xB5B2, 0xA995, 0xA177, 0xA177, 0xA177, 0xA177, 0xA177, 0xA177, 0xA177,
  0xA177, 0xA177, 0xA178, 0xA198, 0xA178, 0xA157, 0xA157, 0xA157, 0x9D78, 0x9DDB, 0x9DFB, 0x9DFC, 0x9DFC, 0x9DFC, 0x9DFC, 0x9DFC,
  0x9DFC, 0x9DFC, 0x9A3F, 0x9A5F, 0x9A5F, 0x9E9F, 0x9EBF, 0x9EBF, 0x9EBF, 0x9ABF, 0x9ABF, 0x9ABF, 0x9ABF, 0x9ABF, 0x9EBF, 0x9EBF,
  0x9EBF, 0x9E9F, 0xA67E, 0xA67D, 0xA67E, 0xA67E, 0xA67E, 0xA67D, 0xA67E, 0xAE7A, 0xBE51, 0xBA53, 0xAA7C, 0xA67D, 0xA67D, 0xA67D,
  0xAE7A, 0xCA2C, 0xD22A, 0xCE2A, 0xD22A, 0xD22A, 0xD22A, 0xD22A, 0xD22A, 0xD22A, 0xD22A, 0xD22A, 0xD22A, 0xD22A, 0xD22A, 0xD22A,
  0xD22A, 0xD22A, 0xD22A, 0xD22A, 0xD22A, 0xD22A, 0xD22A, 0xD22A, 0xD22A, 0xCE2A, 0xCE2A, 0xBDC9, 0xB587, 0xAD87, 0x9924, 0x9988,
  0x9A0D, 0x9A2F, 0x962E, 0x95EB, 0x9987, 0x9E0D, 0x99C9, 0x9D45, 0x98C2, 0xC5E8, 0xD22A, 0xA905, 0x94E4, 0x9546, 0x95CA, 0x99AA,
  0x9945, 0x9966, 0x9987, 0x9D87, 0x9904, 0x9D03, 0xC1C7, 0xD22A, 0xD229, 0xD64A, 0xD64A, 0xD64A, 0xD64A, 0xD64A, 0xD64A, 0xD64A,
  0xD64A, 0xD229, 0xD229, 0xD22A, 0xD22A, 0xD22A, 0xD22A, 0xD22A, 0xD22A, 0xD22A, 0xD22A, 0xD62A, 0xD64A, 0xD22A, 0xD22A, 0xD22A,
  0xD22A, 0xD229, 0xD229, 0xD22A, 0xD22A, 0xD22A, 0xD22A, 0xD22A, 0xD22A, 0xD22A, 0xCE09, 0xB1A7, 0xA567, 0x9DAB, 0x95CD, 0x95AC,
  0x9E3F, 0x9A5F, 0x9A5F, 0x9A5F, 0x9A5F, 0x9A5F, 0x9A5F, 0x9A5F, 0x9E1D, 0x9DDC, 0xA199, 0xA178, 0xA178, 0xA178, 0xA178, 0xA178,
  0xA178, 0xA178, 0xA178, 0xA178, 0xA178, 0xA178, 0xA178, 0xA178, 0xA178, 0xA177, 0xA199, 0xA1DB, 0xA23D, 0x9E3E, 0x9E3E, 0x9E3E,
  0x9E3E, 0x9E3E, 0xA1DB, 0x9DB9, 0xA199, 0xA177, 0xA177, 0xA177, 0xA177, 0xA177, 0xA178, 0xA178, 0xA178, 0xA178, 0xA996, 0xADB4,
  0xBDF0, 0xC60E, 0xC60E, 0xC60D, 0xC60D, 0xC60D, 0xC60D, 0xC60D, 0xC60D, 0xC60D, 0xC60D, 0xC60D, 0xC60D, 0xC60D, 0xC60D, 0xBDD0,
  0xADB4, 0xADB4, 0xADB4, 0xAD94, 0xB9D1, 0xCE2A, 0xD22A, 0xD22A, 0xD22A, 0xD22A, 0xD22A, 0xD22A, 0xD22A, 0xD22A, 0xD22A, 0xD22A,
  0xD22A, 0xD22A, 0xD22A, 0xD22A, 0xD22A, 0xD22A, 0xD22A, 0xD22A, 0xD22A, 0xD22A, 0xD22A, 0xD22A, 0xD22A, 0xD22A, 0xCE2B, 0xCA0C,
  0xCE2C, 0xC60D, 0xB1B2, 0xA597, 0xA1B9, 0xA199, 0x9D99, 0x9D99, 0xA1B8, 0xA1B9, 0xA1B9, 0xA1B9, 0x9DB9, 0xA199, 0xA199, 0xA1B9,
  0xA1B9, 0xA199, 0xA1FC, 0xA23E, 0xA1FC, 0xA199, 0xA1B9, 0xA199, 0x9DBA, 0x9E5F, 0x9A5F, 0x9E5F, 0x9E5F, 0x9A5F, 0x9A5F, 0x9A5F,
  0x9A5F, 0x9A5F, 0x9A5F, 0x9A5F, 0x9A5F, 0x9EBF, 0x9EDF, 0x9EDF, 0xA2DE, 0xAAB9, 0xAAB9, 0xAAB9, 0xAAB9, 0xAAB9, 0xAAB9, 0xAAB9,
  0xAABA, 0xAE98, 0xBE30, 0xCA2C, 0xC62D, 0xC62D, 0xC62D, 0xC62D, 0xC62D, 0xCA2C, 0xD229, 0xD229, 0xCA2C, 0xC62C, 0xCA2C, 0xC62D,
  0xCA2C, 0xD22A, 0xD22A, 0xD22A, 0xD22A, 0xD22A, 0xD22A, 0xD22A, 0xD22A, 0xD22A, 0xD22A, 0xD22A, 0xD22A, 0xD22A, 0xD22A, 0xD22A,
  0xD22A, 0xD22A, 0xD22A, 0xD22A, 0xD22A, 0xD22A, 0xD22A, 0xD22A, 0xD22A, 0xD22A, 0xD22A, 0xD22A, 0xD64B, 0xC1C8, 0x9D69, 0x9A2F,
  0x9A71, 0x9A50, 0x99EB, 0x99C8, 0x9D87, 0x9966, 0x9DCA, 0x9966, 0x9904, 0xA504, 0xD24B, 0x98A3, 0x98E4, 0x94E3, 0x99A9, 0x9504,
  0x9966, 0x9966, 0x9504, 0x9504, 0x94C3, 0x9CC3, 0xC9E9, 0xDA6B, 0xD22A, 0xBDA7, 0xBDA7, 0xBDA7, 0xBDA7, 0xC1A7, 0xC1A7, 0xBDA7,
  0xC5C8, 0xD64B, 0xD64A, 0xD22A, 0xD22A, 0xD22A, 0xD22A, 0xD22A, 0xD22A, 0xD22A, 0xD22A, 0xD22A, 0xD22A, 0xD22A, 0xD22A, 0xD22A,
  0xD22A, 0xD22A, 0xD22A, 0xD22A, 0xD22A, 0xD22A, 0xD22A, 0xD64A, 0xC9E8, 0xB5A7, 0x9968, 0x9E30, 0x9A30, 0x9A0D, 0x95C9, 0x99A8,
  0x9E5F, 0x9A5F, 0x9A3F, 0x9A5F, 0x9A5F, 0x9A5F, 0x9A5F, 0x9E5F, 0x9DBA, 0x9D57, 0xA177, 0xA178, 0xA178, 0xA178, 0xA178, 0xA178,
  0xA178, 0xA178, 0xA178, 0xA178, 0xA178, 0xA178, 0xA198, 0xA178, 0xA199, 0xA1DB, 0xA23E, 0xA23F, 0x9E1D, 0x9E3F, 0x9A5F, 0x9A5F,
  0x9A5F, 0x9A5F, 0x9E5F, 0x9E5F, 0x9E3F, 0x9DDB, 0xA1DB, 0xA178, 0xA178, 0xA178, 0xA178, 0xA178, 0xA178, 0xA178, 0xA178, 0xA178,
  0xA577, 0xA577, 0xA577, 0xA577, 0xA577, 0xA577, 0xA577, 0xA596, 0xA576, 0xA576, 0xA576, 0xA576, 0xA576, 0xA576, 0xA576, 0xA577,
  0xA177, 0xA177, 0xA177, 0xA177, 0xA577, 0xB1B3, 0xB9D1, 0xB9D1, 0xB9D0, 0xC60C, 0xD22A, 0xD22A, 0xD22A, 0xD22A, 0xD22A, 0xD22A,
  0xD22A, 0xD22A, 0xD22A, 0xD22A, 0xD22A, 0xD22A, 0xD22A, 0xD22A, 0xD22A, 0xD22A, 0xD22A, 0xD22A, 0xD22A, 0xD629, 0xC20E, 0xADD6,
  0xA995, 0xA9B6, 0xA5F9, 0xA65C, 0xA69E, 0xA67E, 0xA67E, 0xA67E, 0xA65D, 0xA25E, 0xA65E, 0xA25E, 0xA25E, 0x9E5F, 0x9E5F, 0x9E5F,
  0x9E5F, 0x9E5F, 0x9E5F, 0x9A5F, 0x9A5F, 0x9E5F, 0x9E3F, 0x9E3F, 0x9E3F, 0x9A3F, 0x9A3E, 0x9A3F, 0x9A3F, 0x9E3F, 0x9A3F, 0x9A3F,
  0x9A3E, 0x9A3E, 0x9A3E, 0x9A3E, 0x9A5F, 0x9A5E, 0x9A5E, 0x9A5F, 0xA25C, 0xAE36, 0xB235, 0xAE35, 0xB633, 0xCA0B, 0xCE0A, 0xCE0A,
  0xCA0A, 0xCE2A, 0xD229, 0xD629, 0xD229, 0xD229, 0xD229, 0xD229, 0xD229, 0xD229, 0xD22A, 0xD22A, 0xD229, 0xD229, 0xD229, 0xD229,
  0xD229, 0xD229, 0xD229, 0xD229, 0xD229, 0xD229, 0xD229, 0xD229, 0xD229, 0xD229, 0xD229, 0xD229, 0xD229, 0xD629, 0xD229, 0xD229,
  0xD229, 0xD229, 0xD229, 0xD229, 0xD229, 0xD229, 0xD229, 0xD229, 0xD22A, 0xD22A, 0xD229, 0xD229, 0xCE29, 0xCE29, 0xC609, 0xA124,
  0x9904, 0x9503, 0x9902, 0x9945, 0x99A8, 0x9967, 0x9546, 0x9DCA, 0x9966, 0x9CE3, 0xC1C9, 0xA0E4, 0x94C3, 0x9946, 0x9967, 0x98E3,
  0x9D24, 0x9903, 0xA125, 0xA505, 0xA4E4, 0xCE0A, 0xDA6C, 0xBD87, 0xAD45, 0x94E4, 0x90E4, 0x90E4, 0x94E3, 0x94E3, 0x94E4, 0x94E4,
  0x9D04, 0xB166, 0xB566, 0xD22A, 0xD64A, 0xD229, 0xD229, 0xD229, 0xD229, 0xD229, 0xD229, 0xD229, 0xD229, 0xD229, 0xD229, 0xD229,
  0xD229, 0xD229, 0xD22A, 0xD22A, 0xD229, 0xD229, 0xCE29, 0xB5A7, 0xA189, 0x95CD, 0x9E30, 0x9989, 0x9967, 0x9566, 0x99EA, 0x99A8,
  0xA1BA, 0x9E1D, 0x9A5F, 0x9A3F, 0x9A5F, 0x9A3F, 0x9A5F, 0x9A5F, 0x9E3E, 0x9E1D, 0x9E1D, 0x9E1D, 0x9E1D, 0x9E1D, 0x9E1D, 0xA1FC,
  0xA178, 0xA178, 0xA198, 0xA198, 0xA198, 0xA198, 0xA198, 0xA178, 0xA198, 0xA1BA, 0x9D99, 0x9DBA, 0xA1FC, 0x9E1D, 0x9E3E, 0x9A5F,
  0x9A5F, 0x9A5F, 0x9A5F, 0x9A5F, 0x9A5F, 0x9A5F, 0x9E5F, 0xA21D, 0xA1B9, 0xA177, 0xA178, 0xA178, 0xA178, 0xA178, 0xA178, 0xA178,
  0xA178, 0xA178, 0xA178, 0xA177, 0xA177, 0xA177, 0xA177, 0xA177, 0xA178, 0xA178, 0xA177, 0xA596, 0xA9B6, 0xADB6, 0xADB6, 0xADB6,
  0xADD5, 0xB1F4, 0xB1F4, 0xB5F4, 0xB5F3, 0xB5D3, 0xB5D2, 0xB5D2, 0xB9D2, 0xC20E, 0xCE2B, 0xCE2B, 0xCE2B, 0xCE2B, 0xCE2B, 0xCE2B,
  0xCE2B, 0xCE2B, 0xCE2B, 0xCE2B, 0xCE2B, 0xCE2B, 0xCE2B, 0xCE2B, 0xCE2B, 0xCE2B, 0xCE2B, 0xCE2B, 0xCE2B, 0xCE2B, 0xCA2C, 0xC210,
  0xBDEF, 0xBE10, 0xC251, 0xBE31, 0xBE31, 0xBE31, 0xBE31, 0xBE31, 0xBE31, 0xBE31, 0xBE31, 0xBE30, 0xB255, 0xA6BD, 0xA29D, 0xA29D,
  0xA69D, 0xA29D, 0x9EBF, 0x9EBF, 0x9EBF, 0x9EBF, 0x9EBF, 0x9EBF, 0x9EBF, 0x9EBF, 0x9EBF, 0x9A5E, 0x9A5E, 0x9A5E, 0x9A5E, 0x9A5E,
  0x9EBF, 0x9ABF, 0x9ABF, 0x9ABF, 0x9A9F, 0x9A7F, 0x9A7F, 0x9A7F, 0x9E7E, 0xA29E, 0xA69E, 0xA69E, 0xAA9B, 0xC62D, 0xCE2B, 0xCE2B,
  0xCE2B, 0xCE2B, 0xCE2B, 0xCE2B, 0xCE2B, 0xCE2B, 0xCE2B, 0xCE2B, 0xCE2B, 0xCE2B, 0xCE2B, 0xCE2B, 0xCE2B, 0xCE2B, 0xCE2B, 0xCE2B,
  0xCE2B, 0xCE2B, 0xCE2B, 0xCE2B, 0xCE2B, 0xCE2B, 0xCE2B, 0xCE2B, 0xCE2B, 0xCE2B, 0xCE2B, 0xCE2B, 0xCE2B, 0xCE2B, 0xCE2B, 0xCE2B,
  0xCE2B, 0xCE2B, 0xCE2B, 0xCE2B, 0xCE2B, 0xCE2B, 0xCE2B, 0xCE2B, 0xCE2B, 0xCA2B, 0xCA2B, 0xCA2B, 0xCA2B, 0xCA2B, 0xCE4C, 0xB587,
  0x9548, 0x9A0E, 0x95EC, 0x960E, 0x95ED, 0x95EB, 0x9967, 0x9966, 0x9DEB, 0x9925, 0xA505, 0xA0E5, 0x98E3, 0x9967, 0x94E4, 0x9904,
  0x9904, 0x9903, 0xA105, 0xA926, 0xD22B, 0xC5C9, 0xA0E4, 0x9505, 0x9526, 0x9987, 0x9D67, 0x9D45, 0x9D45, 0x9D45, 0x9D45, 0x9D45,
  0x9D66, 0x9525, 0x9525, 0xA104, 0xC5C8, 0xD24B, 0xCE2B, 0xCE2B, 0xCE2B, 0xCE2B, 0xCE2B, 0xCE2B, 0xCE2B, 0xCE2B, 0xCE2B, 0xCE2B,
  0xCE2B, 0xCE2B, 0xCE2B, 0xCE2B, 0xCE2C, 0xCE4C, 0xAD88, 0x9A10, 0x9A51, 0x960D, 0x9567, 0x9988, 0x99A8, 0x95A8, 0x960C, 0x99A8,
  0xA157, 0x9DDB, 0x9A5F, 0x9A5F, 0x9A5F, 0x9A5F, 0x9A5F, 0x9A5F, 0x9A5F, 0x9A5F, 0x9A5F, 0x9A5F, 0x9A5F, 0x9A5F, 0x9A3F, 0x9DDB,
  0xA1B9, 0xA177, 0xA177, 0xA177, 0xA177, 0xA177, 0xA177, 0xA1B9, 0xA1DA, 0x9DBA, 0x9DBA, 0x9DDB, 0x9E3E, 0x9A5F, 0x9A3F, 0x9A5F,
  0x9A5F, 0x9A5F, 0x9A5F, 0x9A5F, 0x9A5F, 0x9A5F, 0x9A5F, 0x9E5F, 0x9DDB, 0xA1B9, 0xA177, 0xA177, 0xA178, 0xA178, 0xA178, 0xA178,
  0xA178, 0xA177, 0xA198, 0x9DDA, 0x9DBA, 0x9DDA, 0x9DDA, 0xA1DA, 0xA198, 0xA177, 0xA577, 0xADD6, 0xB616, 0xB616, 0xB616, 0xB616,
  0xB616, 0xB615, 0xB615, 0xB615, 0xBA15, 0xBA14, 0xC273, 0xC672, 0xC672, 0xC672, 0xC672, 0xC672, 0xC672, 0xC672, 0xC672, 0xC672,
  0xC672, 0xC672, 0xC273, 0xC273, 0xC273, 0xC273, 0xC273, 0xC673, 0xC673, 0xC273, 0xC673, 0xC673, 0xC273, 0xC673, 0xC673, 0xC672,
  0xC672, 0xC672, 0xC652, 0xC652, 0xC652, 0xC652, 0xC652, 0xC652, 0xC652, 0xC652, 0xC652, 0xC652, 0xC253, 0xBE74, 0xBE74, 0xBE74,
  0xBE53, 0xB677, 0xA6FF, 0xA2FF, 0xA2FF, 0xA2FF, 0xA31F, 0xA31F, 0xA2FF, 0xA31F, 0xA2FF, 0xA2FF, 0xA2FF, 0xA2FF, 0xA2FF, 0x9EDF,
  0x9EFF, 0xA6DC, 0xAEBA, 0xAEBB, 0xAABB, 0xAABB, 0xAABB, 0xAABB, 0xB299, 0xBA54, 0xBE55, 0xBE55, 0xBE74, 0xC273, 0xC273, 0xC273,
  0xC273, 0xC273, 0xC273, 0xC273, 0xC273, 0xC273, 0xC673, 0xC273, 0xC273, 0xC273, 0xC273, 0xC273, 0xC273, 0xC273, 0xC273, 0xC273,
  0xC273, 0xC273, 0xC273, 0xC673, 0xC673, 0xC273, 0xC273, 0xC273, 0xC273, 0xC273, 0xC273, 0xC273, 0xC273, 0xC273, 0xC273, 0xC273,
  0xC273, 0xC273, 0xC273, 0xC253, 0xC253, 0xC253, 0xC273, 0xC273, 0xC273, 0xC673, 0xC673, 0xC673, 0xC673, 0xC673, 0xC673, 0xC251,
  0xA18A, 0x8D48, 0x9589, 0x95CA, 0x95CA, 0x95A9, 0x9967, 0x9924, 0x99A8, 0x9D88, 0x9482, 0x98C3, 0x9D03, 0x9987, 0x94E3, 0x9D04,
  0x9904, 0x90A3, 0x8C41, 0xA926, 0xAD25, 0x90C4, 0x9546, 0x9966, 0x9966, 0x9945, 0x9924, 0x9D23, 0x9D45, 0x9986, 0x9945, 0x9D03,
  0x9924, 0x9D45, 0x9945, 0x9925, 0x94C4, 0xB5CD, 0xC673, 0xC253, 0xC253, 0xC273, 0xC273, 0xC253, 0xC253, 0xC253, 0xC253, 0xC253,
  0xC273, 0xC273, 0xC273, 0xC673, 0xBE52, 0xA5EE, 0x9A31, 0x960E, 0x91EB, 0x95EA, 0x9988, 0x99CB, 0x95CA, 0x9587, 0x95EC, 0x99A9,
  0x9DFD, 0x9A3F, 0x9A5F, 0x9A5F, 0x9A5F, 0x9A5F, 0x9A5F, 0x9A5F, 0x9A5F, 0x9A5F, 0x9A5F, 0x9A5F, 0x9A5F, 0x9A5F, 0x9A5F, 0x9A3F,
  0x9E3F, 0x9DFC, 0x9DFC, 0x9DFC, 0x9DFC, 0xA1FC, 0x9DFC, 0x9E3E, 0x9E7F, 0x9E5F, 0x9E7F, 0x9E7F, 0x9E7F, 0x9A3F, 0x9A3F, 0x9A3F,
  0x9A5F, 0x9A5F, 0x9A5F, 0x9A5F, 0x9A5F, 0x9A5F, 0x9A5F, 0x9A5F, 0x9E5F, 0x9E5F, 0x9E1C, 0xA1DB, 0x9D78, 0xA178, 0xA178, 0xA178,
  0xA178, 0x9D98, 0x9E3E, 0x9E5F, 0x9E5F, 0x9E5F, 0x9E5F, 0x9E5F, 0xA23D, 0xA198, 0xA178, 0xA178, 0xA178, 0xA177, 0xA157, 0xA177,
  0xA157, 0xA157, 0xA178, 0xA178, 0xA178, 0xA177, 0xADD6, 0xB1F5, 0xB1F5, 0xB5F5, 0xB1F4, 0xB1F4, 0xB5F4, 0xB5F4, 0xB5F4, 0xB5F4,
  0xB5F4, 0xB9F2, 0xCA2E, 0xCE4D, 0xCA4D, 0xCA2E, 0xCA2E, 0xCA2D, 0xCA2D, 0xCA2D, 0xCA2D, 0xCA2D, 0xCA4D, 0xCA4E, 0xCA4E, 0xCA4E,
  0xCA4E, 0xCA4E, 0xCA4E, 0xCA4E, 0xCA4E, 0xCA4E, 0xCA4E, 0xCA4E, 0xCA4E, 0xCA4E, 0xCA4E, 0xCA4E, 0xCA2E, 0xCA2D, 0xCA2D, 0xCA2D,
  0xCA2D, 0xC64F, 0xBE72, 0xBE72, 0xBA72, 0xBE72, 0xBA72, 0xBA72, 0xBA72, 0xBA72, 0xBA72, 0xBA72, 0xBA72, 0xBA72, 0xBA72, 0xBA72,
  0xBA72, 0xC24F, 0xCA2D, 0xCA2E, 0xCA2E, 0xCA2E, 0xCA2E, 0xC62E, 0xCA2E, 0xCA2E, 0xCA2E, 0xCA2D, 0xCA4E, 0xCA4E, 0xCA4E, 0xCA4E,
  0xCA4E, 0xCA4E, 0xCA4E, 0xCA4E, 0xCA2E, 0xCA4E, 0xCA2E, 0xCA4E, 0xCA2E, 0xCA2E, 0xCA4E, 0xCA2E, 0xCA2E, 0xCA4E, 0xCA2E, 0xCA2E,
  0xCA4E, 0xCA4E, 0xCA2E, 0xCA2E, 0xCA2E, 0xCA2E, 0xCA2E, 0xCA2E, 0xCA2D, 0xCA2E, 0xCA2D, 0xCA4E, 0xCA2E, 0xCA2D, 0xCA2D, 0xCA2D,
  0xCA2D, 0xCA2D, 0xCA2D, 0xCA2D, 0xCA4E, 0xCE4E, 0xCA2D, 0xC60C, 0xC62D, 0xB1CC, 0xA9AB, 0xA9AB, 0xA98A, 0xA98B, 0xA98A, 0xA969,
  0xB146, 0xAD04, 0x9481, 0x9904, 0x9924, 0x9924, 0x9925, 0x9D24, 0x9904, 0x9987, 0x94C4, 0x9483, 0x9D04, 0x9925, 0x98C3, 0x9D03,
  0x94C2, 0x98C3, 0x9062, 0x8C41, 0x94E5, 0x9966, 0x9924, 0x9D24, 0x9D24, 0x9966, 0x9967, 0x9966, 0x9945, 0x9925, 0x9966, 0x9966,
  0x9925, 0x94C2, 0x9D24, 0x9904, 0x9924, 0x94E5, 0xB58A, 0xCE4E, 0xCA2E, 0xCA2E, 0xCA2D, 0xCA2D, 0xCA2D, 0xCA2D, 0xCA2D, 0xCA2D,
  0xCA2D, 0xCA2D, 0xCA4D, 0xCA4D, 0xA5AB, 0x9630, 0x960C, 0x95EB, 0x9A51, 0x960C, 0x95EB, 0x95EC, 0x99A9, 0x94C3, 0x95CB, 0x95CA,
  0x9E9F, 0x9E7E, 0x9A3F, 0x9A3F, 0x9A3F, 0x9A3F, 0x9A3F, 0x9A3F, 0x9A3F, 0x9A3F, 0x9A3F, 0x9A3F, 0x9A3F, 0xA29F, 0xA2DF, 0x9E9E,
  0x9E9E, 0x9E9F, 0x9E9F, 0x9A5F, 0x9A5F, 0x9A5F, 0x9A5F, 0x9A5F, 0x9A5F, 0x9E7E, 0xAB1F, 0xAB3F, 0xAB1F, 0x9E9E, 0x9E7E, 0x9E7E,
  0xA2BE, 0xAB1F, 0xAB1F, 0xAB3F, 0xAB1F, 0x9E9F, 0x9E7F, 0x9E7F, 0x9A5F, 0x9A5F, 0x9A5F, 0x9A5F, 0x9A3E, 0x9E3E, 0x9E3E, 0x9E3E,
  0x9E3E, 0x9E3E, 0x9A5F, 0x9A3F, 0x9A3F, 0x9A3F, 0x9A3F, 0x9A5F, 0x9A5F, 0x9E3E, 0x9E3E, 0x9E3E, 0x9E3E, 0x9DDB, 0x9D99, 0x9DB9,
  0x9DB9, 0xA198, 0xA177, 0xA177, 0xA177, 0xA177, 0xA157, 0xA157, 0xA157, 0xA157, 0xA157, 0xA157, 0xA157, 0xA157, 0xA157, 0xA157,
  0xA177, 0xA977, 0xB9D1, 0xC1EE, 0xC1EE, 0xCE0A, 0xD629, 0xD628, 0xD628, 0xD628, 0xD228, 0xD228, 0xD229, 0xD629, 0xD628, 0xD628,
  0xD629, 0xD229, 0xD229, 0xD229, 0xD229, 0xD629, 0xD629, 0xD229, 0xD229, 0xD229, 0xD229, 0xD229, 0xD229, 0xD229, 0xD229, 0xD229,
  0xD229, 0xD229, 0xD209, 0xD209, 0xD209, 0xD209, 0xD209, 0xD209, 0xD209, 0xD208, 0xD209, 0xD209, 0xD209, 0xD209, 0xD209, 0xD209,
  0xD209, 0xD229, 0xD229, 0xD229, 0xD229, 0xD229, 0xD229, 0xD229, 0xD229, 0xD229, 0xD229, 0xD229, 0xD229, 0xD229, 0xD229, 0xD229,
  0xD229, 0xD229, 0xD229, 0xD229, 0xD229, 0xD229, 0xD229, 0xD229, 0xD229, 0xD229, 0xD229, 0xD229, 0xD229, 0xD229, 0xD229, 0xD229,
  0xD229, 0xD229, 0xD229, 0xD229, 0xD229, 0xD229, 0xD229, 0xD229, 0xD229, 0xD229, 0xD229, 0xD229, 0xD229, 0xD229, 0xD228, 0xD229,
  0xD229, 0xD229, 0xD209, 0xD64A, 0xC5E7, 0xBDC6, 0xA988, 0x9969, 0x9DCC, 0x9E30, 0x9A2F, 0x9A2F, 0x9E2F, 0x9E2F, 0x9E2F, 0x99ED,
  0x9988, 0xA1AA, 0x98E4, 0x9482, 0x98C3, 0x9D24, 0x9945, 0x9945, 0x9903, 0x9D45, 0x9946, 0x9062, 0x9D04, 0x94A2, 0x98C3, 0x9D03,
  0x9D03, 0x98C3, 0x9083, 0x9D47, 0x9D45, 0x9903, 0x9945, 0x9945, 0x98E3, 0x9925, 0x9986, 0x9567, 0x9966, 0x94C3, 0x9904, 0x9966,
  0x9925, 0x9062, 0x94E4, 0x9946, 0x9924, 0x9D44, 0x9904, 0xB566, 0xD64A, 0xD208, 0xD228, 0xD228, 0xD228, 0xD228, 0xD228, 0xD208,
  0xD208, 0xD229, 0xCE08, 0xA988, 0x9A51, 0x962E, 0x95CA, 0x99ED, 0x9A94, 0x960C, 0x95EB, 0x960C, 0x99A9, 0x9481, 0x9947, 0x99CA,
  0xAF5F, 0xAB3F, 0xA2DF, 0xA2DF, 0xA2DF, 0xA2DF, 0xA2DF, 0xA2DF, 0xA2DF, 0xA2DF, 0xA2BF, 0xA2BF, 0xA2BF, 0xA6FF, 0xAB3F, 0xAB3F,
  0xAB3F, 0xAF3F, 0xAF3F, 0xA6FF, 0xA2DF, 0xA6DF, 0xA2DF, 0xA2DF, 0xA6FF, 0xA71F, 0xAB3F, 0xAB3F, 0xAB5F, 0xAB5F, 0xAB5F, 0xAF3F,
  0xAB3F, 0xAB5F, 0xAB3F, 0xA2DF, 0xA2DF, 0xA2BF, 0xA2BF, 0xA2BF, 0x9A5F, 0x9A5F, 0x9A5F, 0x9A5F, 0x9A5F, 0x9A5F, 0x9A5F, 0x9A5F,
  0x9A5F, 0x9E7F, 0xA2DF, 0xA2DF, 0xA2DF, 0xA2DF, 0xA2BF, 0x9E9F, 0x9A3F, 0x9A5F, 0x9A5F, 0x9A5F, 0x9A5F, 0x9A5F, 0x9E5F, 0x9E3F,
  0x9E5F, 0x9E3E, 0x9DDB, 0x9DDB, 0x9DFB, 0x9DDB, 0x9DFB, 0x9DFB, 0x9DFB, 0x9DFB, 0x9DFB, 0x9DFB, 0x9DFB, 0x9DFB, 0xA1FB, 0xA1FB,
  0xA1BA, 0xA177, 0xA578, 0xA577, 0xA577, 0xB1B2, 0xB9D0, 0xBDF1, 0xC210, 0xC210, 0xC20F, 0xCA4F, 0xCA4F, 0xCA4F, 0xCA4F, 0xCA4F,
  0xCA4F, 0xC64F, 0xC64F, 0xCA4F, 0xCA4F, 0xCA4F, 0xCA4F, 0xC64F, 0xCA4F, 0xC64F, 0xC64F, 0xC64F, 0xC64F, 0xC64F, 0xC64F, 0xCA4F,
  0xC64F, 0xC64F, 0xC64F, 0xC64F, 0xC64F, 0xC64F, 0xC64F, 0xC64F, 0xC64F, 0xC64F, 0xC64F, 0xC64F, 0xC64F, 0xC64F, 0xC64F, 0xC64F,
  0xC64F, 0xC64F, 0xC64F, 0xC64F, 0xC64F, 0xC64F, 0xC64F, 0xC64F, 0xC64F, 0xC64F, 0xC64F, 0xC64F, 0xC64F, 0xC64F, 0xC64F, 0xCA4F,
  0xCA4F, 0xCA4F, 0xC64F, 0xCA4F, 0xCA4F, 0xC64F, 0xC64F, 0xC64F, 0xC64F, 0xC64F, 0xC64F, 0xCA4F, 0xCA4F, 0xC64F, 0xC64F, 0xC64F,
  0xCA4F, 0xCA4F, 0xCA4F, 0xC64F, 0xCA4F, 0xCA4F, 0xCA4F, 0xC64F, 0xC64F, 0xC64F, 0xC64E, 0xC64F, 0xC64F, 0xC64F, 0xC62F, 0xC62E,
  0xC62E, 0xC64F, 0xC62E, 0xB188, 0xA1AB, 0x95AD, 0x9A32, 0x9A74, 0x9630, 0x960D, 0x95EC, 0x95EB, 0x9988, 0x95C9, 0x95CA, 0x95A9,
  0x95CB, 0x99AA, 0x9D88, 0x9968, 0x9505, 0x98C2, 0x98E3, 0x9D25, 0x9D24, 0x9904, 0x9946, 0x9062, 0x9CE3, 0x94A3, 0x98C3, 0x9D03,
  0x94A3, 0x90A3, 0x9D46, 0x9D45, 0x9924, 0x9924, 0x9904, 0x9946, 0x9925, 0x94C3, 0x9D24, 0x9965, 0x9987, 0x9925, 0x9482, 0x9D03,
  0x9D45, 0x9925, 0x9062, 0x9905, 0x9D86, 0x9D23, 0x9D45, 0x98E4, 0xBDCB, 0xCA4F, 0xC62E, 0xC64F, 0xCA4F, 0xCA4F, 0xC64F, 0xC62E,
  0xC64F, 0xC62E, 0xA189, 0x9A31, 0x91EC, 0x95EB, 0x9A0C, 0x91AA, 0x9673, 0x960C, 0x99A9, 0x99CB, 0x99CA, 0x9481, 0x98E5, 0x99CA,
  0xAF3E, 0xAF3E, 0xB33E, 0xB33E, 0xB33E, 0xB33E, 0xB33E, 0xAF3E, 0xAF3E, 0xAF3E, 0xAF3E, 0xAF3E, 0xAF3F, 0xAB5F, 0xAB3F, 0xAB3F,
  0xAB3F, 0xAB3F, 0xAB3F, 0xAB5F, 0xAB5F, 0xAB5F, 0xAB5F, 0xAB5F, 0xAB3F, 0xA73F, 0xA73F, 0xA73F, 0xA73F, 0xA71F, 0xAB1F, 0xA2BE,
  0x9E7E, 0x9E9F, 0x9A7F, 0x963F, 0x965F, 0x9A5F, 0x9A5F, 0x9A5F, 0x9A5F, 0x9A5F, 0x9A5F, 0x9A5F, 0x9A3F, 0x9A3F, 0x963F, 0x9A7E,
  0xA6DF, 0xA6DF, 0xAB1F, 0xAB1F, 0xAB1F, 0xAB3F, 0xAB3F, 0xA29E, 0x9E7F, 0x9E7F, 0x9E5F, 0x9A5F, 0x9A5F, 0x9A5F, 0x9A5F, 0x9A7F,
  0x9A5E, 0x9A7F, 0x9E7F, 0x9E7F, 0x9E7F, 0x9E7F, 0x9E7F, 0x9E7F, 0x9E7F, 0x9E9F, 0x9E7F, 0x9E7F, 0x9E7F, 0x9A5F, 0x9A5F, 0x9A5F,
  0x9E5E, 0x9E1C, 0x9D98, 0x9D78, 0x9D78, 0x9D78, 0x9D78, 0x9D99, 0x9D98, 0xA198, 0xA597, 0xADB6, 0xADB6, 0xADB6, 0xA9B6, 0xADD5,
  0xB635, 0xBE75, 0xBE75, 0xBE75, 0xBE75, 0xBE75, 0xBE75, 0xBE75, 0xBE55, 0xBE75, 0xBE75, 0xBE75, 0xBE75, 0xBE75, 0xBE75, 0xBE75,
  0xBE74, 0xBE74, 0xBE74, 0xBE75, 0xBE75, 0xBE75, 0xBE75, 0xBE75, 0xBE75, 0xBE55, 0xBE75, 0xBE74, 0xBE75, 0xBE75, 0xBE74, 0xBE75,
  0xBE74, 0xBE74, 0xBE74, 0xBE74, 0xBE74, 0xBE74, 0xBE74, 0xBE75, 0xBE74, 0xBE74, 0xBE74, 0xBE74, 0xBE74, 0xBE74, 0xBE74, 0xBE74,
  0xBE74, 0xBE74, 0xBE74, 0xBE74, 0xBE74, 0xBE54, 0xBE74, 0xBE74, 0xBE54, 0xBE74, 0xBE74, 0xBE74, 0xBE74, 0xBE74, 0xBE74, 0xBE74,
  0xBE74, 0xBE74, 0xBE74, 0xBE74, 0xBE74, 0xBE74, 0xBE74, 0xC274, 0xBE54, 0xBE74, 0xBE74, 0xBE74, 0xBE74, 0xBE54, 0xBE54, 0xBE54,
  0xBE74, 0xA9EE, 0x998B, 0x9632, 0x9A74, 0x9630, 0x960D, 0x99EB, 0x91EB, 0x9A73, 0x962F, 0x95CA, 0x99A9, 0x95EC, 0x960C, 0x99CA,
  0x99A8, 0x9988, 0x9987, 0x99A8, 0x9987, 0x9967, 0x94C3, 0x9482, 0x9CE3, 0x9D03, 0x9904, 0x9082, 0x98E4, 0x94A2, 0x9CE3, 0x94A2,
  0x9062, 0x9D25, 0x9D24, 0x98E3, 0x9904, 0x9966, 0x9945, 0x9903, 0x9D66, 0x9925, 0x9061, 0x9D04, 0x9D66, 0x9966, 0x94C4, 0x9061,
  0x98E3, 0x9D65, 0x98E4, 0x9062, 0x9905, 0x9D44, 0x9D24, 0x9504, 0x9D08, 0xBE75, 0xBE55, 0xBE75, 0xBE75, 0xBE75, 0xBE75, 0xBE55,
  0xBA54, 0xA1CF, 0x9632, 0x960E, 0x91CB, 0x960D, 0x95CB, 0x958A, 0x9A95, 0x962F, 0x9967, 0x99CA, 0x95A9, 0xA129, 0x9D07, 0x9DC9,
  0xBA75, 0xBA55, 0xBA55, 0xBA55, 0xBA55, 0xBA55, 0xBA55, 0xBA55, 0xBA75, 0xBA75, 0xBA75, 0xBA75, 0xBA97, 0xB2FB, 0xAF5F, 0xAF5F,
  0xAF5F, 0xAF5F, 0xAB5F, 0xAB5F, 0xAB5F, 0xAB5F, 0xAB5F, 0xAB3F, 0xAB3F, 0xA73F, 0xA73F, 0xAB3F, 0xA2FE, 0x9EBE, 0x9EBE, 0x9EBE,
  0x9EBF, 0x9A7F, 0x963F, 0x9A5F, 0x965F, 0x9A5F, 0x9A5F, 0x9A5F, 0x9A5F, 0x9A5F, 0x963F, 0x9E7F, 0x9EBF, 0x9EBF, 0x9E9F, 0x9EBE,
  0xA2BE, 0xA2BE, 0x9EBE, 0x9EBE, 0xA2BE, 0xA2BE, 0xA71F, 0xA6FF, 0xA6FF, 0xA6FF, 0xA2BE, 0x9A7E, 0x9E7F, 0x9E9F, 0xAB3F, 0xAF5F,
  0xAF3F, 0xAB3F, 0xAB3F, 0xAB3F, 0xAB3F, 0xAB3F, 0xAB3F, 0xAB3F, 0xAB3F, 0xAB3F, 0xAB3F, 0xAF3F, 0xAB1F, 0x9EBF, 0xA2BF, 0xA29F,
  0x9EBF, 0xA2BF, 0xA29E, 0xA69E, 0xA69E, 0xA6BF, 0xA2BF, 0xA29E, 0xA29E, 0xA29E, 0xA1FA, 0xA1B9, 0xA1DA, 0xA9B7, 0xADB5, 0xB615,
  0xBE54, 0xBE54, 0xBE54, 0xBE74, 0xBE54, 0xBE54, 0xBE54, 0xBE54, 0xBE54, 0xBE54, 0xBE54, 0xBE54, 0xBE54, 0xBE54, 0xBE54, 0xBE54,
  0xBE54, 0xBE54, 0xBE54, 0xBE54, 0xBE54, 0xBE54, 0xBE54, 0xBE54, 0xBE54, 0xBE54, 0xBE54, 0xBE54, 0xBE54, 0xBE54, 0xBE54, 0xBE54,
  0xBE54, 0xBE54, 0xBE54, 0xBE54, 0xBE54, 0xBE54, 0xBE54, 0xBE54, 0xBE54, 0xBE54, 0xBE54, 0xBE74, 0xBE54, 0xBE54, 0xBE54, 0xBE54,
  0xBE54, 0xBE54, 0xBE54, 0xBE54, 0xBE53, 0xBE53, 0xBE53, 0xBE53, 0xBE53, 0xBE53, 0xBE53, 0xBE53, 0xBE53, 0xBE53, 0xC253, 0xC253,
  0xC253, 0xC253, 0xC253, 0xC253, 0xC272, 0xC253, 0xC252, 0xC253, 0xC252, 0xC252, 0xC252, 0xC252, 0xBE52, 0xBE52, 0xBE53, 0xC273,
  0xADEE, 0x9631, 0x9674, 0x9630, 0x95CA, 0x91EC, 0x9A30, 0x95A8, 0x960F, 0x9651, 0x95CA, 0x9966, 0x95CB, 0x920D, 0x960C, 0x99A9,
  0x9966, 0x99A9, 0x99CA, 0x9987, 0x9966, 0x9D45, 0x9D45, 0x94C4, 0x9482, 0x98C3, 0x9CE3, 0x9483, 0x94A3, 0x9482, 0x98C3, 0x8C41,
  0x98C3, 0x9D03, 0x9CE3, 0x9CE3, 0x9CE3, 0x9904, 0x9966, 0x9D45, 0x9D23, 0x9D44, 0x98E5, 0xA94A, 0x9081, 0x9945, 0x9D66, 0x94A4,
  0xA528, 0x98E2, 0xA125, 0x9483, 0x9483, 0x98C3, 0x98C2, 0x9D45, 0x94C4, 0xAD8E, 0xC296, 0xBA54, 0xBE54, 0xBE54, 0xBE54, 0xC295,
  0xADCD, 0x9611, 0x9651, 0x91CA, 0x960E, 0x9651, 0x95CB, 0x90E4, 0x9A10, 0x962F, 0x9546, 0x99A9, 0x9189, 0xADAE, 0xA569, 0x94A2,
  0xBA75, 0xBA75, 0xBA75, 0xBA54, 0xBE54, 0xBE54, 0xBE54, 0xBE54, 0xBE54, 0xBA54, 0xBA75, 0xBA75, 0xBA54, 0xBA54, 0xB697, 0xB6B8,
  0xB6B8, 0xB2B8, 0xB2B9, 0xB2B9, 0xB2B9, 0xAEB9, 0xAEDB, 0xAB5F, 0xAB3F, 0xAB3F, 0xAB3F, 0xA73F, 0xAB3F, 0xAB3F, 0xAB3F, 0xAB5F,
  0xAB5F, 0xA71F, 0xA6DF, 0xA6FF, 0xA6FF, 0xA2BE, 0x9A5E, 0x9A5F, 0x9A5F, 0x9A5F, 0xA2BF, 0xA71F, 0xAF5F, 0xAB5F, 0xAB5F, 0xAB5F,
  0xAB3F, 0xAB3F, 0xAB5F, 0xAB5F, 0xAB5F, 0xAB5F, 0xAB3F, 0xA6FF, 0xA6FF, 0xA6FF, 0xA71F, 0xA71F, 0xAB3F, 0xAEDB, 0xAEB8, 0xB2B8,
  0xB6B8, 0xB6B8, 0xB6B8, 0xB6B8, 0xB6B8, 0xB6B8, 0xB6B8, 0xB6B9, 0xB6B8, 0xB6B8, 0xB6B8, 0xB6B8, 0xB6B8, 0xB6B8, 0xB6B8, 0xB6B8,
  0xB6B8, 0xB6B8, 0xB6B8, 0xB6B8, 0xB6B9, 0xB6B9, 0xB6B9, 0xB6B9, 0xB6B9, 0xB6B9, 0xB677, 0xB279, 0xB29A, 0xBE76, 0xC274, 0xBE74,
  0xBE74, 0xBE74, 0xBE74, 0xBE74, 0xBE54, 0xBE54, 0xBE54, 0xBE54, 0xBE54, 0xBE54, 0xBE54, 0xBE54, 0xBE54, 0xBE54, 0xBE54, 0xBE54,
  0xBE54, 0xBE54, 0xBE74, 0xBE54, 0xBE54, 0xBE54, 0xBE54, 0xBE54, 0xBE54, 0xBE54, 0xBE54, 0xBE54, 0xBE54, 0xBE54, 0xBE54, 0xBE54,
  0xBE54, 0xBE54, 0xBE54, 0xBE54, 0xBE54, 0xBE54, 0xBE54, 0xBE54, 0xBE74, 0xBE74, 0xBE54, 0xBE54, 0xBE54, 0xBE54, 0xBE54, 0xBE54,
  0xBE54, 0xBE54, 0xBE54, 0xBE74, 0xBE54, 0xBE54, 0xBE54, 0xBE54, 0xBE54, 0xBE73, 0xC273, 0xBE53, 0xBE53, 0xBE53, 0xBE53, 0xBE53,
  0xBE53, 0xBE53, 0xBE53, 0xBE53, 0xBE53, 0xBE53, 0xBE53, 0xBE53, 0xBE53, 0xBE53, 0xBE53, 0xBE53, 0xBE53, 0xBE53, 0xC273, 0xA9CC,
  0x99EF, 0x9A94, 0x9650, 0x9A0C, 0x95CA, 0x9652, 0x9A0F, 0x9525, 0x9A30, 0x9A2F, 0x9505, 0x9947, 0x960D, 0x960D, 0x9989, 0x9D24,
  0x99C9, 0x99EB, 0x9987, 0x9945, 0x9D45, 0x9D24, 0x9D24, 0xA145, 0x98C3, 0x9482, 0x98E3, 0x94A3, 0x94A3, 0x94A2, 0x9483, 0x9082,
  0x9D03, 0x9CE3, 0x9CE3, 0x9D03, 0xA123, 0x98C3, 0x98C3, 0x9D65, 0x9D03, 0x98C3, 0x9083, 0x9D08, 0xB1CE, 0x98C4, 0x98C3, 0x94A4,
  0xBE33, 0xA54A, 0x9482, 0x9483, 0x9082, 0x8C42, 0x9484, 0x98C2, 0x9D24, 0x9D08, 0xBE54, 0xBE74, 0xBA54, 0xBE54, 0xBE75, 0xBE52,
  0x9D8A, 0x9A73, 0x920D, 0x95EB, 0x960E, 0x9652, 0x95CB, 0x90A2, 0x99AD, 0x962F, 0x9545, 0x9988, 0x9147, 0xA98D, 0x9D08, 0x9041,
  0xB6FA, 0xB6FA, 0xB6FB, 0xBA97, 0xBA54, 0xBE75, 0xBA74, 0xBA76, 0xB698, 0xB71D, 0xB71C, 0xB71C, 0xB33E, 0xB6DA, 0xB676, 0xB675,
  0xB655, 0xB298, 0xB31D, 0xAEFD, 0xAF1D, 0xAF1C, 0xAF1D, 0xAB3F, 0xAB3F, 0xAB5F, 0xAB5F, 0xAB5F, 0xA75F, 0xAB5F, 0xAB5F, 0xAB5F,
  0xAB5F, 0xAB5F, 0xAB7F, 0xAB7F, 0xAB7F, 0xAB5F, 0xA71F, 0xA71F, 0xA71F, 0xA71F, 0xAB5F, 0xAB5F, 0xAB3F, 0xAB3F, 0xAB3F, 0xAB3F,
  0xAB3F, 0xAB3F, 0xAB3F, 0xAB3F, 0xAB3F, 0xAB3F, 0xAB3F, 0xAB5F, 0xAB5F, 0xAB5F, 0xAB5F, 0xAB3F, 0xAB5F, 0xAF1D, 0xAF1D, 0xB2B9,
  0xBA55, 0xBA75, 0xBA53, 0xBE32, 0xBE32, 0xBE32, 0xBE32, 0xBE33, 0xBE53, 0xBE53, 0xBE53, 0xBE33, 0xBE33, 0xBE33, 0xBE54, 0xBE54,
  0xBE54, 0xBE54, 0xBE54, 0xBE54, 0xBE54, 0xBE54, 0xBE54, 0xBE54, 0xBE54, 0xBE54, 0xBE74, 0xBE54, 0xBE54, 0xBE54, 0xBE54, 0xBE54,
  0xBE54, 0xBE74, 0xBE54, 0xBE54, 0xBE74, 0xBE54, 0xBE54, 0xBE54, 0xBE54, 0xBE54, 0xBE54, 0xBE54, 0xBE54, 0xBE54, 0xBE54, 0xBE54,
  0xBE54, 0xBE54, 0xBE54, 0xBE54, 0xBE54, 0xBE54, 0xBE54, 0xBE54, 0xBE54, 0xBE54, 0xBE54, 0xBE54, 0xBE54, 0xBE54, 0xBE54, 0xBE54,
  0xBE54, 0xBE54, 0xBE54, 0xBE54, 0xBE54, 0xBE54, 0xBE54, 0xBE54, 0xBE74, 0xBE54, 0xBE54, 0xBE54, 0xBE54, 0xBE54, 0xBE54, 0xBE54,
  0xBE54, 0xBE74, 0xBA54, 0xB615, 0xA9B6, 0xA596, 0xA9B6, 0xA996, 0xA9B6, 0xB615, 0xBA35, 0xBE54, 0xC274, 0xBE74, 0xBE74, 0xBE74,
  0xBE74, 0xBE54, 0xBE54, 0xBE54, 0xBE53, 0xBE54, 0xBE54, 0xBE54, 0xBE54, 0xBE54, 0xBE54, 0xBE54, 0xBE54, 0xBE74, 0xA9CD, 0x9A11,
  0x9A95, 0x960E, 0x9A2E, 0x95CA, 0x9672, 0x9672, 0x9546, 0x9568, 0x9630, 0x99A9, 0x94E4, 0x99CC, 0x960D, 0x99AA, 0x98E3, 0x9D66,
  0x9A0B, 0x9988, 0x9904, 0x9D24, 0x9D24, 0x9945, 0x9D03, 0x9CE3, 0xA123, 0x98E3, 0x9082, 0x9083, 0x9483, 0x9082, 0x9082, 0x9CE3,
  0x9D03, 0x9D03, 0x9D03, 0x9CE3, 0x9CE4, 0x9CE4, 0x9062, 0x9062, 0x8C42, 0x9CC7, 0xA94B, 0xADAE, 0xC6B7, 0xBA32, 0xB611, 0xBA12,
  0xBE54, 0xBE54, 0xB5F1, 0xB611, 0xAD8C, 0xA98C, 0xBE33, 0xA529, 0x98E4, 0x9083, 0xBA33, 0xBE75, 0xBE54, 0xBA54, 0xBE75, 0xADCD,
  0x9A30, 0x9A72, 0x91EB, 0x962E, 0x962F, 0x9652, 0x95CB, 0x94A3, 0x99CD, 0x962F, 0x9967, 0x94C3, 0xA56B, 0xA54A, 0x9062, 0x9CE3,
  0xBA55, 0xBA55, 0xBA55, 0xBA54, 0xBE74, 0xBE74, 0xBA54, 0xBA96, 0xBADA, 0xB6DA, 0xB697, 0xB6B8, 0xB6DA, 0xB6DA, 0xB6FB, 0xB35F,
  0xB35F, 0xB35F, 0xAF5F, 0xAF5F, 0xAF5F, 0xAF5F, 0xAF5F, 0xAF5F, 0xAF3E, 0xB2DA, 0xB2DA, 0xB2DA, 0xB2DA, 0xB2DA, 0xB2DA, 0xB2DA,
  0xB2DA, 0xB2DA, 0xB2DA, 0xB2DA, 0xB2DA, 0xB2FB, 0xAF5F, 0xAF5F, 0xAF5F, 0xAF5F, 0xAF5F, 0xAF5F, 0xAF5F, 0xAF5F, 0xAF5F, 0xAF5F,
  0xAF5F, 0xAF5F, 0xAF5F, 0xAF5F, 0xAF5F, 0xAF5F, 0xAF5F, 0xAF5F, 0xAF5F, 0xAF5F, 0xAF5F, 0xAF5F, 0xAF5F, 0xAF5F, 0xAF5F, 0xAF5F,
  0xB35F, 0xB35F, 0xB6FB, 0xBAD9, 0xBAD9, 0xBAD9, 0xBAD9, 0xBAB8, 0xBA75, 0xBE54, 0xBA55, 0xBAB9, 0xB6DA, 0xBAB8, 0xBE54, 0xBE74,
  0xBE74, 0xBE74, 0xBE74, 0xBE74, 0xBE74, 0xBE74, 0xBE74, 0xBE74, 0xBE74, 0xBE74, 0xBE74, 0xBE74, 0xBE74, 0xBE74, 0xBE74, 0xBE74,
  0xBE54, 0xBE54, 0xBE54, 0xBE74, 0xBE54, 0xBE54, 0xBE54, 0xBE54, 0xBE54, 0xBE54, 0xBE54, 0xBE54, 0xBE54, 0xBE54, 0xBE54, 0xBE54,
  0xBE54, 0xBE54, 0xBE54, 0xBE54, 0xBE54, 0xBE54, 0xBE54, 0xBE54, 0xBE54, 0xBE54, 0xBE54, 0xBE54, 0xBE54, 0xBE74, 0xBE54, 0xBE54,
  0xBE54, 0xBE54, 0xBE74, 0xBE54, 0xBE74, 0xBE74, 0xBE74, 0xBE74, 0xBE75, 0xBE75, 0xBE75, 0xBE75, 0xBE74, 0xBE54, 0xBE74, 0xBE54,
  0xBE54, 0xB615, 0xA9B6, 0xA177, 0xA177, 0xA177, 0xA177, 0xA177, 0x9D77, 0xA177, 0xA176, 0xADD6, 0xB1F6, 0xB1F5, 0xB1F6, 0xB1F5,
  0xBA55, 0xBE74, 0xBE74, 0xBE74, 0xBE74, 0xBE74, 0xBE74, 0xBE74, 0xBE74, 0xBA54, 0xBA54, 0xBA54, 0xBE75, 0xBA31, 0x99CD, 0x9AB6,
  0x962F, 0x9651, 0x9989, 0x9589, 0x9693, 0x9A2E, 0x9926, 0x99CD, 0x95CB, 0x9504, 0x9527, 0x960D, 0x95CB, 0x90C3, 0x98E3, 0x9DA8,
  0x9925, 0x9905, 0xA127, 0x9905, 0x9D66, 0x9924, 0x9D04, 0x9D24, 0x9D24, 0x9D24, 0x98E3, 0x9062, 0x8C42, 0x8C62, 0x98C3, 0x9D03,
  0x98C3, 0x98A3, 0x94A3, 0x9062, 0x8C42, 0x9083, 0x94C4, 0x94A3, 0x94A3, 0x94A3, 0x9082, 0x98C5, 0xA56B, 0xBA32, 0xC296, 0xBE75,
  0xBE54, 0xBA54, 0xBE75, 0xBE75, 0xBE75, 0xBE74, 0xBE75, 0xC275, 0xB5F0, 0xA14B, 0xBE54, 0xBE74, 0xBE54, 0xBE74, 0xBE33, 0x996A,
  0x9A73, 0x920D, 0x9650, 0x962E, 0x918B, 0x9A73, 0x95EC, 0x94A3, 0x9989, 0x9A0C, 0x90A3, 0xB1AE, 0xBA33, 0x98C5, 0x98C2, 0x9CE3,
  0xBE54, 0xBE54, 0xBE54, 0xBE54, 0xBE54, 0xBE54, 0xBE54, 0xBE54, 0xBE54, 0xBE54, 0xBE54, 0xBE54, 0xBE54, 0xBE54, 0xBA54, 0xB697,
  0xB697, 0xB697, 0xB697, 0xB697, 0xB697, 0xB697, 0xB697, 0xB697, 0xB696, 0xBA54, 0xBE54, 0xBE54, 0xBE54, 0xBE54, 0xBE54, 0xBE54,
  0xBE54, 0xBE54, 0xBE54, 0xBE54, 0xBE54, 0xBA75, 0xB6B7, 0xB697, 0xB697, 0xB697, 0xB697, 0xB697, 0xB697, 0xB697, 0xB697, 0xB697,
  0xB697, 0xB697, 0xB697, 0xB697, 0xB697, 0xB697, 0xB697, 0xB6B7, 0xB697, 0xB697, 0xB697, 0xB697, 0xB697, 0xB697, 0xB697, 0xB697,
  0xB697, 0xB697, 0xB6B8, 0xBAB8, 0xBAB8, 0xB6B8, 0xB6B8, 0xBA97, 0xBE54, 0xBE54, 0xBA74, 0xBA97, 0xB6B8, 0xBA97, 0xBE54, 0xBE74,
  0xBE74, 0xBE74, 0xBE74, 0xBE74, 0xBE74, 0xBE74, 0xBE74, 0xBE74, 0xBE74, 0xBE74, 0xBE74, 0xBE74, 0xBE54, 0xBE54, 0xBE54, 0xBE54,
  0xBE74, 0xBE54, 0xBE54, 0xBE54, 0xBE54, 0xBE54, 0xBE54, 0xBE54, 0xBE54, 0xBE54, 0xBE54, 0xBE54, 0xBE54, 0xBE54, 0xBE54, 0xBE54,
  0xBE54, 0xBE54, 0xBE54, 0xBE54, 0xBE54, 0xBE54, 0xBE54, 0xBE54, 0xBE54, 0xBE54, 0xBE54, 0xBE54, 0xBE54, 0xBE74, 0xBE54, 0xBE54,
  0xBE54, 0xBE54, 0xBE54, 0xBE54, 0xBA34, 0xBA34, 0xBA35, 0xB1D5, 0xA996, 0xA9B6, 0xA9B6, 0xA9B6, 0xA9B5, 0xA9B5, 0xA9B5, 0xA9B6,
  0xA9B7, 0xA197, 0x9D77, 0xA178, 0xA177, 0xA1DA, 0xA21D, 0xA21D, 0xA21D, 0x9D99, 0x9D78, 0x9D78, 0x9D57, 0x9D57, 0xA157, 0xA157,
  0xA596, 0xA9B5, 0xA9B6, 0xA596, 0xA595, 0xB1F5, 0xB615, 0xB615, 0xB1F5, 0xBA54, 0xBA54, 0xBA54, 0xBE54, 0xA1AC, 0x9A74, 0x9630,
  0x9652, 0x9672, 0x9946, 0x95AA, 0x9693, 0x9968, 0x9D26, 0x9A0D, 0x9566, 0xA127, 0x99AB, 0x95CB, 0x90E4, 0xA108, 0xA569, 0xA147,
  0xB5AC, 0xB1AD, 0x98C5, 0x94A3, 0x94A3, 0x94A3, 0x94A3, 0x94A3, 0x9083, 0x9082, 0x94A3, 0x9083, 0x8C63, 0x9063, 0x9483, 0x9062,
  0x8C42, 0x8C42, 0x94A3, 0x98C3, 0x98A3, 0x9CC3, 0x9D04, 0x9CE3, 0x98E3, 0x9D04, 0x9D25, 0x9904, 0x94E3, 0x94C5, 0x94C6, 0xA98D,
  0xBE54, 0xBE74, 0xBA54, 0xBE54, 0xBE54, 0xBE54, 0xBE54, 0xBA54, 0xBE75, 0xC295, 0xBE74, 0xBE54, 0xBE54, 0xBE74, 0xBA32, 0x958C,
  0x9651, 0x91EB, 0x9671, 0x9588, 0x9527, 0x9E93, 0x95EC, 0x9D27, 0xA169, 0x9926, 0xAD8D, 0xC275, 0xADAE, 0x8C61, 0x98E3, 0x98A2,
  0xBE54, 0xBE54, 0xBE54, 0xBE74, 0xBE54, 0xBE54, 0xBE74, 0xBE54, 0xBE74, 0xBE74, 0xBE54, 0xBE74, 0xBE74, 0xBE74, 0xBE54, 0xBE54,
  0xBE54, 0xBE54, 0xBE54, 0xBE54, 0xBA54, 0xBE54, 0xBE54, 0xBE54, 0xBE54, 0xBE75, 0xBE74, 0xBE74, 0xBE74, 0xBE74, 0xBE74, 0xBE74,
  0xBE74, 0xBE74, 0xBE74, 0xBE74, 0xBE74, 0xBE74, 0xBE54, 0xBE54, 0xBE54, 0xBE54, 0xBE54, 0xBE54, 0xBE54, 0xBE54, 0xBE54, 0xBE54,
  0xBE54, 0xBE54, 0xBE54, 0xBE54, 0xBE54, 0xBE54, 0xBE54, 0xBE54, 0xBE54, 0xBE54, 0xBE54, 0xBE54, 0xBE54, 0xBE54, 0xBE54, 0xBE54,
  0xBE54, 0xBE54, 0xBE54, 0xBE54, 0xBE54, 0xBE54, 0xBE54, 0xBE54, 0xBE54, 0xBE74, 0xBE74, 0xBE54, 0xBE53, 0xBE54, 0xBE74, 0xBE54,
  0xBE54, 0xBE74, 0xBE74, 0xBE74, 0xBE74, 0xBE74, 0xBE74, 0xBE74, 0xBE74, 0xBE74, 0xBE74, 0xBE54, 0xBE54, 0xBE54, 0xBE54, 0xBE54,
  0xBE54, 0xBE54, 0xBE54, 0xBE54, 0xBE54, 0xBE54, 0xBE54, 0xBE54, 0xBE54, 0xBE54, 0xBE54, 0xBE54, 0xBE74, 0xBE54, 0xBE54, 0xBE54,
  0xBE54, 0xBE54, 0xBE54, 0xBE54, 0xBE54, 0xBE54, 0xBE54, 0xBE54, 0xBE54, 0xBE54, 0xBE54, 0xBE54, 0xBE74, 0xBE54, 0xB656, 0xB258,
  0xB257, 0xB655, 0xBE54, 0xBE74, 0xA9F7, 0xA1D9, 0xA1D9, 0x9DB9, 0x9DBA, 0x9DBA, 0x9DBA, 0x9DBA, 0x9DBA, 0x9DBA, 0x9DBA, 0x9E3E,
  0x9E5F, 0x9E5F, 0x9E5F, 0x9E5F, 0x9E3E, 0x9E5F, 0x9E5F, 0x9E5F, 0x9E5F, 0x9E3F, 0x9E3E, 0x9E5F, 0x9E1D, 0x9DBA, 0xA1DA, 0xA1DA,
  0x9DBA, 0x9DBA, 0xA5B7, 0xA9B6, 0xA9B6, 0xA9B5, 0xA9B5, 0xA9B5, 0xADD5, 0xBE54, 0xBE54, 0xBE54, 0xB610, 0x95AC, 0x9695, 0x91ED,
  0x9652, 0x99EC, 0x9905, 0x9A0E, 0x9A0C, 0x98E4, 0x9CE4, 0x9924, 0x9D26, 0xBE31, 0xA54A, 0x9D27, 0xB1CE, 0xC674, 0xB9EF, 0xA528,
  0x98E5, 0x9D26, 0x9904, 0x9CE3, 0x9CE3, 0x9CE3, 0x9CE3, 0x98A3, 0x9042, 0x90A3, 0x9CE3, 0x9CE3, 0x9062, 0x98A3, 0x9CE3, 0x94A3,
  0x9062, 0x8C43, 0x9063, 0x94A3, 0x9CE3, 0x9CC3, 0x98C2, 0x9CC2, 0x9CC2, 0x98E3, 0x98E3, 0x98E3, 0x9D46, 0x9925, 0x9903, 0x94E4,
  0x98E7, 0xBA32, 0xC295, 0xBE54, 0xBE54, 0xBE54, 0xBE54, 0xBE54, 0xBA54, 0xBE54, 0xBE74, 0xBE54, 0xBE54, 0xC275, 0xA5AB, 0x9A53,
  0x9631, 0x91EB, 0x9651, 0x9506, 0x94E5, 0x9A4E, 0x95A9, 0xADCE, 0xADCE, 0xA54A, 0xC296, 0xBE54, 0xA109, 0x94A2, 0x98C3, 0x9482,
  0xBE54, 0xBE54, 0xBE54, 0xBE54, 0xBE54, 0xBE54, 0xBE54, 0xBE54, 0xBE54, 0xBE54, 0xBE54, 0xBE54, 0xBE54, 0xBE54, 0xBE54, 0xBE74,
  0xBE54, 0xBA74, 0xBE74, 0xBE74, 0xBE74, 0xBE74, 0xBE74, 0xBE74, 0xBE74, 0xBE74, 0xBE74, 0xBE74, 0xBE74, 0xBE74, 0xBE74, 0xBE74,
  0xBE74, 0xBE74, 0xBE74, 0xBE74, 0xBE74, 0xBE74, 0xBE74, 0xBE74, 0xBE74, 0xBE74, 0xBE74, 0xBE74, 0xBE74, 0xBE74, 0xBE74, 0xBE75,
  0xBE75, 0xBE75, 0xBE75, 0xBE75, 0xBE75, 0xBE74, 0xBE74, 0xBE74, 0xBE74, 0xBE74, 0xBE74, 0xBE75, 0xBE75, 0xBE75, 0xBE75, 0xBE75,
  0xBE75, 0xBE75, 0xBE75, 0xBE75, 0xBE75, 0xBE74, 0xBE74, 0xBE74, 0xBE74, 0xBE74, 0xBE74, 0xBE74, 0xBE74, 0xBE54, 0xBE54, 0xBE54,
  0xBE54, 0xBE74, 0xBE74, 0xBE74, 0xBE74, 0xBE74, 0xBE74, 0xBE74, 0xBE74, 0xBE74, 0xBE74, 0xBE54, 0xBE54, 0xBE54, 0xBE54, 0xBE54,
  0xBE54, 0xBE54, 0xBE54, 0xBE54, 0xBE54, 0xBE54, 0xBE54, 0xBE54, 0xBE54, 0xBE54, 0xBE54, 0xBE54, 0xBE54, 0xBE54, 0xBE54, 0xBE74,
  0xBE74, 0xBE54, 0xBE54, 0xBE54, 0xBE54, 0xBE54, 0xBE54, 0xBE54, 0xBE54, 0xBE54, 0xBE54, 0xBE54, 0xBE54, 0xBE54, 0xB656, 0xB258,
  0xB258, 0xB656, 0xBE54, 0xBE54, 0xB277, 0xAE79, 0xB279, 0xB279, 0xB278, 0xB279, 0xB279, 0xB279, 0xB279, 0xB279, 0xB279, 0xAE79,
  0xAE79, 0xAE59, 0xAE79, 0xAE59, 0xAE58, 0xAE59, 0xAA5B, 0xAA5B, 0xAE5A, 0xAA5B, 0xAE59, 0xAE59, 0xAE59, 0xB279, 0xB279, 0xB279,
  0xB279, 0xB279, 0xB656, 0xBE54, 0xBE74, 0xBE75, 0xBE75, 0xBE75, 0xBE74, 0xBE54, 0xBE54, 0xBE75, 0xA5AC, 0x9632, 0x9673, 0x95CB,
  0x9630, 0x99EB, 0x94C4, 0x99CB, 0x9546, 0xA0E6, 0xB1AD, 0xAD8C, 0xBA11, 0xBE74, 0xC274, 0xC654, 0xBE11, 0xA56A, 0x94E5, 0x9126,
  0x9525, 0x9924, 0x9904, 0x9CC2, 0x9CE3, 0x9CE3, 0x9482, 0x9483, 0x9905, 0x9925, 0x98E3, 0x9D03, 0x94A3, 0x9482, 0x9CE3, 0xA103,
  0x9D25, 0x98C3, 0x9062, 0x8C42, 0x9482, 0x9CC3, 0x9CE3, 0x9CC3, 0x98C3, 0x9D04, 0x9904, 0x98C2, 0x9904, 0x9D66, 0x9D24, 0x9D66,
  0x9945, 0x98E6, 0xA98D, 0xBE75, 0xBE54, 0xBE54, 0xBE54, 0xBA54, 0xBE54, 0xBE54, 0xBE54, 0xBE54, 0xBE54, 0xC275, 0xA5AC, 0x9A74,
  0x9630, 0x95CA, 0x9650, 0x9526, 0x94E5, 0x9E2F, 0x94E6, 0xBA33, 0xC295, 0xC275, 0xBE75, 0xBA33, 0x9483, 0x9D03, 0x98C3, 0x9083,
  0xBE54, 0xBE54, 0xBE54, 0xBE54, 0xBE54, 0xBE54, 0xBE54, 0xBE54, 0xBE54, 0xBE54, 0xBE54, 0xBE54, 0xBE54, 0xBE54, 0xBE54, 0xBE54,
  0xBE54, 0xBE54, 0xBE54, 0xBE54, 0xBE54, 0xBE74, 0xBE54, 0xBE74, 0xBE74, 0xBE74, 0xBE74, 0xBE74, 0xBE74, 0xBE74, 0xBE74, 0xBE74,
  0xBE74, 0xBE74, 0xBE74, 0xBE74, 0xBE54, 0xBE74, 0xBE74, 0xBE74, 0xBE74, 0xBE74, 0xBE74, 0xBE74, 0xBE74, 0xBE74, 0xBE74, 0xBE74,
  0xBE74, 0xBE74, 0xBE75, 0xBE74, 0xBE74, 0xBE74, 0xBE74, 0xBE74, 0xBE74, 0xBE74, 0xBE74, 0xBE74, 0xBE74, 0xBE74, 0xBE74, 0xBE75,
  0xBE75, 0xBE75, 0xBE75, 0xBE74, 0xBE74, 0xBE74, 0xBE74, 0xBE74, 0xBE74, 0xBE74, 0xBE74, 0xBE74, 0xBE74, 0xBE74, 0xBE54, 0xBE54,
  0xBE74, 0xBE74, 0xBE74, 0xBE74, 0xBE74, 0xBE74, 0xBE74, 0xBE54, 0xBE54, 0xBE54, 0xBE54, 0xBE54, 0xBE54, 0xBE54, 0xBE54, 0xBE54,
  0xBE54, 0xBE54, 0xBE54, 0xBE54, 0xBE54, 0xBE54, 0xBE54, 0xBE54, 0xBE54, 0xBE54, 0xBE54, 0xBE54, 0xBE54, 0xBE54, 0xBE54, 0xBE54,
  0xBE74, 0xBE74, 0xBE54, 0xBE54, 0xBE54, 0xBE54, 0xBE54, 0xBE54, 0xBE54, 0xBE54, 0xBE54, 0xBE54, 0xBE54, 0xBE54, 0xBE54, 0xBE54,
  0xBE54, 0xBE54, 0xBE54, 0xBE74, 0xBE54, 0xBE54, 0xBE54, 0xBE54, 0xBE54, 0xBE53, 0xBE54, 0xBE54, 0xBE54, 0xBE54, 0xBE54, 0xBE54,
  0xBE54, 0xBE54, 0xBE54, 0xBE54, 0xBE54, 0xBA54, 0xBA54, 0xBA54, 0xBA54, 0xBA54, 0xBE54, 0xBE54, 0xBE54, 0xBE54, 0xBE54, 0xBE54,
  0xBE54, 0xBE54, 0xBE54, 0xBE54, 0xBE54, 0xBE54, 0xBE54, 0xBE54, 0xBE54, 0xBE54, 0xBE54, 0xC275, 0xA9CD, 0x9A31, 0x95CB, 0x95AA,
  0x9A0E, 0x9546, 0x9CE6, 0xA168, 0xB1EF, 0xBA33, 0xC295, 0xC275, 0xBE54, 0xBE74, 0xBE52, 0xA98B, 0x9526, 0x9588, 0x9568, 0x9967,
  0x9904, 0x9946, 0x98E3, 0x9CC2, 0x9CE3, 0x9482, 0x94A3, 0x9925, 0x9D67, 0x98E3, 0x9CE3, 0x9D03, 0x98C3, 0x8C42, 0x9CE3, 0x9CE3,
  0x9D04, 0x9D45, 0x9CE3, 0x98A3, 0x9482, 0x9062, 0x98C3, 0x9CC3, 0x9482, 0x98C2, 0x9CE3, 0x98E4, 0x98C3, 0x9D45, 0x9966, 0x9966,
  0x9D66, 0x9945, 0x94C3, 0xA14A, 0xBA53, 0xBE74, 0xBA54, 0xBE54, 0xBE54, 0xBE54, 0xBE54, 0xBE54, 0xBE54, 0xBE75, 0xA5AC, 0x9A74,
  0x9A0F, 0x9505, 0x9A50, 0x9106, 0x90A2, 0x9989, 0xADCF, 0xBE75, 0xBE54, 0xBE54, 0xBE75, 0xB5F0, 0x98A4, 0x9D04, 0x98C3, 0x8C42,
  0xBE54, 0xBE54, 0xBE74, 0xBE74, 0xBE54, 0xBE54, 0xBE54, 0xBE54, 0xBE54, 0xBE54, 0xBE54, 0xBE54, 0xBE54, 0xBE54, 0xBE54, 0xBE54,
  0xBE54, 0xBE54, 0xBE54, 0xBE54, 0xBE54, 0xBE54, 0xBE54, 0xBE74, 0xBE74, 0xBE74, 0xBE74, 0xBE74, 0xBE74, 0xBE74, 0xBE74, 0xBE74,
  0xBE74, 0xBE54, 0xBE54, 0xBE54, 0xBE54, 0xBE74, 0xBE74, 0xBE74, 0xBE74, 0xBE74, 0xBE74, 0xBE74, 0xBE74, 0xBE74, 0xBE74, 0xBE74,
  0xBE74, 0xBE74, 0xBE74, 0xBE74, 0xBE74, 0xBE74, 0xBE74, 0xBE74, 0xBE74, 0xBE74, 0xBE74, 0xBE74, 0xBE74, 0xBE74, 0xBE74, 0xBE74,
  0xBE75, 0xBE75, 0xBE74, 0xBE74, 0xBE74, 0xBE74, 0xBE74, 0xBE74, 0xBE74, 0xBE74, 0xBE74, 0xBE74, 0xBE74, 0xBE74, 0xBE54, 0xBE54,
  0xBE74, 0xBE74, 0xBE74, 0xBE74, 0xBE74, 0xBE74, 0xBE54, 0xBE54, 0xBE54, 0xBE54, 0xBE54, 0xBE54, 0xBE54, 0xBE54, 0xBE54, 0xBE54,
  0xBE54, 0xBE54, 0xBE54, 0xBE54, 0xBE54, 0xBE54, 0xBE54, 0xBE54, 0xBE54, 0xBE54, 0xBE54, 0xBE54, 0xBE54, 0xBE54, 0xBE54, 0xBE74,
  0xBE74, 0xBE74, 0xBE54, 0xBE54, 0xBE54, 0xBE54, 0xBE54, 0xBE54, 0xBE54, 0xBE54, 0xBE54, 0xBE54, 0xBE54, 0xBE54, 0xBE54, 0xBE54,
  0xBE54, 0xBE54, 0xBE54, 0xBE54, 0xBE54, 0xBE54, 0xBE54, 0xBE54, 0xBE54, 0xBE54, 0xBE54, 0xBE54, 0xBA54, 0xBA54, 0xBE54, 0xBE54,
  0xBE54, 0xBE54, 0xBE54, 0xBE54, 0xBE54, 0xBE54, 0xBE54, 0xBE54, 0xBE54, 0xBA54, 0xBA54, 0xBA54, 0xBA54, 0xBA54, 0xBE54, 0xBE54,
  0xBE54, 0xBE54, 0xBE54, 0xBE54, 0xBE54, 0xBE54, 0xBE54, 0xBE54, 0xBE54, 0xBE54, 0xBE75, 0xBA32, 0xA1EE, 0x9A73, 0x9588, 0x9925,
  0x9526, 0x9D48, 0xBA32, 0xBE74, 0xBE75, 0xBE75, 0xBE54, 0xBE54, 0xC275, 0xB1ED, 0x9947, 0x95CC, 0x9A0C, 0x9987, 0x9945, 0x9945,
  0x9946, 0x9966, 0x98E3, 0x9CC3, 0x9482, 0x94A3, 0x9D66, 0x9988, 0x9904, 0x9CE3, 0x9D03, 0x9D03, 0x9CE3, 0x9082, 0x98A3, 0x9CE3,
  0x98E3, 0x98E3, 0x9D25, 0x9D24, 0xA104, 0x94A3, 0x9062, 0x98A3, 0x9082, 0x9CC3, 0x9D03, 0x9D25, 0x9062, 0x9D03, 0x9D66, 0x9945,
  0x9946, 0x9946, 0x9D44, 0x94C3, 0x9D08, 0xBE74, 0xBE74, 0xBE54, 0xBE54, 0xBE54, 0xBE54, 0xBE54, 0xBE54, 0xC275, 0xA1AC, 0x9A74,
  0x99ED, 0x9925, 0x960E, 0x9D6A, 0xA54A, 0xADCF, 0xC275, 0xBE54, 0xBE54, 0xBE54, 0xC275, 0x9CE7, 0x98C3, 0x9D04, 0x94A4, 0x98E7,
  0xBE54, 0xBE54, 0xBE74, 0xBE74, 0xBE54, 0xBE54, 0xBE54, 0xBE54, 0xBE54, 0xBE54, 0xBE54, 0xBE54, 0xBE54, 0xBE54, 0xBE54, 0xBE54,
  0xBE54, 0xBE54, 0xBE54, 0xBE54, 0xBE54, 0xBE54, 0xBE54, 0xBE54, 0xBE54, 0xBE54, 0xBE74, 0xBE74, 0xBE54, 0xBE54, 0xBE54, 0xBE54,
  0xBE54, 0xBE54, 0xBE54, 0xBE54, 0xBE54, 0xBE54, 0xBE54, 0xBE54, 0xBE74, 0xBE54, 0xBE74, 0xBE74, 0xBE74, 0xBE74, 0xBE74, 0xBE74,
  0xBE74, 0xBE74, 0xBE74, 0xBE74, 0xBE74, 0xBE74, 0xBE74, 0xBE74, 0xBE74, 0xBE74, 0xBE54, 0xBE74, 0xBE74, 0xBE74, 0xBE54, 0xBE54,
  0xBE74, 0xBE74, 0xBE74, 0xBE74, 0xBE74, 0xBE74, 0xBE74, 0xBE74, 0xBE74, 0xBE74, 0xBE74, 0xBE74, 0xBE74, 0xBE74, 0xBE74, 0xBE74,
  0xBE74, 0xBE74, 0xBE54, 0xBE54, 0xBE54, 0xBE54, 0xBA55, 0xBA56, 0xB655, 0xB656, 0xBA55, 0xBA55, 0xBA56, 0xBA55, 0xBA55, 0xBE54,
  0xBE54, 0xBE54, 0xBE54, 0xBE54, 0xBE54, 0xBE54, 0xBE54, 0xBE54, 0xBE54, 0xBE54, 0xBE54, 0xBE54, 0xBE54, 0xBE54, 0xBE54, 0xBE74,
  0xBE54, 0xBE74, 0xBE54, 0xBE54, 0xBE54, 0xBE54, 0xBE54, 0xBE54, 0xBE54, 0xBE54, 0xBE54, 0xBE54, 0xBE54, 0xBE54, 0xBE54, 0xBE54,
  0xBE54, 0xBE54, 0xBE54, 0xBE54, 0xBE54, 0xBE54, 0xBE54, 0xBE54, 0xBE54, 0xBE54, 0xBE54, 0xBE54, 0xBE54, 0xBA54, 0xBE54, 0xBE54,
  0xBE54, 0xBE54, 0xBE54, 0xBE54, 0xBE54, 0xBE54, 0xBE54, 0xBA54, 0xBA54, 0xBA54, 0xBA54, 0xBA54, 0xBA54, 0xBA54, 0xBA54, 0xBE54,
  0xBE54, 0xBE54, 0xBE54, 0xBE54, 0xBE54, 0xBE54, 0xBE54, 0xBE54, 0xBE54, 0xBE54, 0xBE75, 0xB1EE, 0x99EF, 0x9A94, 0x9988, 0x9CE5,
  0xB1CE, 0xBE54, 0xBE54, 0xBA54, 0xBA54, 0xBA54, 0xBA54, 0xBE75, 0xB610, 0x9589, 0x9A30, 0x962E, 0x9587, 0x9945, 0x99A9, 0x9967,
  0x9966, 0x9904, 0x9CC2, 0x9482, 0x9083, 0x9D66, 0x9587, 0x99A9, 0x98E3, 0x9D03, 0x9CE3, 0x9D03, 0x9D03, 0x9483, 0x9062, 0x9CE3,
  0x9925, 0x9904, 0x98E3, 0x9D25, 0x9D44, 0x9D03, 0x9482, 0x9062, 0x9063, 0x98A3, 0xA104, 0x9D04, 0x9062, 0x9CE4, 0x9D66, 0x98E3,
  0x9926, 0x9946, 0x9D45, 0xA144, 0x98E4, 0xA14A, 0xBE74, 0xBA54, 0xBE54, 0xBE54, 0xBE54, 0xBE54, 0xBE54, 0xBE75, 0xA1AC, 0x9A73,
  0x95CC, 0x9925, 0x9569, 0xADCE, 0xC697, 0xBE75, 0xBE54, 0xBE54, 0xBA54, 0xBA54, 0xBE75, 0x9CE7, 0x98C3, 0x9D04, 0x98C6, 0xA9AD,
  0xBE54, 0xBE54, 0xBE54, 0xBE54, 0xBE54, 0xBE54, 0xBE54, 0xBE54, 0xBE54, 0xBE54, 0xBE54, 0xBE54, 0xBE54, 0xBE54, 0xBE54, 0xBE54,
  0xBE54, 0xBA54, 0xBA54, 0xBE54, 0xBE54, 0xBE54, 0xBE54, 0xBE54, 0xBE54, 0xBE54, 0xBE54, 0xBE54, 0xBE54, 0xBE54, 0xBE54, 0xBE54,
  0xBE54, 0xBE54, 0xBE54, 0xBE54, 0xBE54, 0xBE54, 0xBE54, 0xBE54, 0xBE54, 0xBE54, 0xBE54, 0xBE74, 0xBE74, 0xBE74, 0xBE74, 0xBE74,
  0xBE74, 0xBE74, 0xBE74, 0xBE74, 0xBE74, 0xBE74, 0xBE74, 0xBE74, 0xBE54, 0xBE54, 0xBE74, 0xBE74, 0xBE74, 0xBE74, 0xBE54, 0xBE54,
  0xBE74, 0xBE74, 0xBE74, 0xBE74, 0xBE74, 0xBE74, 0xBE74, 0xBE74, 0xBE74, 0xBE74, 0xBE74, 0xBE74, 0xBE74, 0xBE74, 0xBE74, 0xBE54,
  0xBE74, 0xBE54, 0xB677, 0xB278, 0xB278, 0xB278, 0xA67D, 0xA27F, 0xA27E, 0xA27E, 0xA27E, 0xA27E, 0xA27E, 0xA29E, 0xB278, 0xBE54,
  0xBE54, 0xBE54, 0xBE54, 0xBE54, 0xBE54, 0xBE54, 0xBE54, 0xBE54, 0xBE54, 0xBE54, 0xBE54, 0xBE54, 0xBE54, 0xBE54, 0xBE54, 0xBE54,
  0xBE54, 0xBE54, 0xBE54, 0xBE54, 0xBE54, 0xBE54, 0xBE54, 0xBE54, 0xBE54, 0xBE54, 0xBE54, 0xBE54, 0xBE54, 0xBE54, 0xBE54, 0xBE54,
  0xBE54, 0xBE54, 0xBE54, 0xBE54, 0xBE54, 0xBE54, 0xBE54, 0xBE54, 0xBE54, 0xBE54, 0xBE54, 0xBE54, 0xBE54, 0xBA54, 0xBA54, 0xBE54,
  0xBE54, 0xBE54, 0xBE54, 0xBE54, 0xBE54, 0xBE54, 0xBE54, 0xBA54, 0xBA54, 0xBA54, 0xBA54, 0xBA54, 0xBA54, 0xBA54, 0xBA54, 0xBA54,
  0xBE54, 0xBE54, 0xBE54, 0xBE54, 0xBE74, 0xBE54, 0xBE54, 0xBE74, 0xBE54, 0xBE54, 0xBE75, 0xB1EE, 0x99CC, 0x99EE, 0xA9CD, 0xC275,
  0xBE75, 0xBE54, 0xBE54, 0xBA54, 0xBA54, 0xBA54, 0xBE75, 0xB1EF, 0x99CE, 0x9A74, 0x99EC, 0x95A9, 0x9988, 0x9966, 0x99A9, 0x9967,
  0x9966, 0x9925, 0x9062, 0x9062, 0x9905, 0x99A8, 0x99CA, 0x9D67, 0x9D04, 0x9D66, 0x9904, 0x9CE3, 0x9D03, 0x9083, 0x9062, 0x9CE3,
  0x9925, 0x9945, 0x9D25, 0x9903, 0x9925, 0x9D45, 0x9CE3, 0x9063, 0xAD8D, 0x9CE6, 0x98C2, 0x9D03, 0x8C41, 0x98C3, 0x9D24, 0x94C3,
  0x9946, 0x9966, 0x9905, 0x9D25, 0xA145, 0x94E4, 0xA98D, 0xC296, 0xBE54, 0xBE54, 0xBE54, 0xBE54, 0xBE54, 0xBE75, 0xA1CC, 0x9630,
  0x99EC, 0x94E3, 0x9D07, 0xBE74, 0xBE54, 0xBE54, 0xBE74, 0xBE74, 0xBE54, 0xBA54, 0xBE75, 0x9CC7, 0x98C3, 0x9904, 0x94A5, 0xBA32,
  0xBA55, 0xBA55, 0xBE55, 0xBE74, 0xBE74, 0xBE54, 0xBE54, 0xBE54, 0xBE54, 0xBE54, 0xBE54, 0xBE54, 0xBE54, 0xBA54, 0xBE54, 0xBE54,
  0xBE54, 0xBE54, 0xBE54, 0xBA54, 0xB657, 0xAE7A, 0xAE7A, 0xAE7A, 0xAE7A, 0xAE7A, 0xAE7A, 0xB278, 0xBA55, 0xBE54, 0xBE54, 0xBE54,
  0xBE54, 0xBE54, 0xBE54, 0xBE54, 0xBE54, 0xBE54, 0xBE54, 0xBE54, 0xBE54, 0xBE54, 0xBE54, 0xBE54, 0xBE54, 0xBE54, 0xBE74, 0xBE74,
  0xBE74, 0xBE74, 0xBE74, 0xBE74, 0xBE54, 0xBE74, 0xBE74, 0xBE74, 0xBE54, 0xBE54, 0xBE74, 0xBE74, 0xBE74, 0xBE74, 0xBE74, 0xBE74,
  0xBE74, 0xBE74, 0xBE74, 0xBE74, 0xBE74, 0xBE74, 0xBE74, 0xBE74, 0xBE74, 0xBE74, 0xBE74, 0xBE74, 0xBE74, 0xBE74, 0xBE74, 0xBE74,
  0xBE54, 0xBA54, 0xB678, 0xB279, 0xB279, 0xB279, 0xAE79, 0xAE59, 0xAE79, 0xAE59, 0xAE79, 0xAE79, 0xAE59, 0xAE79, 0xBA56, 0xBE54,
  0xBE54, 0xBE54, 0xBE54, 0xBE54, 0xBE54, 0xBE54, 0xBE54, 0xBE54, 0xBE54, 0xBE54, 0xBE54, 0xBE54, 0xBE54, 0xBE54, 0xBE54, 0xBE54,
  0xBE54, 0xBE54, 0xBE54, 0xBE54, 0xBE54, 0xBE54, 0xBE54, 0xBE54, 0xBE54, 0xBE54, 0xBE54, 0xBE54, 0xBE54, 0xBE54, 0xBE54, 0xBE54,
  0xBE54, 0xBE54, 0xBE54, 0xBE54, 0xBE54, 0xBE54, 0xBE54, 0xBE54, 0xBE54, 0xBE54, 0xBE54, 0xBE54, 0xBE54, 0xBA54, 0xBA54, 0xBE54,
  0xBA54, 0xBA54, 0xBE54, 0xBE54, 0xBA54, 0xBA54, 0xBE54, 0xBE53, 0xBE53, 0xBE54, 0xBE75, 0xBE55, 0xBA54, 0xBA54, 0xBA54, 0xBA54,
  0xBA54, 0xBE54, 0xBE54, 0xBE54, 0xBE53, 0xBE74, 0xBE75, 0xBE75, 0xBE54, 0xBA54, 0xBE75, 0xB1EE, 0x9525, 0xA9EE, 0xBE75, 0xBE75,
  0xBE54, 0xBE54, 0xBE54, 0xBE54, 0xBA54, 0xBE54, 0xB1EF, 0x958B, 0x9631, 0x91CC, 0x9566, 0x9988, 0x9588, 0x9966, 0x9925, 0x9946,
  0x9987, 0x9925, 0x9062, 0x9905, 0x9988, 0x95AA, 0x9A0E, 0x98E4, 0x9D03, 0x9945, 0x9966, 0x9904, 0x9CE3, 0x9063, 0x9062, 0x9CE3,
  0x9925, 0x9966, 0x9924, 0x9D45, 0x98E3, 0x9D46, 0x9D45, 0x98C2, 0x9D08, 0xC275, 0xA127, 0x9081, 0x9CE8, 0x98C5, 0x9CE2, 0x94A3,
  0x9946, 0x9D66, 0x94C3, 0x9D25, 0x9D03, 0x9D25, 0x9907, 0xBE54, 0xBE75, 0xBE54, 0xBE54, 0xBE54, 0xBA54, 0xBE75, 0xA1AC, 0x9A51,
  0x95AA, 0x9905, 0xB5F0, 0xBE75, 0xBE54, 0xBE54, 0xBE54, 0xBE54, 0xBE54, 0xBA54, 0xBE75, 0x9CE7, 0x98C3, 0x9904, 0x9484, 0xBA33,
  0xA597, 0xA597, 0xA9B6, 0xB616, 0xBA55, 0xBE74, 0xBE54, 0xBE74, 0xBE74, 0xBE74, 0xBE74, 0xBE74, 0xBA54, 0xBA54, 0xBA55, 0xB656,
  0xB657, 0xB676, 0xB257, 0xAA7C, 0xA27F, 0x9E7F, 0x9E7F, 0x9E7F, 0x9E7F, 0x9E7F, 0x9E7F, 0x9E7F, 0xA67D, 0xB257, 0xB656, 0xBA56,
  0xBE54, 0xBE54, 0xBE54, 0xBE54, 0xBE54, 0xBE54, 0xBE54, 0xBE54, 0xBE54, 0xBE54, 0xBE54, 0xBE54, 0xBE54, 0xBE54, 0xBE74, 0xBE74,
  0xBE74, 0xBE74, 0xBE74, 0xBE74, 0xBE74, 0xBE74, 0xBE74, 0xBE74, 0xBE74, 0xBE74, 0xBE74, 0xBE74, 0xBE74, 0xBE74, 0xBE74, 0xBE74,
  0xBE74, 0xBE74, 0xBE74, 0xBE74, 0xBE74, 0xBE74, 0xBE74, 0xBE74, 0xBE74, 0xBE74, 0xBE74, 0xBE74, 0xBE74, 0xBE74, 0xBE54, 0xBE54,
  0xBE54, 0xBE54, 0xBE54, 0xBE54, 0xBE54, 0xBE54, 0xBE54, 0xBE54, 0xBE54, 0xBE54, 0xBE54, 0xBE54, 0xBE54, 0xBE54, 0xBE54, 0xBE54,
  0xBE54, 0xBE54, 0xBE54, 0xBE54, 0xBE54, 0xBE54, 0xBE54, 0xBE54, 0xBE54, 0xBE54, 0xBE54, 0xBE54, 0xBE54, 0xBE54, 0xBE54, 0xBE54,
  0xBE54, 0xBE54, 0xBE54, 0xBE54, 0xBE54, 0xBE54, 0xBE54, 0xBE54, 0xBE54, 0xBE74, 0xBE74, 0xBE74, 0xBE74, 0xBE74, 0xBE74, 0xBE74,
  0xBE74, 0xBE74, 0xBE74, 0xBE54, 0xBE54, 0xBE54, 0xBE54, 0xBE54, 0xBE54, 0xBE54, 0xBE54, 0xBE54, 0xBE54, 0xBE54, 0xBA54, 0xBA54,
  0xBE75, 0xBE54, 0xBA54, 0xBE75, 0xBE75, 0xBE75, 0xB630, 0xA5CA, 0xA5CA, 0xADEC, 0xBA51, 0xBA32, 0xBE75, 0xBA54, 0xBA54, 0xBA54,
  0xBE75, 0xBE74, 0xBE74, 0xBA53, 0xA9CA, 0xA9A9, 0xB631, 0xBA53, 0xBA54, 0xBA54, 0xBE75, 0xB1EF, 0xA148, 0xBE54, 0xBE54, 0xBA54,
  0xBE54, 0xBE54, 0xBE74, 0xBE54, 0xBE75, 0xB611, 0x99AC, 0x9A52, 0x91ED, 0x95CB, 0x9967, 0x9568, 0x9589, 0x9D67, 0x94C3, 0x94C3,
  0x9D87, 0x9907, 0x9083, 0x9DA9, 0x95EB, 0x95EC, 0x99CC, 0x9904, 0x9946, 0x9925, 0x9924, 0x9987, 0x9904, 0x9062, 0x9063, 0x9062,
  0x9505, 0x9966, 0x9924, 0x9967, 0x9D45, 0x9D03, 0x9D45, 0xA145, 0x94A2, 0xA96D, 0xBE54, 0x94A5, 0xA98D, 0xA129, 0x94A2, 0x98C3,
  0x9946, 0x98E4, 0x9062, 0x9D25, 0x9D04, 0xA145, 0x94E4, 0xA98C, 0xBE75, 0xBE54, 0xBE54, 0xBE54, 0xBA54, 0xBE75, 0xA1AC, 0x9E0F,
  0x9526, 0xB5F0, 0xC275, 0xBE54, 0xBE54, 0xBA54, 0xBE54, 0xBA54, 0xBA54, 0xBE75, 0xC296, 0x9CE8, 0x98E3, 0x98E3, 0x98C6, 0xBA33,
  0xA178, 0xA178, 0xA178, 0xA178, 0xA597, 0xB636, 0xBE75, 0xBA35, 0xB1F6, 0xB1F6, 0xB1F6, 0xB215, 0xBE75, 0xBE54, 0xBA55, 0xB278,
  0xB278, 0xB278, 0xB278, 0xAE7A, 0xAE7A, 0xAE7A, 0xAE5A, 0xAE5A, 0xAE5A, 0xAE5A, 0xAE5A, 0xAE5A, 0xAA7B, 0xA67E, 0xA27F, 0xA69D,
  0xAE79, 0xB279, 0xB279, 0xB279, 0xB279, 0xB279, 0xB279, 0xB279, 0xB677, 0xBA55, 0xBA55, 0xBA55, 0xBE54, 0xBE74, 0xBE74, 0xBE74,
  0xBE54, 0xBE74, 0xBE74, 0xBE74, 0xBE74, 0xBE54, 0xBE74, 0xBE74, 0xBE54, 0xBE74, 0xBE74, 0xBE74, 0xBE74, 0xBE74, 0xBE74, 0xBE74,
  0xBE74, 0xBE74, 0xBE74, 0xBE74, 0xBE74, 0xBE74, 0xBE74, 0xBE74, 0xBE74, 0xBE74, 0xBE74, 0xBE74, 0xBE74, 0xBE74, 0xBE54, 0xBE54,
  0xBE54, 0xBE54, 0xBE54, 0xBE54, 0xBE54, 0xBE54, 0xBA54, 0xBE54, 0xBA54, 0xBA54, 0xBE74, 0xBA54, 0xBE54, 0xBA54, 0xBE54, 0xBE54,
  0xBE54, 0xBE54, 0xBE54, 0xBE54, 0xBE54, 0xBE54, 0xBE54, 0xBE74, 0xBE74, 0xBE74, 0xBE54, 0xBE54, 0xBE54, 0xBE54, 0xBE54, 0xBE54,
  0xBE54, 0xBE54, 0xBE54, 0xBE54, 0xBE54, 0xBE74, 0xBE74, 0xBE75, 0xBA55, 0xB1F6, 0xB1F6, 0xB1F6, 0xB1F6, 0xB1F6, 0xB1F6, 0xB1F6,
  0xB1F6, 0xB1F6, 0xBA55, 0xBE74, 0xBE54, 0xBE54, 0xBE54, 0xBE54, 0xBE54, 0xBE54, 0xBE54, 0xBE74, 0xBE74, 0xBE74, 0xBE75, 0xBE53,
  0xB20E, 0xB652, 0xBA74, 0xB230, 0xB20F, 0xB22F, 0xA1CB, 0xA20B, 0xA60C, 0xA5C9, 0xA5A8, 0xA9A8, 0xB630, 0xBE74, 0xBE54, 0xBE75,
  0xB251, 0xADEC, 0xAE0E, 0xAE0E, 0xA5EA, 0xA5EA, 0xA5C9, 0xA9C9, 0xB20E, 0xB630, 0xBE75, 0xBA54, 0xBA54, 0xBE75, 0xBE54, 0xBA54,
  0xBA54, 0xBE54, 0xBE74, 0xBE54, 0xBE74, 0xA9CD, 0x9A32, 0x962F, 0x91EC, 0x95CA, 0x94E3, 0x9568, 0x95A9, 0x9904, 0x98E7, 0x9CE6,
  0x9925, 0x994A, 0x9D89, 0x95EC, 0x91ED, 0x9A51, 0x9547, 0x9904, 0x9946, 0x9966, 0x9925, 0x9505, 0x9946, 0x9063, 0x9043, 0x8C42,
  0x98E4, 0x9924, 0x9966, 0x99A8, 0x9966, 0x9D03, 0x9D04, 0x9D45, 0x9D03, 0x9061, 0xB1F0, 0xBE75, 0xBA33, 0xB632, 0x98C6, 0x8C42,
  0x9D46, 0x98E4, 0x9042, 0x9D45, 0xA145, 0xA0E3, 0x9D25, 0x98E6, 0xBE53, 0xBE54, 0xBE54, 0xBE54, 0xBE54, 0xBE75, 0xA5AA, 0x90E3,
  0xADCD, 0xBE75, 0xBA54, 0xBE54, 0xBA54, 0xBA54, 0xBA54, 0xBA54, 0xBE54, 0xB631, 0xBA2F, 0x9CC6, 0x98A2, 0x98C2, 0xB1EF, 0xBE75,
  0xA578, 0xA578, 0xA178, 0xA178, 0xA178, 0xA597, 0xADD7, 0xA597, 0xA178, 0xA178, 0xA178, 0xA177, 0xADD6, 0xB656, 0xBA76, 0xBA75,
  0xBA75, 0xBA75, 0xBA75, 0xBE54, 0xBE53, 0xBE53, 0xBE54, 0xBE54, 0xBE54, 0xBE54, 0xBE54, 0xBE54, 0xBA54, 0xB258, 0xB279, 0xB279,
  0xB279, 0xB279, 0xB279, 0xB279, 0xB279, 0xB279, 0xB279, 0xAE7A, 0xAA7C, 0xAE7A, 0xAE7A, 0xAE7A, 0xBA76, 0xBE74, 0xBE74, 0xBE74,
  0xBE74, 0xBE74, 0xBE74, 0xBE74, 0xBE74, 0xBE74, 0xBE74, 0xBE74, 0xBE74, 0xBE74, 0xBE74, 0xBE74, 0xBE74, 0xBE74, 0xBE74, 0xBE74,
  0xBE74, 0xBE74, 0xBE74, 0xBE74, 0xBE74, 0xBE74, 0xBE74, 0xBE74, 0xBE74, 0xBE74, 0xBE74, 0xBE74, 0xBE74, 0xBE74, 0xBE74, 0xBE54,
  0xBE54, 0xBE54, 0xBE54, 0xBE54, 0xBE54, 0xBE54, 0xBE54, 0xBE54, 0xBE54, 0xBA54, 0xBE54, 0xBE54, 0xBE54, 0xBE54, 0xBE54, 0xBE54,
  0xBE54, 0xBE54, 0xBE74, 0xBE74, 0xBE74, 0xBE74, 0xBA55, 0xBA55, 0xBA55, 0xBA55, 0xBE54, 0xBE74, 0xBE54, 0xBE54, 0xBE74, 0xBE54,
  0xBE54, 0xBE54, 0xBE54, 0xBE74, 0xBE74, 0xBE55, 0xB616, 0xA9B6, 0xA9B7, 0xA177, 0xA178, 0xA178, 0xA178, 0xA178, 0xA178, 0xA178,
  0xA178, 0xA178, 0xA597, 0xB1F5, 0xBE74, 0xBE74, 0xBE54, 0xBE54, 0xBE54, 0xBE74, 0xBE74, 0xBA55, 0xBA35, 0xBA56, 0xB632, 0xA9CA,
  0xA187, 0xA1EB, 0xA62F, 0xA20E, 0xA1C9, 0xA1C9, 0xA62D, 0xA5C9, 0xA5A8, 0xA9C9, 0xA9C8, 0xA9C8, 0xA566, 0xA969, 0xBA52, 0xAE2F,
  0xA60B, 0xA20C, 0xA62E, 0xA20C, 0xA20C, 0xA62E, 0xA5EB, 0xA5A7, 0xA9A7, 0xA9A8, 0xADCC, 0xBE53, 0xBE75, 0xBE54, 0xBE54, 0xBE54,
  0xBA54, 0xBA54, 0xBA54, 0xC276, 0xADCE, 0x9A10, 0x9A93, 0x95CB, 0x960D, 0x95CB, 0x94A1, 0x9947, 0x95A9, 0x90C3, 0xADB0, 0x98E7,
  0xA14A, 0x9D28, 0x9546, 0x9A0E, 0x9630, 0x9A52, 0x9967, 0x9D25, 0x9946, 0x9966, 0x9967, 0x94E5, 0x9083, 0x9063, 0x9043, 0x9043,
  0x9483, 0x9D45, 0x99C9, 0x99C9, 0x9924, 0x9D45, 0x9D03, 0x9924, 0x9D45, 0x98C2, 0x98E7, 0xBE75, 0xBA55, 0xBA75, 0xBA53, 0x98E8,
  0x9504, 0x9D05, 0x9464, 0x9905, 0x9D45, 0x9CC3, 0x9D25, 0x9925, 0xA98C, 0xBE75, 0xBE54, 0xBE74, 0xBE74, 0xC296, 0xA9AC, 0x98E5,
  0xBE74, 0xBE54, 0xBE53, 0xBA53, 0xBE55, 0xBA54, 0xBA54, 0xBA53, 0xBE54, 0xB1CB, 0xA986, 0x98A4, 0x9481, 0xA549, 0xBE75, 0xBE75,
  0xA578, 0xA178, 0xA178, 0xA178, 0xA178, 0xA178, 0xA178, 0xA178, 0xA178, 0xA178, 0xA178, 0xA178, 0xA158, 0xA5FB, 0xAA5C, 0xAA3B,
  0xAA3C, 0xAA3B, 0xA63C, 0xAE7B, 0xB678, 0xB657, 0xB616, 0xB635, 0xBA55, 0xBE54, 0xBA54, 0xBA54, 0xBA54, 0xBE54, 0xBE53, 0xBE53,
  0xBE53, 0xBE53, 0xBE53, 0xBE53, 0xBE53, 0xBE53, 0xBE53, 0xBE54, 0xBA55, 0xBA55, 0xBA55, 0xBA55, 0xBE54, 0xBE54, 0xBE54, 0xBE54,
  0xBE54, 0xBE54, 0xBE54, 0xBE54, 0xBE54, 0xBE54, 0xBE54, 0xBE54, 0xBE54, 0xBE54, 0xBE54, 0xBE54, 0xBE54, 0xBE54, 0xBE54, 0xBE54,
  0xBE54, 0xBE74, 0xBE54, 0xBE54, 0xBE54, 0xBE54, 0xBE54, 0xBE54, 0xBE54, 0xBE54, 0xBE54, 0xBE54, 0xBE54, 0xBE54, 0xBE54, 0xBE54,
  0xBE54, 0xBE54, 0xBE54, 0xBE54, 0xBE54, 0xBE54, 0xBE54, 0xBE54, 0xBE54, 0xBE54, 0xBE54, 0xBE54, 0xBE54, 0xBE54, 0xBE54, 0xBE74,
  0xBE74, 0xBE55, 0xB615, 0xB616, 0xB616, 0xB216, 0xA5B7, 0xA597, 0xA597, 0xA197, 0xADD6, 0xB616, 0xBA55, 0xBE74, 0xBE54, 0xBE54,
  0xBE74, 0xBE75, 0xBE75, 0xB635, 0xB216, 0xA9B7, 0xA177, 0xA178, 0xA178, 0xA178, 0xA178, 0xA178, 0xA178, 0xA178, 0xA178, 0xA178,
  0xA178, 0xA178, 0xA178, 0xA177, 0xADD6, 0xB635, 0xBE75, 0xBE74, 0xBE75, 0xB635, 0xADF6, 0xA197, 0xA598, 0xA5B5, 0xA62F, 0xA24E,
  0xA64E, 0xA1EA, 0xA1EA, 0xA60C, 0xA5A9, 0xA5CA, 0xA5EA, 0xA9C8, 0xA9C8, 0xA9C8, 0xA9C8, 0xA987, 0xA124, 0xA146, 0xA60D, 0xA1C9,
  0xA5EA, 0xA5CA, 0xA189, 0xA20D, 0xA20D, 0xA5A9, 0xA5A7, 0xA9A7, 0xA9A7, 0xA9A7, 0xA987, 0xA146, 0xB610, 0xC276, 0xBA53, 0xBA53,
  0xBA54, 0xBA54, 0xBA54, 0xBA52, 0xA1CD, 0x9A95, 0x962E, 0x9988, 0x960D, 0x95CB, 0x98E5, 0x9907, 0x9588, 0x90E4, 0xA58D, 0xA58D,
  0xB211, 0x9527, 0x99EE, 0x960D, 0x960D, 0x9A30, 0x9967, 0x9D24, 0x9966, 0x9966, 0x9966, 0x9966, 0x9063, 0x9043, 0x9043, 0x9063,
  0x9063, 0x9905, 0x99CA, 0x99A9, 0x9904, 0x9D46, 0x9924, 0x9903, 0x9D45, 0x9D03, 0x98A3, 0xB1F0, 0xBE54, 0xBA33, 0xBE54, 0xBE53,
  0xA148, 0x9905, 0xB1B0, 0x90A3, 0x9D24, 0x9061, 0x9D24, 0x9924, 0x9D28, 0xBE75, 0xBE75, 0xBE75, 0xBE54, 0xBE74, 0xBA53, 0xBA53,
  0xBE75, 0xBE75, 0xB1ED, 0xADCA, 0xB60F, 0xBE74, 0xB1EC, 0xADCA, 0xB1EC, 0xA9A7, 0xADA7, 0x94A3, 0x94A2, 0xB1EE, 0xBA53, 0xBA54,
  0xA179, 0xA178, 0xA178, 0xA178, 0xA178, 0xA178, 0xA178, 0xA178, 0x9D78, 0x9D78, 0x9D78, 0xA178, 0xA178, 0xA178, 0xA178, 0xA178,
  0xA178, 0xA178, 0xA178, 0xA199, 0xA1BA, 0xA5B9, 0xA177, 0xA177, 0xA9B7, 0xAA18, 0xAE7B, 0xAA7B, 0xAE7B, 0xAE7B, 0xAE7B, 0xAE7A,
  0xAE7A, 0xAE7A, 0xAE7A, 0xAE7A, 0xAE7A, 0xAE7A, 0xAE7A, 0xAE7B, 0xAE7A, 0xAE7A, 0xAE7A, 0xAE7A, 0xAE7A, 0xAE7A, 0xAE7A, 0xAE7A,
  0xAE7A, 0xAE7A, 0xAE7A, 0xAE7A, 0xAE7A, 0xAE7A, 0xAE7A, 0xAE7A, 0xAE7A, 0xAE7A, 0xAE7A, 0xAE7A, 0xAE7A, 0xAE7A, 0xAE7A, 0xAE7A,
  0xAE7A, 0xAE7A, 0xAE7A, 0xAE7A, 0xAE7A, 0xAE7A, 0xAE7A, 0xAE7A, 0xAE7A, 0xAE7A, 0xAE7A, 0xAE7A, 0xAE7A, 0xAE7A, 0xAE7A, 0xAE7A,
  0xAE7A, 0xAE7A, 0xAE7A, 0xAE7A, 0xAE7A, 0xAE7A, 0xAE7A, 0xAE7A, 0xAE7A, 0xAE7A, 0xAE7A, 0xAE7A, 0xAE7A, 0xAE7A, 0xAE59, 0xADD7,
  0xA9D6, 0xA9B7, 0xA177, 0xA178, 0xA178, 0xA178, 0xA178, 0xA178, 0xA178, 0xA178, 0xA178, 0xA158, 0xA9B7, 0xAE38, 0xAE7B, 0xB259,
  0xADF7, 0xA9D7, 0xA9D7, 0xA197, 0xA178, 0xA178, 0xA178, 0xA178, 0xA178, 0xA178, 0xA178, 0xA178, 0xA178, 0xA178, 0xA178, 0xA178,
  0xA178, 0xA178, 0xA178, 0xA178, 0xA178, 0xA597, 0xADD7, 0xA9D6, 0xADD7, 0xA597, 0xA178, 0xA178, 0xA197, 0xA1AD, 0xA1C9, 0xA60C,
  0xA24F, 0xA62E, 0xA20C, 0xA5C8, 0xA5C9, 0xA5EA, 0xA5CA, 0xA9A7, 0xA9A8, 0xA9A8, 0xA9C8, 0xA587, 0xA9A7, 0xA9C9, 0xA5C9, 0xA5C9,
  0xA9C9, 0xA145, 0xA567, 0xA5C9, 0xA5EA, 0xA5A8, 0xA9A7, 0xA9A7, 0xA9A7, 0xA9A7, 0xA9A7, 0xA103, 0xA547, 0xA9AE, 0xAE7A, 0xAA7B,
  0xAE7A, 0xAA7A, 0xAE9C, 0xA1D0, 0x9610, 0x9694, 0x960C, 0x9988, 0x9A2E, 0x95CA, 0x9D4B, 0x9DB0, 0x9526, 0x90C6, 0xA1D5, 0xAEBE,
  0x9D6E, 0x9545, 0x95CA, 0x960D, 0x9A95, 0x9A10, 0x9966, 0x9D46, 0x9D66, 0x9967, 0x9966, 0x9966, 0x9905, 0x8C42, 0x9487, 0x9464,
  0x9042, 0x90A4, 0x99CA, 0x9568, 0x9506, 0x9987, 0x9966, 0x9D04, 0x9D45, 0x9D45, 0x98A1, 0x94C9, 0xB29B, 0xAA59, 0xAE5A, 0xAE7A,
  0xAE7A, 0xA215, 0xAA59, 0x992B, 0x8C83, 0x98E9, 0x98C3, 0x9D65, 0x94C3, 0xADD0, 0xB652, 0xAE12, 0xAE7A, 0xAE59, 0xAE79, 0xB678,
  0xB655, 0xBA77, 0xB234, 0xA9A7, 0xADA7, 0xB1EB, 0xA986, 0xADA6, 0xADA8, 0xADA7, 0xADA7, 0xA545, 0xA546, 0xA986, 0xADCA, 0xBA53,
  0xA5FC, 0xA178, 0xA158, 0xA178, 0xA178, 0xA199, 0x9DDB, 0x9E3E, 0x9E1D, 0x9E3D, 0x9E5E, 0x9E5E, 0xA25E, 0xA1FC, 0xA199, 0xA199,
  0xA178, 0xA178, 0xA158, 0xA199, 0x9D99, 0x9D99, 0x9D99, 0xA199, 0x9D78, 0x9D58, 0x9DFB, 0xA25E, 0xA25E, 0xA67E, 0xAA9E, 0xAA9D,
  0xAA7D, 0xAA9D, 0xAA7D, 0xAA7D, 0xAA7D, 0xAA7D, 0xAA7D, 0xA67D, 0xA67D, 0xAA7D, 0xAA7D, 0xA67D, 0xA67D, 0xAA7D, 0xA67D, 0xA67D,
  0xAA7D, 0xAA7D, 0xAA7D, 0xAA7D, 0xAA7D, 0xAA7D, 0xAA7D, 0xAA7D, 0xAA7D, 0xAA7D, 0xAA7D, 0xAA7D, 0xAA7D, 0xAA7D, 0xAA7D, 0xAA7D,
  0xAA7D, 0xAA7D, 0xAA7D, 0xAA7D, 0xAA7D, 0xAA7D, 0xAA7D, 0xA67D, 0xA67D, 0xAA7D, 0xAA7D, 0xAA7D, 0xAA7D, 0xAA7D, 0xAA7D, 0xAA7D,
  0xAA7D, 0xAA7D, 0xAA7D, 0xAA7D, 0xAA7D, 0xAA7D, 0xAA7D, 0xAA7D, 0xAA7D, 0xAA9D, 0xAA7E, 0xA25E, 0xA25F, 0xA21D, 0x9D79, 0xA158,
  0xA158, 0xA158, 0xA178, 0xA178, 0xA178, 0xA178, 0xA178, 0xA178, 0xA178, 0xA178, 0xA178, 0xA178, 0xA158, 0x9D79, 0x9DBB, 0xA19A,
  0xA179, 0xA179, 0xA179, 0xA179, 0xA178, 0xA178, 0xA178, 0xA157, 0xA157, 0xA178, 0x9D99, 0x9D99, 0xA199, 0xA177, 0xA178, 0xA178,
  0xA178, 0xA178, 0xA178, 0xA178, 0xA178, 0xA178, 0xA178, 0xA178, 0xA178, 0xA178, 0xA178, 0xA195, 0xA1F1, 0xA20D, 0xA1CA, 0xA1C9,
  0xA1C9, 0xA1C9, 0xA64E, 0xA5EA, 0xA5A7, 0xA586, 0xA587, 0xA5C9, 0xA60B, 0xA5C8, 0xA9A7, 0xA9C8, 0xA9C9, 0xA9C8, 0xA145, 0xA566,
  0xA145, 0xA145, 0xA587, 0xA566, 0xA9A7, 0xA9A8, 0xA9A8, 0xA9A8, 0xA987, 0xA586, 0xA124, 0xA124, 0xA103, 0x9D26, 0xAA5A, 0xAA9E,
  0xAA7D, 0xAA9D, 0xAA9E, 0x9DD2, 0x9610, 0x9673, 0x9A30, 0x9567, 0x916A, 0x9A0C, 0x9929, 0xA615, 0x9107, 0xA18F, 0xAEBD, 0xAA9D,
  0xA1F2, 0x9589, 0x91ED, 0x9652, 0x9695, 0x99EF, 0x9966, 0x9967, 0x98E5, 0x9D46, 0x9566, 0x9987, 0x94E5, 0x9065, 0x98CA, 0x9487,
  0x9043, 0x90A4, 0x99AA, 0x8C83, 0x9506, 0x9987, 0x9966, 0x9D24, 0x9904, 0x9946, 0x94A2, 0x94E9, 0xAA7B, 0xAA7C, 0xAA7C, 0xA67C,
  0xA67C, 0xAA7C, 0xAA7C, 0xAA59, 0xAA37, 0xA9F3, 0x9482, 0xA165, 0x94E3, 0xA548, 0xADC8, 0xA5AD, 0xA617, 0xAA7B, 0xAA7D, 0xB279,
  0xADED, 0xA5A9, 0xA9CD, 0xADA8, 0xADA6, 0xA985, 0xADC9, 0xADA7, 0xA9A6, 0xADA7, 0xADA7, 0xADC7, 0xADA7, 0xADA7, 0xADA7, 0xADCB,
  0x99DA, 0x9DDA, 0x9DDA, 0x9DBA, 0x9DDB, 0x9E5F, 0x9E5F, 0x9E7F, 0x9E7F, 0x9E7F, 0x9E7F, 0x9E7F, 0x9E7F, 0x9E5F, 0x9E5E, 0x9E1C,
  0x9DFB, 0x9DFB, 0x9DFB, 0xA27F, 0x9E5F, 0x9E3F, 0x9E5F, 0x9E5F, 0xA23E, 0xA1DB, 0xA1DA, 0xA1FB, 0x9DB9, 0xA197, 0xADF6, 0xB235,
  0xBA75, 0xBA75, 0xBA75, 0xBA75, 0xBA75, 0xBA55, 0xBA55, 0xBA55, 0xBA55, 0xBA55, 0xBA55, 0xBA55, 0xBA55, 0xBA55, 0xBA55, 0xBA54,
  0xBA54, 0xBA55, 0xBA55, 0xBA55, 0xBA55, 0xBA55, 0xBA54, 0xBA54, 0xBA55, 0xBA55, 0xBA54, 0xBA54, 0xBA54, 0xBA54, 0xBA54, 0xBA54,
  0xBA54, 0xBA54, 0xBA54, 0xBA54, 0xBA54, 0xBA54, 0xBA55, 0xBA54, 0xBA54, 0xBA54, 0xBA54, 0xBA54, 0xBA54, 0xBA54, 0xBA54, 0xBA54,
  0xBA75, 0xBA75, 0xBA55, 0xBA55, 0xBA55, 0xBA55, 0xBA55, 0xBA75, 0xBA75, 0xBA56, 0xA9D7, 0xA178, 0xA178, 0xA178, 0xA178, 0xA178,
  0xA178, 0xA178, 0xA178, 0xA178, 0xA178, 0xA178, 0xA178, 0xA178, 0xA178, 0xA178, 0xA178, 0xA178, 0xA178, 0xA178, 0xA178, 0xA178,
  0xA178, 0xA179, 0xA178, 0xA178, 0xA179, 0xA178, 0x9D99, 0xA1DB, 0x9DDB, 0x9E1D, 0x9E5F, 0x9E5F, 0x9E3E, 0x9DBA, 0x9D99, 0xA178,
  0xA178, 0xA178, 0xA178, 0xA178, 0xA178, 0xA178, 0xA178, 0xA178, 0xA178, 0xA179, 0xA195, 0xA20E, 0xA24F, 0xA22E, 0xA20D, 0xA5CA,
  0xA1A9, 0xA20C, 0xA5A8, 0xA5C9, 0xA9EA, 0xA9A8, 0xA5EA, 0xA20C, 0xA20C, 0xA5A8, 0xA9A7, 0xA9C8, 0xA9A8, 0xA587, 0xA544, 0xA123,
  0xA124, 0xA124, 0xA123, 0xA124, 0xA566, 0xA566, 0xA566, 0xA966, 0xA545, 0xA124, 0xA124, 0xA124, 0xA524, 0xA103, 0xA9AC, 0xBE75,
  0xBA54, 0xBA74, 0xB610, 0x958C, 0x9AB6, 0x9631, 0x9630, 0x9547, 0x9128, 0x9E0D, 0x94A2, 0xA14B, 0xADF0, 0xBE54, 0xBA54, 0xBA54,
  0xC275, 0x998A, 0x9654, 0x9631, 0x9653, 0x99CD, 0x9924, 0x9988, 0x9505, 0x9508, 0x99AB, 0x9945, 0x94C4, 0x9065, 0x94A9, 0x98CA,
  0x9486, 0x90A3, 0x9D47, 0x9084, 0x9989, 0x9588, 0x9525, 0x9904, 0x9924, 0x9946, 0x9D04, 0x9082, 0xA56C, 0xBE75, 0xBA53, 0xBA54,
  0xBA33, 0xB633, 0xBA33, 0xBA54, 0xBE96, 0xADAF, 0x9063, 0x9D04, 0x98E4, 0xA125, 0xADC7, 0xA9A6, 0xA987, 0xB1EE, 0xB632, 0xBA54,
  0xB633, 0xA9EE, 0xA9A7, 0xA9A6, 0xADC9, 0xAE12, 0xAE14, 0xA9A7, 0xADCA, 0xADC9, 0xA9A6, 0xA9A7, 0xA9A7, 0xADA7, 0xADA7, 0xA9A6,
  0xA2DF, 0xA6FF, 0xA6FF, 0xA6DF, 0xA2BF, 0x9E9F, 0x9E7F, 0x9E7F, 0x9E7F, 0x9E5F, 0x9E5F, 0x9E5F, 0xA2BF, 0xA71F, 0xA6FF, 0xA71F,
  0xA71F, 0xA71F, 0xA71F, 0xA2FF, 0x9E9F, 0x9E9F, 0x9A3F, 0x9A3F, 0x9A5F, 0x9E7F, 0x9E5F, 0x9E5F, 0x9E3E, 0x9DFC, 0x9E1C, 0x9E1B,
  0xA65B, 0xA65B, 0xA65B, 0xA65B, 0xA65B, 0xA65B, 0xA65B, 0xA65B, 0xA63B, 0xA63B, 0xA63B, 0xA63B, 0xAA7B, 0xAA9B, 0xAA9B, 0xAA9B,
  0xAA9B, 0xAA9B, 0xAA7B, 0xAA7B, 0xAA7C, 0xAA7C, 0xAA7B, 0xAA7B, 0xAA7B, 0xAA7B, 0xAA7B, 0xAA7B, 0xAA7B, 0xAA7B, 0xAA7B, 0xAA7B,
  0xAA7B, 0xAA7B, 0xAA7B, 0xAA7B, 0xAA7B, 0xAA7B, 0xAA7B, 0xAA7B, 0xAA7B, 0xAA7B, 0xAA7B, 0xAE7B, 0xAE7B, 0xAA7B, 0xAE7B, 0xAE5A,
  0xAE5A, 0xAE59, 0xAA5A, 0xAA5B, 0xAA5B, 0xAA5A, 0xAA5B, 0xA9D8, 0xA9B7, 0xA9B7, 0xA178, 0xA579, 0xA578, 0xA178, 0xA178, 0xA158,
  0xA178, 0xA178, 0xA178, 0xA178, 0xA178, 0xA178, 0xA178, 0xA178, 0x9D99, 0x9DFC, 0x9E1D, 0x9E1D, 0x9DDB, 0x9D78, 0xA178, 0xA178,
  0xA178, 0xA178, 0xA178, 0xA178, 0xA179, 0xA179, 0xA21D, 0xA25F, 0xA25F, 0x9E5F, 0x9E5E, 0x9E5E, 0x9E3E, 0x9E5E, 0x9E3D, 0x9DDB,
  0xA1FC, 0xA19A, 0xA178, 0xA179, 0xA178, 0xA178, 0xA178, 0xA178, 0xA178, 0xA179, 0xA1B4, 0xA22E, 0xA22F, 0xA1CA, 0xA5C9, 0xA5A7,
  0xA5EB, 0xA1CA, 0xA987, 0xA5CA, 0xA5EA, 0xA9C8, 0xA9C8, 0xA5C9, 0xA5A8, 0xA587, 0xA587, 0xA9A7, 0xA966, 0xA123, 0xA524, 0xA524,
  0xA524, 0xA524, 0xA524, 0xA524, 0xA103, 0xA103, 0xA124, 0xA104, 0xA524, 0xA524, 0xA524, 0xA524, 0xA524, 0xA146, 0xAE56, 0xAE7A,
  0xAA7A, 0xAA9C, 0xAA35, 0x95AC, 0x9A94, 0x95EC, 0x9651, 0x9567, 0x9149, 0x99EC, 0x94E7, 0xAA59, 0xAE9C, 0xAE7B, 0xAA7B, 0xAE9C,
  0xA1D1, 0x95CE, 0x9674, 0x91ED, 0x9651, 0x9569, 0x9925, 0x9567, 0x9567, 0x954A, 0xA1D2, 0x94C6, 0x9063, 0x9486, 0x94C9, 0x94CA,
  0x94A9, 0x9063, 0x9062, 0x9084, 0x9988, 0x99CA, 0x996C, 0x94E4, 0x9D24, 0x9925, 0x9D24, 0x9060, 0xA191, 0xB2BD, 0xAA7A, 0xAA7B,
  0xAA7A, 0xAE7A, 0xB277, 0xB20D, 0xB653, 0xB675, 0xA569, 0x94C2, 0x94C3, 0xA125, 0xADC7, 0xADA6, 0xADA7, 0xA585, 0xAA10, 0xAE7A,
  0xAE7A, 0xA9EF, 0xA9A7, 0xA9A6, 0xA9A8, 0xAE35, 0xAE58, 0xA9CD, 0xADEB, 0xADC8, 0xADA6, 0xA9A7, 0xADA7, 0xADA7, 0xADA7, 0xADA6,
  0xAA9A, 0xAA9A, 0xAA9A, 0xAA9B, 0xAB3F, 0xAB3F, 0xAB3F, 0xAB3F, 0xAB3F, 0xA2BF, 0x9E9F, 0xA2BF, 0xA2FF, 0xAB3F, 0xAB5F, 0xAB5F,
  0xA73F, 0xA73F, 0xA73F, 0xA73F, 0xA73F, 0xA71F, 0xA2DF, 0xA2DF, 0x9E9E, 0x9A5E, 0x9E9E, 0x9E9E, 0x9E9E, 0xA2BE, 0xAB3F, 0xA71F,
  0xA2FF, 0xA2FF, 0xA2FF, 0xA2BF, 0xA2BF, 0xA2BF, 0xA2BF, 0xA2DF, 0xA6FF, 0xA6FF, 0xA2DF, 0xA6FF, 0xAB5F, 0xAB5F, 0xAB5F, 0xAB5F,
  0xAB5F, 0xAB5F, 0xAAFE, 0xAA7B, 0xAA7C, 0xAA7B, 0xAA7C, 0xAA7C, 0xAA7B, 0xAA7B, 0xAA7B, 0xAA7B, 0xAA7B, 0xAA7B, 0xAA7C, 0xAA7B,
  0xAA7B, 0xAA7B, 0xAA7B, 0xAE7B, 0xAE7B, 0xAE9B, 0xAE9B, 0xAE9B, 0xAE9B, 0xAE9B, 0xA65C, 0xA23D, 0xA23D, 0xA23D, 0xA63D, 0xA1BA,
  0xA179, 0xA179, 0xA179, 0x9D79, 0xA179, 0xA199, 0xA199, 0xA158, 0xA158, 0xA158, 0xA178, 0xA178, 0xA199, 0xA1DB, 0x9DBA, 0xA1DB,
  0xA199, 0xA178, 0xA178, 0xA158, 0xA178, 0xA158, 0x9DBB, 0x9E5E, 0x9E3E, 0x9A5F, 0x9A7F, 0x9A7F, 0x9A5F, 0x9E3E, 0x9DBB, 0xA179,
  0xA158, 0xA158, 0xA158, 0xA158, 0xA158, 0xA158, 0x9D78, 0x9D78, 0x9D78, 0x9D78, 0x9D78, 0x9D78, 0xA179, 0xA1BA, 0xA1BA, 0xA199,
  0xA199, 0xA179, 0xA178, 0xA179, 0xA178, 0xA178, 0xA178, 0xA178, 0xA178, 0xA179, 0xA177, 0xA1AF, 0xA1A9, 0xA586, 0xA9A8, 0xA9A7,
  0xA9C8, 0xA9C8, 0xA9A8, 0xA9A8, 0xA5A8, 0xA587, 0xA987, 0xA123, 0xA587, 0xA5C9, 0x9D45, 0xA124, 0xA123, 0xA524, 0xA524, 0xA524,
  0xA524, 0xA524, 0xA523, 0xA124, 0xA145, 0xA145, 0xA5CA, 0xA9CA, 0xA566, 0xA545, 0xA524, 0xA524, 0xA544, 0xA524, 0xA5AC, 0xA18C,
  0x9DAE, 0xA659, 0xA1D1, 0x95AC, 0x9A72, 0x95CA, 0x9A72, 0x9547, 0x9949, 0x9DCC, 0x9D08, 0xAE7A, 0xAA7B, 0xAA7B, 0xAA7B, 0xB2BD,
  0x9D8E, 0x9611, 0x962F, 0x91ED, 0x9652, 0x9546, 0x9904, 0x9924, 0x9987, 0x9547, 0x94C9, 0x9487, 0x9043, 0x98A9, 0x98CA, 0x98CA,
  0x9466, 0x9043, 0x9043, 0x90A4, 0x9988, 0x9528, 0x992A, 0x94E4, 0x9D03, 0x9904, 0x9D45, 0x9482, 0x992D, 0xAE7C, 0xAA7B, 0xAA7B,
  0xAA7B, 0xAE7A, 0xADEE, 0xADA6, 0xADC8, 0xADC9, 0xADC8, 0xA566, 0x8C62, 0xA125, 0xADC7, 0xADA6, 0xADA7, 0xA986, 0xAE32, 0xAE77,
  0xA9CB, 0xA9A6, 0xADA7, 0xADA7, 0xADA6, 0xADA7, 0xA9CB, 0xAE79, 0xAE10, 0xA9A5, 0xADA7, 0xADA7, 0xADA7, 0xADA6, 0xADA6, 0xADA6,
  0xB6DA, 0xB6DA, 0xB6DA, 0xB2DA, 0xAB3F, 0xAB5F, 0xAB5F, 0xAB5F, 0xAB5F, 0xAF5F, 0xAB3F, 0xAB3F, 0xAB3F, 0xAB3F, 0xAB3F, 0xAB3F,
  0xAB3F, 0xAB3F, 0xAB5F, 0xAB5F, 0xAB5F, 0xAB5F, 0xAB5F, 0xAB5F, 0xA73F, 0xA71F, 0xAB3F, 0xAF5F, 0xAF5F, 0xAF5F, 0xAB5F, 0xAB5F,
  0xAF1D, 0xB2B9, 0xB6B9, 0xB2B9, 0xB6D9, 0xB6D9, 0xB6D9, 0xB6D9, 0xB6D9, 0xB6DA, 0xB6DA, 0xB2D9, 0xB2D9, 0xB2B9, 0xB2D9, 0xB2D9,
  0xB2D9, 0xB2D9, 0xB6B8, 0xBA55, 0xBA55, 0xBA55, 0xBA55, 0xBA55, 0xBA55, 0xBA55, 0xBA55, 0xBA55, 0xBA55, 0xBA55, 0xBA55, 0xBA55,
  0xBA55, 0xBA55, 0xBA55, 0xBA55, 0xBA75, 0xB216, 0xADF7, 0xADF6, 0xA9D6, 0xA9D7, 0xA177, 0x9D58, 0x9D58, 0x9D58, 0x9D58, 0x9D58,
  0x9D58, 0x9D58, 0x9D58, 0x9D58, 0x9D58, 0x9D58, 0x9D79, 0x9DFC, 0x9DFC, 0x9DFC, 0x9DFC, 0x9DDC, 0x9E3E, 0x9E7F, 0x9E5F, 0x9E7F,
  0xA23E, 0xA199, 0xA178, 0x9DDB, 0x9DFC, 0x9DDC, 0x9E3E, 0x9A5F, 0x9A5F, 0x9A5F, 0x9A5F, 0x9A5F, 0x9A5F, 0x9A5F, 0x9E7F, 0x9E1D,
  0x9DFC, 0x9DFC, 0x9DFC, 0x9DFC, 0x9DFC, 0x9DFC, 0x9DFC, 0x9DFC, 0x9DFC, 0x9DFC, 0x9DFC, 0x9DDB, 0x9D99, 0xA158, 0x9D78, 0x9D78,
  0x9D58, 0x9D78, 0x9D78, 0x9D78, 0xA178, 0xA178, 0xA179, 0xA179, 0xA179, 0xA178, 0xA17A, 0xA154, 0xA12C, 0xA188, 0xA145, 0xA524,
  0xA545, 0xA986, 0xA566, 0xA566, 0xA545, 0xA103, 0xA124, 0xA188, 0xA1EB, 0xA60C, 0xA60C, 0xA5CA, 0xA145, 0xA104, 0xA524, 0xA524,
  0xA524, 0xA123, 0xA187, 0xA1EA, 0xA60D, 0xA60D, 0xA5EB, 0xA5C9, 0xA5A8, 0xA566, 0xA566, 0xA524, 0xA524, 0xA544, 0xA523, 0xA123,
  0xA123, 0xA145, 0x9CE2, 0x958B, 0x9A72, 0x95CA, 0x9A94, 0x9927, 0x98E7, 0x9DAD, 0xB612, 0xBE54, 0xBA54, 0xBA54, 0xBA54, 0xBE75,
  0xA58B, 0x9589, 0x9652, 0x9674, 0x960F, 0x9966, 0x9966, 0x9945, 0x9987, 0x9988, 0x94C5, 0x9042, 0x9063, 0x9065, 0x9466, 0x9485,
  0x9043, 0x9043, 0x9043, 0x94A5, 0x9947, 0x992F, 0x94E7, 0x9945, 0x9945, 0x9903, 0x9946, 0x9D04, 0x8C62, 0xB1F0, 0xBE75, 0xBA53,
  0xBA54, 0xB20F, 0xADA7, 0xADA7, 0xADA6, 0xADA6, 0xADA6, 0xADC7, 0xA566, 0xA966, 0xADC7, 0xADA7, 0xADA7, 0xA9A7, 0xA9C9, 0xADC9,
  0xAD86, 0xA124, 0xA124, 0xA985, 0xADA7, 0xA9C8, 0xA9EC, 0xAE33, 0xA9C9, 0xADA6, 0xADA7, 0xADA7, 0xADA6, 0xA5A7, 0xA1CA, 0xA9A7,
  0xA2BF, 0xA2BF, 0xAAFF, 0xAB1F, 0xA2BF, 0x9E9F, 0x9E9F, 0x9E9F, 0xA29F, 0x9E9F, 0x9E9F, 0xA29F, 0x9E9F, 0x9E9F, 0x9E9F, 0x9E9F,
  0x9E9F, 0xA2BF, 0xAB3F, 0xAB3F, 0xAB3F, 0xAB1F, 0xAB1F, 0xAB1F, 0xAB1F, 0xA2DF, 0x9E9F, 0xA29F, 0x9E9F, 0xA29F, 0x9E9F, 0x9E9F,
  0xA29E, 0xA65B, 0xA65C, 0xA65C, 0xA67B, 0xA65C, 0xA65C, 0xA65C, 0xA67C, 0xA65C, 0xA67C, 0xA67C, 0xA67C, 0xAA7C, 0xA67C, 0xA67C,
  0xA67C, 0xA67C, 0xA67C, 0xA67C, 0xA67C, 0xA67C, 0xA67C, 0xA67C, 0xA67C, 0xA67C, 0xA67C, 0xA67C, 0xA67C, 0xA67C, 0xA67C, 0xA67C,
  0xA67C, 0xA67C, 0xA67C, 0xA67C, 0xA67D, 0xA25E, 0x9E3E, 0xA23E, 0xA25E, 0xA27E, 0xA27E, 0xA27D, 0xA27D, 0xA27E, 0xA27D, 0xA27D,
  0xA27D, 0xA27D, 0xA25D, 0xA25D, 0xA25D, 0xA25D, 0x9E7E, 0x9E9F, 0x9E9F, 0x9E9F, 0x9A7F, 0x9EBF, 0x9A7F, 0x963F, 0x9A5F, 0x9A3F,
  0x9A5F, 0x9E3E, 0x9E1D, 0x9E7F, 0x9E9F, 0x9E7F, 0x9A7E, 0x9A7E, 0x9A7F, 0x9A7F, 0x9A7E, 0x9A7E, 0x9A5F, 0x963F, 0x9A5F, 0x9A5F,
  0x9A5F, 0x9A7F, 0x9A7F, 0x9A7F, 0x9A7F, 0x9A7F, 0x9A7F, 0x9A7F, 0x9A7F, 0x9A7F, 0x9A7F, 0x9E7F, 0x9E3E, 0x9E3E, 0x9E3E, 0x9E1E,
  0x9E1D, 0x9E1D, 0x9E1D, 0x9E3E, 0xA1DB, 0xA1BB, 0xA1BA, 0xA1B9, 0xA1DC, 0xA1DC, 0xA1D9, 0xA1B2, 0x9DAE, 0xA64F, 0xA5A8, 0xA544,
  0xA524, 0xA524, 0xA524, 0xA524, 0xA524, 0xA544, 0xA587, 0xA60C, 0xA22D, 0xA5CA, 0xA5A9, 0xA5C9, 0xA5A8, 0xA587, 0xA124, 0xA103,
  0xA124, 0xA1A9, 0xA62D, 0xA22E, 0xA22E, 0xA22E, 0xA5CA, 0xA587, 0xA145, 0xA103, 0xA566, 0xA587, 0xA566, 0xA524, 0xA524, 0xA144,
  0xA544, 0xA523, 0x9905, 0x9A54, 0x9630, 0x95AA, 0x9E72, 0x90C4, 0x94EA, 0xAA7C, 0xAA7D, 0xA67C, 0xA67C, 0xA67C, 0xA65C, 0xAA9D,
  0x9D8E, 0x95AA, 0x9AB6, 0x960E, 0x9A2F, 0x9946, 0x9DA7, 0x9946, 0x9967, 0x9988, 0x90C4, 0x8C42, 0x9043, 0x9043, 0x94A7, 0x9064,
  0x9063, 0x9043, 0x9043, 0x9063, 0x9064, 0xA5D5, 0x94E8, 0x9966, 0x9966, 0x9D03, 0x9945, 0x9D04, 0x9083, 0xA616, 0xAA9C, 0xAA7C,
  0xAE7B, 0xAE33, 0xADA8, 0xADA6, 0xADA7, 0xADA7, 0xADA7, 0xADA6, 0xADC7, 0xADC7, 0xADA7, 0xADA7, 0xADA6, 0xA5EB, 0xA20F, 0x9D24,
  0x9D24, 0x9D04, 0x9D24, 0x9D24, 0x9D68, 0xA253, 0x9E54, 0xA5CB, 0xA9A6, 0xA9A6, 0xADA7, 0xA9A6, 0xA5A8, 0x9E2F, 0x9A0F, 0xA587,
  0x9E7F, 0x9E7F, 0x9E7F, 0x9E7F, 0x9E7F, 0x9E7F, 0x9E7F, 0x9E7F, 0x9E7F, 0x9E7F, 0x9E7F, 0x9E7F, 0x9E7F, 0x9E7F, 0x9E7F, 0x9E7F,
  0x9E7F, 0x9E7F, 0x9E7F, 0x9E7F, 0x9E7F, 0x9E7F, 0x9E7F, 0x9E7F, 0x9E7F, 0x9E7F, 0x9E7F, 0x9E7F, 0x9E7F, 0x9E7F, 0x9E7F, 0x9E7F,
  0x9E7F, 0x9E7F, 0x9E7F, 0x9E7F, 0x9E7F, 0x9E7F, 0x9E7F, 0x9E7F, 0x9E7F, 0x9E7F, 0x9E7F, 0x9E7F, 0x9E7F, 0x9E7F, 0x9E7F, 0x9E7F,
  0x9E7F, 0x9E7F, 0x9E7F, 0x9E7F, 0x9E7F, 0x9E7F, 0x9E7F, 0x9E7F, 0x9E7F, 0x9E7F, 0x9E7F, 0x9E7F, 0x9E7F, 0x9E7F, 0x9E7F, 0x9E7F,
  0x9E7F, 0x9A7F, 0x9A7F, 0x9E7F, 0x9E7F, 0x9E7F, 0x9E7F, 0x9E7F, 0xA29F, 0xAB1F, 0xA6FF, 0xA6FF, 0xA6FF, 0xA6FF, 0xA6FF, 0xA6FF,
  0xA6FF, 0xA6FF, 0xA6FF, 0xA6FF, 0xA6FF, 0xA6FF, 0xA2DF, 0xA2DE, 0xA2DE, 0xA71F, 0xAB3F, 0xAB3F, 0xA2DE, 0xA2BE, 0xA2BE, 0xA2BF,
  0xA2BF, 0xA2BF, 0xA2BF, 0xAB1F, 0xAF5F, 0xAB3F, 0xAB3F, 0xAB3F, 0xAB3F, 0xAB3F, 0xAB3F, 0xAF3F, 0xA6FF, 0x9EBE, 0xA2BF, 0xA2BF,
  0xA2BE, 0x9E7F, 0x9A5F, 0x9A5F, 0x9A5F, 0x9A5F, 0x9A5F, 0x9A5F, 0x9A5F, 0x9A5F, 0x9A5F, 0x9A5F, 0x9A5F, 0x9A7F, 0x9E7F, 0x9E7F,
  0x9E7F, 0x9E7F, 0x9E5F, 0x9DFC, 0xA1DB, 0xA1BC, 0xA5F7, 0xA20F, 0xA1F2, 0xA1F2, 0xA1CC, 0xA22E, 0xA24F, 0xA1EB, 0xA5A8, 0xA125,
  0xA524, 0xA124, 0xA166, 0xA5EA, 0xA5EB, 0xA5C9, 0xA5A8, 0xA5A9, 0xA1A8, 0xA567, 0xA587, 0xA586, 0xA587, 0xA587, 0xA103, 0xA124,
  0xA5EA, 0xA60D, 0xA1A8, 0xA60C, 0xA22D, 0xA60B, 0xA9C8, 0xA9A7, 0xA124, 0xA103, 0xA587, 0xA587, 0xA5A8, 0xA587, 0xA124, 0xA524,
  0xA544, 0xA523, 0x9926, 0x9A96, 0x9610, 0x9988, 0x90E6, 0x994E, 0x9E1A, 0x9E7F, 0x9E7F, 0x9E7F, 0x9E7F, 0x9A7F, 0x9A5F, 0x9E9F,
  0x9590, 0x9A31, 0x9A30, 0x95CB, 0x9A73, 0x9987, 0x9987, 0x9966, 0x90E5, 0x9DAB, 0x90C5, 0x8C42, 0x9043, 0x9043, 0x98CA, 0x98A8,
  0x9043, 0x9064, 0x9064, 0x9043, 0x9043, 0x9D0C, 0x98E6, 0x9D66, 0x9D46, 0x9D03, 0x9D46, 0x9D04, 0x9083, 0x9DF9, 0xA29F, 0xA259,
  0xA5EF, 0xA9A8, 0xADA7, 0xADA6, 0xADA6, 0xADA6, 0xADA7, 0xADA7, 0xADA6, 0xADA7, 0xADC7, 0xADC7, 0xA5EC, 0x9DED, 0x9DAB, 0x9945,
  0x99AB, 0x99AB, 0x9947, 0x99AA, 0x95AA, 0x91AB, 0x9589, 0x9903, 0xA565, 0xA9A7, 0xA986, 0xA5C9, 0x9E0F, 0x9A31, 0x95AA, 0xA144,
  0x9E7F, 0x9E7F, 0x9E7F, 0x9E7F, 0x9E7F, 0x9E7F, 0x9E7F, 0x9E7F, 0x9E7F, 0x9E7F, 0x9E7F, 0x9E7F, 0x9E7F, 0x9E7F, 0x9E7F, 0x9E7F,
  0x9E7F, 0x9E7F, 0x9E7F, 0x9E7F, 0x9E7F, 0x9E7F, 0x9E7F, 0x9E7F, 0x9E7F, 0x9E7F, 0x9E7F, 0x9E7F, 0x9E7F, 0x9E7F, 0x9E7F, 0x9E7F,
  0x9E7F, 0x9E7F, 0x9E7F, 0x9E7F, 0x9E7F, 0x9E7F, 0x9E7F, 0x9E7F, 0x9E7F, 0x9E7F, 0x9E7F, 0x9E7F, 0x9E7F, 0x9E7F, 0x9E7F, 0x9E7F,
  0x9E7F, 0x9E7F, 0x9E7F, 0x9E7F, 0x9E7F, 0x9E7F, 0x9E7F, 0x9E7F, 0x9E7F, 0x9E7F, 0x9E9F, 0x9E9F, 0xA29F, 0x9E9F, 0xA29F, 0xA29F,
  0x9E9F, 0x9E9F, 0x9E9F, 0x9E7F, 0x9E7F, 0x9E7F, 0x9E7F, 0x9E7F, 0x9E7F, 0x9E7F, 0x9E5F, 0x9E7F, 0x9E7F, 0x9E7F, 0x9E5F, 0x9E7F,
  0x9E7F, 0x9E5F, 0x9A5F, 0x9A5F, 0x9A5F, 0x9E7E, 0xA6FE, 0xA6FF, 0xA6FE, 0xA71F, 0xAB3F, 0xAB3F, 0xAF5F, 0xAF7F, 0xAF7F, 0xAF7F,
  0xAF5F, 0xAF5F, 0xAF5F, 0xAF5F, 0xAF5F, 0xAF5F, 0xAB5F, 0xA71F, 0x9EBE, 0x9EBE, 0x9EBE, 0x9EBE, 0x9EBE, 0xA2BE, 0xAB3F, 0xAF5F,
  0xAF5F, 0xAB1F, 0xA6DF, 0x9E9F, 0x9E7F, 0x9E7F, 0x9A5F, 0x9A5F, 0x9A5F, 0x9A5F, 0x9A5F, 0x9A5F, 0x9A5F, 0x9E5F, 0x99DB, 0x9DDB,
  0x9DDB, 0x9DDB, 0x9DDB, 0xA179, 0xA199, 0xA1B6, 0xA1AE, 0xA1C9, 0xA1EB, 0xA20B, 0xA24F, 0xA250, 0xA62D, 0xA566, 0xA1A9, 0xA188,
  0xA167, 0xA1CA, 0xA20D, 0xA5CA, 0xA5EB, 0xA5EA, 0xA5C9, 0xA5C9, 0xA545, 0xA103, 0xA587, 0xA586, 0x9D04, 0x9D05, 0xA524, 0xA524,
  0xA5A8, 0xA5A8, 0xA566, 0xA5A8, 0xA5A8, 0xA587, 0xA9A7, 0xA144, 0xA565, 0xA545, 0xA9A8, 0xA123, 0xA145, 0xA166, 0xA124, 0xA124,
  0xA544, 0xA123, 0x9906, 0x9A96, 0x9610, 0x90C4, 0x94A3, 0xA18D, 0xA25B, 0x9A5E, 0x9E5F, 0x9E7F, 0x9E7F, 0x9E7F, 0x9A5E, 0xA29F,
  0x95B1, 0x9A2F, 0x95AA, 0x9A74, 0x9675, 0x99A9, 0x9567, 0x9966, 0x9505, 0x94E7, 0x9063, 0x9043, 0x9043, 0x9043, 0x94C9, 0x98CA,
  0x9465, 0x94C9, 0x990C, 0x8C42, 0x9042, 0x94EA, 0x94E6, 0x9D87, 0x9505, 0x9D25, 0x9946, 0x9D04, 0x9083, 0x9E19, 0xA25A, 0x9D89,
  0xA986, 0xADA6, 0xADA6, 0xADA6, 0xADA6, 0xADA6, 0xADA6, 0xADA6, 0xA9C8, 0xA9C9, 0xA144, 0xA144, 0x9E30, 0x998A, 0x9CE1, 0x9D46,
  0x99EE, 0x998A, 0x9547, 0x958A, 0x958A, 0x9969, 0x94E3, 0x9CE3, 0xAD86, 0xADA6, 0xA586, 0x9E30, 0x9A0F, 0x99ED, 0x99EC, 0xA565,
  0x9E7F, 0x9E7F, 0x9E7F, 0x9E7F, 0x9E7F, 0x9E7F, 0x9E7F, 0x9E7F, 0x9E7F, 0x9E7F, 0x9E7F, 0x9E7F, 0x9E7F, 0x9E7F, 0x9E7F, 0x9E7F,
  0x9E7F, 0x9E7F, 0x9E7F, 0x9E7F, 0x9E7F, 0x9E7F, 0x9E7F, 0x9E7F, 0x9E7F, 0x9E7F, 0x9E7F, 0x9E7F, 0x9E7F, 0x9E7F, 0x9E7F, 0x9E7F,
  0x9E7F, 0x9E7F, 0x9E7F, 0x9E7F, 0x9E7F, 0x9E7F, 0x9E7F, 0x9E7F, 0x9E7F, 0x9E7F, 0x9E7F, 0x9E7F, 0x9E7F, 0x9E7F, 0x9E7F, 0x9E7F,
  0x9E7F, 0x9E7F, 0x9E7F, 0x9E7F, 0x9E7F, 0x9E7F, 0x9E7F, 0x9E7F, 0x9E7F, 0x9E9F, 0xAAFF, 0xAAFF, 0xAAFF, 0xAAFF, 0xAAFF, 0xAAFF,
  0xA6FF, 0xA6FF, 0xA6DF, 0x9E7F, 0x9E7F, 0x9E7F, 0x9E7F, 0x9E7F, 0x9E7F, 0x9E7F, 0x9E7F, 0x9E7F, 0x9E7F, 0x9E7F, 0x9E7F, 0x9E7F,
  0x9E7F, 0x9E7F, 0x9E7F, 0x9E7F, 0x9E7F, 0x9E7F, 0x9E9F, 0x9E9F, 0x9E9F, 0x9E9F, 0x9E7F, 0x9E7F, 0xA6FF, 0xA71F, 0xA71F, 0xAB1F,
  0xA71F, 0xA6FF, 0xA6FF, 0xA6FF, 0xA6FF, 0xA6FF, 0xAB3F, 0xAF5F, 0xAB3F, 0xAB3F, 0xAB3F, 0xAB3F, 0xAB3F, 0xA2DE, 0x9EBE, 0x9E9F,
  0x9E7F, 0xA2BF, 0xAB1F, 0xA6FF, 0xA6FF, 0xA6DF, 0x9A7F, 0x9A5F, 0x9A5F, 0x9A5F, 0x9A5F, 0x9A5F, 0x9A3E, 0x9DFD, 0x9DFC, 0x9DFC,
  0x9DFC, 0x9DFC, 0xA1FC, 0xA19A, 0xA599, 0xA18C, 0xA1A8, 0xA64F, 0xA24F, 0xA20D, 0xA22E, 0xA1EB, 0xA5A7, 0xA9A7, 0xA20C, 0xA64E,
  0xA1EB, 0xA24E, 0xA1EB, 0xA5A8, 0xA5CA, 0xA60C, 0xA5A8, 0xA9A8, 0xA565, 0xA544, 0xA565, 0xA124, 0xA103, 0xA104, 0xA124, 0xA123,
  0xA545, 0xA987, 0xA987, 0xA586, 0xA586, 0xA9A7, 0xA586, 0xA123, 0xA545, 0xA544, 0xA545, 0xA524, 0xA124, 0xA124, 0xA124, 0xA124,
  0xA144, 0xA524, 0x9927, 0x9A75, 0x95EE, 0x9083, 0xA0E3, 0xA103, 0x9905, 0xA218, 0x9A7F, 0x9A5F, 0x9E5D, 0x9E39, 0xA29F, 0x9E7F,
  0x9E7C, 0x9A30, 0x95CC, 0x9697, 0x9632, 0x9589, 0x9A0D, 0x9545, 0x9524, 0x90C5, 0x8C85, 0x8C42, 0x9043, 0x9043, 0x94C9, 0x98CB,
  0x9487, 0x8C23, 0x9D92, 0x94C8, 0x8C64, 0xAA5B, 0x9DB1, 0x9508, 0x94E8, 0x9D68, 0x9D25, 0x9D04, 0x9083, 0x9DF9, 0xA27E, 0xA25B,
  0xAA35, 0xA986, 0xADA6, 0xADA6, 0xADA6, 0xADA7, 0xA9A7, 0xA1EB, 0x9DEE, 0xA1ED, 0x9DAA, 0x9946, 0x9A0F, 0x9DED, 0x9D03, 0x9D04,
  0x9D89, 0x9925, 0x99AB, 0x9569, 0x998A, 0x9504, 0x98A1, 0x9D03, 0xA966, 0xA987, 0x9DAA, 0x9A74, 0x95AB, 0x958A, 0x99CC, 0xA145,
  0x9E7F, 0x9E7F, 0x9E7F, 0x9E7F, 0x9E7F, 0x9E7F, 0x9E7F, 0x9E7F, 0x9E7F, 0x9E7F, 0x9E7F, 0x9E7F, 0x9E7F, 0x9E7F, 0x9E7F, 0x9E7F,
  0x9E7F, 0x9E7F, 0x9E7F, 0x9E7F, 0x9E7F, 0x9E7F, 0x9E7F, 0x9E7F, 0x9E7F, 0x9E7F, 0x9E7F, 0x9E7F, 0x9E7F, 0x9E7F, 0x9E7F, 0x9E7F,
  0x9E7F, 0x9E7F, 0x9E7F, 0x9E7F, 0x9E7F, 0x9E7F, 0x9E7F, 0x9E7F, 0x9E7F, 0x9E7F, 0x9E7F, 0x9E7F, 0x9E7F, 0x9E7F, 0x9E7F, 0x9E7F,
  0x9E7F, 0x9E7F, 0x9E7F, 0x9E7F, 0x9E7F, 0x9E7F, 0x9E7F, 0x9E7F, 0x9E7F, 0x9E7F, 0x9E7F, 0x9E7F, 0x9E7F, 0x9E7F, 0x9E7F, 0x9E7F,
  0x9E7F, 0x9E7F, 0x9E7F, 0x9E7F, 0x9E7F, 0x9E7F, 0x9E7F, 0x9E7F, 0x9E7F, 0x9E7F, 0x9E7F, 0x9E7F, 0x9E7F, 0x9E7F, 0x9E7F, 0x9E7F,
  0x9E7F, 0x9E7F, 0x9E7F, 0x9E7F, 0x9E7F, 0x9E7F, 0x9E7F, 0x9E7F, 0x9E7F, 0x9E7F, 0x9E7F, 0x9E7F, 0x9E7F, 0x9E7F, 0x9E7F, 0x9E7F,
  0x9E7F, 0x9E7F, 0x9E7F, 0x9E7F, 0x9E7F, 0x9E7E, 0xA2BF, 0xA6DF, 0xA6FF, 0xA6DF, 0xA6DF, 0xA6DF, 0xA2DF, 0xA2DF, 0xA2BF, 0x9A7F,
  0x9E5F, 0x9E7F, 0x9A7F, 0x9E7F, 0x9E7F, 0x9A5F, 0x9A5F, 0x9A5F, 0x9A5F, 0x9A5F, 0x9A5F, 0x9A5F, 0x9A3E, 0x99FC, 0x9DFC, 0x9DFC,
  0x9E1D, 0x9E1D, 0x9DFC, 0xA21D, 0xA1F7, 0xA1CB, 0xA60B, 0xA1EA, 0xA5C9, 0xA188, 0xA20C, 0xA1A8, 0xA5EA, 0xA5C9, 0xA62D, 0xA20B,
  0xA5C8, 0xA5EA, 0xA5A8, 0xA9A8, 0xA5C9, 0xA5CA, 0xA587, 0xA566, 0xA545, 0xA545, 0xA524, 0xA0E3, 0xA103, 0xA524, 0xA524, 0xA524,
  0xA124, 0xA524, 0xA966, 0xA9A8, 0xA9A7, 0xA545, 0xA544, 0xA124, 0xA124, 0xA524, 0xA524, 0xA544, 0xA544, 0xA544, 0xA124, 0xA124,
  0xA144, 0xA523, 0x9926, 0x9A73, 0x95ED, 0x98C3, 0xA124, 0xA124, 0xA124, 0xA1AE, 0x9E7E, 0x9E7F, 0xA27E, 0xA1CE, 0xA611, 0xA69F,
  0xA69D, 0x95CC, 0x9631, 0x9253, 0x9611, 0x9589, 0x9A0D, 0x9588, 0x9588, 0x9DAE, 0xAA38, 0x9086, 0x9042, 0x9043, 0x98CA, 0x98CA,
  0x9487, 0x8C22, 0xA16E, 0xADF1, 0x98E7, 0xB255, 0xA1F5, 0x9DB5, 0x90EB, 0x9967, 0x9D03, 0x9D03, 0x9083, 0x9DF8, 0xA27F, 0xA27F,
  0xAA36, 0xA986, 0xADA6, 0xADA6, 0xADA7, 0xA986, 0xA5CB, 0x9E0F, 0x9525, 0x9903, 0x9D04, 0x9D46, 0x9DED, 0x9989, 0x9D67, 0x9DCB,
  0x9D88, 0x9904, 0x99AB, 0x9526, 0x9904, 0x98C2, 0x9CE2, 0x98C2, 0x98C2, 0x9D04, 0x9926, 0x99EE, 0x99AB, 0x9989, 0x9926, 0x9D26,
  0x9E7F, 0x9E7F, 0x9E7F, 0x9E7F, 0x9E7F, 0x9E7F, 0x9E7F, 0x9E7F, 0x9E7F, 0x9E7F, 0x9E7F, 0x9E7F, 0x9E7F, 0x9E7F, 0x9E7F, 0x9E7F,
  0x9E7F, 0x9E7F, 0x9E7F, 0x9E7F, 0x9E7F, 0x9E7F, 0x9E7F, 0x9E7F, 0x9E7F, 0x9E7F, 0x9E7F, 0x9E7F, 0x9E7F, 0x9E7F, 0x9E7F, 0x9E7F,
  0x9E7F, 0x9E7F, 0x9E7F, 0x9E7F, 0x9E7F, 0x9E7F, 0x9E7F, 0x9E7F, 0x9E7F, 0x9E7F, 0x9E7F, 0x9E7F, 0x9E7F, 0x9E7F, 0x9E7F, 0x9E7F,
  0x9E7F, 0x9E7F, 0x9E7F, 0x9E7F, 0x9E7F, 0x9E7F, 0x9E7F, 0x9E7F, 0x9E7F, 0x9E7F, 0x9E7F, 0x9E7F, 0x9E7F, 0x9E7F, 0x9E7F, 0x9E7F,
  0x9E7F, 0x9E7F, 0x9E7F, 0x9E7F, 0x9E7F, 0x9E7F, 0x9E7F, 0x9E7F, 0x9E7F, 0x9E7F, 0x9E7F, 0x9E7F, 0x9E7F, 0x9E7F, 0x9E7F, 0x9E7F,
  0x9E7F, 0x9E7F, 0x9E7F, 0x9E7F, 0x9E7F, 0x9E7F, 0x9E7F, 0x9E7F, 0x9E7F, 0x9E7F, 0x9E7F, 0x9E7F, 0x9E7F, 0x9E7F, 0x9E7F, 0x9E7F,
  0x9E7F, 0x9E7F, 0x9E7F, 0x9E7F, 0x9E7F, 0x9E7F, 0x9E7F, 0x9A5F, 0x9E5F, 0x9E5F, 0x9E5F, 0x9E5F, 0x9A5F, 0x9A5F, 0x9A5F, 0x9A5F,
  0x9A7F, 0x9E7F, 0x9E7F, 0x9A7F, 0x9E7F, 0x9E7E, 0x9E7E, 0x9A5E, 0x9A5F, 0x9A5F, 0x9A5F, 0x9A5F, 0x9A7F, 0x9A7F, 0x9A7F, 0x9E7F,
  0x9E7F, 0x9E7F, 0x9E7F, 0xA25B, 0x9DEE, 0xA62D, 0xA60C, 0xA5EA, 0xA60C, 0xA5A8, 0xA5A9, 0xA9C9, 0xA5C9, 0xA5CA, 0xA5CA, 0xA5A8,
  0xA9C8, 0xA5C8, 0xA9C8, 0xA9C9, 0xA987, 0xA544, 0xA986, 0xA545, 0x9CE3, 0xA0E3, 0xA0E2, 0xA0E3, 0xA124, 0xA524, 0xA524, 0xA124,
  0xA124, 0xA103, 0xA124, 0xA565, 0xA986, 0xA103, 0xA124, 0xA124, 0xA524, 0xA124, 0xA544, 0xA544, 0xA544, 0xA544, 0xA544, 0xA544,
  0xA544, 0xA523, 0x9506, 0x9E94, 0x9127, 0x98A2, 0xA124, 0xA124, 0xA123, 0xA146, 0xA239, 0x9E7F, 0xA67C, 0xAE33, 0xA986, 0xADEE,
  0xA9ED, 0x9566, 0x9654, 0x9254, 0x9631, 0x9588, 0x9A0D, 0x99CC, 0x8CC4, 0x910D, 0xAEDF, 0x90C9, 0x9482, 0x9063, 0x9066, 0x98C9,
  0x98A9, 0x8C23, 0x9D05, 0xB1EA, 0xA986, 0xA9A6, 0xAA0D, 0xAA56, 0x8CE9, 0x9D87, 0x9D03, 0xA103, 0x9083, 0x9DF8, 0xA69E, 0xA658,
  0xA9CA, 0xADA6, 0xADA6, 0xADA6, 0xADA6, 0xADA6, 0xA9C8, 0xA5A8, 0xA544, 0xA188, 0x9D47, 0x98E3, 0x9925, 0x9968, 0x9925, 0x9946,
  0x9D46, 0x9904, 0x99AB, 0x9925, 0x9CC1, 0x9CE2, 0xA104, 0xA124, 0xA124, 0x9CC2, 0x9CA1, 0x98C2, 0x9946, 0x9926, 0x9CE3, 0x98E3,
  0x9E7F, 0x9E7F, 0x9E7F, 0x9E7F, 0x9E7F, 0x9E7F, 0x9E7F, 0x9E7F, 0x9E7F, 0x9E7F, 0x9E7F, 0x9E7F, 0x9E7F, 0x9E7F, 0x9E7F, 0x9E7F,
  0x9E7F, 0x9E7F, 0x9E7F, 0x9E7F, 0x9E7F, 0x9E7F, 0x9E7F, 0x9E7F, 0x9E7F, 0x9E7F, 0x9E7F, 0x9E7F, 0x9E7F, 0x9E7F, 0x9E7F, 0x9E7F,
  0x9E7F, 0x9E7F, 0x9E7F, 0x9E7F, 0x9E7F, 0x9E7F, 0x9E7F, 0x9E7F, 0x9E7F, 0x9E7F, 0x9E7F, 0x9E7F, 0x9E7F, 0x9E7F, 0x9E7F, 0x9E7F,
  0x9E7F, 0x9E7F, 0x9E7F, 0x9E7F, 0x9E7F, 0x9E7F, 0x9E7F, 0x9E7F, 0x9E7F, 0x9E7F, 0x9E7F, 0x9E7F, 0x9E7F, 0x9E7F, 0x9E7F, 0x9E7F,
  0x9E7F, 0x9E7F, 0x9E7F, 0x9E7F, 0x9E7F, 0x9E7F, 0x9E7F, 0x9E7F, 0x9E7F, 0x9E7F, 0x9E7F, 0x9E7F, 0x9E7F, 0x9E7F, 0x9E7F, 0x9E7F,
  0x9E7F, 0x9E7F, 0x9E7F, 0x9E7F, 0x9E7F, 0x9E7F, 0x9E7F, 0x9E7F, 0x9E7F, 0x9E7F, 0x9E7F, 0x9E7F, 0x9E7F, 0x9E7F, 0x9E7F, 0x9E7F,
  0x9E7F, 0x9E7F, 0x9E7F, 0x9E7F, 0x9E7F, 0x9E7F, 0x9E7F, 0x9E7F, 0x9E7F, 0x9E7F, 0x9E7F, 0x9E7F, 0x9E7F, 0x9E7F, 0x9E7F, 0x9E7F,
  0x9A7F, 0x9A5F, 0x9A7F, 0x9E7D, 0x9E14, 0x9D8B, 0x996C, 0x9E3B, 0x9A7F, 0x9A5F, 0x9A5F, 0x9A5F, 0x9A5F, 0x9A5F, 0x9A5F, 0x9A5F,
  0x9A5F, 0x9A5F, 0x9E7E, 0xA231, 0xA20B, 0xA60B, 0xA1A9, 0xA64E, 0xA62E, 0xA5A8, 0xA9C8, 0xA587, 0xA5A8, 0xA5EA, 0xA5A9, 0xA588,
  0xA5A8, 0xA9C9, 0xA587, 0xA544, 0xA544, 0xA544, 0xAD86, 0xA103, 0xA523, 0xA103, 0xA129, 0xA128, 0x9CE2, 0xA124, 0xA524, 0xA524,
  0xA524, 0xA524, 0xA523, 0xA0E4, 0xA104, 0xA544, 0xA104, 0x9CE4, 0xA105, 0xA104, 0xA524, 0xA544, 0xA124, 0xA104, 0xA124, 0xA544,
  0xA544, 0xA524, 0x9D46, 0x9DAB, 0x94A2, 0xA104, 0xA124, 0xA124, 0xA103, 0xA169, 0x9DD4, 0xA27F, 0xA1CE, 0xA586, 0xADA7, 0xADA6,
  0xADC7, 0x9D24, 0x918B, 0x9A95, 0x9632, 0x95A9, 0x95EB, 0x9A50, 0x8D08, 0xA1D2, 0xAA56, 0x9508, 0xA986, 0xA145, 0x8C64, 0x94C9,
  0x98A9, 0x9044, 0xA105, 0xADC7, 0xADA7, 0xADA7, 0xA986, 0xA9A8, 0x994A, 0x9905, 0xA123, 0xA103, 0x9083, 0xA1F5, 0xAA0F, 0xA9A7,
  0xADA7, 0xADA7, 0xADA7, 0xADA6, 0xADA6, 0xADA7, 0xADA6, 0xADA6, 0xB1C7, 0xA9A7, 0x9526, 0x9D8A, 0x94C2, 0x998A, 0x9925, 0x98C1,
  0x9CE2, 0x98E2, 0x9947, 0x9946, 0x9CE3, 0x9CE2, 0x98C2, 0x9CE2, 0xA123, 0x9D04, 0x9D47, 0x9D04, 0x9967, 0x9988, 0x98E3, 0x98E3,
  0x9E7F, 0x9E7F, 0x9E7F, 0x9E7F, 0x9E7F, 0x9E7F, 0x9E7F, 0x9E7F, 0x9E7F, 0x9E7F, 0x9E7F, 0x9E7F, 0x9E7F, 0x9E7F, 0x9E7F, 0x9E7F,
  0x9E7F, 0x9E7F, 0x9E7F, 0x9E7F, 0x9E7F, 0x9E7F, 0x9E7F, 0x9E7F, 0x9E7F, 0x9E7F, 0x9E7F, 0x9E7F, 0x9E7F, 0x9E7F, 0x9E7F, 0x9E7F,
  0x9E7F, 0x9E7F, 0x9E7F, 0x9E7F, 0x9E7F, 0x9E7F, 0x9E7F, 0x9E7F, 0x9E7F, 0x9E7F, 0x9E7F, 0x9E7F, 0x9E7F, 0x9E7F, 0x9E7F, 0x9E7F,
  0x9E7F, 0x9E7F, 0x9E7F, 0x9E7F, 0x9E7F, 0x9E7F, 0x9E7F, 0x9E7F, 0x9E7F, 0x9E7F, 0x9E7F, 0x9E7F, 0x9E7F, 0x9E7F, 0x9E7F, 0x9E7F,
  0x9E7F, 0x9E7F, 0x9E7F, 0x9E7F, 0x9E7F, 0x9E7F, 0x9E7F, 0x9E7F, 0x9E7F, 0x9E7F, 0x9E7F, 0x9E7F, 0x9E7F, 0x9E7F, 0x9E7F, 0x9E7F,
  0x9E7F, 0x9E7F, 0x9E7F, 0x9E7F, 0x9E7F, 0x9E7F, 0x9E7F, 0x9E7F, 0x9E7F, 0x9E7F, 0x9E7F, 0x9E7F, 0x9E7F, 0x9E7F, 0x9E7F, 0x9E7F,
  0x9E7F, 0x9E7F, 0x9E7F, 0x9E7F, 0x9E7F, 0x9E7F, 0x9E7F, 0x9E7F, 0x9E7F, 0x9E7F, 0x9E7F, 0x9E7F, 0x9E7F, 0x9E7F, 0x9E7F, 0x9E7F,
  0x9E7F, 0x9E7F, 0xA27D, 0x99AD, 0x9D45, 0x98E4, 0x9DD5, 0x9E7F, 0x9A5F, 0x9A5F, 0x9A5F, 0x9A5F, 0x9A5F, 0x9E7F, 0x9E5F, 0x9A5F,
  0x9A5F, 0x9E7F, 0x9DD1, 0xA1EB, 0xA60C, 0xA5A7, 0xAA2C, 0xA62D, 0xA5C9, 0xA9C8, 0xA9C9, 0xA566, 0xA545, 0xA125, 0xA545, 0xA124,
  0xA566, 0xA545, 0xA524, 0xA524, 0xA524, 0xA104, 0xA524, 0xA103, 0xA524, 0xA524, 0x9D0B, 0xA129, 0x9CE3, 0x9CE3, 0xA524, 0xA524,
  0xA524, 0xA524, 0xA524, 0x9CC5, 0xA0E5, 0xA544, 0xA105, 0x9CE5, 0x9CC5, 0xA104, 0xA123, 0xA124, 0x9CE4, 0x9CC4, 0xA124, 0xA104,
  0xA124, 0xA544, 0xA124, 0x9CE3, 0xA524, 0xA123, 0xA123, 0x9CE2, 0x9D6C, 0x9DD3, 0xA25D, 0xA27E, 0xA636, 0xAA34, 0xA9CB, 0xA986,
  0xA9A7, 0xA565, 0x9925, 0x9653, 0x9696, 0x960D, 0x95C9, 0x9A51, 0x9149, 0xA566, 0xA9A7, 0xA9A7, 0xA9A7, 0xA9A7, 0x94C7, 0x9D2F,
  0x98CA, 0x9065, 0xA126, 0xADC7, 0xA9A6, 0xADA7, 0xADA7, 0xA9A7, 0xA9CA, 0x98C3, 0x9D03, 0x98C3, 0x98C4, 0xADCA, 0xADA7, 0xADA7,
  0xADA7, 0xADA7, 0xADA7, 0xADA7, 0xADA7, 0xADA7, 0xADA7, 0xADA7, 0xA966, 0xA123, 0x9905, 0x9947, 0x9526, 0x9989, 0x98E4, 0x98C2,
  0x9925, 0x9926, 0x9D46, 0x9904, 0x9D89, 0x9904, 0x9DAC, 0x9D8A, 0x98C2, 0x9925, 0xA1CB, 0x9904, 0x9989, 0x98E3, 0x98C2, 0x98C2,
  0x9E7F, 0x9E7F, 0x9E7F, 0x9E7F, 0x9E7F, 0x9E7F, 0x9E7F, 0x9E7F, 0x9E7F, 0x9E7F, 0x9E7F, 0x9E7F, 0x9E7F, 0x9E7F, 0x9E7F, 0x9E7F,
  0x9E7F, 0x9E7F, 0x9E7F, 0x9E7F, 0x9E7F, 0x9E7F, 0x9E7F, 0x9E7F, 0x9E7F, 0x9E7F, 0x9E7F, 0x9E7F, 0x9E7F, 0x9E7F, 0x9E7F, 0x9E7F,
  0x9E7F, 0x9E7F, 0x9E7F, 0x9E7F, 0x9E7F, 0x9E7F, 0x9E7F, 0x9E7F, 0x9E7F, 0x9E7F, 0x9E7F, 0x9E7F, 0x9E7F, 0x9E7F, 0x9E7F, 0x9E7F,
  0x9E7F, 0x9E7F, 0x9E7F, 0x9E7F, 0x9E7F, 0x9E7F, 0x9E7F, 0x9E7F, 0x9E7F, 0x9E7F, 0x9E7F, 0x9E7F, 0x9E7F, 0x9E7F, 0x9E7F, 0x9E7F,
  0x9E7F, 0x9E7F, 0x9E7F, 0x9E7F, 0x9E7F, 0x9E7F, 0x9E7F, 0x9E7F, 0x9E7F, 0x9E7F, 0x9E7F, 0x9E7F, 0x9E7F, 0x9E7F, 0x9E7F, 0x9E7F,
  0x9E7F, 0x9E7F, 0x9E7F, 0x9E7F, 0x9E7F, 0x9E7F, 0x9E7F, 0x9E7F, 0x9E7F, 0x9E7F, 0x9E7F, 0x9E7F, 0x9E7F, 0x9E7F, 0x9E7F, 0x9E7F,
  0x9E7F, 0x9E7F, 0x9E7F, 0x9E7F, 0x9E7F, 0x9E7F, 0x9E7F, 0x9E7F, 0x9E7F, 0x9E7F, 0x9E7F, 0x9E7F, 0x9E7F, 0x9E7F, 0x9E7F, 0x9E7F,
  0x9E7F, 0xA25B, 0x9DAC, 0x9D45, 0x98C3, 0x9DD5, 0x9E7F, 0x9A5F, 0x9E7F, 0x9E7F, 0x9E7F, 0x9E7F, 0x9E7F, 0x9E5F, 0x9E5F, 0x9E5F,
  0x9A5F, 0xA27E, 0x9D68, 0xA586, 0xA5C9, 0xA9A7, 0xA5A7, 0xA9A8, 0xA9A7, 0xA987, 0xA987, 0xA986, 0xA944, 0xA103, 0xA103, 0xA524,
  0xA104, 0xA103, 0xA524, 0xA524, 0xA105, 0x9CC6, 0xA104, 0xA523, 0xA523, 0xA524, 0x98A6, 0x98C5, 0xA524, 0x9CE3, 0xA103, 0xA524,
  0xA523, 0xA523, 0x9CE5, 0x9CC5, 0xA104, 0xA124, 0x9D05, 0x98C5, 0xA105, 0xA124, 0xA124, 0xA0E4, 0x9CC5, 0x9CE5, 0xA104, 0x9CE4,
  0xA103, 0xA544, 0xA123, 0xA103, 0xA102, 0xA146, 0xA126, 0x9D4A, 0x9E5C, 0x9E5F, 0x9A5F, 0xA239, 0xA5AB, 0xA9EE, 0xADEE, 0xA986,
  0xA9A6, 0xADC7, 0xA165, 0x9610, 0x96B9, 0x9630, 0x99A9, 0x95AA, 0x9548, 0xA545, 0xADA7, 0xA9A6, 0xA9A7, 0xA987, 0x94C7, 0xA173,
  0x9CEC, 0x9466, 0x9CE6, 0xADA8, 0xA9A7, 0xADA7, 0xADA7, 0xA9A7, 0xADA6, 0xA124, 0x94A2, 0x94A3, 0x9D05, 0xADC7, 0xADA7, 0xADA7,
  0xADA7, 0xADA7, 0xADA7, 0xADA7, 0xADA7, 0xA9A6, 0xADA7, 0xA545, 0x9CE2, 0x9CC2, 0x9CE3, 0x9525, 0x9947, 0x98E3, 0x98C2, 0x98A1,
  0x9947, 0x9DAB, 0x98E3, 0x98E2, 0x9D89, 0x9968, 0x998A, 0x99AA, 0x9D88, 0x9D46, 0x98E3, 0x9926, 0x9DCC, 0x98E3, 0x9CE2, 0x98E2,
  0x9E7F, 0x9E7F, 0x9E7F, 0x9E7F, 0x9E7F, 0x9E7F, 0x9E7F, 0x9E7F, 0x9E7F, 0x9E7F, 0x9E7F, 0x9E7F, 0x9E7F, 0x9E7F, 0x9E7F, 0x9E7F,
  0x9E7F, 0x9E7F, 0x9E7F, 0x9E7F, 0x9E7F, 0x9E7F, 0x9E7F, 0x9E7F, 0x9E7F, 0x9E7F, 0x9E7F, 0x9E7F, 0x9E7F, 0x9E7F, 0x9E7F, 0x9E7F,
  0x9E7F, 0x9E7F, 0x9E7F, 0x9E7F, 0x9E7F, 0x9E7F, 0x9E7F, 0x9E7F, 0x9E7F, 0x9E7F, 0x9E7F, 0x9E7F, 0x9E7F, 0x9E7F, 0x9E7F, 0x9E7F,
  0x9E7F, 0x9E7F, 0x9E7F, 0x9E7F, 0x9E7F, 0x9E7F, 0x9E7F, 0x9E7F, 0x9E7F, 0x9E7F, 0x9E7F, 0x9E7F, 0x9E7F, 0x9E7F, 0x9E7F, 0x9E7F,
  0x9E7F, 0x9E7F, 0x9E7F, 0x9E7F, 0x9E7F, 0x9E7F, 0x9E7F, 0x9E7F, 0x9E7F, 0x9E7F, 0x9E7F, 0x9E7F, 0x9E7F, 0x9E7F, 0x9E7F, 0x9E7F,
  0x9E7F, 0x9E7F, 0x9E7F, 0x9E7F, 0x9E7F, 0x9E7F, 0x9E7F, 0x9E7F, 0x9E7F, 0x9E7F, 0x9E7F, 0x9E7F, 0x9E7F, 0x9E7F, 0x9E7F, 0x9E7F,
  0x9E7F, 0x9E7F, 0x9E7F, 0x9E7F, 0x9E7F, 0x9E7F, 0x9E7F, 0x9E7F, 0x9E7F, 0x9E9F, 0xA29F, 0x9E7E, 0xA27E, 0xA27E, 0x9E7F, 0x9A5F,
  0x9E7F, 0xA235, 0x9D66, 0x9CE3, 0x9D6E, 0xA27F, 0x9A19, 0x9E15, 0x9DD2, 0x9DD2, 0x9DD1, 0x99B1, 0x9E3A, 0x9E7F, 0x9A5F, 0x9E7F,
  0x9A7F, 0x9E7F, 0xA1F2, 0x9D45, 0xA166, 0xA9A8, 0xA987, 0xA545, 0xA545, 0xA524, 0xA103, 0xA524, 0xA544, 0xA0E3, 0xA103, 0xA0E3,
  0xA103, 0xA103, 0xA103, 0xA103, 0xA104, 0x9CC5, 0x9CC6, 0xA104, 0xA523, 0xA104, 0x9CC6, 0x98C6, 0xA524, 0xA524, 0x9CE3, 0xA103,
  0xA544, 0xA104, 0x9CC6, 0x9CC5, 0xA103, 0xA103, 0x9CC5, 0x9CE5, 0xA123, 0xA103, 0xA104, 0x9CC5, 0x9CC6, 0x9CE5, 0xA103, 0xA103,
  0xA148, 0xA103, 0xA104, 0x9D04, 0x9D6B, 0xA637, 0xA639, 0xA25B, 0x9E5F, 0x9A5F, 0xA239, 0xA9F0, 0xADA9, 0xA985, 0xA9A7, 0xADA7,
  0xADA6, 0xA9A7, 0xA586, 0x9569, 0x9676, 0x9630, 0x99A9, 0x9505, 0x90E4, 0xA566, 0xA9A7, 0xA9A7, 0xADC7, 0xADA7, 0x94C7, 0xA172,
  0x98EC, 0x98CA, 0x9064, 0xA567, 0xADC8, 0xADA6, 0xADA7, 0xADA7, 0xADA7, 0xADA7, 0x9D04, 0x8C41, 0x9D05, 0xADC7, 0xADA7, 0xADC7,
  0xADC7, 0xADA7, 0xA9A6, 0xA965, 0xA966, 0xADC7, 0xA9A6, 0x9CE2, 0x98C2, 0x9D04, 0x9946, 0xA251, 0x9926, 0x98A2, 0x98C2, 0x98C2,
  0x98E3, 0x9904, 0x98E3, 0x9CE3, 0x9CE3, 0x98E3, 0x9D67, 0x9D45, 0x9D04, 0x98C2, 0x9947, 0xA20F, 0x9904, 0x9CE2, 0x9CE2, 0x9D23,
  0x9DFC, 0xA25F, 0x9E7F, 0x9E9F, 0x9E9F, 0x9E7F, 0x9E7F, 0x9E9F, 0x9E7F, 0x9E7F, 0x9E7F, 0x9E7F, 0x9E7F, 0x9E7F, 0x9E7F, 0x9E7F,
  0x9E7F, 0x9E7F, 0x9E7F, 0x9E7F, 0x9E7F, 0x9E7F, 0x9E7F, 0x9E7F, 0x9E7F, 0x9E7F, 0x9E7F, 0x9E7F, 0x9E7F, 0x9E7F, 0x9E7F, 0x9E7F,
  0x9E7F, 0x9E7F, 0x9E7F, 0x9E7F, 0x9E7F, 0x9E7F, 0x9E7F, 0x9E7F, 0x9E7F, 0x9E7F, 0x9E7F, 0x9E7F, 0x9E7F, 0x9E7F, 0x9E7F, 0x9E7F,
  0x9E7F, 0x9E7F, 0x9E7F, 0x9E7F, 0x9E7F, 0x9E7F, 0x9E7F, 0x9E7F, 0x9E7F, 0x9E7F, 0x9E7F, 0x9E7F, 0x9E7F, 0x9E7F, 0x9E7F, 0x9E7F,
  0x9E7F, 0xAAFF, 0xAAFF, 0xA6DF, 0x9E7F, 0x9E7F, 0x9E7F, 0x9E7F, 0x9E7F, 0x9E7F, 0x9E7F, 0x9E7F, 0x9E7F, 0x9E7F, 0x9E7F, 0x9E7F,
  0x9E7F, 0x9E7F, 0x9E7F, 0x9E7F, 0x9E7F, 0x9E7F, 0x9E7F, 0x9E7F, 0x9E7F, 0x9E7F, 0x9E7F, 0x9E7F, 0x9E7F, 0x9E7F, 0x9E7F, 0x9E7F,
  0x9E7F, 0x9E7F, 0x9E7F, 0x9E7F, 0x9E7F, 0x9E7F, 0x9E7F, 0x9E7E, 0x9E35, 0x9DEE, 0x9DCD, 0xA230, 0x9DCD, 0x99CF, 0xA25B, 0x9E7F,
  0x9E5C, 0x9DAB, 0xA166, 0x9CC3, 0xA1D5, 0xA259, 0x9D89, 0x9D45, 0x9CE2, 0x98E3, 0x9906, 0x996D, 0xA25C, 0x9E7F, 0x9E7F, 0x9E7F,
  0x9E7F, 0x9E7F, 0xA27E, 0xA239, 0xA637, 0xA146, 0xA523, 0xA102, 0xA102, 0xA524, 0xA503, 0x9CC2, 0x9CE5, 0xA12A, 0xA105, 0xA127,
  0xA104, 0xA102, 0xA103, 0x9CE1, 0xA0E2, 0xA104, 0x9CE6, 0x9CC6, 0xA104, 0xA523, 0xA0E3, 0x9CC6, 0x9CE6, 0xA0E3, 0x9D06, 0x9D28,
  0xA104, 0x9CC5, 0x9CC7, 0x9CE8, 0xA127, 0xA126, 0x98C5, 0x9CE6, 0x9D27, 0xA127, 0x9CE5, 0x98C5, 0x98A3, 0x9CC2, 0x9CE4, 0x9D8E,
  0xA5F3, 0x94E5, 0xA5F3, 0xA238, 0xA6BF, 0xA2BF, 0xA29F, 0x9E9F, 0x9E7F, 0x9E7F, 0xA5F1, 0xA985, 0xADA6, 0xADA7, 0xADA7, 0xADA7,
  0xADA7, 0xA9A6, 0xADA7, 0x98E3, 0x95F0, 0x9631, 0x9589, 0x94C3, 0xA546, 0xA987, 0xADA7, 0xADA7, 0xADC7, 0xADC7, 0x94A5, 0x9D50,
  0xA593, 0x98CA, 0x9064, 0xA566, 0xADC7, 0xADA7, 0xADA7, 0xADA7, 0xA9A7, 0xADA7, 0xA987, 0x9D04, 0xA986, 0xADA7, 0xADA7, 0xA9A7,
  0xA9C8, 0xA5A8, 0x9DA9, 0x9D46, 0xA103, 0xA566, 0xA1EC, 0x9968, 0x9D8A, 0x9DAB, 0x9946, 0x9D47, 0x98E3, 0x9CC2, 0x98C2, 0x9969,
  0x9948, 0x98E3, 0x9DCC, 0x9D46, 0xA146, 0x9D24, 0x9D24, 0xA166, 0x9CE3, 0x98E4, 0xA1CD, 0x9D68, 0xA144, 0xA144, 0x9D03, 0x9D24,
  0x9D78, 0x9D99, 0xA21D, 0x9E1C, 0x9DFC, 0x9DFC, 0x9DFC, 0xA1FC, 0x9DFC, 0x9E1D, 0xA29F, 0x9E7F, 0x9E7F, 0x9E7F, 0x9E7F, 0x9E7F,
  0x9E7F, 0x9E7F, 0x9E7F, 0x9E7F, 0x9E7F, 0x9E7F, 0x9E7F, 0x9E7F, 0x9E7F, 0x9E7F, 0x9E7F, 0x9E7F, 0x9E7F, 0x9E7F, 0x9E7F, 0x9E7F,
  0x9E7F, 0x9E7F, 0x9E7F, 0x9E7F, 0x9E7F, 0x9E7F, 0x9E7F, 0x9E7F, 0x9E7F, 0x9E7F, 0x9E7F, 0x9E7F, 0x9E7F, 0x9E7F, 0x9E7F, 0x9A7F,
  0x9A7F, 0x9E7F, 0x9E7F, 0x9E7F, 0x9E7F, 0x9E7F, 0x9A7F, 0x9E7F, 0x9E7F, 0x9E7F, 0x9E7F, 0x9E7F, 0x9E7F, 0x9E7F, 0x9E7F, 0x9E7F,
  0x9E7F, 0x9E7F, 0x9E7F, 0x9E7F, 0x9E7F, 0x9E7F, 0x9E7F, 0x9E7F, 0x9E7F, 0x9E7F, 0x9E7F, 0x9E7F, 0x9E7F, 0x9E7F, 0x9E7F, 0x9E7F,
  0x9E7F, 0x9E7F, 0x9E7F, 0x9E7F, 0x9E7F, 0x9E7F, 0x9E7F, 0x9E7F, 0x9E7F, 0x9E7F, 0x9E7F, 0x9E7F, 0x9E7F, 0x9E7F, 0x9E7F, 0x9E7F,
  0x9E7F, 0x9E7F, 0x9E7F, 0x9E7F, 0x9E7F, 0x9E7F, 0x9E7F, 0x9E5C, 0x95D2, 0x99CF, 0x9D8A, 0x9945, 0xA1C9, 0x9D87, 0x9D69, 0xA237,
  0xA67D, 0x9D68, 0xA103, 0x9D28, 0xA656, 0x9DCB, 0xA124, 0xA0E3, 0x98C3, 0x9D6F, 0xA27E, 0x9E7F, 0x9E7F, 0x9E7F, 0x9E7F, 0x9E7F,
  0x9E7F, 0x9E7F, 0x9E7F, 0x9E7F, 0x9E7E, 0x9DB0, 0x9907, 0xA18D, 0xA149, 0x9CE1, 0x9D05, 0x9D8F, 0x9D4E, 0x9D0B, 0x9D08, 0xAA5A,
  0xA216, 0x9D05, 0x9D06, 0xA18E, 0x9D6B, 0x9CE2, 0x9CC2, 0x98C6, 0x9CE4, 0x9CE3, 0xA548, 0x9CC4, 0x9CC7, 0x9CC4, 0x9D2B, 0xAA9E,
  0xA1B2, 0x9CC6, 0x98E8, 0xA5F4, 0xA58E, 0xA149, 0x98A4, 0xA191, 0xAEBF, 0xA1B1, 0x9482, 0x94E8, 0x9DB0, 0x9D6C, 0xA1D2, 0xA67B,
  0xA237, 0x99D5, 0xA29F, 0xA67C, 0x99B2, 0x9DD2, 0x9DD2, 0x9DD3, 0xA216, 0xA67C, 0xAE34, 0xADC8, 0xADA7, 0xADA6, 0xADA7, 0xADA7,
  0xADA7, 0xADA7, 0xADA7, 0xA965, 0x9548, 0x9A54, 0x95AA, 0x9D25, 0xADC8, 0xADA7, 0xA966, 0xA986, 0xADA7, 0xAD86, 0xA104, 0x994F,
  0xA5D7, 0x98EB, 0x9065, 0xA105, 0xADA7, 0xADA7, 0xADA7, 0xADA7, 0xA9A7, 0xA9A7, 0xA9A7, 0xADC7, 0xADA7, 0xADA7, 0xA9A8, 0x9DED,
  0x9A30, 0x99CC, 0x95CC, 0x9E51, 0x9D47, 0x9D25, 0x9A30, 0x95EE, 0x998A, 0x9969, 0x9D69, 0x98C2, 0x9CC2, 0x98C2, 0x98C3, 0x9DCC,
  0x99CC, 0x9904, 0x9D47, 0x98C2, 0x9CE2, 0x9CC2, 0x9D03, 0xA124, 0x9D03, 0x9CE2, 0x98E3, 0x98E2, 0x9D03, 0xA145, 0xA145, 0xA145,
  0xA178, 0xA158, 0x9D58, 0x9D78, 0x9D58, 0x9D58, 0x9D78, 0x9D58, 0x9D57, 0x9D78, 0x9DDB, 0x9DDB, 0xA25F, 0x9E5F, 0x9E5F, 0x9E7F,
  0x9E7F, 0x9E7F, 0x9E7F, 0x9E7F, 0x9E7F, 0x9E7F, 0x9E7F, 0x9E7F, 0x9E7F, 0x9E7F, 0x9E7F, 0x9E7F, 0x9E7F, 0x9E7F, 0x9E7F, 0x9E7F,
  0x9E7F, 0x9E7F, 0x9E7F, 0x9E7F, 0x9E7F, 0x9E7F, 0x9E7F, 0x9E7F, 0x9E7F, 0x9E7F, 0x9E7F, 0x9E7F, 0x9E7F, 0x9E7F, 0x9E9F, 0xA6FF,
  0xA71F, 0xA6FF, 0xA71F, 0xA71F, 0xA71F, 0xA6FF, 0xA71F, 0xA2BF, 0x9E7F, 0x9E9F, 0x9E9F, 0x9E7F, 0x9E7F, 0x9E7F, 0x9E7F, 0x9E7F,
  0x9E7F, 0x9E7F, 0x9E7F, 0x9E7F, 0x9E7F, 0x9E7F, 0x9E7F, 0x9E7F, 0x9E7F, 0x9E7F, 0x9E7F, 0x9E7F, 0x9E7F, 0x9E7F, 0x9E7F, 0x9E7F,
  0x9E7F, 0x9E7F, 0x9E7F, 0x9E7F, 0x9E7F, 0x9E7F, 0x9E7F, 0x9E7F, 0x9E7F, 0x9E7F, 0x9E7F, 0x9E7F, 0x9E7F, 0x9E7F, 0x9E7F, 0x9E7F,
  0x9E7F, 0x9E7F, 0x9E7F, 0x9E7F, 0x9E7F, 0x9E7F, 0x9E7F, 0x9E7F, 0x9E7F, 0xA29F, 0xA25C, 0xA1F3, 0x9D68, 0xA165, 0xA187, 0x9D47,
  0xA1AE, 0xA167, 0xA103, 0x9D27, 0xA1EB, 0xA145, 0xA105, 0x9D07, 0xA1D4, 0xA27F, 0x9E7F, 0x9E7F, 0x9A5F, 0x9E7F, 0x9E7F, 0x9E7F,
  0x9E7F, 0x9E7F, 0x9E7F, 0x9E7F, 0x9E7F, 0xA29F, 0x9E19, 0xA27E, 0xA25B, 0x9DD3, 0x9E17, 0xA29F, 0xA69F, 0x9D91, 0x98C6, 0x9D70,
  0xAABF, 0xA239, 0x952B, 0xA69E, 0xA239, 0x9D6C, 0xA5F2, 0x98A5, 0x9CE6, 0xA615, 0xAA9B, 0xA1B1, 0x98C7, 0x9CE5, 0x98C5, 0xA218,
  0xAA9D, 0x9CE8, 0x98E8, 0xA9F4, 0x98E6, 0x9CC5, 0x9CC5, 0x990A, 0x9D4E, 0x94C6, 0x9D6E, 0xA1F3, 0x9DAE, 0x9D8C, 0x9D8B, 0x9506,
  0x998F, 0xA69F, 0xA23A, 0x90E7, 0x9548, 0x998A, 0x99AA, 0x9946, 0x98E3, 0x9D49, 0xA9CA, 0xB20C, 0xADED, 0xA9A7, 0xADA6, 0xADA7,
  0xA9A7, 0xA9A7, 0xA9A7, 0xADA6, 0x9D25, 0x95CD, 0x99ED, 0x9904, 0xA986, 0xA545, 0xA103, 0xA124, 0xA545, 0xA124, 0xA104, 0x992E,
  0xA173, 0x98CA, 0x94A8, 0x9063, 0xA965, 0xADC7, 0xADA7, 0xADA7, 0xADA7, 0xA9A7, 0xADA7, 0xA9A7, 0xA9A7, 0xA986, 0x9DA9, 0x9A31,
  0x95EE, 0x9589, 0x95AB, 0x99AB, 0x9D25, 0x9D24, 0x9DED, 0x95CC, 0x9589, 0x9948, 0x9969, 0x98C2, 0x98C2, 0x98C2, 0x98C2, 0x9904,
  0x9D47, 0x98C2, 0x9CE2, 0x9CC1, 0x98C2, 0x9CE2, 0x9CE2, 0x9CE2, 0x9CE2, 0x9CC2, 0xA145, 0xA147, 0x9062, 0x94A3, 0x9D24, 0xA144,
  0x9999, 0x9D9A, 0x9E1D, 0x9A3F, 0x9A3E, 0x9A3E, 0x9E3F, 0x9E1D, 0x9D9A, 0x9D9A, 0x9D99, 0x9D99, 0x9D9A, 0x9D9A, 0x999A, 0x9E1E,
  0x9E7F, 0x9E7F, 0x9E7F, 0x9E7F, 0x9E7F, 0x9E7F, 0x9E7F, 0x9E7F, 0x9E7F, 0x9E7F, 0x9E7F, 0x9E7F, 0x9E7F, 0x9E7F, 0x9E7F, 0x9E7F,
  0x9E7F, 0x9E7F, 0x9E7F, 0x9E7F, 0x9E7F, 0x9E7F, 0x9E7F, 0x9E7F, 0x9E7F, 0x9E7F, 0x9E7F, 0x9E7F, 0x9E7F, 0xA29F, 0xA6FF, 0xAB1F,
  0xAB1F, 0xAB1F, 0xAB1F, 0xAB1F, 0xA71F, 0xA71F, 0xA71F, 0xA71F, 0xA6FF, 0xA6FF, 0xA6FF, 0xA29F, 0x9E7F, 0x9E7F, 0x9E7F, 0x9E7F,
  0x9E7F, 0x9E7F, 0x9E7F, 0x9E7F, 0x9E7F, 0x9E7F, 0x9E7F, 0x9E7F, 0x9E7F, 0x9E7F, 0x9E7F, 0x9E7F, 0x9E7F, 0x9E7F, 0x9E7F, 0x9E7F,
  0x9E7F, 0x9E7F, 0x9E7F, 0x9E7F, 0x9E7F, 0x9E7F, 0x9E7F, 0x9E7F, 0x9E7F, 0x9E7F, 0x9E7F, 0x9E7F, 0x9E7F, 0x9E7F, 0x9E7F, 0x9E7F,
  0x9E7F, 0x9E7F, 0x9E7F, 0x9E7F, 0x9E7F, 0x9E7F, 0x9E7F, 0x9E7F, 0x9E7F, 0x9E5F, 0x9E7F, 0x9E7F, 0xA239, 0x9D49, 0xA145, 0xA186,
  0x9D24, 0xA104, 0xA104, 0xA166, 0xA187, 0xA0E4, 0xA128, 0xAA35, 0xA659, 0xA259, 0xA238, 0xA25B, 0xA29F, 0x9E7F, 0x9E7F, 0x9E7F,
  0x9E7F, 0x9E7F, 0x9E7F, 0x9E7F, 0x9E7F, 0x9E7F, 0x9E7F, 0x9A5F, 0x9A7F, 0x9E9F, 0x9E9F, 0x9E7F, 0x9E7F, 0xA69F, 0x9DB3, 0x94C8,
  0x950A, 0xA618, 0x9D4E, 0x994E, 0xA1D3, 0x9DB0, 0xAA38, 0x9CC6, 0x98C6, 0xA1F5, 0xA2BF, 0xA27C, 0x98C7, 0x9CC5, 0x9CC5, 0x98E8,
  0x98E9, 0x9CC6, 0x9CC7, 0x9CC8, 0x98C5, 0x9D08, 0x9CE6, 0xA105, 0xA105, 0x9D05, 0xA5F1, 0x9508, 0x9547, 0x9A0F, 0x99CD, 0x9DCE,
  0x90E6, 0x94E7, 0x90C5, 0x958A, 0x9A31, 0x9A0F, 0x9E2F, 0x9DCA, 0x9D03, 0x9CE2, 0xA144, 0xA9A6, 0xADE9, 0xADC9, 0xADC7, 0xADA7,
  0xA9A7, 0xA9A7, 0xA9A6, 0xA9A6, 0xA986, 0x9926, 0x99CC, 0x9925, 0xADA7, 0xADC8, 0xA966, 0xA103, 0xA104, 0xA545, 0xA545, 0x990D,
  0x9D51, 0x94CA, 0x98CA, 0x9083, 0xA545, 0xAD86, 0xADA6, 0xADC7, 0xA9A6, 0xA986, 0xA566, 0xA565, 0xA104, 0xA545, 0x9DAB, 0x9A31,
  0x9569, 0x998A, 0x9989, 0x9D69, 0x9CC2, 0x9D04, 0x9925, 0x99AA, 0x998A, 0x9925, 0x98C3, 0x9CC2, 0x9CC3, 0x98C3, 0x9CC2, 0x9CC2,
  0x98C2, 0x9CC2, 0x98C2, 0x9484, 0x9085, 0x98C2, 0x9CE2, 0x9CE2, 0x9CE2, 0x9CE2, 0x98C3, 0x8C85, 0x9D70, 0x9086, 0x9D04, 0xA145,
  0xA6DF, 0xA2BF, 0x965F, 0x963F, 0x965F, 0x963E, 0x963E, 0x9A5F, 0x9E5F, 0x9E5E, 0x9E5F, 0x9E5E, 0xA69E, 0xA69E, 0xA69E, 0xA6BE,
  0x9E7F, 0x9E7F, 0x9E7F, 0x9E7F, 0x9E7F, 0x9E7F, 0x9E7F, 0x9E7F, 0x9E7F, 0x9E7F, 0x9E7F, 0x9E7F, 0x9E7F, 0x9E7F, 0x9E7F, 0x9E7F,
  0x9E7F, 0x9E7F, 0x9E7F, 0x9E7F, 0x9E7F, 0x9E7F, 0x9E7F, 0x9E7F, 0x9E7F, 0x9E7F, 0x9E7F, 0x9E7F, 0x9E7F, 0x9E7F, 0x9E7F, 0x9A7F,
  0x9A7F, 0x9A7F, 0x9A7F, 0x9A7F, 0x9A5F, 0x9A7F, 0x9A7F, 0x9A7F, 0x9E7F, 0x9E7F, 0x9E7F, 0x9E7F, 0x9E7F, 0x9E7F, 0x9E7F, 0x9E7F,
  0x9E7F, 0x9E7F, 0x9E7F, 0x9E7F, 0x9E7F, 0x9E7F, 0x9E7F, 0x9E7F, 0x9E7F, 0x9E7F, 0x9E7F, 0x9E7F, 0x9E7F, 0x9E7F, 0x9E7F, 0x9E7F,
  0x9E7F, 0x9E7F, 0x9E7F, 0x9E7F, 0x9E7F, 0x9E7F, 0x9E7F, 0x9E7F, 0x9E7F, 0x9E7F, 0x9E7F, 0x9E7F, 0x9E7F, 0x9E7F, 0x9E7F, 0x9E7F,
  0x9E7F, 0x9E7F, 0x9E7F, 0x9E7F, 0x9E7F, 0x9E7F, 0x9E7F, 0x9E7F, 0x9E7F, 0x9E7F, 0x9E7F, 0x9E7F, 0xA29F, 0xAA9C, 0x9D49, 0x9D04,
  0xA166, 0xA104, 0xA0E4, 0xA125, 0xA104, 0xA0E4, 0xA105, 0x9D46, 0x9D46, 0x9D46, 0x9D46, 0x9D69, 0x9DD0, 0xA25D, 0x9E7F, 0x9E7F,
  0x9E7F, 0x9E7F, 0x9E7F, 0x9E7F, 0x9E7F, 0xA214, 0xA238, 0x9E7F, 0x9E7F, 0xA237, 0xA27B, 0x9E7F, 0x9E7F, 0x9E7F, 0xA29F, 0xA65B,
  0x9909, 0x9084, 0x94A6, 0x94A6, 0x98A6, 0x98C6, 0x9085, 0x94A6, 0x98A5, 0x94A7, 0xA219, 0xA67B, 0x98C6, 0x9CC7, 0x9CC7, 0x9CC5,
  0x9CC5, 0x9CC6, 0x9CC6, 0x98C6, 0x996F, 0xA638, 0xA127, 0xB1C7, 0xADC7, 0xB1C7, 0x98E3, 0x9549, 0xA294, 0x99ED, 0x9A0F, 0x9A10,
  0x9E0E, 0x9526, 0x90E3, 0x99ED, 0x99ED, 0x95A9, 0x9545, 0x9945, 0x9D45, 0x98E3, 0x98A2, 0x9CE3, 0xADC7, 0xADC7, 0xA565, 0xA965,
  0xADA7, 0xA9A6, 0xA9A7, 0xA9A6, 0xADA7, 0xA986, 0x9904, 0x9D25, 0xB1C8, 0xA966, 0xA545, 0xA104, 0xA104, 0xA125, 0xA525, 0x94C7,
  0xA193, 0x9D50, 0x98CA, 0x9063, 0x9CE4, 0xA103, 0xA524, 0xA965, 0xA524, 0xA545, 0x9D03, 0xA104, 0x9D03, 0xA566, 0xA1CC, 0x95AB,
  0x9548, 0x99CC, 0x9526, 0x9925, 0x98E2, 0x9D04, 0x9CC2, 0x9D26, 0x9D67, 0x98C2, 0x9CC2, 0x9CE2, 0x9CC4, 0x9CE7, 0x9CC2, 0x9CC2,
  0x9CC2, 0x9CE2, 0x9061, 0x9D71, 0xA1D5, 0x8C22, 0x9CC2, 0x9CE2, 0x9CC2, 0x9CC2, 0x9083, 0xA1B3, 0x9D71, 0x9085, 0x9482, 0x98C3,
  0xA6FE, 0x9A7E, 0x9A7E, 0xA6FF, 0xA71F, 0xA6FF, 0xA71F, 0xA71F, 0xA71F, 0xA71F, 0xA71F, 0xA71F, 0xA73F, 0xA73F, 0xA71F, 0xAB3F,
  0xA2BF, 0x9E7F, 0x9E9F, 0x9E7F, 0x9E7F, 0x9E9F, 0x9E9F, 0x9E9F, 0xA29F, 0xA29F, 0xA29F, 0x9E9F, 0x9E7F, 0x9E7F, 0x9E7F, 0x9E7F,
  0x9E7F, 0x9E7F, 0x9E7F, 0x9E7F, 0x9E7F, 0x9E7F, 0x9E7F, 0x9E7F, 0x9E7F, 0x9E7F, 0x9E7F, 0x9E7F, 0x9E7F, 0x9E7F, 0x9E7F, 0x9E7F,
  0x9E7F, 0x9E7F, 0x9E7F, 0x9E7F, 0x9E7F, 0x9E7F, 0x9E7F, 0x9E7F, 0x9E7F, 0x9E7F, 0x9E7F, 0x9E7F, 0x9E7F, 0x9E7F, 0x9E7F, 0x9E7F,
  0x9E7F, 0x9E7F, 0x9E7F, 0x9E7F, 0x9E7F, 0x9E7F, 0x9E7F, 0x9E7F, 0x9E7F, 0x9E7F, 0x9E7F, 0x9E7F, 0x9E7F, 0x9E7F, 0x9E7F, 0x9E7F,
  0x9E7F, 0x9E7F, 0x9E7F, 0x9E7F, 0x9E7F, 0x9E7F, 0x9E7F, 0x9E7F, 0x9E7F, 0x9E7F, 0x9E7F, 0x9E7F, 0x9E7F, 0x9E7F, 0x9E7F, 0x9E7F,
  0x9E7F, 0x9E7F, 0x9E7F, 0x9E7F, 0x9E7F, 0x9E7F, 0x9E7F, 0x9E7F, 0x9E7F, 0xA27E, 0x9E36, 0x99AE, 0x998D, 0x9DAE, 0x9D89, 0x9D04,
  0x9CE3, 0xA0E4, 0xA0E4, 0xA0E4, 0xA104, 0xA125, 0xA146, 0xA145, 0xA124, 0xA103, 0xA124, 0xA145, 0x9D23, 0x9D8D, 0xA27E, 0x9E7F,
  0x9E7F, 0x9E7F, 0x9E5C, 0xA25B, 0xA659, 0xA9A7, 0xA9A9, 0xA659, 0xA635, 0xA9A7, 0xA5EF, 0xA29F, 0x9E9F, 0x9E9F, 0x9A7F, 0xA29F,
  0x9DB0, 0xA1D3, 0xA23A, 0xA23A, 0xA1D3, 0x9D6E, 0xA23A, 0xA218, 0x990B, 0x9884, 0x98C8, 0x990B, 0x9CC5, 0x98C7, 0x98C8, 0x98C7,
  0x98C6, 0x9CC6, 0x98A4, 0x990A, 0xAABF, 0xA638, 0xA126, 0xADC7, 0xADC7, 0xADA7, 0x9D26, 0x9E52, 0x95ED, 0x9589, 0x9E32, 0x95CC,
  0x99AA, 0x9968, 0x9525, 0x99AA, 0x9589, 0x9967, 0x9504, 0x9946, 0x99A8, 0x9D88, 0x9905, 0x94A3, 0x9CE3, 0xA544, 0x9D03, 0xA124,
  0xADA7, 0xADA7, 0xADA7, 0xADA7, 0xADA7, 0xADE8, 0xA986, 0xA565, 0xADC8, 0xA545, 0xA103, 0x9D03, 0x9D03, 0x9D03, 0xA104, 0x9083,
  0x9950, 0xA171, 0x98CB, 0x9086, 0x9483, 0xA104, 0xA103, 0xA123, 0xA124, 0xA104, 0xA124, 0xA103, 0xA524, 0xAD87, 0xA1ED, 0x9548,
  0x9526, 0x95CD, 0x99CC, 0x9926, 0x98C2, 0x9CC2, 0x9CC2, 0x9CC2, 0x9CC3, 0x9CC2, 0x9CE2, 0x9CE2, 0x98C3, 0x9CE9, 0x98C3, 0x9CC2,
  0x98C2, 0x9CE2, 0x9481, 0x990C, 0xA639, 0x94C9, 0x9462, 0x9CE2, 0x9CE2, 0x9481, 0x9D2E, 0xA192, 0x9086, 0x8C42, 0x94A4, 0x9486,
  0xAB5F, 0xAB3F, 0xAB3F, 0xAB5F, 0xAB5F, 0xAB5F, 0xAB5F, 0xAB5F, 0xAB5F, 0xAB5F, 0xAB5F, 0xAB5F, 0x9EFF, 0x9EBF, 0x9E9E, 0xA2DF,
  0xA31F, 0xA31F, 0xA31F, 0xA31F, 0xA31F, 0xA31F, 0xA6FF, 0xA6FE, 0xA6FE, 0xA6FF, 0xA6FF, 0xA2DE, 0x9A7F, 0x9E7F, 0x9E7F, 0x9E7F,
  0x9E7F, 0x9E7F, 0x9E7F, 0x9E7F, 0x9E7F, 0x9E7F, 0x9E7F, 0x9A7F, 0x9E7F, 0x9E7F, 0x9E7F, 0x9E7F, 0x9E7F, 0x9E7F, 0x9E7F, 0x9A7F,
  0x9A7F, 0x9A5F, 0x9E5F, 0x9A7F, 0x9A7F, 0x9A5F, 0x9A7F, 0x9A7F, 0x9A5F, 0x9A5F, 0x9E5F, 0x9E7F, 0x9E7F, 0x9E7F, 0x9E7F, 0x9E7F,
  0x9E7F, 0x9E7F, 0x9E7F, 0x9E7F, 0x9E7F, 0x9E7F, 0x9E7F, 0x9E7F, 0x9E7F, 0x9E7F, 0x9E7F, 0x9E7F, 0x9E7F, 0x9E7F, 0x9E7F, 0x9E7F,
  0x9E7F, 0x9E7F, 0x9E7F, 0x9E7F, 0x9E7F, 0x9E7F, 0x9E7F, 0x9E7F, 0x9E7F, 0x9E7F, 0x9A7F, 0x9A7F, 0x9E7F, 0x9A7F, 0x9E7F, 0x9E7F,
  0x9E7F, 0x9E7F, 0x9A7F, 0x9A7F, 0x9E7F, 0x9E7F, 0x9E7F, 0x9E7F, 0xA27B, 0x9DF0, 0x9DCA, 0x9D88, 0xA166, 0x9D45, 0x9D46, 0xA167,
  0x9D25, 0x9CE4, 0xA0E4, 0xA0E4, 0xA0E4, 0xA104, 0x9D04, 0x9D24, 0x9D6B, 0x9D6E, 0x9D4B, 0x9CE3, 0xA104, 0x9CE2, 0xA1AE, 0xA27D,
  0x9A7F, 0x9E7F, 0x9E14, 0xA5A9, 0xA9A8, 0xADC7, 0xADA6, 0xA9A8, 0xA9A7, 0xADA6, 0xA9CA, 0xA656, 0xA237, 0xA236, 0x9E5C, 0xA29F,
  0x9DB0, 0xA238, 0x9E9F, 0x9E9F, 0xA217, 0x99B1, 0xA29F, 0xA25D, 0x994D, 0x9D2B, 0x9CC6, 0x98A4, 0x9CC5, 0x9CE7, 0x98C6, 0x98C7,
  0x98C7, 0x98C6, 0x9D08, 0x992B, 0xA27B, 0x9909, 0xA986, 0xADC7, 0xADC7, 0xA545, 0x9527, 0x9E52, 0x95CB, 0x9A0E, 0x95EE, 0x9DEF,
  0x9568, 0x9946, 0x9966, 0x9987, 0x9947, 0x94E4, 0x9505, 0x9967, 0x9989, 0x9968, 0x9DCA, 0x9925, 0x9CC2, 0xA123, 0xA124, 0xA123,
  0xA985, 0xADC7, 0xADA7, 0xADA7, 0xA544, 0xA986, 0xA545, 0xADA7, 0xADA7, 0xA987, 0xA525, 0x9D03, 0xA104, 0x9D04, 0xA104, 0x9483,
  0x9D50, 0x992E, 0x98CA, 0x94A8, 0x9483, 0xA104, 0xA124, 0xA124, 0xA124, 0xA123, 0xA124, 0xA123, 0x9D67, 0x9969, 0x9969, 0x998A,
  0x9569, 0x95CD, 0x998B, 0x9926, 0x98A2, 0x9CC3, 0x9D04, 0x9D03, 0x98C2, 0x9CC2, 0x9CC2, 0x9CE3, 0x9CE7, 0x9CE9, 0x9D04, 0x9D03,
  0x9CC2, 0x9CC2, 0x9CE2, 0x9481, 0x992E, 0xA5D5, 0x8C65, 0x9882, 0x98C2, 0x98E9, 0xA193, 0x94A9, 0x9042, 0x98C2, 0x94A5, 0x9D2E,
  0xAB5F, 0xAB5F, 0xAB5F, 0xAB5F, 0xAB3F, 0xAB3F, 0xAB3F, 0xAB3F, 0xAB3F, 0xAB3F, 0xAB3F, 0xAB3F, 0xAB3F, 0xAB3F, 0xAB3F, 0xAB3F,
  0xA73F, 0xA73F, 0xA73F, 0xA73F, 0xAB3F, 0xA73F, 0xA6FF, 0xA6DF, 0xA6DF, 0xA6DF, 0xA6DF, 0xA6FF, 0xA6FF, 0xA6FF, 0xA6FF, 0xA6FF,
  0xA6FF, 0xA6FF, 0xA6FF, 0xA6FF, 0xA6FF, 0xA6FF, 0xA6FF, 0xA6FF, 0xA6FF, 0xA6FF, 0xA6FF, 0xA6FF, 0xA6FF, 0xA6FF, 0xA6FF, 0xA6FF,
  0xA6FF, 0xA6FF, 0xA6FF, 0xA6FF, 0xA6FF, 0xA6FF, 0xA6FF, 0xA6FF, 0xA6FF, 0xA6FF, 0xA6FF, 0xA6FF, 0xA6FF, 0xA6FF, 0xA6FF, 0xA6FF,
  0xA6FF, 0xA6FF, 0xA6FF, 0xA6FF, 0xA6FF, 0xA6FF, 0xA6FF, 0xA6FF, 0xA6FF, 0xA6FF, 0xA6FF, 0xA6FF, 0xA6FF, 0xA6FF, 0xA6FF, 0xA6FF,
  0xA6FF, 0xA6FF, 0xA6FF, 0xA6FF, 0xA6FF, 0xA6FF, 0xA6FF, 0xA6FF, 0xA6FF, 0xA6FF, 0xA6FF, 0xA6FF, 0xA6FF, 0xA6FF, 0xA6FF, 0xA6FF,
  0xA6FF, 0xA6FF, 0xA6FF, 0xA6FF, 0xA6DF, 0xA6DF, 0xA6DF, 0xA279, 0x9DCD, 0x9DA8, 0xA187, 0x9D46, 0x9D47, 0xA146, 0xA125, 0x9D25,
  0xA146, 0xA104, 0xA0E3, 0xA0E4, 0xA125, 0x9D25, 0x9D04, 0x9D49, 0xAA9C, 0xA69F, 0xA67E, 0xA615, 0xA636, 0xAA12, 0x9905, 0xA217,
  0x9E9F, 0xA27F, 0xAA35, 0xADA7, 0xADA6, 0xADA7, 0xADA7, 0xADA7, 0xADA7, 0xADA7, 0xA9A6, 0xA986, 0xA986, 0xA985, 0xA612, 0xA2BF,
  0x9DD1, 0x9E57, 0x9EBF, 0x9EDF, 0xA236, 0x9DD1, 0xA2DF, 0xA2BD, 0x9E36, 0xAA7A, 0x9D08, 0xA12D, 0x9D2B, 0x98C7, 0x9CE8, 0x98E8,
  0x98C7, 0x9484, 0xA5D1, 0x996E, 0xA259, 0x9907, 0xA985, 0xADA7, 0xA124, 0xA524, 0x94A3, 0x9DED, 0x9A0E, 0x9A0F, 0x99CB, 0x9DCC,
  0x9DAA, 0x9924, 0x9504, 0x9967, 0x9989, 0x9D88, 0x9967, 0x9967, 0x9946, 0x9946, 0x9525, 0x94A2, 0x9CE3, 0xA103, 0xA103, 0xA124,
  0xB1C8, 0xADA7, 0xADA7, 0xA545, 0xA103, 0xA124, 0xA524, 0xA966, 0xA124, 0x9CE3, 0x9D03, 0xA103, 0x9D03, 0x9D03, 0xA124, 0x9483,
  0x9D50, 0x990E, 0x94A9, 0x94A8, 0x9063, 0xA104, 0xA124, 0xA124, 0xA124, 0xA124, 0xA123, 0x9D24, 0x9DED, 0x9A32, 0x998A, 0x958A,
  0x95CD, 0x95AD, 0x9548, 0x94C2, 0x98C2, 0x98C2, 0x9D46, 0x9D25, 0x9D25, 0x9D45, 0x9D04, 0x98C2, 0x9D08, 0x9909, 0x9D45, 0xA145,
  0x98A3, 0x9484, 0x9483, 0x98A2, 0x9061, 0x9D4F, 0x9D50, 0x9043, 0x9486, 0xA5D4, 0x98EB, 0x9063, 0x98C3, 0x9CE3, 0x9483, 0x98EB,
  0x9A7E, 0x9A7E, 0x9A7E, 0x9A7E, 0x9E9F, 0x9E9F, 0x9E9F, 0x9E9F, 0x9E9F, 0x9E9F, 0x9E9F, 0x9E9F, 0x9E9F, 0x9E9F, 0x9E9F, 0x9E9F,
  0x9E9F, 0x9E9F, 0x9E9F, 0x9E9F, 0x9E9F, 0x9E9F, 0x9E9F, 0x9E9F, 0x9E9F, 0x9E9F, 0x9E9F, 0x9E9F, 0x9E9F, 0x9E9F, 0x9E9F, 0x9E9F,
  0x9E9F, 0x9E9F, 0x9E9F, 0x9E9F, 0x9E9F, 0x9E9F, 0x9E9F, 0x9E9F, 0x9E9F, 0x9E9F, 0x9E9F, 0x9E9F, 0x9E9F, 0x9E9F, 0x9E9F, 0x9E9F,
  0x9E9F, 0x9E9F, 0x9E9F, 0x9E9F, 0x9E9F, 0x9E9F, 0x9E9F, 0x9E9F, 0x9E9F, 0x9E9F, 0x9E9F, 0x9E9F, 0x9E9F, 0x9E9F, 0x9E9F, 0x9E9F,
  0x9E9F, 0x9E9F, 0x9E9F, 0x9E9F, 0x9E9F, 0x9E9F, 0x9E9F, 0x9E9F, 0x9E9F, 0x9E9F, 0x9E9F, 0x9E9F, 0x9E9F, 0x9E9F, 0x9E9F, 0x9E9F,
  0x9E7F, 0x9E7F, 0x9E7F, 0x9E9F, 0x9E9F, 0x9E9F, 0x9E7F, 0x9E7F, 0x9E9F, 0x9E9F, 0x9E9F, 0x9E9F, 0x9E9F, 0x9E9F, 0x9E9F, 0x9E9F,
  0x9E9F, 0x9E9F, 0x9E9F, 0x9E9F, 0x9E9F, 0x9E9F, 0xA29C, 0x9DCC, 0x9D46, 0x9D49, 0x994A, 0xA1F4, 0xAA7B, 0xA16B, 0xA145, 0xA166,
  0xA124, 0xA104, 0xA0E4, 0xA0E4, 0xA125, 0xA166, 0xA165, 0x9D67, 0x9948, 0x9E15, 0x9E9F, 0x9E9F, 0xA29F, 0xA29F, 0xA27B, 0xA27D,
  0xA29F, 0xA613, 0xA986, 0xADA7, 0xADA7, 0xADA7, 0xADA7, 0xADA7, 0xADA7, 0xADA7, 0xADA7, 0xADA7, 0xADA7, 0xADA5, 0xA5AA, 0xA2DE,
  0x9DF1, 0x9E78, 0x9EFF, 0xA2FF, 0xA256, 0x9E12, 0xA71F, 0xA2BC, 0x9A58, 0x9E5A, 0x98E4, 0x9D09, 0xA14C, 0x9908, 0x98E8, 0x9CE8,
  0x98C6, 0x94E9, 0xA1F5, 0x994D, 0x9D4B, 0xA125, 0xADA7, 0x98C3, 0x90A4, 0x9906, 0x94C5, 0x94C4, 0x94E5, 0x99AB, 0x99EC, 0x9545,
  0x9926, 0x98C4, 0x9082, 0x9969, 0x9968, 0x94E3, 0x9904, 0x9D67, 0x9904, 0x9946, 0x9904, 0x9082, 0x94A3, 0x94C3, 0x94C3, 0x94C3,
  0xA124, 0xADA7, 0xADC7, 0xA986, 0xADA7, 0xA966, 0xA103, 0xA0E3, 0xA124, 0xA125, 0xA124, 0xA104, 0xA103, 0x9D03, 0xA124, 0x98A3,
  0x990C, 0xA194, 0x9D50, 0x94A8, 0x9485, 0x9D04, 0xA124, 0xA124, 0xA124, 0xA103, 0x9D46, 0x99EE, 0x9A10, 0x95AC, 0x9568, 0x99CD,
  0x99EE, 0x95AB, 0x9589, 0x9988, 0x9904, 0x94A4, 0x98E3, 0x9903, 0x9D67, 0x9967, 0x9D66, 0x9D03, 0x98C4, 0x9CE9, 0x9D45, 0x9904,
  0xA16F, 0xAA19, 0xA193, 0x9065, 0x9464, 0x8C64, 0x990C, 0x94A8, 0x98CA, 0x9D2D, 0x8C44, 0x9482, 0x98A2, 0x98A2, 0x98C2, 0x9083,
  0xA2DF, 0xA2DF, 0xA2DF, 0xA2DF, 0x9A7E, 0x9A7F, 0x9A5F, 0x9A5F, 0x9A5F, 0x9A5F, 0x9A5F, 0x9A5F, 0x9A5F, 0x9A5F, 0x9A5F, 0x9A5F,
  0x9A5F, 0x9A5F, 0x9A5F, 0x9A5F, 0x9A5F, 0x9A5F, 0x9A5F, 0x9A5F, 0x9A5F, 0x9A5F, 0x9A5F, 0x9A5F, 0x9A5F, 0x9A5F, 0x9A5F, 0x9A5F,
  0x9A5F, 0x9A5F, 0x9A5F, 0x9A5F, 0x9A5F, 0x9A5F, 0x9A5F, 0x9A5F, 0x9A5F, 0x9A5F, 0x9A5F, 0x9A5F, 0x9A5F, 0x9A5F, 0x9A5F, 0x9A5F,
  0x9A5F, 0x9A5F, 0x9A5F, 0x9A5F, 0x9A5F, 0x9A5F, 0x9A5F, 0x9A5F, 0x9A5F, 0x9A5F, 0x9A5F, 0x9A5F, 0x9A5F, 0x9A5F, 0x9A5F, 0x9A5F,
  0x9A5F, 0x9A7F, 0x9A5F, 0x9A5F, 0x9A7F, 0x9A5F, 0x9A5F, 0x9A5F, 0x9A5F, 0x9A5F, 0x9A5F, 0x9A5F, 0x9A5F, 0x9A5F, 0x9A5F, 0x9A5F,
  0xA2DF, 0xA2DF, 0xA2DF, 0xA2DF, 0xA2DF, 0xA2DF, 0xA2DF, 0xA2DF, 0x9E9F, 0x9A5F, 0x9A5F, 0x9A5F, 0x9A5F, 0x9A5F, 0x9A5F, 0x9A5F,
  0x9A5F, 0x9A5F, 0x9A5F, 0x9A5F, 0x9A5F, 0x9E7E, 0x99AE, 0x9947, 0x996F, 0xA23A, 0xA27E, 0xA6BF, 0xA258, 0x9D89, 0xA187, 0xA124,
  0xA146, 0xA167, 0x9CE4, 0x9CE4, 0x9CE4, 0x9D04, 0x9D03, 0xA145, 0xA143, 0xA168, 0xA239, 0x9A5F, 0x965E, 0x965E, 0x965F, 0x965F,
  0x9A1A, 0xA1F1, 0xADA8, 0xADA6, 0xADA7, 0xADA7, 0xADA6, 0xADA6, 0xADA7, 0xADA6, 0xADA6, 0xADA6, 0xADA8, 0xA5F1, 0x9E18, 0x9A7F,
  0x99B0, 0xA1F6, 0x9A5F, 0x9A5F, 0xA217, 0x9D8D, 0xA27F, 0x9A18, 0x9DF4, 0xA279, 0xA60E, 0xA104, 0x9D06, 0xB274, 0x9D2A, 0x9CE8,
  0x94A6, 0xA636, 0xA656, 0x98E5, 0xA566, 0xA9A7, 0x9D04, 0x9506, 0x99CC, 0x99EE, 0x9DED, 0x9947, 0x90A4, 0x9907, 0x9D88, 0x98E4,
  0x94A6, 0x98A6, 0x94C4, 0x9D88, 0x94E3, 0x98C3, 0x98C3, 0x9504, 0x9905, 0x94C3, 0x98C3, 0x9062, 0x9947, 0x9988, 0x9968, 0x9D88,
  0x94C3, 0xA545, 0xADC7, 0xB1C8, 0xA545, 0x9CE3, 0xA545, 0xA104, 0xA566, 0xADA7, 0xA966, 0xA986, 0x9D03, 0x9D03, 0xA103, 0xA103,
  0x94A6, 0xA194, 0x992F, 0x98CA, 0x9487, 0x98C3, 0xA124, 0xA103, 0x9D03, 0x9D47, 0x99CD, 0x95CD, 0x9568, 0x9967, 0x99CC, 0x99EF,
  0x9968, 0x9967, 0x9989, 0x9989, 0x9904, 0x94A4, 0x98E4, 0x9CE3, 0x9928, 0x9947, 0x9966, 0x9D24, 0x98C3, 0x9CE8, 0x9D45, 0x98E3,
  0x9D4F, 0xA618, 0x9D71, 0xA1B5, 0x9D71, 0x992E, 0x992E, 0x990C, 0x98EA, 0x9065, 0x9087, 0x94A8, 0x94A8, 0x94A8, 0x9064, 0x9462,
  0xAF5F, 0xAF5F, 0xAF5F, 0xAF5F, 0xA71F, 0xA71F, 0xA71F, 0xA71F, 0xA71F, 0xA71F, 0xA71F, 0xA71F, 0xA71F, 0xA71F, 0xA71F, 0xA71F,
  0xA71F, 0xA71F, 0xA71F, 0xA71F, 0xA71F, 0xA71F, 0xA71F, 0xA71F, 0xA71F, 0xA71F, 0xA71F, 0xA71F, 0xA71F, 0xA71F, 0xA71F, 0xA71F,
  0xA71F, 0xA71F, 0xA71F, 0xA71F, 0xA71F, 0xA71F, 0xA71F, 0xA71F, 0xA71F, 0xA71F, 0xA71F, 0xA71F, 0xA71F, 0xA71F, 0xA71F, 0xA71F,
  0xA71F, 0xA71F, 0xA71F, 0xA71F, 0xA71F, 0xA71F, 0xA71F, 0xA71F, 0xA71F, 0xA71F, 0xA71F, 0xA71F, 0xA71F, 0xA71F, 0xA71F, 0xA71F,
  0xA71F, 0xA6FE, 0xAB1F, 0xAB1F, 0xA6BE, 0xA6FF, 0xA71F, 0xA71F, 0xA71F, 0xA71F, 0xA71F, 0xA71F, 0xA71F, 0xA71F, 0xA71F, 0xA71F,
  0xAB5F, 0xAB5F, 0xAB5F, 0xAB5F, 0xAB5F, 0xAB5F, 0xAF5F, 0xAF7F, 0xAB3F, 0xA71F, 0xA71F, 0xA71F, 0xA71F, 0xA71F, 0xA71F, 0xA71F,
  0xA71F, 0xA71F, 0xA71F, 0xA71F, 0xA71F, 0xAB1E, 0x9E12, 0xA6B8, 0xAB3F, 0xA6FF, 0xA6FF, 0xA29A, 0x99CC, 0x9D88, 0xA145, 0x9D04,
  0x9D88, 0x9D46, 0x9CE4, 0xA0E4, 0x9CE3, 0xAE30, 0xA169, 0xA124, 0xA545, 0xA123, 0x9D68, 0xAADD, 0xA71F, 0xA2FE, 0xA6FE, 0xA6FF,
  0xA2DC, 0xAADC, 0xA5ED, 0xA9C9, 0xA9A6, 0xA9A7, 0xA9A9, 0xADA7, 0xAD86, 0xA9C8, 0xA9C9, 0xADC8, 0xAA0D, 0xAF1F, 0xA6FF, 0xA71F,
  0xAA75, 0xA1AE, 0xAF1F, 0xAAFF, 0xA213, 0x9D89, 0xAA98, 0xAEFC, 0xA1AE, 0x9D6A, 0xAE2E, 0xAD86, 0xA168, 0xA5CC, 0x98E7, 0x9D09,
  0x98C7, 0x9D4A, 0xA588, 0x9CE3, 0xADA7, 0xA566, 0x9105, 0x99ED, 0x99ED, 0x99EC, 0x9567, 0x9DC9, 0x9927, 0x9042, 0x9D24, 0x98C3,
  0x9484, 0x98A7, 0x94A4, 0x98E4, 0x94A3, 0x94A2, 0x98C3, 0x94A3, 0x94A3, 0x9062, 0x9062, 0x9905, 0x9967, 0x9967, 0x9545, 0x9946,
  0x9D46, 0x94C3, 0x9D03, 0xA565, 0xA966, 0xA566, 0xADA7, 0xA987, 0xA124, 0xA966, 0xA545, 0xA545, 0xA103, 0xA104, 0xA103, 0xA123,
  0x98C6, 0xA1B5, 0x9D51, 0x98EC, 0x9487, 0x98C3, 0xA103, 0x9D24, 0x9DCC, 0x9DEF, 0x958B, 0x958B, 0x99AB, 0x9546, 0x9E0F, 0x9A10,
  0x9989, 0x9903, 0x9D25, 0x9D04, 0x9CE3, 0x9CC4, 0x98C6, 0x98E3, 0x9905, 0x9947, 0x9945, 0x9D24, 0x98C4, 0x9CE8, 0x9D04, 0x9CE3,
  0x94A5, 0x9086, 0x9066, 0x9D4F, 0x9D4F, 0x992E, 0x9D4F, 0x992D, 0x98EB, 0x94CA, 0x98EB, 0x990D, 0x9D2E, 0x9D2E, 0x98EB, 0x98CA,
  0xAB5F, 0xAB5F, 0xAB5F, 0xAB5F, 0xAF5F, 0xAF5F, 0xAF5F, 0xAF5F, 0xAF5F, 0xAF5F, 0xAB5F, 0xAB5F, 0xAB5F, 0xAB5F, 0xAB5F, 0xAB5F,
  0xAB5F, 0xAB5F, 0xAB5F, 0xAF5F, 0xAB5F, 0xAB5F, 0xAB5F, 0xAB5F, 0xAB5F, 0xAB5F, 0xAB5F, 0xAB5F, 0xAB5F, 0xAB5F, 0xAB5F, 0xAB5F,
  0xAB5F, 0xAB5F, 0xAB5F, 0xAB5F, 0xAB5F, 0xAB5F, 0xAB5F, 0xAF5F, 0xAF5F, 0xAF5F, 0xAF5F, 0xAF5F, 0xAF5F, 0xAF5F, 0xAF5F, 0xAF5F,
  0xAF5F, 0xAF5F, 0xAF5F, 0xAF5F, 0xAB5F, 0xAF5F, 0xAF5F, 0xAB5F, 0xAB5F, 0xAB5F, 0xAB5F, 0xAB5F, 0xAB5F, 0xAB5F, 0xAB5F, 0xAB5F,
  0xAB7F, 0xA6DD, 0xA25B, 0xA67C, 0xA23A, 0xAB1E, 0xAB7F, 0xAB5F, 0xAB5F, 0xAB5F, 0xAB5F, 0xAB5F, 0xAB5F, 0xAB5F, 0xAB5F, 0xAB5F,
  0xA71F, 0xAB5F, 0xAB5F, 0xAB5F, 0xAB5F, 0xAB5F, 0xAB5F, 0xAB5F, 0xAB5F, 0xAB5F, 0xAB5F, 0xAB5F, 0xAB5F, 0xAB5F, 0xAB5F, 0xAB5F,
  0xAB5F, 0xAB5F, 0xAB5F, 0xAB5F, 0xAB5F, 0xAB5F, 0xAB5F, 0xAB5F, 0xAB5F, 0xAB5F, 0xAF7F, 0x9A10, 0x9967, 0xA188, 0x98E4, 0xAE94,
  0xA20E, 0x9D25, 0x9CE5, 0xA0E5, 0xA104, 0xA188, 0xAE94, 0xA147, 0xA103, 0xA545, 0x9D03, 0xA211, 0xAF7F, 0xAB5F, 0xAB5F, 0xAB5F,
  0xAB5F, 0xAB5F, 0xAB3D, 0xAF5E, 0xAA71, 0xA5ED, 0xA636, 0xA987, 0xA9A7, 0xAED8, 0xAED7, 0xAA72, 0xB37F, 0xAB5F, 0xAB5F, 0xAB5F,
  0xB35F, 0xA652, 0xAA73, 0xA672, 0xA275, 0xB31C, 0xA60E, 0xA5CB, 0xA5A8, 0xA544, 0xADA6, 0xADA7, 0xA167, 0xAE0A, 0x9D08, 0x9D09,
  0x98C7, 0x9D06, 0xADC7, 0xA9A6, 0xADA7, 0x98E4, 0x9588, 0x99CB, 0x9548, 0x9506, 0x98E4, 0x94E4, 0x94E6, 0x9508, 0x9949, 0x9527,
  0x98E5, 0x98A4, 0x9484, 0x9062, 0x9063, 0x98A3, 0x9482, 0x9482, 0x9062, 0x94A2, 0x9904, 0x9D66, 0x9945, 0x9504, 0x9D46, 0x98E3,
  0x9D46, 0x90A2, 0x98A2, 0x9D04, 0xADA7, 0xADA7, 0xA9A7, 0xADA7, 0xA566, 0xA124, 0xA966, 0x9CE3, 0xA124, 0x9D23, 0xA145, 0xA124,
  0x98E6, 0xA5F7, 0xA1B5, 0x990D, 0x9487, 0x9063, 0x9CE3, 0x9DAA, 0x99CD, 0x9568, 0x9567, 0x95AB, 0x9A10, 0x95AB, 0x9526, 0x9904,
  0x9D88, 0x9D66, 0x9CE3, 0x9CE3, 0x9D03, 0x9CE2, 0x98C5, 0x98C6, 0x98C4, 0x98E5, 0x98C4, 0x9906, 0x98E9, 0x98E7, 0x9CE3, 0x9CE3,
  0x9CE2, 0x9CE2, 0x98A2, 0x9064, 0x90C9, 0x9064, 0x94A8, 0x94C9, 0x98EA, 0x990B, 0x90A7, 0x9086, 0x9065, 0x9485, 0x94A7, 0x98E8,
  0xAB5F, 0xAB5F, 0xAB5F, 0xAB5F, 0xAB5F, 0xAB5F, 0xAB5F, 0xAB5F, 0xAB5F, 0xAB5F, 0xAB5F, 0xAB5F, 0xAB5F, 0xAB5F, 0xAB5F, 0xAB5F,
  0xAB5F, 0xAB5F, 0xAB5F, 0xAB5F, 0xAB5F, 0xAB5F, 0xAB5F, 0xAB5F, 0xAB5F, 0xAB5F, 0xAB5F, 0xAB5F, 0xAB5F, 0xAB5F, 0xAB5F, 0xAB5F,
  0xAB5F, 0xAB5F, 0xAB5F, 0xAB5F, 0xAB5F, 0xAB5F, 0xAB5F, 0xAF5F, 0xAF5F, 0xAB5F, 0xAB5F, 0xAB5F, 0xAB5F, 0xAB5F, 0xAB5F, 0xAB5F,
  0xAB5F, 0xAB5F, 0xAB5F, 0xAB5F, 0xAB5F, 0xAB5F, 0xAB5F, 0xAB5F, 0xAB5F, 0xAB5F, 0xAB5F, 0xAB5F, 0xAB5F, 0xAB5F, 0xAB5F, 0xAB5F,
  0xAB3F, 0xAF5F, 0xA6BD, 0xA29C, 0xAF7F, 0xAB5F, 0xAB5F, 0xAF5F, 0xAB5F, 0xAB5F, 0xAB5F, 0xAB5F, 0xAB5F, 0xAB5F, 0xAB5F, 0xAB5F,
  0xAB5F, 0xAB5F, 0xAB5F, 0xAB5F, 0xAB5F, 0xAB5F, 0xAB5F, 0xAB5F, 0xAB5F, 0xAB5F, 0xAB7F, 0xAB5F, 0xAB5F, 0xAB5F, 0xA73F, 0xAB5F,
  0xAB5F, 0xAB5F, 0xAB5F, 0xAB5F, 0xAB7F, 0xAB7F, 0xAB5F, 0xAB5F, 0xA73F, 0xA75F, 0xA6DA, 0x99AB, 0x9D88, 0x9D24, 0xA60F, 0xAED7,
  0x9988, 0xA167, 0x9CC6, 0x9CC6, 0xA125, 0x9CE1, 0xA5EE, 0xB2D7, 0x9D46, 0xA124, 0xA103, 0x9DAB, 0xAF5F, 0xA73F, 0xAB5F, 0xAB5F,
  0xAB5F, 0xAB5F, 0xAB5F, 0xA73F, 0xB35E, 0xA5CC, 0xAA31, 0xA9A8, 0xAA2F, 0xB35E, 0xA20F, 0xAAD9, 0xA75F, 0xA73F, 0xAB5F, 0xAB5F,
  0xAB5F, 0xAF5F, 0xAA96, 0xA697, 0xAF3E, 0xAA74, 0xA5A8, 0xA986, 0xA9A7, 0xA544, 0xADC7, 0xA986, 0xA147, 0xAE2B, 0x9D08, 0x9D09,
  0x98C7, 0x9D07, 0xADC7, 0xADC7, 0xB1C8, 0x9D05, 0x9505, 0x90E4, 0x90C5, 0x996A, 0x90A3, 0x94E7, 0x99CE, 0x99EE, 0x99CC, 0x99AA,
  0x9DCB, 0x9946, 0x98C3, 0x98E4, 0x94A3, 0x9CE3, 0x98C3, 0x98A3, 0x9481, 0x98C2, 0x9D45, 0x9903, 0x9D45, 0x9D66, 0x9904, 0x9925,
  0x9904, 0x9061, 0x98C2, 0x98C2, 0xA986, 0xADA7, 0xA9A7, 0xA9A7, 0xA987, 0xA125, 0xA1A9, 0x9D25, 0xA144, 0x9DA8, 0x9DCB, 0x9DA8,
  0x9D25, 0x992E, 0x9D93, 0x94EC, 0x98EB, 0x9485, 0x98E3, 0x9967, 0x9568, 0x9568, 0x9968, 0x998A, 0x95EF, 0x9A0F, 0x9988, 0x98E2,
  0x9D04, 0x9D46, 0x98E2, 0x9D24, 0x9D66, 0x9D24, 0x9CE3, 0x98C5, 0x98A5, 0x98E8, 0x98E8, 0x990B, 0x98E9, 0x98A2, 0xA124, 0xA545,
  0x9CE2, 0xA103, 0x9483, 0xA5D3, 0xA1B3, 0x8C42, 0x8C42, 0x8822, 0x8C43, 0x9086, 0x9D6F, 0x996F, 0x994D, 0x94C7, 0x8C42, 0x9948,
  0xAF5F, 0xAB5F, 0xAB5F, 0xAB5F, 0xAB5F, 0xAB5F, 0xAB5F, 0xAB5F, 0xAB5F, 0xAB5F, 0xAB5F, 0xAB5F, 0xAB5F, 0xAB5F, 0xAB5F, 0xAB5F,
  0xAB5F, 0xAB5F, 0xAB5F, 0xAB5F, 0xAB5F, 0xAB5F, 0xAB5F, 0xAB5F, 0xAB5F, 0xAB5F, 0xAB5F, 0xAB5F, 0xAB5F, 0xAF5F, 0xAB5F, 0xAB5F,
  0xAF5F, 0xAB5F, 0xAB5F, 0xAB5F, 0xAB5F, 0xAB5F, 0xAF5F, 0xAF5F, 0xAF5F, 0xAB5F, 0xAB5F, 0xAB5F, 0xAB5F, 0xAB5F, 0xAB5F, 0xAB5F,
  0xAB5F, 0xAB5F, 0xAB5F, 0xAB5F, 0xAB5F, 0xAB5F, 0xAB5F, 0xAB5F, 0xAB5F, 0xAB5F, 0xAB5F, 0xAB5F, 0xAB5F, 0xAB5F, 0xAB7F, 0xAB5F,
  0xAF7F, 0xAB5F, 0xAB5F, 0xAF7F, 0xAB3F, 0xAB5F, 0xA6DD, 0x9E5B, 0xAF3F, 0xA71F, 0xAB3F, 0xAB5F, 0xAB5F, 0xAB5F, 0xAB5F, 0xAB5F,
  0xAB5F, 0xAB5F, 0xAB5F, 0xAB5F, 0xAB5F, 0xAB5F, 0xAB5F, 0xAB5F, 0xAB5F, 0xAB3E, 0xA6B8, 0xAAD8, 0xAAD9, 0xAB1C, 0xAB7F, 0xAB5F,
  0xAB5F, 0xAB5F, 0xAF7F, 0xAF3C, 0xAEF9, 0xAAD8, 0xAB3D, 0xAB5F, 0xA75F, 0xAB5F, 0xA297, 0x9968, 0x9D46, 0x9904, 0xB33C, 0xA653,
  0x9945, 0x9D67, 0x9D2A, 0x9CE8, 0xA105, 0xA524, 0x9D05, 0xAED9, 0xAED9, 0x9D25, 0x9D03, 0xA1AC, 0xAF5F, 0xAB5F, 0xAB5F, 0xAB5F,
  0xAB1A, 0xAEF9, 0xAB1C, 0xAB7F, 0xAB5F, 0xAAD7, 0xA5EE, 0xA9A9, 0xAA4F, 0xA60F, 0xA60F, 0xAF5F, 0xA75F, 0xA73F, 0xAB5F, 0xAB5F,
  0xAB5F, 0xAB5F, 0xAAD9, 0xB2F9, 0xAA50, 0xA585, 0xADA6, 0xA9A6, 0xA986, 0xA544, 0xADA7, 0xA986, 0xA146, 0xAE2B, 0x9D07, 0x9D08,
  0x98C7, 0xA126, 0xADC7, 0xA986, 0xA966, 0x98A3, 0x9529, 0x9DF0, 0x99CD, 0x9E0E, 0x99AA, 0x99AA, 0x99CC, 0x95AA, 0x9588, 0x9504,
  0x9987, 0x9D88, 0x9904, 0x9D04, 0x98C2, 0x9D24, 0x9CC3, 0x9482, 0x9906, 0x9905, 0x9904, 0x9924, 0x94E3, 0x98E3, 0x94C2, 0x9926,
  0x94E4, 0x9082, 0x9D05, 0x98E3, 0x98E3, 0x9D04, 0xA124, 0xADA7, 0xA9A7, 0xA9A7, 0x9DA9, 0x9D24, 0xA124, 0x9D88, 0x9967, 0x9D89,
  0x9D45, 0x94C9, 0xA619, 0x9D51, 0x98EC, 0x94C8, 0x94A2, 0x9903, 0x9967, 0x9968, 0x9967, 0x9505, 0x99CE, 0x9569, 0x9929, 0x9D09,
  0x98C6, 0x9946, 0x9989, 0x9967, 0x9966, 0x9D66, 0x9D24, 0x9CC3, 0x98C3, 0x9D09, 0x9D0B, 0x98E6, 0x98C3, 0x98C2, 0x9D03, 0xA124,
  0x9CC2, 0x9483, 0x9D6F, 0xA1F4, 0x90A7, 0x8C22, 0x8C42, 0x8C43, 0x9043, 0x8C22, 0x992D, 0xA659, 0xA217, 0x996F, 0x990A, 0x90C7,
  0xA2DF, 0xA2FF, 0xAB5F, 0xAF5F, 0xAB5F, 0xAB5F, 0xAF5F, 0xAF5F, 0xAB5F, 0xAB5F, 0xAB5F, 0xAB5F, 0xAB5F, 0xAB5F, 0xAB5F, 0xAB5F,
  0xAB5F, 0xAB5F, 0xAB5F, 0xAB5F, 0xAB5F, 0xAB5F, 0xAB5F, 0xAB5F, 0xAB5F, 0xAB5F, 0xAB5F, 0xAB5F, 0xAB5F, 0xAB5F, 0xAB5F, 0xAF5F,
  0xAB5F, 0xAB5F, 0xAF5F, 0xAB5F, 0xAB5F, 0xAB5F, 0xAB5F, 0xAB5F, 0xAB5F, 0xAB5F, 0xAB5F, 0xAB5F, 0xAB5F, 0xAB5F, 0xAB5F, 0xAB5F,
  0xAB5F, 0xAB5F, 0xAB5F, 0xAB5F, 0xAB5F, 0xAB5F, 0xAB5F, 0xAB5F, 0xAB5F, 0xAB5F, 0xAB5F, 0xAB5F, 0xAB5F, 0xAB3F, 0xA69C, 0xAF3F,
  0xA29C, 0xAB3F, 0xAB5F, 0xAB3F, 0xAB5F, 0xAB5F, 0xAF5F, 0xA29C, 0xAB1E, 0xA71F, 0xAB3F, 0xAB5F, 0xAB5F, 0xAB5F, 0xAB5F, 0xAB5F,
  0xAB5F, 0xAB5F, 0xAB5F, 0xAB5F, 0xAB5F, 0xAB5F, 0xAB5F, 0xAB5F, 0xAB5F, 0xAB1D, 0x9DF0, 0x9D26, 0x9D03, 0xA189, 0xAEF9, 0xAF7F,
  0xA73F, 0xAF5F, 0xAEF9, 0xA1CB, 0x9D24, 0x9DCD, 0xAB1C, 0xAB5F, 0xA73F, 0xAB5F, 0xA2B8, 0x9D88, 0x9D24, 0xA18B, 0xB37E, 0xA673,
  0x9D66, 0x9D25, 0xB295, 0xA14D, 0x9CE5, 0xA124, 0x9CE2, 0xA674, 0xAF9F, 0xA1EF, 0x98E1, 0xA1CC, 0xAF7F, 0xA75F, 0xAF7F, 0xB35D,
  0xA5C9, 0xA9A6, 0xA9EB, 0xAA72, 0xAAFA, 0xAF7F, 0xAAB7, 0xA9CA, 0xA9EA, 0xAA93, 0xAF3D, 0xAB3F, 0xA6FA, 0xAF5E, 0xA696, 0xAAF9,
  0xA71C, 0xAB5F, 0xA696, 0xAA0E, 0xA9A7, 0xADC6, 0xADA6, 0xADA7, 0xADA6, 0xA544, 0xA9A6, 0xA566, 0xA146, 0xA588, 0x98C6, 0x98E8,
  0x98E7, 0xA9A7, 0xB1C6, 0x98E4, 0x996B, 0x99AE, 0x9E51, 0x960D, 0x99ED, 0x9588, 0x99A8, 0x9987, 0x9967, 0x9947, 0x90E4, 0x94A2,
  0x94C3, 0x94C3, 0x98C3, 0x98E3, 0x98E3, 0x98C2, 0x9907, 0x99AE, 0xA231, 0x9DED, 0x9946, 0x9DA9, 0x9947, 0x90A1, 0x94A2, 0x9D24,
  0x94C2, 0x9905, 0x9D67, 0x9925, 0x94C3, 0x94C2, 0x98E3, 0xA986, 0xADC7, 0xA9A7, 0x9945, 0xA187, 0x9D46, 0x9D25, 0x9D47, 0x9D67,
  0x9D24, 0x94C9, 0xA1D6, 0x9D94, 0x9D4F, 0x94C9, 0x9063, 0x9D45, 0x9945, 0x9526, 0x9989, 0x9947, 0x98E4, 0x98C2, 0x9D09, 0x98EA,
  0x94C7, 0x9946, 0x9988, 0x9967, 0x9946, 0x9966, 0x9D66, 0x9CE2, 0x98C3, 0x9CE8, 0x9CE6, 0x98C1, 0x98C2, 0x98C2, 0x98C2, 0xA0E3,
  0x8C62, 0x9DB2, 0xA1F4, 0x94C9, 0x9086, 0x9066, 0x9064, 0x8C42, 0x9043, 0x9043, 0x8C42, 0xA1B2, 0xA67B, 0x9991, 0x994D, 0x992C,
  0x963F, 0x963F, 0x9A7E, 0xA6FF, 0xAB3F, 0xA2FF, 0x9E9E, 0x9E9E, 0x9E9E, 0xAB1F, 0xAB3F, 0xAF5F, 0xAF5F, 0xAB5F, 0xAB5F, 0xAB5F,
  0xAF5F, 0xAF5F, 0xAF5F, 0xAF5F, 0xAF5F, 0xAF5F, 0xAF5F, 0xAF5F, 0xAF5F, 0xAF5F, 0xAB5F, 0xAF5F, 0xAB5F, 0xAB5F, 0xAB5F, 0xAB5F,
  0xAB5F, 0xAF5F, 0xAF5F, 0xAB5F, 0xAF5F, 0xAB5F, 0xAF5F, 0xAB5F, 0xAB5F, 0xAB5F, 0xAB5F, 0xAB5F, 0xAF5F, 0xAB5F, 0xAB5F, 0xAB5F,
  0xAB5F, 0xAB5F, 0xAB5F, 0xAB5F, 0xAB5F, 0xAB5F, 0xAB5F, 0xAB5F, 0xAB5F, 0xAB5F, 0xAB5F, 0xAB5F, 0xAB5F, 0xAF5F, 0xA69C, 0x9DFA,
  0xA69C, 0xAB3F, 0xAB5F, 0xAB5F, 0xAB5F, 0xAB5F, 0xAB5F, 0xAF7F, 0xAB5F, 0xAB5F, 0xAB5F, 0xAB5F, 0xAB5F, 0xAB5F, 0xAB5F, 0xAB5F,
  0xAB5F, 0xAB5F, 0xAB5F, 0xAB5F, 0xAB5F, 0xAB3F, 0xAB3F, 0xAB3F, 0xAB3F, 0xAB5F, 0xB7BF, 0xAEB7, 0xA588, 0xA522, 0xA167, 0xAF1B,
  0xAF7F, 0xAEFA, 0xA167, 0x9D03, 0xAE73, 0xB79F, 0xAB7F, 0xAB7F, 0xA75F, 0xAB5F, 0xA6B8, 0x9D67, 0x9D67, 0xAED9, 0xB39F, 0xA673,
  0x9D65, 0x9D26, 0xAE95, 0x992C, 0x9CE6, 0xA145, 0x9CE2, 0xAA74, 0xAB7F, 0xAF1B, 0x9D46, 0xA1AC, 0xAF7F, 0xAB7F, 0xA695, 0xA5EB,
  0xADC8, 0xADA6, 0xADA6, 0xA9A6, 0xA5CA, 0xAEFB, 0xB37F, 0xAA0D, 0xA964, 0xAED6, 0xA75F, 0xAB3E, 0xA630, 0xA9EC, 0xA987, 0xA566,
  0xAA52, 0xAB1D, 0xAAB6, 0xB272, 0xA9A6, 0xADC6, 0xADA6, 0xADC6, 0xADA6, 0xA544, 0xA9A7, 0xA566, 0xA125, 0xA566, 0x98C5, 0x98E8,
  0x98C6, 0xA9A7, 0xA965, 0x954A, 0x9E76, 0x9A52, 0x9A0E, 0x95CA, 0x99EC, 0x99CC, 0x99A9, 0x94E4, 0x90A3, 0x9926, 0x9504, 0x94E4,
  0x94E4, 0x9082, 0x9482, 0x98C3, 0x9CE3, 0x9506, 0x99ED, 0x9A0E, 0x99CC, 0x99A9, 0x99A9, 0x9967, 0x9946, 0x98E4, 0x94A2, 0x98C2,
  0x98A2, 0x98C3, 0x9925, 0x9925, 0x9946, 0x9D46, 0x98E3, 0x9D03, 0xADC7, 0xA9A6, 0x9D25, 0x9925, 0x9967, 0x9D89, 0x9903, 0x9CE3,
  0x9D03, 0x98E8, 0xA5D6, 0xA1B5, 0x9D2F, 0x94A9, 0x9065, 0x94A3, 0x9D46, 0x998A, 0x99CD, 0x9968, 0x98E2, 0x9CC2, 0x9D06, 0x9D0A,
  0x98C6, 0x9925, 0x9946, 0x9946, 0x9D45, 0x9D24, 0x9904, 0x9907, 0x9D0B, 0x9CE8, 0x98C2, 0x98C2, 0x98C2, 0x98C2, 0x9CC2, 0x9061,
  0x9D90, 0xA637, 0x90EA, 0x9085, 0x9086, 0x98CA, 0x9044, 0x8C43, 0x9043, 0x9063, 0x98A2, 0x9085, 0xA638, 0xA259, 0x99B2, 0x996E,
  0x9A5F, 0x965F, 0x963F, 0x965F, 0x965E, 0x965F, 0x963F, 0x965F, 0x965F, 0x965F, 0x965E, 0xA2DF, 0xA6FF, 0xA2FF, 0xA2FF, 0xA2FF,
  0xA2FF, 0xA2FF, 0xA2FF, 0xA2FF, 0xA2FF, 0xA2FF, 0xA2FF, 0xA2FF, 0xA2DF, 0xA71F, 0xAF5F, 0xAB5F, 0xAB5F, 0xAB5F, 0xAB5F, 0xAB5F,
  0xAB5F, 0xAB5F, 0xAB5F, 0xAB5F, 0xAF5F, 0xAF5F, 0xAF5F, 0xAB5F, 0xAB5F, 0xAB5F, 0xAB5F, 0xAB5F, 0xAB5F, 0xAB5F, 0xAB5F, 0xAB5F,
  0xAB5F, 0xAB5F, 0xAB5F, 0xAB5F, 0xAB5F, 0xAB5F, 0xAB5F, 0xAB5F, 0xAB5F, 0xAB5F, 0xAB5F, 0xAB5F, 0xAB5F, 0xAB5F, 0xAF5F, 0xAB1F,
  0xAF5F, 0xAB5F, 0xAB5F, 0xAB5F, 0xAB5F, 0xAB5F, 0xAB5F, 0xAB5F, 0xAB5F, 0xAB5F, 0xAB5F, 0xAB5F, 0xAB5F, 0xAB5F, 0xAB5F, 0xAB5F,
  0xAB5F, 0xAB5F, 0xAB5F, 0xAF5F, 0xAF5F, 0xAB5F, 0xAB5F, 0xAB5F, 0xAF7F, 0xAADA, 0xAA95, 0xB33E, 0xB31C, 0xA168, 0xA102, 0xA1ED,
  0xB73C, 0xA1AA, 0x9CE3, 0xA5CD, 0xB33D, 0xAA96, 0xAAB5, 0xAA95, 0xAF3C, 0xAF7F, 0xB35E, 0xA1AB, 0xA20E, 0xB35F, 0xAF7F, 0xAAB7,
  0x9D67, 0xA1CC, 0xAEF9, 0x950A, 0x98A7, 0x9CE5, 0x9D25, 0xAAD8, 0xAB5F, 0xB37F, 0xA20F, 0x998B, 0xB37F, 0xAB5F, 0xA6D8, 0xAEB5,
  0xA587, 0xAD85, 0xA9A6, 0xAE0D, 0xAE2E, 0xA673, 0xB37F, 0xAA0E, 0xA984, 0xAED7, 0xAB5F, 0xAB3E, 0xB2B5, 0xA9A7, 0xADA6, 0xAD86,
  0xA588, 0xAE73, 0xA5AA, 0xA986, 0xADA6, 0xADA6, 0xADC6, 0xADC6, 0xADA6, 0xA985, 0xADC7, 0xA546, 0xA546, 0xADC7, 0x9D26, 0x98E7,
  0x98E6, 0xA987, 0x98E5, 0x9A12, 0x9A30, 0x95CB, 0x95EC, 0x99EB, 0x95AA, 0x9A0D, 0x9988, 0x90A3, 0x9549, 0x99CC, 0x9589, 0x9DAB,
  0x9967, 0x9966, 0x90A3, 0x98C3, 0x9D04, 0x9DCC, 0x99A9, 0x9988, 0x9547, 0x9504, 0x9904, 0x9924, 0x9924, 0x9925, 0x94A3, 0x9482,
  0x94A2, 0x94A2, 0x94A2, 0x94A2, 0x9D25, 0x98E3, 0x9CE3, 0xA103, 0xADA7, 0xB1C7, 0xA544, 0x98E3, 0x9D68, 0x9988, 0x9D47, 0x9D03,
  0xA124, 0x98C4, 0x9D4F, 0x992E, 0x94CA, 0x98EB, 0x9087, 0x9483, 0x9D03, 0x9D46, 0x9989, 0x9547, 0x9967, 0x9D25, 0x9CE3, 0x9CE7,
  0x94A7, 0x98C5, 0x9D46, 0x9D24, 0x98C2, 0x98E5, 0x98E9, 0x9D2D, 0x9D2C, 0x9CC4, 0x9CC2, 0x98C2, 0x98C2, 0x9CE2, 0x9061, 0x9D6F,
  0xA1F4, 0x90C9, 0x9086, 0x8C44, 0x98EA, 0x9066, 0x8C22, 0x9063, 0x9483, 0x98C3, 0x98A2, 0x8C64, 0xA638, 0xA67C, 0xA659, 0x956F,
  0x99BC, 0x99DD, 0x9A3F, 0x963F, 0x963F, 0x965F, 0x965F, 0x965F, 0x965F, 0x965F, 0x965F, 0x963F, 0x963F, 0x963F, 0x963F, 0x963F,
  0x963F, 0x963E, 0x965F, 0x963F, 0x963F, 0x963F, 0x963F, 0x963F, 0x923F, 0x9A7E, 0xAB1F, 0xAB5F, 0xAB5F, 0xAF5F, 0xAF5F, 0xAF5F,
  0xAF5F, 0xAF5F, 0xAB5F, 0xAB5F, 0xAB5F, 0xAB5F, 0xAB5F, 0xAB5F, 0xAB5F, 0xAB5F, 0xAB5F, 0xAB5F, 0xAB5F, 0xAB5F, 0xAB5F, 0xAB5F,
  0xAB5F, 0xAB5F, 0xAB5F, 0xAB5F, 0xAB5F, 0xAB5F, 0xAB5F, 0xAB5F, 0xAB5F, 0xAB5F, 0xAB5F, 0xAB5F, 0xAB5F, 0xAB5F, 0xAB5F, 0xAB5F,
  0xAB5F, 0xAB5F, 0xAB5F, 0xAB5F, 0xAB5F, 0xAB5F, 0xAB5F, 0xAB5F, 0xAB5F, 0xAB5F, 0xAB5F, 0xAB5F, 0xAB5F, 0xAB5F, 0xAB5F, 0xAB5F,
  0xAB5F, 0xAB5F, 0xAB3F, 0xA2BE, 0xA2BF, 0xA2BF, 0xA2DF, 0xA6BB, 0xA232, 0x9D67, 0x9D22, 0xA1AB, 0xA676, 0xA611, 0x9D02, 0xA5AA,
  0xAA2F, 0x9D24, 0xA169, 0xAE73, 0xA5CC, 0x98E1, 0x9D03, 0x9D24, 0xA1CB, 0xAB1C, 0xB37F, 0x9E0F, 0xB33D, 0xAF5F, 0xAB5F, 0xB37F,
  0x9DAB, 0x9DAA, 0xAF5E, 0x9DD1, 0x94A7, 0x9CC4, 0xA1CC, 0xAF7F, 0xA73F, 0xAB5F, 0xAF5E, 0xAAD9, 0xAF7F, 0xAB5F, 0xAB5F, 0xAB7F,
  0xAAB6, 0xA9EC, 0xA9A8, 0xAA30, 0xA696, 0xAF5F, 0xAF7F, 0xAE72, 0xAD84, 0xAE2E, 0xAF5F, 0xAF5F, 0xA1ED, 0xA5A8, 0xA988, 0xA986,
  0xA9A7, 0xA5A9, 0xA566, 0xA986, 0xADA6, 0xA9A6, 0xADA6, 0xADA6, 0xADA6, 0xADA6, 0xADA7, 0x9D05, 0xA987, 0xA986, 0x9906, 0x98E8,
  0x9D07, 0xA525, 0x954A, 0x9610, 0x9189, 0x9568, 0x99CC, 0x9588, 0x9567, 0x99A9, 0x90C4, 0x996C, 0x9E0E, 0x95CC, 0x99EF, 0x9DEE,
  0x9546, 0x9966, 0x9925, 0x9482, 0x98E4, 0x9DAA, 0x9525, 0x9504, 0x9947, 0x9926, 0x9D47, 0x9D25, 0x9924, 0x9925, 0x94A3, 0x9061,
  0x94C3, 0x98E3, 0x9904, 0x98E3, 0x9481, 0x98A2, 0x9CE2, 0x98C2, 0xA104, 0xA124, 0xA187, 0x9DA9, 0x9926, 0x9946, 0x9D88, 0x9D04,
  0xA124, 0x94A2, 0x992E, 0xA1D6, 0xA1B4, 0x9D2E, 0x9087, 0x9483, 0xA104, 0x9D03, 0x9D24, 0x9D46, 0x9D25, 0x9D66, 0x9D24, 0x98C3,
  0x94A8, 0x98C5, 0x9D03, 0x98C2, 0x9CE6, 0x9D0C, 0x98E8, 0x98C3, 0x98C2, 0x98C2, 0x9CC2, 0x98C2, 0x9CE2, 0x9481, 0x994E, 0xAA58,
  0x950B, 0x9487, 0x8C44, 0x94C9, 0x90A7, 0x8822, 0x9063, 0x94A3, 0x98C3, 0x9D24, 0x9482, 0x9065, 0xAA58, 0xA1F5, 0xA659, 0x99B2,
  0x9D39, 0x9D59, 0x9D7A, 0x997A, 0x997A, 0x99DC, 0x9A5F, 0x965F, 0x965F, 0x965F, 0x965F, 0x963F, 0x963F, 0x963F, 0x965F, 0x965F,
  0x965F, 0x965F, 0x963F, 0x963F, 0x963F, 0x963F, 0x965F, 0x965F, 0x965F, 0x963F, 0x967E, 0x9A7E, 0x9A7E, 0xA71F, 0xAB1F, 0xAB1F,
  0xAB1F, 0xAB1F, 0xAB3F, 0xAF5F, 0xAF5F, 0xAF5F, 0xAF5F, 0xAB5F, 0xAB5F, 0xAB5F, 0xAB5F, 0xAB5F, 0xAB5F, 0xAB5F, 0xAB5F, 0xAB5F,
  0xAB5F, 0xAB5F, 0xAB5F, 0xAB5F, 0xAB5F, 0xAB5F, 0xAB5F, 0xAB5F, 0xAB5F, 0xAB5F, 0xAB5F, 0xAB5F, 0xAB5F, 0xAB5F, 0xAB5F, 0xAB5F,
  0xAB5F, 0xAB5F, 0xAB5F, 0xAB5F, 0xAB5F, 0xAB5F, 0xAB5F, 0xAB5F, 0xAB5F, 0xAB5F, 0xAB5F, 0xAB5F, 0xAB5F, 0xAB5F, 0xA71F, 0xA71F,
  0xA6FF, 0x9A7E, 0x9A7F, 0x965F, 0x965F, 0x965F, 0x9A5F, 0x99D1, 0x9D69, 0xA18A, 0xA589, 0x9D02, 0xA166, 0xA168, 0xA124, 0xA145,
  0xA125, 0xA565, 0xA567, 0x9D24, 0x9903, 0xA167, 0xA1CD, 0xB31B, 0xAAFA, 0xAB3E, 0xAF5F, 0xAF1C, 0xAF5F, 0xAB5F, 0xAB5F, 0xB37F,
  0xA231, 0x9969, 0xAF7F, 0xA699, 0x9087, 0x98C5, 0xA252, 0xAB7F, 0xAB5F, 0xAB5F, 0xAB5F, 0xAF3D, 0xAB5F, 0xA73F, 0xAB5F, 0xAEF9,
  0xAF3D, 0xAEFA, 0xA9EC, 0xAF5F, 0xAB5F, 0xAB5F, 0xAB5E, 0xAE94, 0xAD86, 0xADA7, 0xB2D6, 0xB33D, 0xB2F8, 0xAE94, 0xAE94, 0xA5C9,
  0xA9EA, 0xA5EA, 0xA9C9, 0xA586, 0xA985, 0xA9C9, 0xA586, 0xA986, 0xA9A7, 0xADC7, 0xADC7, 0xA125, 0xA9A7, 0xADA7, 0x9CE7, 0x9CE8,
  0x9CE7, 0xA986, 0x98E4, 0x958B, 0x9147, 0x9546, 0x9568, 0x9547, 0x9567, 0x9966, 0x90A4, 0x9E34, 0x95EE, 0x99ED, 0x99CC, 0x9566,
  0x9966, 0x9967, 0x9925, 0x9482, 0x94A2, 0x94E4, 0x9904, 0x94E4, 0x9947, 0x9946, 0x9D67, 0x9903, 0x9903, 0x94A3, 0x9062, 0x9905,
  0x9D68, 0x9D88, 0x9D66, 0x9D44, 0x98E3, 0x94A2, 0x98C2, 0x98C2, 0x98C2, 0x98E3, 0x9D88, 0x9D67, 0x9904, 0x9D67, 0x9D67, 0x98E3,
  0xA104, 0x98C3, 0x992E, 0xA5F8, 0x9D51, 0x94EA, 0x98C9, 0x9064, 0x9CE3, 0xA124, 0xA124, 0x9D27, 0x9CE5, 0x9D23, 0x9D24, 0x9D04,
  0x94A7, 0x94A5, 0x9CC2, 0x98C3, 0x9CEA, 0x9D09, 0x98C2, 0x9CC1, 0x9CC2, 0x98C2, 0x98C2, 0x9CE2, 0x9481, 0x94E9, 0xAA58, 0x952B,
  0x94A7, 0x94A8, 0x94E8, 0x94C8, 0x8822, 0x8C62, 0x98C3, 0x8C41, 0x94C3, 0x9D24, 0x98A3, 0x9065, 0xA616, 0x90CA, 0xA638, 0xA237,
  0x99DC, 0x99DC, 0x99BC, 0x99BC, 0x99DC, 0x99DC, 0x963E, 0x963E, 0x963E, 0x963E, 0x963E, 0x9E9E, 0xA2BF, 0x9EBE, 0x965E, 0x965E,
  0x963E, 0x9A7E, 0xA2BF, 0xA2BF, 0xA2BF, 0x9EBF, 0x965E, 0x963E, 0x923E, 0x963E, 0x923E, 0x923E, 0x963E, 0x963E, 0x963E, 0x965E,
  0x965E, 0x963E, 0x965E, 0xA2DE, 0xA2DE, 0xA2DE, 0xA2DE, 0xAB3F, 0xAB5F, 0xAB5F, 0xAB5F, 0xAB5F, 0xAB5F, 0xAB5F, 0xAB5F, 0xAB5F,
  0xAB5F, 0xAB5F, 0xAB5F, 0xAB5F, 0xAB5F, 0xAB5F, 0xAB5F, 0xAB5F, 0xAB5F, 0xAB5F, 0xAF5F, 0xAF5F, 0xAB5F, 0xAB5F, 0xAB5F, 0xAB5F,
  0xAB5F, 0xAB5F, 0xAB5F, 0xAB5F, 0xAB5F, 0xAB5F, 0xAB5F, 0xAB5F, 0xAB5F, 0xAF5F, 0xAB5F, 0xA2FF, 0xA2DF, 0xA2BF, 0x965E, 0x965F,
  0x965F, 0x965F, 0x965F, 0x9A5F, 0x9A5F, 0x9A5F, 0x9A5F, 0x9E7E, 0x9E7E, 0xA29F, 0xA67A, 0xA610, 0xA1A9, 0xA144, 0xA104, 0xA104,
  0xA0E3, 0xA104, 0xA123, 0xA5A9, 0xAE94, 0xB75E, 0xB35E, 0xAF7F, 0xAF7F, 0xAB5F, 0xAB5F, 0xAF5F, 0xAB5F, 0xAB5F, 0xAB5F, 0xAB5F,
  0xAF3D, 0xA276, 0xAB5F, 0xAADC, 0x990C, 0x98E7, 0xAB1C, 0xA75F, 0xA73F, 0xA75F, 0xAF3C, 0xA188, 0xAED7, 0xAF7F, 0xB2F9, 0xA5A7,
  0xAA95, 0xB35F, 0xA5EC, 0xAF1B, 0xA6D8, 0xAE94, 0xAA50, 0xA9CA, 0xA9A7, 0xADA7, 0xA986, 0xAE0C, 0xA9EA, 0xA986, 0xA9EA, 0xA9EB,
  0xA5A7, 0xA987, 0xA587, 0xA5C9, 0xA986, 0xA587, 0xA1AA, 0xA5EB, 0xA5CB, 0xA587, 0xADA7, 0xA125, 0xADA7, 0xADA7, 0x9D08, 0x98E8,
  0x98C6, 0xA9A6, 0x9CE3, 0x8C62, 0x9967, 0x94E5, 0x94A2, 0x9904, 0x9925, 0x98E3, 0x9063, 0x996A, 0x99A9, 0x9545, 0x9987, 0x9945,
  0x9904, 0x9904, 0x94C3, 0x9482, 0x98A2, 0x9042, 0x9082, 0x94C3, 0x9925, 0x9904, 0x98C2, 0x94A2, 0x9062, 0x9042, 0x98E4, 0x9945,
  0x9946, 0x9966, 0x9D87, 0x9924, 0x9D24, 0x98E3, 0x94A2, 0xA546, 0xA124, 0x9D04, 0x9D25, 0x98E2, 0x98E5, 0x9927, 0x9D04, 0x9CE3,
  0x9CE3, 0xA125, 0x94C7, 0xA1B4, 0x9D51, 0x992E, 0x990C, 0x9486, 0x9CE3, 0xA103, 0x9CE2, 0x9CE6, 0x9CE8, 0x9D05, 0x98E3, 0x9CC2,
  0x98A5, 0x94A7, 0x98C2, 0x98C6, 0x9CEB, 0x98C3, 0x98C1, 0x98C2, 0x98C2, 0x9CC2, 0x9CC2, 0x9081, 0x94EB, 0xA5F4, 0x952B, 0x90A5,
  0x94A7, 0x992C, 0x9909, 0x8C43, 0x8C42, 0x98E3, 0x94C3, 0x8C62, 0x9904, 0x9904, 0x9D04, 0x8C63, 0xAA38, 0x90EB, 0x9D91, 0xA67B,
  0x9A5F, 0x9A5F, 0x9A5F, 0x9A5F, 0x9A5F, 0xA6FF, 0xA71F, 0xA6FF, 0xA6FF, 0xA6FF, 0xA6FF, 0xAB3F, 0xAF5F, 0xAF5F, 0xA6FF, 0xA6FF,
  0xA6FF, 0xA71F, 0xAF7F, 0xAF5F, 0xAF5F, 0xAB5F, 0xA6FF, 0xA6FF, 0xA6FF, 0xA6FF, 0xA6FF, 0xA6FF, 0xA6FF, 0xA6FF, 0xA6FF, 0xA6FF,
  0xA6FF, 0xA6FF, 0xA6FF, 0xA6FE, 0xA6FE, 0xA6FE, 0xA6FE, 0xAB3F, 0xAB5F, 0xAB5F, 0xAB5F, 0xAB5F, 0xAB5F, 0xAB5F, 0xAB5F, 0xAB5F,
  0xAB5F, 0xAB5F, 0xAB5F, 0xAB5F, 0xAB5F, 0xAB5F, 0xAB5F, 0xAB5F, 0xA2DE, 0x9EBE, 0x9EBE, 0x9E9E, 0xA6FE, 0xAB5F, 0xAB5F, 0xAB5F,
  0xAB5F, 0xAB5F, 0xAB5F, 0xAB5F, 0xAB5F, 0xAB5F, 0xAB5F, 0xAB3F, 0xAB5F, 0xA6FF, 0x9E9E, 0x9A5F, 0x965F, 0x965F, 0x9A5F, 0x965F,
  0x965F, 0x965F, 0x965F, 0x965F, 0x965F, 0x9A5F, 0x9A5F, 0x9A5F, 0x9E7F, 0x9E37, 0x9DAD, 0xA5EE, 0xA589, 0xA124, 0xA0E4, 0xA0E4,
  0xA0E4, 0xA0E4, 0xA125, 0xA589, 0xA5CC, 0xA1AB, 0xA1AA, 0xA60F, 0xB2FA, 0xAF5F, 0xAB5F, 0xAB3F, 0xAB5F, 0xAB5F, 0xAB5F, 0xAB5F,
  0xAB5F, 0xAB5F, 0xAB5F, 0xAEFE, 0x992F, 0x98E9, 0xAF3E, 0xA75F, 0xA73F, 0xAB7F, 0xA651, 0xA965, 0xA9EB, 0xB2F8, 0xA9C9, 0xADC7,
  0xB31B, 0xAF7F, 0xAE94, 0xAE2F, 0xAE0C, 0xA964, 0xADA7, 0xA986, 0xADA6, 0xADA6, 0xADA7, 0xA9A6, 0xADA6, 0xADA6, 0xA9A6, 0xADE8,
  0xA9A8, 0xA524, 0xA523, 0xA544, 0xA9A8, 0x9D24, 0xA1A9, 0xA5EB, 0xA9A9, 0xA104, 0xAD86, 0xA125, 0xADA7, 0xADA7, 0x9D08, 0x98C7,
  0x98E7, 0xA986, 0xA545, 0xA125, 0x94C3, 0x94A2, 0x9882, 0x9D03, 0x9D24, 0x9462, 0x9463, 0x9483, 0x9905, 0x9D25, 0x98E4, 0x9482,
  0x9482, 0x9482, 0x9462, 0x98C3, 0x9D03, 0x9063, 0x9462, 0x9482, 0x94C3, 0x98C3, 0x9482, 0x9062, 0x9063, 0x98C3, 0x98E3, 0x94A2,
  0x9924, 0x9945, 0x9924, 0x9925, 0x9D45, 0x9D23, 0x94A3, 0xA966, 0xA986, 0xA104, 0x9CE3, 0x9CC2, 0x98C4, 0x98C5, 0x9CE4, 0x9CE3,
  0x9CE3, 0xA545, 0x94A5, 0xA1B5, 0xA1F8, 0xA1B5, 0x990C, 0x98A8, 0x9483, 0x9CC2, 0x9CE1, 0x9CE5, 0x9CE8, 0x98C3, 0x9D09, 0x9CE5,
  0x98C5, 0x98C9, 0x98A3, 0x98C6, 0x98C7, 0x98C1, 0x98C2, 0x98C2, 0x98C2, 0x9CC2, 0x9062, 0x9D90, 0xA636, 0x90E8, 0x94C5, 0x9064,
  0x9486, 0x98C9, 0x9085, 0x8C22, 0x94A3, 0x9D04, 0x9062, 0x94A3, 0x9904, 0x9904, 0x9904, 0x8C62, 0x9D91, 0x94EA, 0x8C66, 0xA67B,
  0xAB3F, 0xAB3F, 0xAB3F, 0xAB3F, 0xAB3F, 0xAB5F, 0xAB5F, 0xAB5F, 0xAB5F, 0xAB5F, 0xAF5F, 0xAB5F, 0xAB5F, 0xAB5F, 0xAF5F, 0xAF5F,
  0xAF5F, 0xAB5F, 0xAB5F, 0xAB5F, 0xAB5F, 0xAB5F, 0xAB5F, 0xAB5F, 0xAF5F, 0xAF5F, 0xAB5F, 0xAF5F, 0xAB5F, 0xAF5F, 0xAB5F, 0xAB5F,
  0xAF5F, 0xAF5F, 0xAF5F, 0xAF5F, 0xAF5F, 0xAF5F, 0xAF5F, 0xAB5F, 0xAB5F, 0xAB5F, 0xAB5F, 0xAB5F, 0xAB5F, 0xAB5F, 0xAB5F, 0xAB5F,
  0xAB5F, 0xAB5F, 0xAB5F, 0xAB5F, 0xAB5F, 0xAB5F, 0xAB5F, 0xAB5F, 0xAB3F, 0xA73F, 0xAB3F, 0xAB3F, 0xAB3F, 0xAB5F, 0xAB5F, 0xAB5F,
  0xAB5F, 0xAB3F, 0xA71F, 0xA6FE, 0xA2FE, 0xA2FE, 0x9EBE, 0x965E, 0x9A5E, 0x965F, 0x965F, 0x965F, 0x965F, 0x965F, 0x965F, 0x965F,
  0x965F, 0x9A5F, 0x965F, 0x965F, 0x965F, 0x965F, 0x965F, 0x9E3B, 0xA1D1, 0xA167, 0xA544, 0xA544, 0xA124, 0x9CE3, 0xA104, 0xA0E4,
  0xA0E4, 0xA0E4, 0xA104, 0xA103, 0x9CE2, 0x9CC1, 0x9CC0, 0xA102, 0xA125, 0xA652, 0xAF5F, 0xAB3F, 0xAB5F, 0xAB5F, 0xAB5F, 0xAB5F,
  0xAB5F, 0xAB3F, 0xAF5F, 0xAEFD, 0x9D50, 0x990B, 0xAF3D, 0xAB7F, 0xAF5D, 0xAAB5, 0xAA94, 0xA9CA, 0xA987, 0xAE4F, 0xADA6, 0xADA6,
  0xA5EC, 0xB2D8, 0xA9CA, 0xA986, 0xADA7, 0xADC7, 0xADA6, 0xADA7, 0xADA6, 0xADA6, 0xA9A6, 0xA9A6, 0xADA7, 0xADA6, 0xB1C7, 0xA985,
  0xA5A7, 0xA9A8, 0xA5A8, 0xA545, 0xA566, 0xA5A8, 0xA186, 0xA145, 0xA124, 0xA545, 0xADA7, 0x9D05, 0xA986, 0xA9A7, 0x9CE7, 0x98C7,
  0x94A6, 0xADA7, 0xA545, 0xA986, 0xAD86, 0xAD86, 0x9CC3, 0x98A2, 0x98C4, 0x9CC5, 0xADA7, 0x9CE4, 0x9042, 0x9462, 0x9482, 0x98C3,
  0x94A2, 0x9064, 0x9482, 0x9D03, 0xA124, 0x94A3, 0x98A3, 0x98A3, 0x9482, 0x9482, 0x9061, 0x9485, 0x9064, 0x9D04, 0x98C3, 0x9062,
  0x98E3, 0x9D24, 0x98E3, 0x9903, 0x9D24, 0x94C2, 0x94A2, 0xA524, 0x9D04, 0x9CE3, 0x9CC2, 0xA104, 0x9D04, 0x94A4, 0x98C7, 0x9CE4,
  0xA104, 0xA145, 0x90A3, 0xA1B4, 0xA1D7, 0x9950, 0x990D, 0x98EB, 0x9064, 0x9CC2, 0x9CE1, 0x9CE5, 0x9CE9, 0x9CC2, 0x9CE6, 0x9D0A,
  0x98C4, 0x98C8, 0x98A3, 0x98C6, 0x98C7, 0x98C1, 0x98C2, 0x98C2, 0x98A1, 0x9063, 0xA5F4, 0x9DB1, 0x90E7, 0x994C, 0x990B, 0x9044,
  0x9CCA, 0x9066, 0x8C22, 0x8C42, 0x98E3, 0x98C3, 0x94A3, 0x9903, 0x9925, 0x9925, 0x9904, 0x94C2, 0x90E8, 0x98EA, 0x8C43, 0xA5F6,
  0xAF5F, 0xAF5F, 0xAF5F, 0xAB5F, 0xAB5F, 0xAB5F, 0xAB5F, 0xAB5F, 0xAB5F, 0xAB5F, 0xAB5F, 0xAB5F, 0xAB5F, 0xAB5F, 0xAB5F, 0xAB5F,
  0xAB5F, 0xAB5F, 0xAB5F, 0xAB5F, 0xAB5F, 0xAB5F, 0xAB5F, 0xAB5F, 0xAB5F, 0xAB5F, 0xAB5F, 0xAB5F, 0xAB5F, 0xAB5F, 0xAB5F, 0xAB5F,
  0xAB5F, 0xAB5F, 0xAB5F, 0xAB5F, 0xAB5F, 0xAB5F, 0xAB5F, 0xAB5F, 0xAB5F, 0xAF5F, 0xAF5F, 0xAF5F, 0xAB5F, 0xAF5F, 0xAB5F, 0xAB5F,
  0xAB5F, 0xAB5F, 0xAB3F, 0xAB5F, 0xAB5F, 0xAB5F, 0xAB5F, 0xAB5F, 0xAB5F, 0xAB5F, 0xAB5F, 0xAB5F, 0xAB5F, 0xAB5F, 0xAB5F, 0xAB5F,
  0xAB5F, 0xAB3F, 0xA6FF, 0xA2FE, 0xA2DE, 0xA2DE, 0xA2DE, 0xA2DF, 0xA2DF, 0xA2DF, 0xA2FF, 0xA2FF, 0xA2FF, 0xA2FF, 0xA2FF, 0xA6FF,
  0xA2BF, 0x9A5E, 0x9A5F, 0x965E, 0x965E, 0x965E, 0x9A7F, 0x9DAF, 0xA123, 0xA124, 0xA166, 0xA589, 0xA167, 0xA125, 0xA124, 0xA104,
  0xA0E4, 0xA104, 0xA104, 0xA0E4, 0xA568, 0xB273, 0xAE74, 0xA5EE, 0x98E3, 0x9926, 0xAF1B, 0xAB5F, 0xAB3F, 0xAB5F, 0xAB5F, 0xAB5F,
  0xAB5F, 0xAB5F, 0xAB5F, 0xB35F, 0xA616, 0x94EA, 0xAB3D, 0xAB5F, 0xA62F, 0xA165, 0xA9CA, 0xADCA, 0xADA6, 0xADA7, 0xADC7, 0xADA6,
  0xB24F, 0xA9EB, 0xAD85, 0xADC7, 0xADC7, 0xADA6, 0xADA6, 0xADA6, 0xADA6, 0xADA6, 0xA9A6, 0xADA6, 0xAD86, 0xA986, 0x9D04, 0x9CE3,
  0xA503, 0xA123, 0xA5A9, 0xA5CA, 0xA586, 0xA5A8, 0xA523, 0xA503, 0xA565, 0xADA7, 0xA566, 0x98C3, 0xA986, 0xA987, 0x98E7, 0x98C7,
  0x94C6, 0xA986, 0xA986, 0xA545, 0xADA6, 0xADC7, 0xA986, 0xA524, 0x9CE5, 0xA107, 0xA965, 0x98C2, 0x9063, 0x9062, 0x9CE3, 0xA523,
  0xA545, 0x98C5, 0x9063, 0x9CE3, 0xA124, 0x9D04, 0x94A3, 0x9484, 0x9483, 0x98A2, 0x9084, 0x9485, 0x94A3, 0x9D03, 0x98C3, 0x9063,
  0x94A2, 0x98A2, 0x9482, 0x98C2, 0x98C2, 0x94A2, 0xA104, 0xA124, 0xA103, 0x9CC3, 0x9CE3, 0xA967, 0xA127, 0x98C6, 0x9D06, 0xA124,
  0xA144, 0xA145, 0x94C3, 0x990C, 0xA5F7, 0xA194, 0xA193, 0x990D, 0x9064, 0x9CC2, 0x9CE2, 0x9CC2, 0x9D09, 0x9D07, 0x98C2, 0x9CE8,
  0x98C4, 0x98C8, 0x9CE9, 0x98C8, 0x9CC6, 0x98C1, 0x98C2, 0x98A1, 0x8C63, 0x9DB2, 0x952C, 0x8885, 0x9D8D, 0x992C, 0x94A8, 0x98C9,
  0x9487, 0x8C43, 0x8C43, 0x9062, 0x98E3, 0x98E3, 0x9904, 0x9903, 0x9946, 0x9925, 0x9903, 0x98E3, 0x90A4, 0x98E7, 0x8C41, 0x992E,
  0xAB5F, 0xAB5F, 0xAB5F, 0xAB5F, 0xAB5F, 0xAB5F, 0xAB5F, 0xAB5F, 0xAB5F, 0xAB5F, 0xAF5F, 0xAB5F, 0xAB5F, 0xAB5F, 0xAB5F, 0xAB5F,
  0xAB5F, 0xAB5F, 0xAB5F, 0xAB5F, 0xAB5F, 0xAB5F, 0xAB5F, 0xAB5F, 0xAB5F, 0xAB5F, 0xAB5F, 0xAB5F, 0xAB5F, 0xAB5F, 0xAB5F, 0xAB5F,
  0xAB5F, 0xAB5F, 0xAB5F, 0xAB5F, 0xAB5F, 0xAB5F, 0xAB5F, 0xAF5F, 0xAB3F, 0xA2FF, 0xA2FF, 0xA2FF, 0xA2FF, 0xA2FF, 0xA2FF, 0xA2FF,
  0xA2FF, 0xA71F, 0xAF5F, 0xAF5F, 0xAB5F, 0xAB5F, 0xAB5F, 0xAB5F, 0xAB5F, 0xAB5F, 0xAB5F, 0xAB5F, 0xAB5F, 0xAB5F, 0xAB5F, 0xAB5F,
  0xAB5F, 0xAB5F, 0xAB5F, 0xAF5F, 0xAF5F, 0xAB5F, 0xAB5F, 0xAB5F, 0xAB5F, 0xAB5F, 0xAB5F, 0xAB7F, 0xAB7F, 0xAB7F, 0xAB7F, 0xAB7F,
  0xAB5F, 0xA73F, 0xA73F, 0xA71F, 0xA71F, 0xA73F, 0x9E12, 0x9903, 0x9D68, 0xAA74, 0xB2F9, 0xA5CC, 0xA587, 0xA144, 0xA103, 0xA104,
  0xA504, 0xA104, 0xA0E3, 0xA0E3, 0xA125, 0xA5CD, 0xB35E, 0xAB5F, 0xAAFB, 0xAA74, 0x9E32, 0xAF7F, 0xAB3F, 0xAB5F, 0xAB5F, 0xAB5F,
  0xAB5F, 0xAB5F, 0xAB5F, 0xAB5F, 0xA217, 0x94C9, 0xAB1D, 0xAB5F, 0xAAD7, 0xB2B4, 0xB1EA, 0xADA6, 0xADC7, 0xADC7, 0xADA7, 0xADA7,
  0xA9A8, 0xADA7, 0xA965, 0xA945, 0xA966, 0xADA7, 0xADC7, 0xADA6, 0xADA7, 0xADA6, 0xADC7, 0xA966, 0x94E4, 0x9548, 0x99AB, 0x9505,
  0xA124, 0xADA6, 0xA144, 0xA1A9, 0xA5C9, 0xA545, 0xAD86, 0xADA7, 0xA9A7, 0xADC7, 0xA545, 0x98C2, 0xA987, 0xA986, 0x98E7, 0x98C7,
  0x98C6, 0xA545, 0xADA6, 0xA545, 0xADA7, 0xA965, 0xB1C7, 0xB1E8, 0xA128, 0x98C6, 0x9CE2, 0xA965, 0x9CE4, 0x9064, 0x98C5, 0x9D04,
  0xAD86, 0x9CE6, 0x9487, 0x98A4, 0xA124, 0xA124, 0x98C4, 0x9066, 0x9064, 0x94A5, 0x9486, 0x9062, 0x9482, 0x94A2, 0x9083, 0x9064,
  0x9483, 0x98A3, 0x98C3, 0x9462, 0x98A3, 0xA124, 0xA545, 0xA103, 0x98C2, 0x98C2, 0xA104, 0x9CE4, 0x9D09, 0x98C6, 0xA124, 0xA144,
  0xA124, 0xA145, 0xA124, 0x94C8, 0xA1D6, 0x9D72, 0x992E, 0x98EB, 0x94A8, 0x9482, 0x9CC2, 0x9CC2, 0x98E4, 0x9D2B, 0x9CE7, 0x98C3,
  0x9CC3, 0x98E8, 0x9D0D, 0x98E9, 0x98C5, 0x98C2, 0x98A2, 0x94C7, 0xA5F5, 0x996F, 0x8C85, 0x9D8F, 0x996D, 0x9087, 0x98A9, 0x9066,
  0x8C43, 0x94A3, 0x9063, 0x98C3, 0x9D03, 0x9904, 0x9903, 0x9505, 0x99CC, 0x9525, 0x9904, 0x9925, 0x94A2, 0x9D24, 0x9082, 0x994E,
  0xAF5F, 0xAB5F, 0xAB5F, 0xAB5F, 0xAB5F, 0xAB5F, 0xAB5F, 0xAF5F, 0xAB5F, 0xAB5F, 0xAB5F, 0xAB5F, 0xAF5F, 0xAF5F, 0xAF5F, 0xAB5F,
  0xAB5F, 0xAB5F, 0xAB5F, 0xAB5F, 0xAB5F, 0xAB5F, 0xAB5F, 0xAB5F, 0xAB5F, 0xAB5F, 0xAB5F, 0xAB5F, 0xAB5F, 0xAB5F, 0xAB5F, 0xAB5F,
  0xAB5F, 0xAB5F, 0xAB5F, 0xAB5F, 0xAB5F, 0xAB5F, 0xAB5F, 0x9EDE, 0x8E5E, 0x81DE, 0x81FF, 0x81FF, 0x81FF, 0x81FF, 0x81FF, 0x81FF,
  0x81DF, 0x85FE, 0x969F, 0x9ABE, 0xAB5F, 0xAB5F, 0xAB5F, 0xAB5F, 0xAB5F, 0xAB5F, 0xAB5F, 0xAB5F, 0xAB5F, 0xAB5F, 0xAB5F, 0xAB5F,
  0xAB5F, 0xAB5F, 0xAB5F, 0xAB5F, 0xAB5F, 0xAB5F, 0xAB5F, 0xAB5F, 0xAB5F, 0xAB5F, 0xAB5F, 0xAB5F, 0xAB5F, 0xAB5F, 0xA75F, 0xAB5F,
  0xAB5F, 0xAB5F, 0xAB5F, 0xAB5F, 0xA75F, 0xAB7F, 0xA274, 0xA210, 0xAF5E, 0xAF7F, 0xA631, 0xA124, 0x9D23, 0xA1AA, 0xA567, 0xA503,
  0xA504, 0xA0E3, 0xA148, 0x9D26, 0xA0E3, 0x9CC1, 0x9DAB, 0xAF5E, 0xA75F, 0xAB5F, 0xAF5E, 0xAB5F, 0xAB5F, 0xAB5F, 0xAB5F, 0xAB5F,
  0xAB5F, 0xAB5F, 0xAB3F, 0xAB5F, 0xA679, 0x94A8, 0x99D0, 0xAB7F, 0xAAD8, 0xA186, 0xADA6, 0xB1C6, 0xADC7, 0xADC7, 0xADA7, 0xADA7,
  0xADEC, 0xADC9, 0x9904, 0x90E5, 0x90E5, 0x9CE4, 0x9D04, 0xADA7, 0xADC7, 0xADC7, 0xADA7, 0x9506, 0x9E10, 0x99AA, 0x9525, 0x94C3,
  0xA986, 0xADA6, 0xA544, 0xA5CA, 0xA5C9, 0xA524, 0xADA7, 0xADC8, 0xA986, 0xA544, 0xA0E3, 0x9CC2, 0xA965, 0xA987, 0x98E7, 0x98E7,
  0x98C6, 0xA545, 0xA986, 0xA545, 0xA986, 0xA546, 0xA985, 0xA144, 0x94A6, 0x9CE6, 0xA965, 0xA986, 0xA986, 0x94C4, 0x9486, 0x98C7,
  0xA106, 0x98C5, 0x98C9, 0x9485, 0x9D04, 0xA123, 0x94A6, 0x98C9, 0x94A7, 0x94A7, 0x94A4, 0x9CE4, 0x98C3, 0x94A2, 0x98C4, 0x98C7,
  0x9D05, 0xA524, 0x9CE2, 0x9CE5, 0xA545, 0xA123, 0xA104, 0x98C2, 0x98C2, 0x9CC2, 0x98C1, 0x9D07, 0x98E9, 0x98C4, 0xA123, 0xA145,
  0xA144, 0xA145, 0xA124, 0x94C7, 0xA1D5, 0x9D94, 0xA193, 0x990D, 0x94A8, 0x9062, 0x98C2, 0x9CC2, 0x98C1, 0x98C3, 0x9D09, 0x98E6,
  0x98C3, 0x9CE8, 0x9D0C, 0x98E9, 0x98C5, 0x9CC2, 0x9062, 0x9D2D, 0x952D, 0x950B, 0xA1D2, 0x952C, 0x90A6, 0x9487, 0x9065, 0x8801,
  0x9483, 0x9483, 0x9062, 0x9D03, 0x9D45, 0x94C4, 0x9505, 0x958A, 0x99CC, 0x9504, 0x9946, 0x9967, 0x94E4, 0x9D44, 0x94C3, 0x94E9,
  0x9EBE, 0xA2BE, 0xAB3F, 0xAB3F, 0xAB3F, 0xAB3F, 0xAB3F, 0xAB3F, 0xAB3F, 0xAB3F, 0xAB5F, 0xAB5F, 0xAF5F, 0xAB5F, 0xAB5F, 0xAB5F,
  0xAB5F, 0xAB5F, 0xAB5F, 0xAB5F, 0xAB5F, 0xAB5F, 0xAB5F, 0xAB5F, 0xAB5F, 0xAB5F, 0xAB5F, 0xAB5F, 0xAB5F, 0xAB5F, 0xAB5F, 0xAB5F,
  0xAB5F, 0xAB5F, 0xAB5F, 0xAF5F, 0xAB5F, 0x9EDE, 0x8A3E, 0x81FF, 0x81DF, 0x81FF, 0x81FF, 0x81FF, 0x81FF, 0x81FF, 0x81FF, 0x81DF,
  0x81FF, 0x81DF, 0x81DF, 0x81DF, 0x8A3E, 0x9ABE, 0xAF7F, 0xAB5F, 0xAB5F, 0xAB5F, 0xAB5F, 0xAB5F, 0xAB5F, 0xAB5F, 0xAB5F, 0xAB5F,
  0xAB5F, 0xAB5F, 0xAB5F, 0xAB5F, 0xAB5F, 0xAB5F, 0xAB5F, 0xAB5F, 0xAB5F, 0xAB5F, 0xAB5F, 0xAB5F, 0xAB3F, 0xAB5F, 0xAB7F, 0xAB7F,
  0xAB5F, 0xAB5F, 0xAB5F, 0xAB5F, 0xAB5F, 0xAB5F, 0xAB7F, 0xAF7F, 0xAB5F, 0xAF1D, 0xA166, 0xA123, 0xAE73, 0xB2D7, 0xA166, 0xA124,
  0xA105, 0x9CC2, 0xA5AC, 0xB2B6, 0x9905, 0xA103, 0x9CE2, 0xA210, 0xAF7F, 0xAB5F, 0xAB5F, 0xAB5F, 0xAB5F, 0xAB5F, 0xAB5F, 0xAB5F,
  0xAB5F, 0xAB5F, 0xAB3F, 0xAB7F, 0xA67A, 0x98EC, 0x994B, 0xB37F, 0xAB1C, 0xAEB6, 0xAE94, 0xA9C9, 0xADA6, 0xADC7, 0xADA7, 0xA9A7,
  0xADEC, 0xA9A8, 0xA167, 0x9E30, 0x9A31, 0x9127, 0x9525, 0x9D24, 0xADA6, 0xADA7, 0x9905, 0xA253, 0x95CC, 0x9924, 0x94C2, 0xA545,
  0xA986, 0xA986, 0xA965, 0xA166, 0xA9A8, 0xA124, 0xA986, 0xA124, 0xADA7, 0xA103, 0x9CE3, 0x9CE2, 0xA544, 0xA547, 0x98C7, 0x9CE8,
  0x98C7, 0xA545, 0xA564, 0xA986, 0x9CE3, 0xA565, 0xA565, 0x9D03, 0x94A6, 0xA127, 0xA986, 0xA986, 0xADA7, 0xA545, 0x9CC6, 0x94A6,
  0x94A7, 0x94A6, 0x98E9, 0x9064, 0x9CE3, 0x9CE3, 0x9086, 0x98EA, 0x94A7, 0x94A4, 0xA545, 0xA565, 0xA524, 0xA544, 0xA524, 0x98C7,
  0x98C5, 0x9CE2, 0x98C2, 0x9CE6, 0xA124, 0x9CC2, 0x98C2, 0x98C2, 0x98C2, 0x9CC2, 0x9CC2, 0x9D08, 0x94A6, 0x98C3, 0x9CE2, 0xA124,
  0xA545, 0x9D03, 0x9CE2, 0x94A2, 0x9D6F, 0xA619, 0xA193, 0x94CB, 0x98C9, 0x9085, 0x94A2, 0x98C2, 0x98C2, 0x98C1, 0x98C3, 0x98E7,
  0x98C6, 0x98E8, 0x9D0D, 0x98E7, 0x98C3, 0x9CE2, 0x98A2, 0x8822, 0x992C, 0x9DD1, 0x952A, 0x9085, 0x9487, 0x8C64, 0x8822, 0x8C62,
  0x94A3, 0x9062, 0x98E3, 0x9D24, 0x9D25, 0x9083, 0x996A, 0x99CE, 0x998B, 0x98E5, 0x998A, 0x9968, 0x9947, 0x9924, 0x98E3, 0x8841,
  0x9A5F, 0x9A5F, 0x9A7F, 0x9E7F, 0x9A7F, 0x9A7F, 0x9A7F, 0x9A7F, 0x9A7F, 0x9EBE, 0xAF5F, 0xAF5F, 0xAF5F, 0xAB5F, 0xAB5F, 0xAB5F,
  0xAB5F, 0xAB5F, 0xAB5F, 0xAB5F, 0xAB5F, 0xAB5F, 0xAB5F, 0xAB5F, 0xAB5F, 0xAB5F, 0xAB5F, 0xAB5F, 0xAB5F, 0xAB5F, 0xAB5F, 0xAB5F,
  0xAB5F, 0xAB5F, 0xAB3F, 0xA2FE, 0x8E5E, 0x81FF, 0x81DF, 0x81FF, 0x81FF, 0x81FF, 0x81FF, 0x81FF, 0x81FF, 0x81FF, 0x81FF, 0x81FF,
  0x81DF, 0x81FF, 0x81FF, 0x81FF, 0x81DF, 0x81FF, 0x969E, 0xA73F, 0xAB5F, 0xAB5F, 0xAB5F, 0xAB5F, 0xAB5F, 0xAB5F, 0xAB5F, 0xAB5F,
  0xAB5F, 0xAB5F, 0xAB5F, 0xAB5F, 0xAB5F, 0xAB5F, 0xAB5F, 0xAB5F, 0xAB5F, 0xAB5F, 0xAB5F, 0xAB5F, 0xAF7F, 0xAF3D, 0xAAB7, 0xA6B8,
  0xAB3F, 0xAB5F, 0xAB5F, 0xAB5F, 0xAB5F, 0xAB5F, 0xAB5F, 0xAB5F, 0xAF7F, 0xAEF9, 0xA145, 0x9D67, 0xB75D, 0xAA52, 0x9CE2, 0xA5CC,
  0xA9EE, 0x9CC2, 0x98C3, 0xAA97, 0xB31B, 0x9D47, 0xA102, 0xA1CD, 0xAF7F, 0xA75F, 0xAB5F, 0xAB5F, 0xAB5F, 0xAB5F, 0xAB5F, 0xAB5F,
  0xAB5F, 0xAB5F, 0xA75F, 0xAB7F, 0xA67A, 0x9D30, 0x94E9, 0xA698, 0xAB5F, 0xA75F, 0xAF7F, 0xB2F8, 0xA5CB, 0xADC8, 0xA985, 0xADA6,
  0xA985, 0xA986, 0xADA7, 0x9D46, 0x99AC, 0x9E51, 0x99EA, 0x9966, 0x9904, 0xA545, 0x9949, 0x99CC, 0x9945, 0x9904, 0xA545, 0xB1C7,
  0xADA6, 0xA986, 0xA986, 0xA965, 0xA966, 0xA565, 0xA545, 0xA103, 0xA124, 0xA545, 0xA124, 0x9D03, 0xA144, 0x9D04, 0x9CE6, 0x9CE8,
  0x98C7, 0xA966, 0xA544, 0x9CE3, 0x9D04, 0xA145, 0x9D03, 0x9CE4, 0x94C6, 0xA127, 0xA565, 0xADA6, 0xADA6, 0xA545, 0x98E6, 0x9D07,
  0x98C6, 0x98A8, 0x9CEB, 0x94A7, 0x98A3, 0x9083, 0x98EA, 0x94A8, 0x9083, 0xA525, 0xA567, 0xA546, 0xA544, 0xA524, 0x98C3, 0x98EA,
  0x98C6, 0x98A1, 0x98C4, 0x98E9, 0x98C3, 0x98C1, 0x98C1, 0x9CC2, 0x9CC2, 0x9CC2, 0x98C2, 0x9D08, 0x98A5, 0x98C1, 0x98C2, 0xA124,
  0xA124, 0x9CC2, 0x9CC2, 0x98A1, 0x9D4D, 0xA1D6, 0x9951, 0x9D50, 0x990D, 0x9086, 0x9062, 0x9CC2, 0x98C1, 0x9CC2, 0x9CC1, 0x98C3,
  0x98E8, 0x98EA, 0x9D0D, 0x98E6, 0x9CE2, 0x9061, 0x90A6, 0xA636, 0x9DD0, 0x9507, 0x9084, 0x9065, 0x9487, 0x8822, 0x8C42, 0x98C3,
  0x9062, 0x94A3, 0x9904, 0x9925, 0x94C4, 0x9948, 0x998A, 0x95CB, 0x998A, 0x9569, 0x99CC, 0x9568, 0x9948, 0x9925, 0x9504, 0x94E3,
  0x9A7F, 0x9A7F, 0x9A5F, 0x9A5F, 0x9A5F, 0x9A5F, 0x9A5F, 0x9A5F, 0x9A5F, 0x9A5F, 0x9E9F, 0xA2DF, 0xAB3F, 0xAB3F, 0xAB3F, 0xAB5F,
  0xAB5F, 0xAB5F, 0xAB5F, 0xAB5F, 0xAB5F, 0xAB5F, 0xAB5F, 0xAB5F, 0xAB5F, 0xAB5F, 0xAB5F, 0xAB5F, 0xAB5F, 0xAB5F, 0xAB5F, 0xAB5F,
  0xAB5F, 0xAB5F, 0x9ABE, 0x81DE, 0x81DF, 0x81FF, 0x81FF, 0x81FF, 0x81FF, 0x81FF, 0x81FF, 0x81FF, 0x81FF, 0x81FF, 0x81FF, 0x81FF,
  0x81FF, 0x81FF, 0x81FF, 0x81DF, 0x81FF, 0x81FF, 0x81DF, 0x8A1E, 0xA71F, 0xAB5F, 0xAB5F, 0xAB5F, 0xAB5F, 0xAB5F, 0xAB5F, 0xAB5F,
  0xAB5F, 0xAB5F, 0xAB5F, 0xAB5F, 0xAB5F, 0xAF3E, 0xAF5E, 0xAF5E, 0xAF5E, 0xAB5F, 0xAB5F, 0xAF3C, 0xA673, 0xA1AB, 0x94E4, 0xA253,
  0xAB5F, 0xAB5F, 0xAB5F, 0xAB5F, 0xAB5F, 0xAB5F, 0xAB5F, 0xAB5F, 0xAF7F, 0xAA94, 0x9CE2, 0xA631, 0xB3BF, 0xA630, 0x9CE2, 0xA5ED,
  0xA610, 0x9CC2, 0x9CE3, 0xAA74, 0xAF9F, 0xAEFA, 0x9D25, 0xA1CD, 0xAF7F, 0xA75F, 0xAB5F, 0xAB5F, 0xA75F, 0xAB5F, 0xAB5F, 0xAB5F,
  0xAF5F, 0xB35E, 0xAF5E, 0xAF7F, 0xA6BB, 0x9D51, 0x9086, 0xA234, 0xAAFA, 0xA696, 0xAAB6, 0xAA0E, 0xAE53, 0xA610, 0xA9EB, 0xA986,
  0xADA7, 0xADA7, 0xA145, 0x9D04, 0x94A2, 0x9107, 0x99CB, 0x99A9, 0x9925, 0x90C4, 0x99AB, 0x9524, 0x9904, 0x94C3, 0xA125, 0x9904,
  0xA545, 0xADA7, 0xADA6, 0xA9A7, 0xA966, 0xA524, 0xA124, 0xA986, 0xA124, 0x9CE2, 0x9D03, 0x98C2, 0x9D24, 0xA144, 0x9CE4, 0x9D08,
  0x98C7, 0x9D04, 0x98C2, 0x9D04, 0xA165, 0xA145, 0xA125, 0xA125, 0x98C7, 0x9CE7, 0xA986, 0xAD86, 0xA544, 0xA544, 0xA127, 0x9D06,
  0xA125, 0x98C4, 0x94A7, 0x9D0C, 0x94A7, 0x94C8, 0x94A7, 0x94A3, 0xA103, 0xA146, 0xA146, 0xA545, 0xA524, 0x9CE2, 0x98C2, 0x98C7,
  0x98E8, 0x98C2, 0x98C3, 0x98E8, 0x98E7, 0x98C1, 0x98C2, 0x9CC1, 0x9CC2, 0x9CC1, 0x98E5, 0x9D0B, 0x9CE9, 0x98C2, 0x9CC2, 0x9CC1,
  0x98C1, 0x9CC2, 0x9CE2, 0x98C1, 0x94E7, 0xA1D6, 0xA1D7, 0xA193, 0x990C, 0x94C9, 0x9063, 0x98C2, 0x9CC1, 0x9CC2, 0x9CC2, 0x98C2,
  0x98C8, 0x98EB, 0x9D0D, 0x9CE6, 0x9082, 0x9D6F, 0xAA58, 0x998E, 0x9507, 0x9084, 0x9044, 0x9487, 0x8C43, 0x9042, 0x98C3, 0x98C3,
  0x94A2, 0x9904, 0x9946, 0x90C4, 0x9549, 0x99AD, 0x99AD, 0x95AA, 0x95AA, 0x99EF, 0x99CD, 0x95AC, 0x9548, 0x998A, 0x9547, 0x9904,
  0xA71F, 0xA6FF, 0xA2BF, 0x9EBF, 0xA2BF, 0xA2DF, 0x9E9E, 0x9E9F, 0x9E9F, 0x9E9F, 0x9A7E, 0x9A7E, 0x9E9E, 0x9E9E, 0x9E9E, 0xAB1F,
  0xA6FE, 0xA2DE, 0xAB5F, 0xAB5F, 0xAB5F, 0xAB5F, 0xAB5F, 0xAB5F, 0xAB5F, 0xAB5F, 0xAB5F, 0xAB5F, 0xAB5F, 0xAB5F, 0xAB5F, 0xAB5F,
  0xAF5F, 0x9ADE, 0x81FE, 0x81FF, 0x81FF, 0x81FF, 0x81FF, 0x81FF, 0x81FF, 0x81FF, 0x81FF, 0x81FF, 0x81FF, 0x81FF, 0x81FF, 0x81FF,
  0x81FF, 0x81FF, 0x81FF, 0x81DF, 0x81DF, 0x81DF, 0x81FF, 0x81DF, 0x8E3E, 0xAB5F, 0xAB5F, 0xAB5F, 0xAB5F, 0xAB5F, 0xAB5F, 0xAB5F,
  0xAB5F, 0xAB5F, 0xAB5F, 0xAB5F, 0xAF7F, 0xA231, 0x9D47, 0xA167, 0xA1CD, 0xB35D, 0xAF7F, 0xA60F, 0x98E1, 0x9D47, 0xAEF9, 0xAB5F,
  0xAB5F, 0xAB5F, 0xAB5F, 0xAB5F, 0xAB5F, 0xAB5F, 0xAB5F, 0xAB5F, 0xAF7F, 0xAA73, 0xA146, 0xAAF9, 0xAF9F, 0xA210, 0x9CE1, 0xA5CD,
  0xA632, 0x9CE4, 0xA0E4, 0xAA95, 0xAB7F, 0xAB7F, 0xAAB6, 0x9DCE, 0xB37F, 0xA75F, 0xAB5F, 0xA75F, 0xAB7F, 0xAB7F, 0xAB7F, 0xAF5E,
  0xAA50, 0xA9EA, 0xAA2E, 0xAAF9, 0xB37F, 0xA637, 0x94A8, 0xA58B, 0xA9C9, 0xA9A7, 0xA9A7, 0xA985, 0xA9A8, 0xAA55, 0xAA33, 0xA985,
  0xADA7, 0x9D26, 0x95CE, 0x9A31, 0x958A, 0x9968, 0x9547, 0x9988, 0x9545, 0x9969, 0x9967, 0x94A2, 0x90C4, 0x9969, 0x9569, 0x9569,
  0x9947, 0x94C3, 0xA125, 0xADA7, 0xA986, 0x9CE2, 0xA545, 0xA545, 0xA524, 0xA524, 0xA965, 0xA545, 0x98C2, 0x9D04, 0x9D45, 0x9D05,
  0x98C4, 0x98A2, 0x98E3, 0xA145, 0xA145, 0xA124, 0x98A2, 0xA104, 0x9CE7, 0xA107, 0xADA6, 0xA986, 0xA123, 0xA544, 0xA147, 0x98C6,
  0xA124, 0xA544, 0x9CE4, 0x98C9, 0x9D0D, 0x98C9, 0x94A3, 0xA123, 0xA124, 0xA126, 0xA125, 0xA524, 0x9CE2, 0x98C2, 0x9CC2, 0x98C4,
  0x9CEA, 0x98C4, 0x98C1, 0x98E7, 0x9CE6, 0x98C1, 0x98C1, 0x9CC2, 0x9CC2, 0x9CC1, 0x9CE7, 0x990C, 0x98E7, 0x9CC2, 0x9CC2, 0x9CC1,
  0x9CC2, 0x9CC1, 0x98C1, 0x9CC2, 0x9081, 0x9951, 0xA1D7, 0x992F, 0x9D2F, 0x98EB, 0x9065, 0x9482, 0x9CC2, 0x9CC2, 0x9CC1, 0x9CC1,
  0x98C2, 0x98E9, 0x9D0D, 0x8C43, 0x9990, 0xA636, 0x90E9, 0x98E7, 0x94A5, 0x9045, 0x98C9, 0x8C23, 0x9042, 0x98E4, 0x9924, 0x98C3,
  0x9904, 0x9968, 0x94E6, 0x954B, 0x99AD, 0x954B, 0x9E13, 0x95AD, 0x99F0, 0x99CE, 0x95AC, 0x99F0, 0x9548, 0x99AC, 0x9969, 0x94E3,
  0xAB5F, 0xAB5F, 0xAB5F, 0xAB5F, 0xAB5F, 0xAB5F, 0xAB5F, 0xAB5F, 0xAB5F, 0xAB5F, 0xAB5F, 0xAB5F, 0xAB3F, 0xAB3F, 0xAB3F, 0xAB3F,
  0xAB3F, 0xAB3F, 0xAB5F, 0xAB5F, 0xAB5F, 0xAB5F, 0xAB5F, 0xAB5F, 0xAB5F, 0xAB5F, 0xAB5F, 0xAB5F, 0xAB5F, 0xAB5F, 0xAB5F, 0xAF5F,
  0xA73F, 0x861E, 0x81DF, 0x81FF, 0x81FF, 0x81FF, 0x81FF, 0x81FF, 0x81FF, 0x81FF, 0x81FF, 0x81FF, 0x81FF, 0x81FF, 0x81FF, 0x81FF,
  0x81FF, 0x81FF, 0x81FF, 0x81FF, 0x81DF, 0x81FF, 0x81FF, 0x81FF, 0x81DF, 0x969E, 0xAB5F, 0xAB5F, 0xAB5F, 0xAB5F, 0xAB5F, 0xAB5F,
  0xAB5F, 0xAB5F, 0xAB5F, 0xAB5F, 0xAB5F, 0xAF3D, 0xA1ED, 0xA125, 0x9CE2, 0xAA30, 0xB31B, 0x9D25, 0xA146, 0xAEF9, 0xB39F, 0xAF5F,
  0xAB5F, 0xAB5F, 0xAB5F, 0xAB5F, 0xAB5F, 0xAB5F, 0xAB5F, 0xAB5F, 0xAF7F, 0xA653, 0x9D8B, 0xB37F, 0xAB5F, 0xAAB7, 0x9D24, 0x9DAC,
  0xB35F, 0xA149, 0x9D05, 0xAADA, 0xAB7F, 0xAB5F, 0xAF5F, 0xAB3D, 0xAB5F, 0xA75F, 0xAB5F, 0xAB3D, 0xA274, 0xA252, 0xAAD8, 0xAE94,
  0xA144, 0xAA0E, 0xB31C, 0xA697, 0xAF7F, 0xA656, 0x990C, 0x94A5, 0xA987, 0xADA7, 0xADA7, 0xADA7, 0xA985, 0xADED, 0xA9CB, 0xA986,
  0x9D47, 0x9DEE, 0x9A2F, 0x99CB, 0x99AA, 0x9DA9, 0x9945, 0x9924, 0x9D24, 0x9D66, 0x9924, 0x9947, 0x9988, 0x9946, 0x9546, 0x9566,
  0x9566, 0x9547, 0x9504, 0x9CE3, 0xA124, 0xA103, 0xA124, 0xA545, 0xA545, 0xA545, 0xA544, 0xA565, 0xA986, 0x9CC3, 0x9CE4, 0xA124,
  0x98C2, 0x98A2, 0x98C2, 0x9D45, 0x9D24, 0x98C2, 0xA544, 0xA986, 0x98C6, 0x9CE7, 0xADA7, 0xA564, 0xA123, 0xA144, 0xA127, 0x94A4,
  0xA124, 0xA544, 0xA124, 0x94A7, 0x9D2E, 0x98C9, 0x9D03, 0xA524, 0xA124, 0xA127, 0xA104, 0x9CC2, 0x9CC1, 0x9CC2, 0x9CC1, 0x9CC1,
  0x9CE8, 0x98E9, 0x98C3, 0x9CE7, 0x98C3, 0x98E2, 0x9D03, 0x98C1, 0x98C1, 0x9CC1, 0x9CE7, 0x98E9, 0x98C2, 0x9CC1, 0x9CC1, 0x9CC1,
  0x98C1, 0x9CC1, 0x9CC1, 0x9CC2, 0x98A1, 0x94EB, 0xA1D8, 0xA1D6, 0x992E, 0x94CA, 0x98C9, 0x9062, 0x9CC2, 0x9CC1, 0x9CC2, 0x9CC2,
  0x9CC1, 0x98C7, 0x90A8, 0x9DB1, 0xA637, 0x8C86, 0x94C8, 0x94A7, 0x9045, 0x98CA, 0x9486, 0x8C22, 0x98E4, 0x9945, 0x9905, 0x94C4,
  0x998B, 0x998E, 0x996D, 0x99CF, 0x998D, 0x99AF, 0x9A12, 0x916B, 0x99CE, 0x99AD, 0x99CE, 0x99F1, 0x9568, 0x99CC, 0x9589, 0x9924,
  0xAB3F, 0xAB5F, 0xAB5F, 0xAB5F, 0xAB5F, 0xAB5F, 0xAB5F, 0xAB5F, 0xAB5F, 0xAB5F, 0xAB5F, 0xAB5F, 0xAB5F, 0xAB5F, 0xAB5F, 0xAB5F,
  0xAB5F, 0xAB5F, 0xAB5F, 0xAB5F, 0xAB5F, 0xAB5F, 0xAB5F, 0xAB5F, 0xAB5F, 0xAB5F, 0xAB5F, 0xAB5F, 0xAB5F, 0xAB5F, 0xAB5F, 0xAB5F,
  0x8A3E, 0x81DF, 0x81DF, 0x81DF, 0x81DF, 0x81FF, 0x81FF, 0x81FF, 0x81FF, 0x81FF, 0x81FF, 0x81FF, 0x81FF, 0x81FF, 0x81FF, 0x81FF,
  0x81DF, 0x81FF, 0x81DF, 0x81DF, 0x81DF, 0x81FF, 0x81FF, 0x81FF, 0x81FF, 0x81FE, 0xA2FE, 0xAF7F, 0xAB5F, 0xAB5F, 0xAB5F, 0xAB5F,
  0xAB5F, 0xAB5F, 0xAB5F, 0xAB5F, 0xAB5F, 0xAF7F, 0xB35E, 0xB2D8, 0xA5AB, 0xA169, 0xAE52, 0x9D03, 0xA9EE, 0xAA52, 0xA1AB, 0xA1CC,
  0xAEFA, 0xAF7F, 0xAB5F, 0xAB5F, 0xAB5F, 0xAB5F, 0xAB5F, 0xAB5F, 0xAB5F, 0xAB1C, 0xA6B8, 0xAB5F, 0xA73F, 0xB37F, 0xA1CC, 0x9D8A,
  0xB37F, 0x9D29, 0x9CE4, 0xAA97, 0xAB5F, 0xA73F, 0xAB5F, 0xAB5F, 0xAB5F, 0xAB5F, 0xAB7F, 0xA274, 0xA674, 0xAA95, 0xA5AA, 0xA9A9,
  0xAA31, 0xA676, 0xA676, 0xAB3F, 0xAF5F, 0xA611, 0x9D4F, 0x94C8, 0xA987, 0xADA7, 0xADA7, 0xADA7, 0xADA7, 0xADA6, 0xADC6, 0xA9A7,
  0x94C4, 0x90E5, 0x90A2, 0x8CA2, 0x90C4, 0x90C3, 0x9D45, 0x94C2, 0x98E3, 0x9902, 0x9D43, 0x9904, 0x94C3, 0x94C3, 0x9904, 0x9904,
  0x9504, 0x9944, 0x9946, 0x94E4, 0x9D03, 0xA124, 0xA544, 0xA103, 0x9CE2, 0x9CC2, 0x9CE2, 0xA103, 0xA965, 0x9CC3, 0x9061, 0x98E3,
  0x98A2, 0x98A2, 0x98E3, 0xA145, 0x98C2, 0xA523, 0xAD86, 0xA965, 0x9D05, 0x98C6, 0xAD87, 0xA564, 0xA123, 0xA124, 0xA127, 0x98A4,
  0xA124, 0xA144, 0x9CE4, 0x9D2E, 0x98EC, 0x98C8, 0xA103, 0xA543, 0x9D06, 0x9D0A, 0x98C2, 0x9CC1, 0x9CC2, 0x9CC1, 0x9CC2, 0x9CC1,
  0x9D07, 0x98EB, 0x98C4, 0x98E5, 0x9925, 0x9965, 0x9904, 0x9D25, 0x9D03, 0x9CC1, 0x9CE6, 0x98C8, 0x98C2, 0x9CC1, 0x9CC2, 0x9CC1,
  0x9CC1, 0x9CC2, 0x9CC1, 0x9CC2, 0x98A1, 0x94A7, 0xA1D6, 0x9D72, 0x990D, 0x9D4F, 0x98EB, 0x9064, 0x98A2, 0x9CE2, 0x9CC2, 0x9CC2,
  0x98C2, 0x98E9, 0xA1B2, 0x996F, 0x8866, 0xA1B1, 0x94EB, 0x9066, 0x98CA, 0x9487, 0x8C22, 0x98E5, 0x9D67, 0x9967, 0x94E4, 0x9508,
  0x998E, 0x994D, 0x958E, 0x99AE, 0x954C, 0x9E33, 0x91AD, 0x998B, 0x95AC, 0x956A, 0x9A12, 0x99F0, 0x9569, 0x99EF, 0x95CC, 0x9968,
  0xAB5F, 0xAB5F, 0xAB5F, 0xAB5F, 0xAB5F, 0xAB5F, 0xAB5F, 0xAB5F, 0xAB5F, 0xAB5F, 0xAB5F, 0xAF5F, 0xAB5F, 0xAB5F, 0xAB5F, 0xAB5F,
  0xAB5F, 0xAB5F, 0xAB5F, 0xAB5F, 0xAB5F, 0xAB5F, 0xAB5F, 0xAB5F, 0xAB5F, 0xAB5F, 0xAB5F, 0xAB5F, 0xAB5F, 0xAB5F, 0xAB5F, 0x9EDE,
  0x81DF, 0x81DF, 0x81DF, 0x81DF, 0x81FF, 0x81DF, 0x81FF, 0x81FF, 0x81FF, 0x81DF, 0x81FF, 0x81FF, 0x81FF, 0x81FF, 0x81FF, 0x81DF,
  0x81DF, 0x81FF, 0x81DF, 0x81DF, 0x81DF, 0x81DF, 0x81DF, 0x81DF, 0x81FF, 0x81DF, 0x925E, 0xAB3F, 0xAB5F, 0xAB5F, 0xAB5F, 0xAB5F,
  0xAB5F, 0xAB5F, 0xAB5F, 0xAB5F, 0xAF1C, 0xAE96, 0xA168, 0xA168, 0xA9EE, 0xA589, 0xA125, 0xA124, 0xA125, 0x9D03, 0x9CC1, 0x9CC1,
  0x9903, 0xAEB6, 0xAF7F, 0xAB5F, 0xAB5F, 0xAB5F, 0xAB5F, 0xAB5F, 0xAB5F, 0xAB5F, 0xAB7F, 0xAB5F, 0xAB5F, 0xAB5F, 0xAF1B, 0xA253,
  0xB37F, 0x9DD0, 0x9CE5, 0x9D48, 0xAB1D, 0xAB5F, 0xAB5F, 0xAB3F, 0xA71F, 0xA71F, 0xA71F, 0xA6FE, 0xA6FD, 0xAED8, 0xA9A9, 0xA965,
  0xA9A9, 0xA5ED, 0xA18A, 0xA674, 0xAF5F, 0xA634, 0xA5D4, 0x98EB, 0x9CE5, 0xADC7, 0xADA7, 0xADA7, 0xADC7, 0xADC7, 0xADC7, 0xADC7,
  0xA965, 0xA544, 0x94A2, 0x9549, 0x99CD, 0x9DAA, 0x9925, 0x9506, 0x9E0D, 0x9D67, 0x98E2, 0x9D67, 0x9947, 0x9D88, 0x94E4, 0x9482,
  0x94A2, 0x94A2, 0x94C3, 0x9503, 0x94A2, 0xA544, 0xA123, 0x9CE3, 0xA103, 0xA124, 0xA965, 0xA103, 0x94C3, 0x9506, 0x9526, 0x9D67,
  0x94C3, 0x9481, 0xA103, 0x9D24, 0x9D25, 0x9CE3, 0x9D03, 0xA985, 0xA966, 0x98C6, 0xA987, 0xA544, 0xA123, 0xA124, 0xA147, 0x9907,
  0xA125, 0xA102, 0x98E5, 0xA171, 0x98EB, 0x98C6, 0x9CE3, 0xA102, 0x9D07, 0x9D0A, 0x9CC2, 0x9CC1, 0x9CC1, 0x9CC1, 0x9CC2, 0x9CC1,
  0x9D07, 0x98EB, 0x98C6, 0x98C1, 0x9D45, 0x9966, 0x9D66, 0x9924, 0x98E2, 0x98A1, 0x9083, 0x94A4, 0x9CC2, 0x9CC1, 0x9CC1, 0x9CC1,
  0x9CC1, 0x9CC1, 0x9CC1, 0x9CC1, 0x9CC1, 0x9483, 0xA1B4, 0x9972, 0xA1B5, 0x9D51, 0x98EB, 0x9487, 0x9462, 0x9CE2, 0x9CC2, 0x9CC2,
  0x9CC2, 0x9485, 0x8C85, 0x8844, 0x9D90, 0x994E, 0x9066, 0x98C9, 0x9086, 0x8C22, 0x94C5, 0x9926, 0x9946, 0x98E4, 0x9527, 0x99D0,
  0x998F, 0x952B, 0x99F2, 0x956C, 0x99D1, 0x9A34, 0x9A11, 0x90C6, 0x998D, 0x958B, 0x9E33, 0x9529, 0x9528, 0x9E54, 0x958C, 0x998A,
  0xAF7F, 0xAB5F, 0xAB5F, 0xAB5F, 0xAB5F, 0xAB5F, 0xAB5F, 0xAB5F, 0xAB5F, 0xAF5F, 0xAB5F, 0xAB5F, 0xAB5F, 0xAB5F, 0xAB5F, 0xAB5F,
  0xAB5F, 0xAB5F, 0xAB5F, 0xAB5F, 0xAB5F, 0xAB5F, 0xAB5F, 0xAB5F, 0xAB5F, 0xAB5F, 0xAB5F, 0xAB5F, 0xAB5F, 0xAB5F, 0xAF5F, 0x8E3E,
  0x81DF, 0x81DF, 0x81DF, 0x81DF, 0x81FF, 0x81FF, 0x81FF, 0x81DF, 0x81FF, 0x81DF, 0x81FF, 0x81FF, 0x81DF, 0x81FF, 0x81DF, 0x81DF,
  0x81DF, 0x81FF, 0x81DF, 0x81DF, 0x81DF, 0x81FF, 0x81FF, 0x81DF, 0x81FF, 0x81FF, 0x81DE, 0xA2FE, 0xAF5F, 0xAB5F, 0xAB5F, 0xAB5F,
  0xAB5F, 0xAB5F, 0xAB5F, 0xB33C, 0x9D68, 0x9CE2, 0x9D03, 0xA103, 0xA103, 0xA103, 0xA524, 0xA124, 0xA103, 0xA146, 0xAE73, 0xAE95,
  0xA5ED, 0x9505, 0xAAB8, 0xAF5F, 0xAB5F, 0xAB5F, 0xAB5F, 0xAB5F, 0xAB5F, 0xAB5F, 0xAB5F, 0xAB5F, 0xAB5F, 0xAB5F, 0xAB5F, 0xAF7F,
  0xAB7F, 0xAF3D, 0x98E6, 0x9D06, 0xA69B, 0x9EBF, 0x9EBF, 0x9E9E, 0x965E, 0x9A5E, 0x9E5D, 0x9E7F, 0x9E16, 0xA189, 0xADA8, 0xAD86,
  0xA589, 0xAA53, 0xAEFB, 0x9DCE, 0xA2DE, 0xA6DE, 0xA1B2, 0x98EB, 0x98E6, 0xB1C7, 0xADC7, 0xADC7, 0xADC7, 0xADC7, 0xADA7, 0xADA6,
  0xA965, 0x90E4, 0x99AB, 0x9589, 0x9988, 0x9505, 0x9106, 0x9E10, 0x99CA, 0x9D66, 0x98C2, 0x9904, 0x9988, 0x9567, 0x9968, 0x9925,
  0x9D03, 0x9CE4, 0x9482, 0x98A2, 0x94A2, 0xA123, 0xA103, 0x98C2, 0xA103, 0xA965, 0x9D03, 0x9968, 0x9DCB, 0x9967, 0x9D66, 0x98E3,
  0x94C2, 0x9D46, 0x98C2, 0x9904, 0x9D66, 0x9D66, 0x9904, 0xA103, 0xA545, 0x94A6, 0xA567, 0xA544, 0xA123, 0xA144, 0xA147, 0x9908,
  0x9D03, 0xA102, 0x9D06, 0x9D2E, 0x98CA, 0x98C6, 0x9CE2, 0x98C1, 0x9D07, 0x98E6, 0x9CC1, 0x9CC1, 0x9CC1, 0x98C1, 0x9CC2, 0x9CC1,
  0x9CE7, 0x98EB, 0x98C6, 0x98C1, 0x98E2, 0x9D46, 0x9924, 0x98C2, 0x98A1, 0x90E7, 0x9DCC, 0x94E5, 0x98A2, 0x9CC1, 0x9CC1, 0x9CC2,
  0x9CC2, 0x9CC2, 0x98C1, 0x98C1, 0x9CC2, 0x98A2, 0x992E, 0xAA3A, 0xA1B6, 0x990D, 0x94C9, 0x98C9, 0x9064, 0x98A2, 0x9CC2, 0x98A1,
  0x9061, 0x8C42, 0x90C8, 0xA1F4, 0x9D90, 0x8C66, 0x98C9, 0x9086, 0x8C22, 0x8C43, 0x94C5, 0x9946, 0x9926, 0x9506, 0x99D0, 0xA235,
  0x952B, 0x99D1, 0x99D0, 0x90E7, 0x99F3, 0x9612, 0x998D, 0x9083, 0x9DCF, 0x95CF, 0x9A34, 0x9509, 0x9529, 0x9E33, 0x9569, 0x956A,
  0xAB3F, 0xAB3F, 0xA2DF, 0x9A7E, 0x9A9E, 0x9A7E, 0x9A7E, 0x9A7E, 0xA2FF, 0xAB3F, 0xAB3F, 0xAF5F, 0xAB5F, 0xAB5F, 0xAB5F, 0xAB5F,
  0xAB5F, 0xAB5F, 0xAB5F, 0xAB5F, 0xAB5F, 0xAB5F, 0xAB5F, 0xAB5F, 0xAB5F, 0xAB5F, 0xAB5F, 0xAB5F, 0xAB5F, 0xAB5F, 0xAB3F, 0x8A3E,
  0x81DF, 0x81DF, 0x81DF, 0x81FF, 0x81DF, 0x81DF, 0x81FF, 0x81DF, 0x81DF, 0x81FF, 0x81FF, 0x81FF, 0x81FF, 0x81FF, 0x81FF, 0x81FF,
  0x81FF, 0x81FF, 0x81FF, 0x81FF, 0x81DF, 0x81DF, 0x81DF, 0x81DF, 0x81DF, 0x81DF, 0x81DF, 0x9EDF, 0xAB5F, 0xAB5F, 0xAB5F, 0xAB5F,
  0xAB5F, 0xAB5F, 0xAF3E, 0x9DAB, 0xA147, 0xA1AB, 0xAED8, 0xA5CD, 0xA103, 0xA524, 0xA104, 0xA104, 0xA104, 0xA125, 0xA630, 0xB35D,
  0xB35F, 0xAAB8, 0xAAFB, 0xAB5F, 0xAB5F, 0xAB5F, 0xAB5F, 0xAB5F, 0xAB5F, 0xAB5F, 0xAB5F, 0xAF7F, 0xAF7F, 0xAF5F, 0xAF5F, 0xAB3F,
  0xA71F, 0xA6DD, 0x990A, 0x9CC5, 0x9950, 0x963F, 0x923E, 0x963F, 0x9A5F, 0x9A5D, 0xA1D1, 0xA5AC, 0xA614, 0xAA57, 0xA9CA, 0xA9AA,
  0xAA12, 0x9DF1, 0xA6DD, 0x9E59, 0x9EBF, 0xA29B, 0x9D6C, 0x9D2E, 0x94A7, 0xA566, 0xB1C7, 0xADC7, 0xADC6, 0xADC7, 0xB1A8, 0xA944,
  0x9D04, 0x9A10, 0x9A0F, 0x9566, 0x9905, 0x8C62, 0x99F0, 0x95ED, 0x9567, 0x9945, 0x9482, 0x9481, 0x9925, 0x9945, 0x9567, 0x9569,
  0x94C3, 0xA565, 0xA545, 0x9CE3, 0x9CE2, 0x9CE2, 0x9CC2, 0x98C2, 0xA545, 0x98E3, 0x9506, 0x9DAB, 0x9504, 0x98C1, 0x98C1, 0x9924,
  0x9925, 0x9504, 0x9925, 0x9DA9, 0x90C3, 0x94C2, 0xA187, 0x9904, 0x98E3, 0x94A6, 0x98E6, 0xA124, 0xA123, 0xA144, 0xA567, 0x98C6,
  0x9CE4, 0xA944, 0xA147, 0x9D2E, 0x98CB, 0x98C6, 0x98C2, 0x98C1, 0x9CE7, 0x98C5, 0x98C1, 0x9CC2, 0x9CC2, 0x9CC1, 0x9CC2, 0x9CC1,
  0x98E6, 0x98EB, 0x9CE7, 0x9CC2, 0x9CE2, 0x9CE3, 0x98C2, 0x98A1, 0x90C5, 0x9E31, 0x99EB, 0x90A3, 0x98A1, 0x9CC1, 0x9CC2, 0x9CC1,
  0x9CC2, 0x9CE2, 0x9CE2, 0x9CC2, 0x9CC2, 0x98A1, 0x94C8, 0xAA19, 0x9972, 0x9D2F, 0x990D, 0x98CA, 0x9086, 0x9482, 0x9481, 0x8C84,
  0x950C, 0xA216, 0xA236, 0x952A, 0x8C44, 0x98C9, 0x94A7, 0x8C22, 0x8C22, 0x90A3, 0x9967, 0x9967, 0x9506, 0x956B, 0xA256, 0x9DF1,
  0x956D, 0x9E55, 0x998D, 0x90A6, 0x9E14, 0x9A11, 0x90E7, 0x90A5, 0x9DF0, 0x95D0, 0x9E55, 0x9529, 0x9529, 0x9E33, 0x9548, 0x9968,
  0x965F, 0x965E, 0x965F, 0x963F, 0x963F, 0x963F, 0x963F, 0x963F, 0x965F, 0x965E, 0x9E9E, 0xA6FF, 0xAF5F, 0xAB5F, 0xAF5F, 0xAB5F,
  0xAB5F, 0xAB5F, 0xAB5F, 0xAB5F, 0xAB5F, 0xAB5F, 0xAB5F, 0xAB5F, 0xAB5F, 0xAB5F, 0xAB5F, 0xAB5F, 0xAB3F, 0xAF5F, 0x9ABE, 0x81DF,
  0x81FF, 0x81DF, 0x81DF, 0x81DF, 0x81DF, 0x81DF, 0x81DF, 0x81DF, 0x81DF, 0x81FF, 0x81DF, 0x81FF, 0x81DF, 0x81FF, 0x81DF, 0x81DF,
  0x81DF, 0x81FF, 0x81DF, 0x81FF, 0x81FF, 0x81DF, 0x81DF, 0x81DF, 0x81DF, 0x81DF, 0x81BF, 0x85FD, 0xAB3F, 0xAB5F, 0xAB5F, 0xAB5F,
  0xAB5F, 0xAB5F, 0xAAFB, 0x998B, 0xB33D, 0xAF7F, 0xAED8, 0xA125, 0xA503, 0xA104, 0xA104, 0xA104, 0xA104, 0xA503, 0xA103, 0x9D25,
  0xAA96, 0xAB7F, 0xAB5F, 0xAB5F, 0xAB5F, 0xAB5F, 0xAB5F, 0xAB5F, 0xAB5F, 0xAB5F, 0xA6FF, 0xA2DF, 0xA2DF, 0xA2DF, 0xA2DF, 0xA2BE,
  0x963E, 0x9A7F, 0x9DB4, 0x9884, 0x9D4D, 0x9E7F, 0x923F, 0x965F, 0x965F, 0x9E5E, 0xA9F1, 0xAD86, 0xADA8, 0xA587, 0xA5F0, 0xAA12,
  0xA5CE, 0xA27D, 0x9E7E, 0x9E7F, 0xA25A, 0xA5ED, 0xA568, 0xA14F, 0x94A9, 0xA105, 0xADA7, 0xADA6, 0xADC7, 0xADC7, 0xA124, 0xA102,
  0x9529, 0x9E95, 0x9588, 0x9946, 0x94A2, 0x90E7, 0x9E74, 0x95AA, 0x9966, 0x90A3, 0x9042, 0x98C3, 0x98A2, 0x94C3, 0x9945, 0x9DEC,
  0x9506, 0x9CE2, 0xA964, 0xA102, 0xA102, 0xA0E2, 0x98C2, 0xA104, 0xA566, 0x98C3, 0x8C83, 0x9547, 0x9925, 0x94C3, 0x9988, 0x99EB,
  0x9DCB, 0x98E4, 0x9924, 0x9D66, 0xA1C9, 0x9504, 0x94E3, 0x9D66, 0x9D24, 0x94A5, 0x94A6, 0x9D04, 0xA144, 0x9D02, 0xA987, 0x98E6,
  0x9CE4, 0xA544, 0xA125, 0x9D4D, 0x990D, 0x94A5, 0x98A1, 0x9CE3, 0xA126, 0x98C2, 0x98C1, 0x9CC1, 0x9CC1, 0x9CC2, 0x9CC1, 0x9CC1,
  0x9CE6, 0x9CE9, 0x9CE5, 0x9CE2, 0x9CE2, 0x9CC2, 0x9CC2, 0x9081, 0x99F0, 0x9A2F, 0x9587, 0x90C3, 0x98A1, 0x9CC2, 0x9CC2, 0x9CC1,
  0x9481, 0x9461, 0x9481, 0x9881, 0x9CC2, 0x9CE2, 0x94A5, 0x9D93, 0xA1B6, 0x9930, 0x98EC, 0x98C9, 0x98A8, 0x8C42, 0x950B, 0xAA58,
  0xA1F5, 0x9DF3, 0x9108, 0x8C64, 0x94A7, 0x9487, 0x8C22, 0x8C22, 0x9063, 0x9946, 0x9DA9, 0x94E5, 0x9949, 0x998D, 0x9E34, 0x912A,
  0xA277, 0x9DF2, 0x90A5, 0x9DB0, 0x9E79, 0x958D, 0x9084, 0x9509, 0x99D0, 0x95F0, 0x99F1, 0x94C6, 0x994A, 0x9E54, 0x9527, 0x9927,
  0x9A5E, 0x965F, 0x965F, 0x965F, 0x965F, 0x965F, 0x965F, 0x965F, 0x965F, 0x965F, 0x963F, 0x965E, 0x9E9E, 0xA6FF, 0xAB3F, 0xAB3F,
  0xAF5F, 0xAF5F, 0xAF5F, 0xAF5F, 0xAF5F, 0xAB3F, 0xAB3F, 0xAB3F, 0xAB3F, 0xAB5F, 0xAB5F, 0xAF5F, 0xAB5F, 0xAF7F, 0x969F, 0x81BF,
  0x81DF, 0x81DF, 0x81DF, 0x81DF, 0x81DF, 0x81DF, 0x81DF, 0x81DF, 0x81DF, 0x81FF, 0x81DF, 0x81DF, 0x81FF, 0x81DF, 0x81DF, 0x81DF,
  0x81DF, 0x81FF, 0x81DF, 0x81DF, 0x81DF, 0x81DF, 0x81FF, 0x85FF, 0x81FF, 0x861E, 0x9ABF, 0x9ADE, 0xA73F, 0xAB5F, 0xAB5F, 0xAB5F,
  0xAB5F, 0xAB5F, 0xAB3E, 0xA6DA, 0xA73F, 0xAB3D, 0xA167, 0xA124, 0xA58A, 0xA124, 0xA103, 0xA103, 0xA5AE, 0xA5AD, 0xA523, 0xA502,
  0xA1AB, 0xAF7F, 0xAB5F, 0xAB5F, 0xAB5F, 0xAF5F, 0xAF5F, 0xA71F, 0x9A9E, 0x9E9E, 0x965E, 0x923F, 0x963F, 0x963F, 0x963F, 0x963E,
  0x963F, 0x965F, 0x9E3C, 0x9D2C, 0x9CE8, 0x99F8, 0x965F, 0x923E, 0x965E, 0xA1D0, 0xA567, 0xAD88, 0xAD86, 0xA9EF, 0xA27E, 0xA614,
  0xA988, 0xA217, 0xA218, 0xA65A, 0xA5CA, 0xADA7, 0xA125, 0x990B, 0x9D0D, 0x94A5, 0xA987, 0xA965, 0xA123, 0xAD86, 0xAD86, 0xA102,
  0x954A, 0x9E50, 0x9926, 0x94A2, 0x9881, 0x9108, 0x9E31, 0x9567, 0x9D66, 0x90A4, 0x9044, 0x94A2, 0x9CE3, 0x98A2, 0x98E3, 0x9966,
  0x9967, 0x98A3, 0x9CE2, 0x9CC2, 0x98E4, 0x94C3, 0x9CC2, 0xA124, 0xA566, 0x94C3, 0x9949, 0x9989, 0x9967, 0x8CA3, 0x99CA, 0x9E0B,
  0x9926, 0x9904, 0xA166, 0x9D23, 0x9D44, 0xA1C9, 0x9905, 0x9D24, 0x9D04, 0x9CE4, 0x9CE6, 0xA546, 0xA986, 0xA544, 0xA587, 0x98E6,
  0x98A2, 0xA945, 0x9CE2, 0x9908, 0x9D50, 0x94A6, 0x94A1, 0x9CE2, 0xA124, 0x98C1, 0x98C1, 0x98C1, 0x9CC2, 0x98A2, 0x9083, 0x90A4,
  0x90C6, 0x90A6, 0x9482, 0x9CC2, 0x9CE2, 0x9CE2, 0x9CA1, 0x90E7, 0x9E95, 0x95CB, 0x9545, 0x90A3, 0x98A1, 0x9CC1, 0x9481, 0x8C63,
  0x996B, 0x99CF, 0x998D, 0x9506, 0x94A3, 0x98C3, 0x9881, 0x950D, 0xA1F9, 0x9952, 0x94EC, 0x94C9, 0x94A8, 0x992D, 0xAA58, 0x8CA9,
  0x992D, 0x9D8E, 0x8C42, 0x9487, 0x9487, 0x8822, 0x8822, 0x9064, 0x94E5, 0x9DCC, 0x9947, 0x9929, 0x98E7, 0x994B, 0x99F1, 0x954A,
  0xA212, 0x90A5, 0x9484, 0x9DF1, 0x9A77, 0x956B, 0x9084, 0x9508, 0x99AE, 0x95F1, 0x956C, 0x9482, 0x996B, 0x9E75, 0x9527, 0x994A,
  0x95D7, 0x9A5F, 0x965F, 0x965F, 0x965F, 0x965F, 0x9A5F, 0x965F, 0x965F, 0x965F, 0x965F, 0x965F, 0x963F, 0x965F, 0x9A7F, 0x965E,
  0xA2DE, 0xA71F, 0xA71F, 0xA6FF, 0xA71F, 0x9E9E, 0x9A5F, 0x9A7F, 0x9A5F, 0x9EBE, 0xAF5F, 0xAF5F, 0xAB5F, 0xAF5F, 0x9ADE, 0x8A1E,
  0x861E, 0x81BF, 0x81DF, 0x81DF, 0x81DF, 0x81DF, 0x81DF, 0x81DF, 0x81DF, 0x81DF, 0x81FF, 0x81FF, 0x81DF, 0x81DF, 0x81DF, 0x81DF,
  0x81FF, 0x81DF, 0x81FE, 0x8E5E, 0x8E5E, 0x8E5E, 0x9EDE, 0xAB5F, 0xA73F, 0xAB3F, 0xAF7F, 0xAF7F, 0xAB5F, 0xA75F, 0xAB5F, 0xAB5F,
  0xAB7F, 0xAB5F, 0xAB5F, 0xAB7F, 0xAF7F, 0xA210, 0x9CE2, 0x9DAE, 0xA658, 0x9D25, 0xA5AD, 0xA126, 0xA129, 0xA5F7, 0xA1D0, 0xA148,
  0xA18B, 0xAAFF, 0xA71F, 0xA71F, 0xA71F, 0xA71F, 0xA6FF, 0x9A7E, 0x923F, 0x923F, 0x963F, 0x963F, 0x963D, 0x9A1B, 0x963F, 0x9A5F,
  0x965F, 0x963F, 0x9E7F, 0x9D71, 0x9CA5, 0x9993, 0x9A7F, 0x925F, 0x963D, 0x9D8D, 0xA1F4, 0xA5AE, 0xA966, 0xA5CF, 0xA639, 0xA18D,
  0xA987, 0xAA37, 0xA1D1, 0xADEE, 0xADC8, 0xADC7, 0xADA7, 0x9CE7, 0x990C, 0x94A6, 0xA545, 0xADA6, 0xA986, 0xA544, 0xB1C7, 0xA524,
  0x9507, 0x9969, 0x9481, 0xA103, 0x9CC1, 0x9508, 0x9E30, 0x9945, 0x94C3, 0x98C7, 0x9088, 0x9482, 0x9CE2, 0x9CE3, 0x98C2, 0x98C2,
  0x9D66, 0x94A3, 0x9CC2, 0x98E3, 0x9DCB, 0x9DCB, 0x94E4, 0x9CE3, 0xA125, 0x94C4, 0x9989, 0x9926, 0x94C3, 0x9905, 0x9967, 0x9947,
  0x94A2, 0xA145, 0x9924, 0xA124, 0xA103, 0x9D25, 0x9905, 0x9D03, 0x9D03, 0x9D04, 0x9CE5, 0xA104, 0xA524, 0xA545, 0xA966, 0x98E6,
  0x98A2, 0xA945, 0x9CE2, 0x9908, 0xA171, 0x94C8, 0x9484, 0x9CE2, 0xA524, 0x98A1, 0x98C1, 0x98C2, 0x94A3, 0x998C, 0x9EB7, 0x9A52,
  0x9A0E, 0x99EC, 0x9DAC, 0x8C83, 0x9482, 0x9CE2, 0x98A2, 0x958D, 0x9E94, 0x9566, 0x9945, 0x90C3, 0x98A2, 0x9082, 0x9529, 0x9DEF,
  0x99EB, 0x95EA, 0x9A0B, 0x99A9, 0x9527, 0x94C4, 0x9481, 0x90A8, 0xA5F7, 0x9DB5, 0xA194, 0x94EC, 0x990C, 0xA1B2, 0x8844, 0x992D,
  0xAA36, 0x8CA6, 0x9487, 0x94A8, 0x8C23, 0x8822, 0x9064, 0x90A4, 0x9547, 0x998A, 0x9508, 0x9908, 0x98C6, 0x9DF1, 0x99CF, 0x9949,
  0x996B, 0x94E9, 0x98E8, 0x99F1, 0x9E34, 0x90A4, 0x9908, 0x9509, 0x99AE, 0x9A14, 0x952A, 0x90A3, 0x998B, 0x9DF0, 0x9505, 0x992B,
  0x9A5F, 0x965F, 0x9A5F, 0x9A5F, 0x9A5F, 0x9A1E, 0x99BD, 0x99DD, 0x99DD, 0x99FD, 0x9A5F, 0x9A5F, 0x9A5F, 0x965F, 0x965F, 0x963F,
  0x963E, 0x963E, 0x963E, 0x963E, 0x965E, 0x965F, 0x965F, 0x965F, 0x9A5F, 0x9A5E, 0xA2DE, 0xAB5F, 0xAB5F, 0xA75F, 0xAB5F, 0xAB5F,
  0xA71F, 0x969E, 0x9ABF, 0x8E5E, 0x81DE, 0x81DF, 0x81DF, 0x81DF, 0x81FF, 0x81DF, 0x81DF, 0x81DF, 0x81DF, 0x81FF, 0x81DF, 0x81DF,
  0x81DE, 0x8E5E, 0xA2FF, 0xA2FF, 0x9EBE, 0xA2BF, 0xA2BF, 0xA2DF, 0xA2DF, 0xA2DF, 0xA2BF, 0xA2DF, 0xAB5F, 0xAB5F, 0xAB5F, 0xA31F,
  0x9EBE, 0x9EDF, 0xA2BF, 0x9EBE, 0xA6DF, 0xA18B, 0x9D27, 0x9E5D, 0x9E39, 0x9D25, 0xA659, 0xA638, 0x9CE7, 0x9D2D, 0x9E5F, 0x9A1B,
  0x95B5, 0x961E, 0x965F, 0x965F, 0x923E, 0x923F, 0x923F, 0x965F, 0x965F, 0x965F, 0x965F, 0x965F, 0x99F8, 0x958F, 0x9E5E, 0x9592,
  0x99D8, 0x965F, 0x9A5F, 0x9950, 0x9CA5, 0x9DB4, 0x9A7F, 0x965E, 0x965F, 0x965F, 0x9A5F, 0xA18C, 0xA9F2, 0xA5CD, 0xA124, 0x98C3,
  0xA545, 0xA5AD, 0xAA16, 0xA587, 0xADA7, 0xA986, 0xA545, 0xA127, 0x9D2E, 0x98C8, 0xA104, 0xA564, 0xA565, 0xADA7, 0xA965, 0xA545,
  0x98C3, 0x94A2, 0x9CE3, 0x9D03, 0x9CC1, 0x9528, 0x9E51, 0x9525, 0x98A2, 0x98A4, 0x94A9, 0x9063, 0x9CC2, 0x9D03, 0xA544, 0x98C2,
  0x98E3, 0x9482, 0x9CE2, 0x9D03, 0x94C2, 0x9504, 0x9D88, 0x94C3, 0x98A2, 0x9905, 0x9926, 0x9482, 0x9D04, 0xA166, 0x98E3, 0x9063,
  0x94A4, 0x9924, 0x9D67, 0x98E3, 0xA123, 0x98C2, 0x98A1, 0xA123, 0xA565, 0xA124, 0x9CE3, 0x98A1, 0x98C1, 0x9CC1, 0xA566, 0x98C6,
  0x98A2, 0xA103, 0x9CC1, 0x9908, 0x9D91, 0x94EB, 0x94A6, 0x94A2, 0x9CE3, 0x98C1, 0x9CC1, 0x9CC2, 0x94A3, 0x94E8, 0x95EE, 0x962F,
  0x960C, 0x9A0D, 0x99C9, 0x99CA, 0x9547, 0x9482, 0x94A4, 0x9A31, 0x9A93, 0x9987, 0x9D85, 0x94C4, 0x8C41, 0x998B, 0x9A0D, 0x9587,
  0x9586, 0x9986, 0x90E3, 0x9082, 0x9061, 0x94A2, 0x9CC2, 0x8C42, 0xA1B4, 0xA1B5, 0x992F, 0x94A9, 0x9043, 0x8823, 0x9D90, 0xAA58,
  0x8C86, 0x94A8, 0x9CEB, 0x8C44, 0x8822, 0x9086, 0x94C7, 0x90E4, 0x9DAB, 0x94E6, 0x94E7, 0x9908, 0x9929, 0x9E54, 0x99CE, 0x98E5,
  0x94E8, 0x994E, 0x94E8, 0x9DF0, 0x956D, 0x94A5, 0x992C, 0x954C, 0x9E33, 0x99F3, 0x90A5, 0x94E7, 0x99CE, 0x998B, 0x94C4, 0x952B,
  0x9A3F, 0x9A3F, 0x99FE, 0x999D, 0x999C, 0x997C, 0x9D5B, 0x9D5B, 0x9D5B, 0x995C, 0x999C, 0x99BC, 0x9E5E, 0x9E7E, 0x9E9E, 0x9A7E,
  0x967E, 0x967F, 0x967F, 0x967F, 0x9A7F, 0x9A7F, 0x9E9F, 0x9E9E, 0xA71F, 0xA71F, 0xA71F, 0xAB5F, 0xAB5F, 0xA75F, 0xAB5F, 0xAB5F,
  0xAB5F, 0xAB5F, 0xAB5F, 0xA73F, 0x9EFF, 0x8A3E, 0x861F, 0x861F, 0x81DF, 0x81DF, 0x81FF, 0x81FF, 0x81FF, 0x81DF, 0x9A9E, 0xA71F,
  0xA31E, 0xA71E, 0x9A7E, 0x963E, 0x921E, 0x921F, 0x923F, 0x923E, 0x963E, 0x963F, 0x963F, 0x963E, 0x9A9E, 0x9A7E, 0x9A7E, 0x9A5E,
  0x963E, 0x965F, 0x965F, 0x965F, 0x9E7F, 0x9DAE, 0xA238, 0x9A7F, 0x9E38, 0x9D25, 0xA239, 0x9E9F, 0x9D91, 0x98A5, 0x9DB5, 0x9A5F,
  0x965F, 0x965F, 0x965F, 0x963F, 0x965F, 0x967F, 0x9A9F, 0x965F, 0x965F, 0x9A3C, 0x9A19, 0x9A3B, 0x9E17, 0xA18E, 0xA18F, 0xA16B,
  0x9DF7, 0x963F, 0x963F, 0x99F9, 0x9CC8, 0x98EA, 0x9A1B, 0x9A7F, 0x9A3B, 0x9E3B, 0xA23A, 0xA5CE, 0xA5F1, 0xA589, 0xA524, 0x9CE3,
  0x9CE3, 0xA969, 0xA589, 0xA965, 0xA965, 0xA124, 0xA103, 0xA126, 0xA14E, 0x98EA, 0x9CC6, 0xA985, 0xA123, 0xA544, 0xA986, 0x9D03,
  0x9CE2, 0xA123, 0x9CE2, 0x9CE2, 0x9CC1, 0x9507, 0x9E50, 0x9504, 0x9CC2, 0x98A3, 0x98CA, 0x9486, 0x98C2, 0xA565, 0xA545, 0x98C2,
  0x98A2, 0x94A2, 0x9CC2, 0x94A1, 0x9082, 0x90A4, 0x94E4, 0xA145, 0x98C2, 0x94C3, 0x90A3, 0x94C3, 0xA124, 0xA123, 0x9CE3, 0x9084,
  0x94A4, 0x9925, 0x9987, 0x98E4, 0x9CC2, 0x9CC2, 0x9CC2, 0xA103, 0xA103, 0x9CE2, 0xA944, 0x9CE2, 0x9CC1, 0x9CE2, 0xA986, 0x98C6,
  0x98A2, 0x98C1, 0x98A0, 0x9908, 0x9D71, 0x94EB, 0x94C8, 0x9482, 0x9CC1, 0x9CC2, 0x9CC1, 0x9CE2, 0x9CC2, 0x9481, 0x9061, 0x9107,
  0x9E11, 0x9A0F, 0x9A0A, 0x99A7, 0x9DC8, 0x9926, 0x8C40, 0x9149, 0x9A2F, 0x9565, 0x9944, 0x9082, 0x99AD, 0x99EA, 0x9564, 0x99A7,
  0x9105, 0x90A3, 0x98A2, 0x98A2, 0x9CC2, 0x98C2, 0x98C2, 0x94A1, 0x990B, 0xA1B4, 0x950D, 0x94A9, 0x8C44, 0x994F, 0xAA9A, 0x90C7,
  0x9065, 0x98CA, 0x9066, 0x8C43, 0x94A7, 0x990A, 0x90C5, 0x99AB, 0x9548, 0x94C6, 0x9509, 0x996E, 0x952A, 0x9E32, 0x9549, 0x94C6,
  0x9D2C, 0x994E, 0x994B, 0x996A, 0x94A5, 0x94C7, 0x994E, 0x99B1, 0x9E11, 0x9528, 0x94E7, 0x9D4E, 0x9DB0, 0x9548, 0x94E6, 0x996E,
  0x997C, 0x997C, 0x995C, 0x9D5C, 0x9D5C, 0x9D5C, 0x9D7C, 0x9D7C, 0x9D7C, 0x9D7C, 0x9D5C, 0x9D5C, 0x997C, 0x997C, 0x9DFC, 0xAF5F,
  0xAB5F, 0xA75F, 0xA73F, 0xA73F, 0xA73F, 0xAB3F, 0xAB3F, 0xAB3F, 0xAB5F, 0xAB5F, 0xAB5F, 0xAB5F, 0xA75F, 0xAB5F, 0xAB5F, 0xAB5F,
  0xAB5F, 0xAB5F, 0xA73F, 0xA6FF, 0xA6FF, 0xA6DE, 0xA6DE, 0xA2DE, 0x965E, 0x8A1E, 0x81FF, 0x81FF, 0x81FF, 0x81DF, 0x927F, 0x9EDF,
  0x9ABF, 0x9A9E, 0x9E9E, 0xA2BE, 0xA2BE, 0xA2BF, 0xA2BF, 0xA2BE, 0xA2BE, 0xA2BE, 0x9EBE, 0xA2BF, 0xA2BF, 0xA2BF, 0xA2BF, 0xA2BF,
  0x9EBE, 0x9A5E, 0x965F, 0x965F, 0x9A5E, 0x9A18, 0x9A5E, 0x965F, 0x9A3A, 0x9928, 0xA1D1, 0x9E9E, 0xA25A, 0x9CE8, 0x98C7, 0xA259,
  0xA6FF, 0xA2DE, 0xA6FF, 0xA2DF, 0xA71F, 0xAB1F, 0xA2BE, 0x963E, 0x963F, 0x95D7, 0x9D8D, 0x9D27, 0xA5AE, 0xA147, 0xA125, 0xA58C,
  0xA1F7, 0x9A3F, 0x921F, 0x9A1D, 0x94C8, 0x94A5, 0x9DF8, 0x9E7F, 0xA1F3, 0xA588, 0xA988, 0xA987, 0xA987, 0xAD86, 0xA966, 0x9CE3,
  0x9CE3, 0x98C3, 0xA103, 0xAD86, 0xA124, 0x9CE2, 0x9D03, 0xA565, 0xA12A, 0xA150, 0x98C6, 0xADA7, 0xADC7, 0xA123, 0x9CE2, 0xA123,
  0xA124, 0xA545, 0xA545, 0x98C2, 0x9CE2, 0x98C3, 0x9969, 0x94E4, 0xA0E2, 0x98C2, 0x94A8, 0x98C9, 0x9CE2, 0xA965, 0x9CE3, 0x98C2,
  0x9CE3, 0x98C2, 0x90A3, 0x996A, 0x9DED, 0x9DCB, 0x9D87, 0x94C3, 0x94C4, 0x9DCA, 0x9DEB, 0x9DCA, 0x98E3, 0x9D03, 0x9CE3, 0x94A4,
  0x9084, 0x94C3, 0x9926, 0x9081, 0x98C2, 0x9CC2, 0x9CC2, 0x9CC2, 0x9CC2, 0x9CC2, 0xA965, 0x9CE2, 0x9CC1, 0x9CE2, 0xA125, 0x98C6,
  0x9CE3, 0x9CC1, 0x98C0, 0x9907, 0x9D71, 0x94EB, 0x94C8, 0x98A2, 0x9CE2, 0x9CC2, 0x9CE2, 0x9CC2, 0x9CC1, 0x9CC2, 0x9CC2, 0x98A1,
  0x94A1, 0x94C4, 0x99AB, 0x9DC9, 0x9586, 0x9DA8, 0x90A2, 0x99AD, 0x99EC, 0x9923, 0x90C2, 0x9109, 0x9E51, 0x99EA, 0x9567, 0x90A3,
  0x94A2, 0x9CC2, 0x9CE2, 0x9CE2, 0x98C2, 0x98C2, 0x98C2, 0x98A1, 0x9085, 0xA1B6, 0x992F, 0x8845, 0x9DB3, 0xAA9B, 0x952B, 0x9043,
  0x9CCA, 0x9066, 0x8C44, 0x94C8, 0x990A, 0x990A, 0x94E5, 0x9969, 0x9509, 0x990B, 0x9990, 0x9DB1, 0x9529, 0x9DEF, 0x90C7, 0x990B,
  0x952D, 0x9DD3, 0xA614, 0x94C5, 0x94A4, 0x992B, 0x952D, 0x99B1, 0x958B, 0x94C5, 0x9509, 0x9DB1, 0x996C, 0x90C3, 0x94E8, 0x9D91,
  0x9D7C, 0x9D5C, 0x9D5C, 0x9D5C, 0x9D5C, 0x9D5C, 0x9D7C, 0x9D7C, 0x9D7C, 0x9D5C, 0x9D5C, 0x995C, 0x997D, 0x997D, 0x999D, 0x9E1C,
  0xA6DE, 0xAB5F, 0xAB5F, 0xAB5F, 0xAB5F, 0xAB5F, 0xAB5F, 0xAB5F, 0xAB5F, 0xA75F, 0xA75F, 0xAB5F, 0xAB5F, 0xA73F, 0x8E5D, 0x8E5E,
  0x8E5E, 0x8E5E, 0x8E3E, 0x8A1E, 0x8A1E, 0x8A1E, 0x8A1E, 0x8E1E, 0x8E1E, 0x89FE, 0x81FF, 0x81FF, 0x81DF, 0x81FF, 0x81DF, 0x81DF,
  0x81DF, 0x81FF, 0x927E, 0x927E, 0x927E, 0x927E, 0x927E, 0x927E, 0x927E, 0x927E, 0x927E, 0x927E, 0xA2FE, 0xAF7F, 0xAB5F, 0xAF7F,
  0xAB5F, 0xA6FF, 0xA6FF, 0xA6FF, 0xA6FF, 0xA71F, 0xA6FF, 0xA2DE, 0xA71F, 0xA212, 0x94E4, 0xAAFC, 0xAF7F, 0xAA56, 0x94A6, 0x990A,
  0xAEFB, 0xAF7F, 0xAB3F, 0xAF5F, 0xAB5F, 0xAB3F, 0xA2DE, 0xA2DF, 0xA6FF, 0xAB1F, 0xAA9C, 0xA18E, 0xA546, 0xA545, 0xA545, 0xA58B,
  0x9D8F, 0x9A1A, 0x963F, 0x963F, 0x9D92, 0x98A5, 0x992D, 0xA23B, 0xA611, 0xADA8, 0xADA7, 0xA966, 0xAD87, 0xAD86, 0xA524, 0xA0E3,
  0x9D03, 0x9D68, 0x9D47, 0xA0E3, 0xA0E2, 0x9CE2, 0xA103, 0xA523, 0x9D08, 0xA150, 0x94A6, 0xA526, 0xB1C7, 0xA123, 0xA544, 0xA124,
  0xA123, 0x98C2, 0xA544, 0x98C2, 0x9CE2, 0x9CC2, 0x94A2, 0x9CE3, 0x9CE2, 0x9CE2, 0x94A7, 0x98CB, 0x9CE3, 0xA102, 0xA103, 0x9CE2,
  0x9CC2, 0x94A2, 0x99AB, 0x9E0D, 0x9988, 0x94E3, 0x94C3, 0x99CC, 0x9989, 0x98E3, 0x9903, 0x9D88, 0x9DAB, 0x94A2, 0x98C4, 0x98C7,
  0x9483, 0x98A2, 0x94A1, 0x98A2, 0x9CC2, 0x98C2, 0x9CC2, 0x9CC2, 0x9CC2, 0x9CC1, 0xA965, 0x9CE2, 0x9CC2, 0x9CC1, 0x94A2, 0x98C6,
  0xA544, 0x98C1, 0x98C1, 0x9908, 0x9D4E, 0x98EB, 0x98C9, 0x98A2, 0x9CC2, 0x9CE2, 0x9CC1, 0x9482, 0x9083, 0x9084, 0x9083, 0x90A3,
  0x98C2, 0x98A1, 0x9041, 0x90E5, 0x9DEA, 0x9986, 0x94E2, 0x9106, 0x9E0C, 0x90A1, 0x94E7, 0x9E30, 0x9587, 0x99C8, 0x9DA8, 0x9482,
  0x9CC2, 0x98C1, 0x98C2, 0x9CC2, 0x9CC2, 0x9CE2, 0x9CC2, 0x98C1, 0x94A4, 0x94CA, 0x8C87, 0xA1D4, 0xA65A, 0x998F, 0x8C85, 0x98C9,
  0x9065, 0x9065, 0x98E9, 0x990A, 0x950A, 0x950B, 0x9508, 0x992A, 0x992C, 0x996F, 0xA659, 0xA214, 0x9528, 0x94E5, 0x94E9, 0x954D,
  0x9990, 0xA637, 0x9991, 0x952A, 0x994C, 0x956F, 0xA1F5, 0x9E15, 0x954C, 0x950A, 0x9D90, 0x9DB2, 0x996C, 0x94C3, 0x950A, 0xA216,
  0x9D7D, 0x9D5C, 0x9D5C, 0x9D5C, 0x9D7C, 0x9D5C, 0x9D5C, 0x9D5B, 0x995B, 0x999C, 0x99BC, 0x99FE, 0x9A1E, 0x9A1E, 0x961E, 0x961E,
  0x99FD, 0x9A5E, 0x9A5E, 0x9E9E, 0x9A5E, 0x9A7E, 0xA6FF, 0xA2FF, 0xA6FF, 0xAB1E, 0xAB5F, 0xAB5F, 0xAB5F, 0xAB5F, 0x8A3E, 0x81BF,
  0x81BF, 0x81DF, 0x81DF, 0x81DF, 0x81FF, 0x81DF, 0x81DF, 0x81DF, 0x81DF, 0x81DF, 0x81FF, 0x81FF, 0x81FF, 0x81FF, 0x81FF, 0x81FF,
  0x81FF, 0x81FF, 0x81DF, 0x81DF, 0x81DF, 0x81DF, 0x81DF, 0x81DF, 0x81DF, 0x81DF, 0x81BF, 0x85FE, 0xA73F, 0xA75F, 0xA75F, 0xAB5F,
  0xAB5F, 0xAF5F, 0xAF5F, 0xAF5F, 0xAB5F, 0xAB5F, 0xAB5F, 0xAB5F, 0xAB5F, 0xAB3E, 0xAAFA, 0xAB3E, 0xAB5F, 0xAF7F, 0xAA76, 0x94A5,
  0x990A, 0xAEDA, 0xAF7F, 0xAB5F, 0xAF5F, 0xAF7F, 0xAF7F, 0xAB5F, 0xAAFF, 0xAEFE, 0x9D8C, 0xA148, 0xA967, 0xA945, 0xA525, 0xA547,
  0xA615, 0x9A3E, 0x963F, 0x9A3F, 0x9DB3, 0x98A5, 0x98C6, 0xA589, 0xA986, 0xA986, 0xA9A7, 0xADA7, 0x9D26, 0x9948, 0x98E5, 0x9CE4,
  0xA146, 0x9DAA, 0x9D8A, 0x98C3, 0x9D26, 0x98E4, 0x9CE3, 0xA123, 0x9D07, 0xA570, 0x98E9, 0x98A5, 0xA104, 0xA103, 0xADA6, 0xA124,
  0x98C2, 0x9CE2, 0xA103, 0x9CE2, 0x98C2, 0x9CE2, 0x9CE2, 0x9CE2, 0x9CE2, 0x9CE2, 0x94A6, 0x9D0D, 0x9484, 0x9CE2, 0xA524, 0x9CE2,
  0x98C2, 0x90A2, 0x9546, 0x90A1, 0x9481, 0x9481, 0x9506, 0x9E2F, 0x9505, 0x9041, 0x9CC1, 0x98E3, 0x9926, 0x9CC2, 0x98A5, 0x94A7,
  0x9061, 0x98C2, 0x9CC2, 0x9CC2, 0x9CC2, 0x98C2, 0x9CC2, 0x9CC2, 0x9CC2, 0x9CC2, 0xA544, 0x9CC1, 0x98A1, 0x94A1, 0x98E9, 0x98C6,
  0xA524, 0x98C2, 0x98C1, 0x9D28, 0x992D, 0x98EC, 0x98C9, 0x94A2, 0x9CE1, 0x98A2, 0x90A4, 0x95AF, 0xA295, 0x9E0F, 0x9E0E, 0x99ED,
  0x99CD, 0x90E5, 0x9081, 0x8C41, 0x9506, 0x9D66, 0x9D23, 0x98E3, 0x9D86, 0x94C2, 0x998C, 0x9A0D, 0x9986, 0x9945, 0x9081, 0x94A3,
  0x90E7, 0x90E6, 0x90C4, 0x90A4, 0x9482, 0x98A2, 0x98C2, 0x9CC2, 0x9481, 0x8C85, 0xA216, 0x9E38, 0x9DD3, 0x90C7, 0x8C43, 0x8C43,
  0x9065, 0x98E9, 0x9509, 0x950A, 0x992D, 0x9DB2, 0x9DB1, 0x952C, 0x954E, 0xA217, 0xA67C, 0xA1F5, 0x954B, 0x90C6, 0x994E, 0x9970,
  0x9570, 0x9992, 0x9570, 0x996F, 0x956F, 0xA216, 0xAA9D, 0x9DF4, 0x912B, 0x9D91, 0xA617, 0x954F, 0x996E, 0x90E7, 0x9990, 0xA638,
  0x9D57, 0x9D7C, 0x9D7D, 0x9D5C, 0x9D5C, 0x997B, 0x99BD, 0x99DD, 0x99DD, 0x9A3F, 0x9A5F, 0x965F, 0x965F, 0x965F, 0x965F, 0x965F,
  0x965F, 0x9A5E, 0xA2BF, 0xA2BE, 0xA2BE, 0xA2BE, 0x9A5E, 0x965E, 0x9A5E, 0xA27D, 0xA2BE, 0xA2DF, 0xA2DF, 0xA2DF, 0x9EBE, 0x9A9E,
  0x925E, 0x85FE, 0x81DF, 0x81DF, 0x81DF, 0x81DF, 0x81DF, 0x81DF, 0x81DF, 0x81DF, 0x81FF, 0x81FF, 0x81FF, 0x81FF, 0x81FF, 0x81FF,
  0x81FF, 0x81FF, 0x81FF, 0x81FF, 0x81FF, 0x81FF, 0x81FF, 0x81FF, 0x81FF, 0x81FF, 0x81DF, 0x861F, 0xAB5F, 0xAB5F, 0xA75F, 0xAB5F,
  0xAB5F, 0xAB5F, 0xAB5F, 0xAB5F, 0xAB5F, 0xAB3F, 0xAB3F, 0xAB3F, 0xAB5F, 0xAB5F, 0xAF5F, 0xAF5F, 0xAB5F, 0xA71F, 0xA6FF, 0xA1F6,
  0x98C8, 0x98E8, 0xAA55, 0xAEFF, 0xA25D, 0xA25D, 0xA25D, 0x9E3D, 0x95BD, 0x999A, 0x9D2A, 0xA58E, 0xA547, 0xA525, 0xA9B0, 0xA18D,
  0xA18C, 0x9E1C, 0x961F, 0x9A1D, 0x9929, 0x9CC5, 0x98E7, 0xADCA, 0xA9CB, 0xA5D2, 0xA9AB, 0xA124, 0x9D8B, 0x9E73, 0x99CD, 0x9927,
  0x9D67, 0x9D89, 0x9D06, 0x9D8B, 0xA1EE, 0x9D26, 0xA102, 0xA544, 0x9D04, 0x9D2D, 0x98EB, 0x9485, 0x9CC3, 0x9D02, 0xA124, 0x9D02,
  0x9CE2, 0x9CE2, 0xA123, 0x9D03, 0x9CE3, 0x9CC2, 0x9CC2, 0x9CE2, 0x9CE2, 0x9CE2, 0x94A5, 0x9D2E, 0x9065, 0x98A2, 0x98C2, 0x9CE2,
  0x9CC2, 0x98A2, 0x98A1, 0x9482, 0x98C2, 0x90A3, 0x9DED, 0x9946, 0x9081, 0x9485, 0x98A2, 0x9CE2, 0x98A1, 0x9CC2, 0x94A4, 0x94A6,
  0x98C3, 0xA103, 0x9CC2, 0x9CE2, 0x9CC2, 0x9CC2, 0x98C1, 0x9CC1, 0x9CC1, 0x9CC2, 0x9CC1, 0x98C2, 0x98C6, 0x992C, 0x992F, 0x94C5,
  0xA544, 0x98C1, 0x98C1, 0x9D28, 0x9D70, 0x9D2F, 0x94A7, 0x94A2, 0x9CE2, 0x94C4, 0xA696, 0xA6F9, 0x9A0D, 0x9A2E, 0x99EA, 0x95A7,
  0x99EA, 0x99EB, 0x9527, 0x90E5, 0x94A2, 0x98A2, 0x9D44, 0x9D03, 0x9D44, 0x9925, 0x9E2F, 0x9566, 0x9D44, 0x9082, 0x9083, 0x99AB,
  0x9A0D, 0x9E0C, 0x99EA, 0x99EA, 0x9589, 0x90C5, 0x9481, 0x9061, 0x992B, 0xA1B1, 0x9DD4, 0x9DF6, 0x996E, 0x8C64, 0x8822, 0x9086,
  0x994D, 0x94EA, 0x994D, 0x9DB2, 0x99D3, 0xA236, 0x956E, 0x9990, 0xA216, 0xA65B, 0xA659, 0x994E, 0x994E, 0x9DB2, 0x9991, 0x9991,
  0xA217, 0xA659, 0x956F, 0x9990, 0xA217, 0xAA9C, 0xA217, 0x9991, 0x9991, 0xA217, 0x99D4, 0x9DB3, 0x99B2, 0x9DD3, 0xA617, 0x9D91,
  0x98EB, 0x98F0, 0x9D58, 0x9D7B, 0x99BD, 0x9A3E, 0x9A5F, 0x965F, 0x965F, 0x965F, 0x963F, 0x9A3F, 0x963E, 0x9A3F, 0x965F, 0x965F,
  0x965F, 0x9A7F, 0x9EBE, 0x9E9F, 0x9EBF, 0x9E9F, 0x9A5F, 0x9A5F, 0x9A5F, 0x9A5F, 0x965F, 0x9A3F, 0x963F, 0x963F, 0x9A7F, 0x9E9E,
  0xAB1F, 0xA71F, 0x9ABE, 0x85FE, 0x85FE, 0x81FE, 0x81BF, 0x81BF, 0x81DF, 0x81FF, 0x81FF, 0x81FF, 0x81FF, 0x81FF, 0x81FF, 0x81FF,
  0x81FF, 0x81FF, 0x81FF, 0x81FF, 0x81FF, 0x81FF, 0x81FF, 0x81FF, 0x81FF, 0x81DF, 0x81DF, 0x8A3E, 0xAB5F, 0xAB5F, 0xAB5F, 0xAB5F,
  0xAB5F, 0xAB5F, 0xAB5F, 0xAB5F, 0xAB5F, 0xAF5F, 0xAF5F, 0xAF7F, 0xA71F, 0x9A7E, 0x9A7E, 0x9A7E, 0x9A7E, 0x965E, 0x965E, 0x9E9F,
  0xA1B7, 0x98C7, 0x98C6, 0x9D30, 0x9D7B, 0x995C, 0x995B, 0x995C, 0x997D, 0x9D7A, 0xA174, 0xA171, 0xA172, 0xA14F, 0xA191, 0xA21D,
  0x994E, 0x99B6, 0x9A1F, 0x9E1E, 0xA1D7, 0x98C7, 0x9CE8, 0xA589, 0xA18A, 0xA5F5, 0x98E7, 0x9881, 0x98E4, 0x9548, 0x9E0F, 0x998B,
  0x9926, 0x9D26, 0x9D69, 0xA22F, 0x9969, 0x9CE5, 0x9D05, 0xA104, 0x9CE2, 0x990A, 0x9D0D, 0x9484, 0x9CC3, 0x9CE2, 0x9CE2, 0x9CE2,
  0x9D03, 0x9CE2, 0x9CC1, 0x9D47, 0x9D47, 0x98C2, 0x9D46, 0x9D04, 0x9CE2, 0x9CE2, 0x98A2, 0x98EB, 0x94AA, 0x9061, 0x9CE2, 0x9CC2,
  0x9CC2, 0x9CC2, 0x9CC2, 0x9CE2, 0x98C1, 0x9506, 0x9DEC, 0x90A1, 0x98C3, 0x94C9, 0x94A5, 0x9CE2, 0x9CE2, 0x9CC2, 0x9484, 0x94A6,
  0x9D04, 0x9CE3, 0x9CC2, 0x9CC1, 0x9CE1, 0x9CE3, 0xA58B, 0x98C3, 0x98C3, 0x9CC2, 0x98A1, 0x9D09, 0x990F, 0x9510, 0x992F, 0x98A3,
  0xA124, 0x98C1, 0x98A0, 0x9908, 0x9D50, 0x950C, 0x98EA, 0x98A3, 0x98E2, 0x94C4, 0x9507, 0x90E6, 0x90A4, 0x9DCF, 0x99AC, 0x99CB,
  0x9566, 0x99A8, 0x99EB, 0x99CA, 0x9DC9, 0x9505, 0x98C3, 0x98E2, 0x9D23, 0x9925, 0x99A9, 0x9923, 0x94C3, 0x90C5, 0x99EB, 0x99EB,
  0x95C8, 0x9585, 0x99A8, 0x95A8, 0x99C9, 0x9DA8, 0x9084, 0x9D90, 0xA616, 0x8CCA, 0x9DB3, 0x9DB1, 0x90A7, 0x8822, 0x90A7, 0x9DD2,
  0x9990, 0x954D, 0xA638, 0xA65A, 0xA258, 0x99B0, 0x99B1, 0xAA7A, 0xA67B, 0xA239, 0x954F, 0x996F, 0xA639, 0xA65A, 0x99B3, 0xA639,
  0xA67B, 0xA639, 0x956F, 0xA217, 0xA67C, 0xA25A, 0x9570, 0x9DD3, 0xA639, 0xA217, 0x9DD4, 0xA659, 0xA259, 0xAA7B, 0x994D, 0x952C,
  0xA153, 0x9D55, 0x94F1, 0x9D9B, 0x9E1E, 0x9A7F, 0x9A5F, 0x9A5F, 0x9A5F, 0x9A3F, 0x99DD, 0x99BD, 0x99DE, 0x99DE, 0x99DE, 0x9A1E,
  0x9A3F, 0x9A5F, 0x965F, 0x965F, 0x965F, 0x965F, 0x965F, 0x9A5F, 0x9A5F, 0x9A5F, 0x9A5F, 0x9A5F, 0x965F, 0x965F, 0x965F, 0x965F,
  0x965E, 0xA2BE, 0xA71F, 0xAB3F, 0xAB5F, 0xA71F, 0x927E, 0x969E, 0x8A3E, 0x81DF, 0x81FF, 0x81FF, 0x81FF, 0x81FF, 0x81FF, 0x81FF,
  0x81FF, 0x81FF, 0x81FF, 0x81FF, 0x81DF, 0x81FF, 0x81DF, 0x81DF, 0x81DF, 0x8A3E, 0x969E, 0xA73F, 0xA75F, 0xAB5F, 0xAB5F, 0xAB5F,
  0xAF5F, 0xAB5F, 0xAB5F, 0xAB5F, 0xAB5F, 0xA2FE, 0xA2DF, 0xA2DF, 0x9A7E, 0x963F, 0x963F, 0x963F, 0x965F, 0x9A5F, 0x9A1E, 0x99DD,
  0x9D9D, 0x9D34, 0x98C9, 0x98C6, 0x9D0F, 0x9D7B, 0x997C, 0x997C, 0x9D7C, 0x9D7C, 0x9D9C, 0x9D55, 0x9D7A, 0x9D54, 0x98C5, 0x9DB9,
  0x99FD, 0x9DFC, 0x9DD7, 0x9D90, 0xA1D5, 0x9D2E, 0x9CA6, 0x9D06, 0xA545, 0x9D04, 0x9927, 0x996A, 0x9948, 0x9906, 0x9506, 0x9DEE,
  0x9969, 0x9906, 0x9DED, 0x9969, 0x9D26, 0x9D27, 0x9D27, 0x9D05, 0x9CE2, 0x9D0A, 0xA171, 0x9486, 0x98C3, 0xA123, 0x9CE2, 0x9CE3,
  0xA167, 0x9D67, 0x9D04, 0x9D25, 0x9DAB, 0x9926, 0x9DCB, 0x9904, 0x98C1, 0x9CE2, 0x98C1, 0x94C9, 0x98EC, 0x8C42, 0x98C2, 0x9CC2,
  0x9CC2, 0x9CE2, 0x9CE2, 0x9CE1, 0x9CE2, 0x94E4, 0x9506, 0x94A1, 0x98A2, 0x94C8, 0x9486, 0x9481, 0x9CC2, 0x98C2, 0x9484, 0x94A6,
  0x9D04, 0x9D66, 0x9925, 0x9925, 0x9D46, 0x9925, 0xA173, 0x9913, 0xA171, 0x98C2, 0x9CC1, 0x98A3, 0x9D10, 0x990E, 0x94A4, 0x98A1,
  0x9CE2, 0x98C1, 0x98A2, 0x9909, 0x992E, 0x94EA, 0x98EA, 0x98C7, 0x9CE3, 0x9CC3, 0x98A1, 0x98A1, 0x98C2, 0x9482, 0x9482, 0x94A4,
  0x9906, 0x98E4, 0x9503, 0x94E3, 0x9526, 0x99A8, 0x9DA8, 0x98E3, 0x98C2, 0x9904, 0x9D66, 0x98E3, 0x9505, 0x9E2C, 0x99C8, 0x9987,
  0x9567, 0x9505, 0x9082, 0x9062, 0x9062, 0x98C2, 0x9907, 0x9D90, 0x952E, 0xA617, 0x996F, 0x94C8, 0x8C44, 0x90C8, 0x9DF3, 0x9DD2,
  0x954D, 0xA217, 0xA239, 0xA259, 0x99D2, 0x952C, 0xA659, 0xA25A, 0xAA7B, 0x99D4, 0x99B2, 0xA65B, 0xA239, 0x95B3, 0xA659, 0xA67B,
  0xA65A, 0x9DF5, 0x9DF6, 0xA67B, 0xA25A, 0xA217, 0x9991, 0xA65A, 0xA67B, 0xA218, 0xA238, 0xAA9C, 0xAA9C, 0xA1F5, 0x950C, 0x9DB2,
  0x9913, 0xA1BE, 0x9D9D, 0x9D7C, 0x997B, 0x99BD, 0x99BD, 0x99BD, 0x99BD, 0x99BD, 0x9D9D, 0x9DBE, 0x9D78, 0x9934, 0x9D9C, 0x999D,
  0x999D, 0x99DD, 0x9A5F, 0x965F, 0x965F, 0x965F, 0x965F, 0x965F, 0x9A7F, 0x9A5F, 0x9A5F, 0x9A5F, 0x9A5F, 0x965F, 0x965F, 0x965F,
  0x965F, 0x963F, 0x965E, 0x9EBE, 0x9EBE, 0x9EBE, 0xA2BE, 0xA6FE, 0xA71F, 0x927E, 0x81FF, 0x81FF, 0x81FF, 0x81DF, 0x81DF, 0x81DF,
  0x81DF, 0x81FF, 0x81DF, 0x81FF, 0x81FF, 0x85FE, 0x96BF, 0x9EDF, 0x9ADF, 0xA73F, 0xAF7F, 0xAB5F, 0xA73F, 0xA73F, 0xAB5F, 0xA2FF,
  0x9A9E, 0x9E9E, 0x9EBE, 0x9E9E, 0x9E9E, 0x965E, 0x921E, 0x923E, 0x963F, 0x965F, 0x965F, 0x965F, 0x9A1E, 0x99BD, 0x997C, 0x9D5B,
  0x995B, 0x9D7D, 0xA156, 0x9CC8, 0x98C6, 0x9910, 0x9D7C, 0x995C, 0x995C, 0x9D7C, 0x9D7C, 0x9D7C, 0x997C, 0x9D57, 0x98C7, 0x9D72,
  0x9DD8, 0x9D6D, 0x9D46, 0xA145, 0xA147, 0x9D08, 0x9CC7, 0x9CE7, 0xA566, 0xA104, 0x9D48, 0x9DCD, 0x9E2F, 0x99EE, 0x9548, 0x9528,
  0x998A, 0x9948, 0x9D8A, 0x94E5, 0x9D48, 0x9D26, 0x98C2, 0x9CE3, 0x9CE2, 0x98C6, 0x9D4F, 0x98CA, 0x94A4, 0xA124, 0xA124, 0x9D03,
  0x98C1, 0x9D89, 0x9D67, 0x98E2, 0x9D88, 0x9547, 0x9D89, 0x98C3, 0x9D24, 0xA124, 0x9CC2, 0x9085, 0x9D2F, 0x9065, 0x98A2, 0x9CE3,
  0x9D24, 0x9CE2, 0x9D03, 0x9D25, 0x9D45, 0x9D26, 0x9481, 0x9CC2, 0x94A1, 0x9485, 0x98CA, 0x9061, 0x9CC2, 0x98C2, 0x9484, 0x98A7,
  0x9D25, 0x9D66, 0x9D88, 0x9987, 0x9D67, 0x94E2, 0x94CA, 0x9D36, 0x94EC, 0x98C2, 0x9CC2, 0x98A1, 0x98CB, 0x94A8, 0x98A1, 0x98C2,
  0x98C2, 0x98A1, 0x98C4, 0x990B, 0x990C, 0x98EB, 0x98EA, 0x98C8, 0x98C4, 0x98C2, 0x9CC2, 0x9CC2, 0x9CC2, 0x9CE2, 0x9CE2, 0xA0C2,
  0x98A1, 0x94A3, 0x9084, 0x9483, 0x9062, 0x90A3, 0x90C4, 0x98E4, 0x94C2, 0x98C2, 0x98E3, 0x94E3, 0x9D87, 0x9945, 0x90A2, 0x94A3,
  0x9082, 0x9481, 0x98C2, 0x98C2, 0x9062, 0x9CE3, 0x98A2, 0x94EB, 0xAE9B, 0x99B1, 0x950A, 0x94C8, 0x90A7, 0x9DF4, 0x9DF3, 0x954D,
  0xA638, 0xA25A, 0xA65A, 0x99D3, 0x912A, 0xA1D4, 0xAA7C, 0xA67B, 0x9DF5, 0x9591, 0xAA9C, 0xA65A, 0x99B3, 0x9DF6, 0xA67B, 0xA65A,
  0x9DD5, 0xA238, 0xA67C, 0xA67B, 0xA659, 0x9591, 0xA659, 0xA67C, 0xA239, 0x9DD5, 0xA67B, 0xAA9C, 0xA638, 0x954F, 0xA616, 0x99B3,
  0x9D5A, 0x9D5C, 0x9D5C, 0x9D5C, 0x9D5C, 0x9D5B, 0x9D5B, 0x995B, 0x995C, 0x9D7D, 0xA19B, 0x9D33, 0x98EE, 0x9D56, 0x9D9D, 0x9D9D,
  0x9D7D, 0x9D7C, 0x99BD, 0x9A5F, 0x9A3F, 0x9A3F, 0x9A1E, 0x9A1E, 0x9A1E, 0x9A1E, 0x9A1E, 0x999C, 0x99BD, 0x9A3E, 0x9A5F, 0x965F,
  0x965F, 0x965F, 0x965F, 0x923E, 0x963F, 0x963F, 0x963F, 0x963F, 0x9A7F, 0x9A7F, 0x8E1F, 0x861F, 0x861F, 0x85FF, 0x85FF, 0x85FF,
  0x85FF, 0x85FF, 0x81DF, 0x85FE, 0xA2FF, 0xA31F, 0xAB5F, 0xAF7F, 0xAF7F, 0xAB5F, 0xAB3F, 0xA6FF, 0x9A7E, 0x965E, 0x965E, 0x963E,
  0x923E, 0x963E, 0x963F, 0x963F, 0x963F, 0x963F, 0x965F, 0x965F, 0x963F, 0x99FE, 0x9A1E, 0x9A1E, 0x997C, 0x995B, 0x9D5C, 0x9D5C,
  0x9D5C, 0x9D5B, 0x9D5C, 0x9D34, 0x98C9, 0x98C6, 0x9D10, 0x9D7B, 0x9D7C, 0x9D7C, 0x9D5C, 0x995C, 0x995B, 0x9D7C, 0x98EC, 0x98E5,
  0x9D47, 0x9D24, 0xA146, 0xA125, 0xA145, 0xA125, 0x9CC7, 0x9CC7, 0xA526, 0xA966, 0xA104, 0x9CC3, 0x98E4, 0x9906, 0x998A, 0x9949,
  0x9948, 0x9948, 0x9927, 0x9969, 0x99AB, 0x9DAB, 0x9D47, 0x9D03, 0xA124, 0x9CC4, 0xA14F, 0x9D2D, 0x9485, 0x9CE3, 0x9D02, 0x9CE2,
  0x9CE3, 0x94C2, 0x9D89, 0x9526, 0x9926, 0x9946, 0x9D25, 0x9CC2, 0xA546, 0xA124, 0x9CE2, 0x94A3, 0x9D0D, 0x94A9, 0x9482, 0x9CE2,
  0x9CE3, 0x9CE3, 0x9967, 0xA1A9, 0x98E3, 0x98E2, 0x9CE3, 0x9CC2, 0x98C2, 0x94A5, 0x98EC, 0x9063, 0x9CC2, 0x9CC2, 0x94A5, 0x94A6,
  0x94A2, 0xA145, 0x98E3, 0x9D45, 0x9903, 0x98C3, 0x9CE6, 0x94A6, 0x9D0D, 0x94A1, 0x9CC1, 0x98C6, 0x9D34, 0x9CED, 0x98A2, 0x9CC2,
  0x98A1, 0x9CC1, 0x98E4, 0x9D4F, 0x9D2D, 0x94E9, 0x98E9, 0x94A8, 0x94A5, 0x98E3, 0x98C2, 0x9CC2, 0x9CC2, 0x9CC2, 0x98A2, 0x9461,
  0x9549, 0x9E2F, 0x9E0D, 0x9DEB, 0x99A8, 0x9D86, 0x98E3, 0x9081, 0x9082, 0x98E2, 0x9903, 0x9946, 0x94C4, 0x9061, 0x9462, 0x98C2,
  0x9CC2, 0x9CE2, 0x98C2, 0x98C2, 0x98C2, 0x9061, 0x90A7, 0xAA37, 0x954F, 0x9DD3, 0x9D6F, 0x8C86, 0x9DF4, 0xA237, 0x956E, 0xA216,
  0xA65B, 0xA65B, 0x9E15, 0x9109, 0x9D91, 0xA67B, 0x9E39, 0xAA7A, 0x952E, 0xA217, 0xAA7B, 0x99D5, 0xA238, 0xAA7C, 0x9DD4, 0xA65A,
  0x9DF5, 0xA638, 0xA67C, 0xA67B, 0x9E17, 0x99B3, 0xAA9C, 0xA67C, 0x9DF7, 0xA239, 0xAA7C, 0xA659, 0x9990, 0xA216, 0xA238, 0x99D4,
  0x9D7C, 0x9D5C, 0x9D7C, 0x9D5C, 0x9D5C, 0x9D5C, 0x995C, 0x9D5C, 0x9D5A, 0x9D34, 0x98EE, 0x9D12, 0xA19B, 0x9D7C, 0x9D7B, 0x9D7B,
  0x9D7C, 0x9D7C, 0x9D5B, 0x9D9C, 0x999C, 0x999C, 0x997C, 0x995C, 0x995C, 0x995C, 0x995C, 0x9D5C, 0x9D5C, 0x997C, 0x99DE, 0x99DD,
  0x99FE, 0x965F, 0x965F, 0x965F, 0x965F, 0x967F, 0x965F, 0x965F, 0x965F, 0x963F, 0x965F, 0x965F, 0x965F, 0x965F, 0x965F, 0x923F,
  0x9A9F, 0xA2DF, 0x9EDF, 0x9EDF, 0xAB5F, 0xAB5F, 0xA2DF, 0x9EDF, 0xA2DF, 0xA2FF, 0x9EBF, 0x965E, 0x965F, 0x965F, 0x965F, 0x965F,
  0x965F, 0x965F, 0x965F, 0x963F, 0x9A5F, 0x9A3F, 0x99DD, 0x99DD, 0x999C, 0x995B, 0x9930, 0x9D4F, 0x9D7B, 0x9D5C, 0xA17B, 0x9D7B,
  0x9D5C, 0x9D5C, 0x995B, 0x9D5C, 0x9D57, 0x9CE8, 0x9CC6, 0x9D31, 0xA17D, 0x9D5C, 0x995B, 0x995C, 0x9954, 0x9D70, 0x98EB, 0x98E4,
  0xA146, 0x9D46, 0x9CE3, 0x9CC3, 0xA104, 0xA126, 0x9CE7, 0x9CA7, 0x9CC4, 0xA504, 0xA525, 0x9D69, 0x9DCC, 0x9969, 0x9548, 0x9969,
  0x9948, 0x9907, 0x98C5, 0x9906, 0x9906, 0x9927, 0x9906, 0x9D03, 0xA965, 0xA104, 0x9D2D, 0xA12E, 0x9886, 0x9CC3, 0x9CE2, 0x98C2,
  0x9D25, 0x9D04, 0x98E4, 0x9926, 0x9905, 0x98E3, 0x9CC2, 0xA103, 0xA103, 0xA0E2, 0xA123, 0x9CE2, 0x94A7, 0x9D2F, 0x9086, 0x98A2,
  0x94A1, 0x9947, 0x9968, 0x94E3, 0x9904, 0x9924, 0x9D25, 0x9CE2, 0x9CE2, 0x98C6, 0x9D0D, 0x94A5, 0x9CC2, 0x98A1, 0x9083, 0x9D28,
  0x90A3, 0x94C2, 0x94A2, 0x98E9, 0x94A4, 0x98C2, 0x9CC1, 0x98A2, 0x94C9, 0x990B, 0x94A3, 0xA152, 0x9D30, 0x94A2, 0x98A1, 0x94A2,
  0x9D68, 0x98C2, 0x9CE5, 0xA14F, 0x98E9, 0x98E8, 0x98E9, 0x94A7, 0x94A4, 0x98A2, 0x98E3, 0x9CC2, 0x9CC2, 0x94A1, 0x90C6, 0x99AD,
  0x9A51, 0x9A4F, 0x9A0C, 0x99A7, 0x9965, 0x9966, 0x9D85, 0xA144, 0x98A3, 0x9D03, 0x9903, 0x9062, 0x9062, 0x98C3, 0x9CC2, 0x9CC2,
  0x98C2, 0x98C2, 0x9CC2, 0x9CE2, 0x9482, 0x950B, 0xAA7A, 0x952C, 0x950B, 0xAA38, 0x8C87, 0x952C, 0xA678, 0x958F, 0x9DD4, 0xAA7C,
  0xA25A, 0xA216, 0x952A, 0x90E8, 0xA638, 0x9E39, 0xA65A, 0x952D, 0x952D, 0xAE9C, 0x9591, 0xA217, 0xAA9D, 0xA1F6, 0x99B3, 0xA67A,
  0x9570, 0xA237, 0xA67C, 0xA25A, 0x9DF5, 0xA659, 0xA67C, 0xA239, 0xA218, 0xAA9D, 0xA238, 0x9DF6, 0x99B3, 0xAA7B, 0x9DD4, 0xA67B,
  0x9D5C, 0x9D7D, 0x9D7B, 0x9D5A, 0x9D5A, 0x9D59, 0x9D59, 0x9D11, 0x98CA, 0x98CA, 0x9D55, 0x9DBD, 0x999C, 0x999B, 0x9D9A, 0x999A,
  0x9D9B, 0x9D9C, 0x9D7B, 0x9D5C, 0x9D7C, 0x9D7C, 0x9D5C, 0x9D5C, 0x9D5C, 0x9D5C, 0x9D5C, 0x9D5C, 0x9D5C, 0x9D3B, 0x993B, 0x993B,
  0x993B, 0x99DD, 0x9A3E, 0x9A1E, 0x9A1E, 0x9A1E, 0x9A1E, 0x9A1E, 0x9A1E, 0x963F, 0x963F, 0x963F, 0x963F, 0x963F, 0x963F, 0x963F,
  0x9A7E, 0x9E9E, 0x9A9E, 0x9A9E, 0x9A7E, 0x9A7E, 0x963E, 0x961F, 0x961E, 0x95FE, 0x99FE, 0x9A1E, 0x9A1E, 0x9A1E, 0x9A1E, 0x9A1E,
  0x99FE, 0x957C, 0x997C, 0x957C, 0x997C, 0x997C, 0x995C, 0x9D5C, 0x9D5D, 0x9D5E, 0xA177, 0x9D05, 0xA151, 0xA177, 0x9D0A, 0x9D34,
  0x9D5C, 0x9D5B, 0x9D5C, 0x9D5B, 0x9D7C, 0x9D31, 0x9CC6, 0x9CC8, 0x9D34, 0x9D5B, 0x995C, 0x995D, 0x9D79, 0x9D2A, 0x9CE6, 0x9CE5,
  0xA146, 0xA125, 0xA104, 0xA0E3, 0x9CC3, 0x9CE3, 0x9CC6, 0x9CE7, 0xA525, 0xA104, 0x9CE4, 0x9DCC, 0x9E0F, 0x9DAC, 0x9949, 0x9969,
  0x9928, 0x98EB, 0x9CEA, 0x98A3, 0x98A2, 0x98C2, 0x98C2, 0x9CE3, 0xA544, 0xA544, 0x9CE7, 0xA150, 0x98C9, 0x9CC3, 0x9CE2, 0x9CC2,
  0x98C2, 0x98E3, 0x98C2, 0x98C2, 0x98C2, 0x98C2, 0xA965, 0xB1A6, 0xADA6, 0xA544, 0xAD86, 0xA524, 0x94A4, 0x9D2E, 0x94A8, 0x9062,
  0x94A1, 0x9926, 0x94E3, 0x9925, 0x9D67, 0x9967, 0x9D87, 0x9D24, 0x9CC1, 0x98A6, 0x9D0D, 0x94A5, 0x9CE2, 0x9926, 0x996A, 0x9968,
  0x9947, 0x9525, 0x9906, 0x9D30, 0x98ED, 0x98C2, 0x9CC2, 0x98A0, 0x94A5, 0x9D31, 0x98EC, 0x9CEB, 0x98A3, 0x98A1, 0x9D47, 0x9989,
  0x9DCC, 0x9926, 0x98C6, 0xA14E, 0x90AA, 0x94A9, 0x9087, 0x9085, 0x98A2, 0x98A2, 0x98A2, 0x98C2, 0x98A1, 0x90A5, 0x9E31, 0x960C,
  0x9A0D, 0x9E2F, 0x9DED, 0x90A3, 0x9461, 0x9462, 0x94A4, 0x94A4, 0x9883, 0x98C3, 0x9D03, 0x9041, 0x98A3, 0x9082, 0x9061, 0x94A2,
  0x98C2, 0x98C2, 0x9CE2, 0x94A2, 0x950A, 0xAA58, 0x994E, 0x90C9, 0xA637, 0x950B, 0x8CA7, 0xA636, 0x9DD2, 0x996F, 0xA659, 0xAA7B,
  0xA216, 0x910B, 0x8821, 0x950C, 0xA259, 0x9E3A, 0x9DD4, 0x8423, 0xA5F6, 0x9DB2, 0x9570, 0xAA9C, 0xA638, 0x912D, 0x9DD4, 0x9DF4,
  0x9DD3, 0xA67B, 0xA67C, 0x9DD5, 0x956F, 0xAA9C, 0xA65B, 0x99B2, 0xA217, 0xAA7B, 0x9570, 0xA217, 0xA65A, 0xA1F5, 0x9570, 0xAA7B,
  0x9D59, 0x9D35, 0xA10F, 0x9CC9, 0x9CEA, 0x9CEA, 0x9CC9, 0x9CC8, 0x98CA, 0xA158, 0x9D7C, 0x99DD, 0x99FD, 0x9DFD, 0x99FD, 0x99FD,
  0x9DFE, 0x9E1E, 0x9DFE, 0x9D7C, 0x9D7C, 0x9D7C, 0x99BD, 0x99DD, 0x99DD, 0x99DD, 0x99DD, 0x99BD, 0x99BD, 0x99BD, 0x99BD, 0x99DD,
  0x99BD, 0x99BD, 0x99BC, 0x99BC, 0x99BC, 0x99BC, 0x95BC, 0x95BC, 0x959C, 0x961E, 0x965F, 0x963F, 0x963F, 0x963F, 0x963F, 0x963F,
  0x963F, 0x963F, 0x963F, 0x963F, 0x963E, 0x963F, 0x961E, 0x95FE, 0x99DD, 0x95BC, 0x99BD, 0x99DD, 0x99DD, 0x99DD, 0x99DD, 0x99DD,
  0x99DD, 0x99BD, 0x99BD, 0x99BD, 0x99BD, 0x995C, 0x9D5C, 0x9D5B, 0x9D54, 0xA151, 0xA174, 0xA593, 0xA14A, 0x9D28, 0xA14F, 0xA17B,
  0x995C, 0x9D5B, 0x9D5C, 0x9D5C, 0x9D5C, 0x9D5A, 0x98EA, 0x9CC6, 0x98C8, 0x9D57, 0x9D7A, 0x9D77, 0xA178, 0xA14E, 0x9CE9, 0x9CC6,
  0x9CE4, 0xA0E4, 0xA946, 0xA0E4, 0x9D04, 0x9CE4, 0x9CC3, 0xA146, 0xA145, 0x9D05, 0x9CE3, 0x9CE3, 0x98E3, 0x9CE3, 0x98E4, 0x9927,
  0x9909, 0x9D0D, 0x98EA, 0x98C4, 0x9D04, 0x9D03, 0x9CE2, 0x9D03, 0xA145, 0xA544, 0x9CE7, 0xA14F, 0x98C8, 0x98C3, 0x9CE2, 0x9CE2,
  0x9904, 0x9946, 0x9925, 0x98C1, 0xA103, 0xA564, 0xA965, 0x9D03, 0xA9A7, 0xADC7, 0xA564, 0xA944, 0x9CC3, 0x94A6, 0x98EC, 0x9065,
  0x9061, 0x98E3, 0x9926, 0x9925, 0x94C2, 0x94A1, 0x9925, 0x9CE3, 0x98A2, 0x9928, 0x94C8, 0x9484, 0xA146, 0x9927, 0x9507, 0x94C5,
  0x9505, 0x9947, 0x9946, 0x94C6, 0x98C9, 0x98C3, 0x98A1, 0x98E9, 0x98EA, 0x94CA, 0x9D0E, 0x94A4, 0x98A1, 0x9D89, 0x9DCB, 0x9D89,
  0x9925, 0x98E5, 0x9D0B, 0x98EA, 0x94AD, 0x90AF, 0x9D57, 0x9088, 0x98C2, 0x9D24, 0x98A2, 0x98C2, 0x9061, 0x958E, 0x9A72, 0x95C9,
  0x9E2F, 0x9549, 0x8C61, 0x98A2, 0x98A3, 0x9485, 0x9466, 0x9CEC, 0x94A7, 0x98C5, 0x98E4, 0x94A2, 0x98C2, 0x94C2, 0x94A2, 0x9061,
  0x94A2, 0x98C2, 0x94A2, 0x94C7, 0xA1B1, 0x94C7, 0x8800, 0x9D90, 0xA1D3, 0x8402, 0xA1B2, 0x9DD4, 0x8CA7, 0xA1D3, 0xAA9D, 0xA659,
  0x950B, 0x8C43, 0x8801, 0x94EB, 0xA239, 0xA238, 0x8CC9, 0x950D, 0xAA59, 0x8CA7, 0xA1D3, 0xA636, 0x8CA8, 0x9DB2, 0x9DF4, 0x996F,
  0x9DD4, 0xAA9D, 0xA65A, 0x954E, 0x9DD4, 0xA67C, 0x9DD4, 0x954E, 0xAA9C, 0x9DF5, 0x956F, 0xA65A, 0xAA9D, 0x9991, 0xA217, 0xAA9C,
  0x9CEC, 0x98C8, 0x9CC8, 0xA0E8, 0xA0E8, 0xA0E8, 0xA0C7, 0x9D0E, 0xA178, 0x9D5B, 0x9D5C, 0x995C, 0x9D5C, 0x995C, 0x995C, 0x995C,
  0x9D5C, 0x995C, 0x995C, 0x9D5C, 0x9D5C, 0x9D7C, 0x99FE, 0x99FE, 0x99DD, 0x99DD, 0x99DD, 0x99DD, 0x99DD, 0x99BD, 0x99DD, 0x99DD,
  0x99BD, 0x9A1E, 0x9A5F, 0x9A3F, 0x9A5F, 0x9A5F, 0x9A5F, 0x9A5F, 0x9A5F, 0x965F, 0x965F, 0x965F, 0x965F, 0x965F, 0x965F, 0x965F,
  0x965F, 0x965F, 0x965F, 0x965F, 0x965F, 0x965F, 0x963F, 0x961E, 0x9A1E, 0x9A1E, 0x99DD, 0x99DD, 0x99DD, 0x99DD, 0x99DD, 0x9DDD,
  0x99DD, 0x99DD, 0x99DD, 0x99DD, 0x99DD, 0x997C, 0x995C, 0x9D5B, 0x9D53, 0xA12B, 0xA107, 0xA12B, 0xA127, 0xA125, 0xA12A, 0x9D51,
  0x9D5B, 0x995B, 0x9D7A, 0x9D7A, 0x9D7A, 0x9D7A, 0xA173, 0x9CE6, 0x9CE6, 0xA131, 0xA173, 0x9D28, 0x9D4A, 0x98E4, 0xA10A, 0x9CE8,
  0x9CC3, 0xA103, 0xA0E3, 0x9CE3, 0xA188, 0xA188, 0x98E3, 0x9D04, 0x9D25, 0x9D25, 0x9CE3, 0x9CE2, 0x9CE2, 0x9CE3, 0x9CE3, 0x98A3,
  0x9D0C, 0x9D2E, 0x98A6, 0x9CC4, 0xA125, 0x9D24, 0x9CE3, 0x9D04, 0xA125, 0xA124, 0x98C5, 0x9D0C, 0x98C9, 0x98A4, 0x9CE2, 0x9D25,
  0x9D68, 0x9904, 0x9CE2, 0xA544, 0xADA6, 0xA965, 0xA523, 0xA544, 0xA564, 0xA102, 0xA123, 0xAD85, 0xA523, 0x94A4, 0x9D0D, 0x94AA,
  0x9063, 0x98E3, 0x9903, 0x98C2, 0x98C2, 0x9904, 0x94A2, 0x9CC3, 0x94C4, 0xA1ED, 0x9549, 0x94C4, 0x94E5, 0x958B, 0x99CE, 0x9969,
  0x90A3, 0x98E4, 0x9925, 0x9904, 0x8CA3, 0x9D47, 0x9481, 0x9D0E, 0x98F0, 0x98EC, 0x98EC, 0x9482, 0x9D46, 0x9DCB, 0x9926, 0x94A2,
  0x98A3, 0x94A3, 0x9D0C, 0x98C7, 0x94A7, 0x98F2, 0x991A, 0x94D1, 0x90A2, 0x9D65, 0x9903, 0x98C2, 0x90A4, 0x9E53, 0x960C, 0x9DEC,
  0x9548, 0x8C61, 0x98A2, 0x94C3, 0x9D47, 0x9D26, 0x98C3, 0x94A7, 0x98CB, 0x98EB, 0x8C63, 0x98C3, 0x9946, 0x99A9, 0x9967, 0x98C2,
  0x9061, 0x94A3, 0x9928, 0x94C6, 0x94A4, 0x9041, 0x9065, 0xAA16, 0x94C9, 0x8C22, 0xA1B3, 0x9D6F, 0x8822, 0x9DB3, 0xAA7B, 0x992D,
  0x8843, 0x8C23, 0x8801, 0x90EB, 0xA659, 0x994E, 0x8401, 0xA1D5, 0x9D92, 0x90EA, 0xA616, 0x90C8, 0x8C44, 0xAA38, 0x954E, 0x90EA,
  0xA659, 0xA69D, 0x99B3, 0x8887, 0xA639, 0x9E38, 0x952C, 0x952D, 0xAA9C, 0x9590, 0x9DB3, 0xAA9D, 0xA238, 0x956F, 0xA659, 0xAA7B,
  0x9CC9, 0xA0E8, 0xA0C8, 0xA0C8, 0x9CC9, 0xA0E8, 0x9CC8, 0x9D33, 0x9D7D, 0x9D5C, 0x9D5C, 0x9D5C, 0x9D5C, 0x9D5C, 0x9D5C, 0x9D5C,
  0x9D5C, 0x9D5C, 0x9D5C, 0x9D5C, 0x9D5C, 0x9D5C, 0x995C, 0x995C, 0x9D5C, 0x9D5C, 0x9D5C, 0x9D5C, 0x9D5C, 0x9D5C, 0x9D3C, 0x9D3C,
  0x9D3C, 0x995C, 0x997C, 0x997C, 0x99DD, 0x9A1E, 0x9A1E, 0x9A1E, 0x9A1E, 0x9A1E, 0x9A1E, 0x9A1E, 0x9A1E, 0x9A1E, 0x9A1E, 0x9A1E,
  0x9A1E, 0x9A1E, 0x9A1E, 0x9A1E, 0x9A1E, 0x9A1E, 0x99FE, 0x9A1E, 0x99BD, 0x995C, 0x993C, 0x9D5C, 0x9D5C, 0x9D5C, 0x9D5C, 0x9D5C,
  0x9D5C, 0x9D5C, 0x9D5C, 0x9D3C, 0x993B, 0x9D5C, 0x9D5C, 0x9D5C, 0x9D5D, 0xA17B, 0xA571, 0x98C3, 0xA0E4, 0x9CE3, 0x9D0A, 0xA155,
  0x9D5B, 0x9D7B, 0x9D4D, 0x9D48, 0x9DAE, 0x9DF0, 0x9D68, 0xA188, 0xA167, 0x9D26, 0x9D06, 0x9CE3, 0x9D04, 0x9D25, 0x9CC4, 0x9CC4,
  0x9D26, 0xA125, 0x9D03, 0x9D45, 0x9924, 0x9D25, 0x9D03, 0x9CE3, 0x9CE2, 0x9CE2, 0x9CE3, 0x9CE3, 0x9CE3, 0x9CE3, 0x9CE3, 0x9CE3,
  0x9D2D, 0x9D0C, 0x98C7, 0x98A3, 0x9CE2, 0x9CE2, 0x9CE3, 0x9CE3, 0x9CE2, 0xA124, 0x98C5, 0x98C8, 0x98A8, 0x9485, 0x98A3, 0xA1AA,
  0x9D67, 0x9CE2, 0xA523, 0xAD86, 0xA544, 0xA123, 0xA965, 0xA985, 0x9CE2, 0xA544, 0xA965, 0x9D02, 0xA964, 0x98C2, 0x94C8, 0x98CA,
  0x9065, 0x98A3, 0x9CE2, 0x98A1, 0x9D25, 0x9D88, 0x94C5, 0x9D2A, 0x94C7, 0x9527, 0x9DAA, 0x9506, 0x99AB, 0x9E0D, 0x99CB, 0x9DCA,
  0x9DAB, 0x9082, 0x98C2, 0x9925, 0x99CB, 0x99AA, 0x9D67, 0x90C5, 0x8C65, 0x94AA, 0x9CEC, 0x94A3, 0x9D25, 0x90C3, 0x9482, 0x94A3,
  0x94A3, 0x98E5, 0x9D0C, 0x98E8, 0x94A6, 0x90AD, 0x98F7, 0x94AF, 0x90A4, 0x9D45, 0x9D24, 0x98A1, 0x90A5, 0x9E31, 0x9989, 0x90A3,
  0x9482, 0x9CE3, 0x94A2, 0x90A4, 0x9083, 0x94C3, 0x9D03, 0x9084, 0x98EB, 0x98EA, 0x98A9, 0x9043, 0x90C4, 0x9589, 0x9989, 0x9D88,
  0x90A2, 0x9083, 0x94C5, 0x98C3, 0x9D03, 0x9082, 0x992D, 0xA191, 0x8C22, 0x8822, 0xA1B2, 0x8C65, 0x8844, 0xA217, 0xA1B3, 0x8801,
  0x8C43, 0x9044, 0x8C41, 0x994C, 0xA1B1, 0x8822, 0x8C44, 0xA1B3, 0x8C86, 0xA1B1, 0x996F, 0x9082, 0x90A6, 0xA1D5, 0x8C45, 0x9087,
  0xAA9C, 0xA25A, 0x950B, 0x8401, 0x9DD4, 0x9DD4, 0x90C9, 0xA617, 0xA216, 0x910B, 0x9DD3, 0xAA9D, 0x9970, 0x90C9, 0xAA59, 0xA1F5,
  0xA0C8, 0xA0C7, 0xA0E7, 0xA0C8, 0xA0C8, 0xA0C7, 0x9CEB, 0xA17A, 0x9D5C, 0x9D5C, 0x9D5C, 0x9D5C, 0x9D5C, 0x9D5C, 0x9D5C, 0x9D5C,
  0x9D5C, 0x9D5C, 0x9D5C, 0x9D5C, 0x9D5C, 0x9D5C, 0x9D5C, 0x9D5C, 0x9D5C, 0x9D5C, 0x9D5C, 0x9D5C, 0x9D5C, 0x9D5C, 0x9D5C, 0x9D5C,
  0x9D5C, 0x9D5C, 0x9D3C, 0x9D5C, 0x9D5C, 0x9D5B, 0x995B, 0x995B, 0x995C, 0x995C, 0x9D5C, 0x9D5C, 0x995C, 0x995C, 0x9D5C, 0x9D5C,
  0x9D5C, 0x995C, 0x995C, 0x995B, 0x9D5C, 0x9D5C, 0x9D5C, 0x995C, 0x9D5C, 0x9D5C, 0x9D5C, 0x9D5C, 0x9D5C, 0x9D5C, 0x9D5C, 0x9D5C,
  0x9D5C, 0x9D5C, 0x9D5C, 0x9D5C, 0x9D5C, 0x9D5C, 0x9D5C, 0x9D5B, 0x9D5C, 0x9D52, 0x9D27, 0xA14F, 0x9D29, 0xA56D, 0x9D51, 0xA17D,
  0x9D76, 0x9D6F, 0x9D66, 0xA169, 0xA1F1, 0xA1AC, 0x9903, 0x9D04, 0x9D04, 0x9CE3, 0x9CE3, 0x9D04, 0x9D24, 0x9D66, 0x9D68, 0x9904,
  0x9D89, 0x9D68, 0x9D89, 0x9DEC, 0x9D67, 0x9CE3, 0x9CE3, 0x9CE3, 0x9CE3, 0x9CE2, 0x9CE2, 0x98C2, 0x98C2, 0x98C2, 0x9CE2, 0x98C3,
  0x9D0C, 0x9CEB, 0x98C7, 0x98A3, 0x9CE2, 0x98E2, 0x9CE3, 0x9CE3, 0x9D46, 0x9CE3, 0x94A5, 0x9D4A, 0x9927, 0x90A4, 0x9906, 0x9D26,
  0x9CE3, 0xA0E2, 0x9CE2, 0x9CE2, 0xADA6, 0xADC6, 0xA564, 0x98C1, 0xA544, 0xA544, 0x98E3, 0x98C2, 0x9CE2, 0x98C3, 0x98A5, 0x98CA,
  0x94A9, 0x9484, 0x9CE2, 0x9505, 0x90C3, 0x94E4, 0x90A3, 0x994B, 0x9D8D, 0x90A4, 0x94C4, 0x94E4, 0x9DA9, 0x9903, 0x98C1, 0x94E3,
  0x9DCB, 0x9547, 0x9482, 0x998A, 0x9DED, 0x9505, 0x94E4, 0x9904, 0x98E3, 0x9486, 0x94C9, 0x94A6, 0x98CA, 0x98CD, 0xA10E, 0x98C4,
  0x98E3, 0x9905, 0x98E8, 0x98E6, 0x9D28, 0x94CA, 0x9089, 0x94AC, 0x98CE, 0x94C2, 0xA165, 0x98C2, 0x94A3, 0x9507, 0x9082, 0x94A2,
  0x98C2, 0x98A2, 0x94C5, 0x9528, 0x94C3, 0x9904, 0x9061, 0x9085, 0x98ED, 0x94A9, 0x9488, 0x9062, 0x9904, 0x9D88, 0x9082, 0x9989,
  0x99AA, 0x8C42, 0x98A3, 0x9D24, 0x98C2, 0x9084, 0xA5F5, 0x8C65, 0x9042, 0x8C64, 0x98EB, 0x8801, 0x952C, 0xAA9B, 0x94E9, 0x8801,
  0x9487, 0x9065, 0x94A3, 0x94E7, 0x9086, 0x9043, 0x9065, 0x94A8, 0x8C64, 0x994E, 0x8C85, 0x98E3, 0x90C6, 0x9D70, 0x8802, 0x9086,
  0xA659, 0x9DB3, 0x8822, 0x8843, 0xA1F5, 0x950C, 0x8823, 0xA638, 0x994E, 0x8C66, 0x9DB4, 0xAA9D, 0x994F, 0x8423, 0xA5F6, 0x90EA,
  0xA0C8, 0xA0C8, 0xA0C8, 0xA0C8, 0xA0C8, 0x9CC7, 0x98EE, 0x9D5D, 0x995D, 0x995D, 0x9D5D, 0x9D5D, 0x995D, 0x9D5D, 0x9D5D, 0x9D5D,
  0x9D5D, 0x9D5D, 0x995E, 0x9D5D, 0x995D, 0x9D5D, 0x9D5D, 0x9D5D, 0x9D5D, 0x9D5D, 0x995D, 0x9D5D, 0x995D, 0x995D, 0x995D, 0x995D,
  0x995D, 0x995D, 0x995D, 0x995D, 0x995D, 0x995D, 0x995D, 0x995D, 0x995D, 0x995D, 0x995D, 0x995D, 0x995D, 0x995D, 0x995D, 0x995D,
  0x995D, 0x9D5D, 0x9D5D, 0x995D, 0x9D5D, 0x995D, 0x995D, 0x995D, 0x995D, 0x995D, 0x995D, 0x995D, 0x995D, 0x995D, 0x995D, 0x995D,
  0x995D, 0x995D, 0x995D, 0x993D, 0x993D, 0x993D, 0x993D, 0x993D, 0x993D, 0x9D59, 0x9D55, 0xA19C, 0x9D2D, 0xA14C, 0xA591, 0x9D4F,
  0x9D8A, 0x9966, 0x9D04, 0x9D06, 0x9D4C, 0x9D27, 0x98E3, 0x98E3, 0x98E3, 0x9CE3, 0x9CE3, 0x9CE3, 0x9CE3, 0x9D46, 0x9DAA, 0x9968,
  0x9D46, 0x9905, 0x9DAA, 0x9988, 0x9D25, 0x9CE3, 0xA0E3, 0x9CE2, 0x9CE3, 0x9904, 0x98C3, 0x9D89, 0x9DCC, 0x9906, 0x9CE2, 0x98C3,
  0x9D0C, 0x98EB, 0x98C8, 0x9482, 0xA1CC, 0xA20F, 0x98C2, 0x9D68, 0xA651, 0x94E4, 0x94E6, 0x9D69, 0x9968, 0x9947, 0x9D89, 0x98C2,
  0x9CE3, 0x9904, 0x9946, 0xA565, 0xA564, 0xA985, 0xADA6, 0xA565, 0xAD86, 0x98C1, 0x98EA, 0xA14E, 0x9083, 0xA150, 0x9485, 0x9D0B,
  0x9D0D, 0x9485, 0x94A2, 0xA1EC, 0x9DAB, 0x94E4, 0x98C3, 0x94C3, 0x90A6, 0x94E6, 0x9967, 0x9926, 0x98E3, 0x94A3, 0x90A4, 0x94A2,
  0x9904, 0xA20C, 0x9568, 0x9DED, 0x9989, 0x94E4, 0x9D46, 0x9503, 0x9D04, 0x94A5, 0x9927, 0x9D68, 0x98E9, 0x8C47, 0x9068, 0x94A4,
  0x94A2, 0x9041, 0x9482, 0x98E3, 0x9D24, 0x94A1, 0x98CE, 0x94F4, 0x908E, 0x94A5, 0xA145, 0x98E3, 0x98A2, 0x94A1, 0x9CC2, 0x9CE2,
  0x98C2, 0x9061, 0x90C5, 0x9DCA, 0x9966, 0x9924, 0x94A2, 0x9062, 0x94C9, 0x990C, 0x9065, 0x9062, 0x9D03, 0x98E3, 0x98C3, 0x9967,
  0x9DEC, 0x8C63, 0x98C3, 0x9D03, 0x98A2, 0x9084, 0x994D, 0x8821, 0x94A3, 0x90A6, 0x90A6, 0x8800, 0x990C, 0x992D, 0x8822, 0x9486,
  0x98CA, 0x9065, 0x94C4, 0x94C3, 0x9082, 0x98E9, 0x9066, 0x9062, 0x9906, 0x90A4, 0x9083, 0x9905, 0x8C83, 0x9087, 0x9066, 0x8864,
  0xA5F5, 0x90A8, 0x8800, 0x8C44, 0xA1B2, 0x8822, 0x992D, 0xA1D4, 0x8844, 0x8C44, 0x9D92, 0xAA7B, 0x952D, 0x8823, 0xA5D4, 0x8CA7,
  0xA0C8, 0xA0C8, 0xA0C8, 0xA0C8, 0xA0C8, 0x9CC8, 0xA94E, 0xB1B2, 0xAD92, 0xB192, 0xB191, 0xB191, 0xB191, 0xAD91, 0xB190, 0xAD90,
  0xB190, 0xAD90, 0xAD90, 0xAD90, 0xAD90, 0xAD91, 0xAD91, 0xB191, 0xB1B1, 0xADB1, 0xADB1, 0xADB1, 0xADB1, 0xADB1, 0xADB2, 0xADB2,
  0xADB2, 0xADB2, 0xB1B2, 0xADB2, 0xB1B2, 0xADD2, 0xB1B2, 0xB1B2, 0xB1D1, 0xB1D1, 0xB1D2, 0xB1D2, 0xB1D2, 0xB1D2, 0xB1D2, 0xB1D2,
  0xB1D2, 0xB1D2, 0xB1D2, 0xB1D2, 0xB1D2, 0xADD2, 0xADD2, 0xADD2, 0xADD2, 0xADD2, 0xADD2, 0xADD2, 0xB1D2, 0xB1D2, 0xB1D2, 0xB1D2,
  0xB1D3, 0xB1D3, 0xB1D3, 0xB1D3, 0xB1D3, 0xB1D3, 0xB1D2, 0xB1D1, 0xB1D2, 0xB1D3, 0xADF3, 0xA5B7, 0x9D2C, 0x9D26, 0x9D8A, 0x9945,
  0x9966, 0x9D67, 0x9D25, 0x9CE3, 0x9CE2, 0x9CE2, 0x9D04, 0x9926, 0x9966, 0x9D46, 0x9904, 0x9CE3, 0x9CE3, 0x9CE4, 0x9D46, 0x9947,
  0x9926, 0x9D46, 0x9946, 0x9946, 0x9D25, 0x9CE3, 0x9CE3, 0x9D05, 0x98E3, 0xA1ED, 0x9948, 0x9969, 0x99AA, 0x9D2B, 0x98C7, 0x98C3,
  0x9CEA, 0x98EB, 0x98A7, 0x9882, 0x9D8A, 0xA272, 0x9D89, 0x9925, 0x9E2F, 0x99AC, 0xA20F, 0x9904, 0x9947, 0x9946, 0x94C2, 0x9CC2,
  0x9903, 0x9D67, 0x9946, 0x9D03, 0x9CE2, 0xA964, 0xAD85, 0x9D02, 0x9CE2, 0x98C1, 0x98E7, 0x9D50, 0x9D30, 0x94EB, 0x94E5, 0x90C5,
  0x94C8, 0x9063, 0x9546, 0xA22F, 0x9504, 0x9D25, 0x9908, 0x8C84, 0x94A9, 0x9909, 0x9967, 0x9D47, 0x94A4, 0x958C, 0x9E94, 0x9DEC,
  0x9946, 0x9546, 0x9E0D, 0x9927, 0x90E5, 0x9DEC, 0x9DEC, 0x9DEC, 0x9925, 0x94E3, 0x9D46, 0x98E3, 0x94A4, 0x9487, 0x9085, 0x9041,
  0x9084, 0x9507, 0x94A2, 0x98E2, 0x9D44, 0x98C2, 0x98CF, 0x9D3A, 0x94D4, 0x9089, 0x9D03, 0x9D04, 0x98C2, 0x9CE2, 0x9CE2, 0x9CC2,
  0x98A1, 0x9082, 0x9547, 0x9525, 0x9947, 0x94C2, 0x9461, 0x9486, 0x990D, 0x94C9, 0x94A8, 0x94A4, 0x9D04, 0x9D04, 0x9D25, 0x9924,
  0x9988, 0x90A4, 0x9D04, 0x98A1, 0x9CE3, 0x9483, 0x8C63, 0x94A3, 0x94C3, 0x8C43, 0x94C5, 0x8C61, 0x990B, 0x94E8, 0x8C42, 0x94A9,
  0x98CA, 0x94A8, 0x9063, 0x98E3, 0x9904, 0x9D4D, 0x9086, 0x98C4, 0x9945, 0x9904, 0x9062, 0x9904, 0x90A3, 0x8C45, 0x9487, 0x9086,
  0x9D6E, 0x8822, 0x8C22, 0x8C44, 0x990B, 0x8822, 0xA191, 0x950C, 0x8C22, 0x8801, 0x994F, 0xA1D4, 0x8823, 0x8823, 0xA616, 0x992D,
  0x9CC9, 0x9CC8, 0x9CC8, 0x9CA8, 0xA0C8, 0xAD25, 0xBDA2, 0xC9E0, 0xC9E0, 0xC9E0, 0xCA21, 0xCA22, 0xCA02, 0xCA01, 0xC206, 0xBA4E,
  0xBA4E, 0xBA4E, 0xBA4E, 0xBA4F, 0xBE4A, 0xC644, 0xC645, 0xCA45, 0xC669, 0xBEB4, 0xBAB5, 0xBAB4, 0xBAB5, 0xBAB5, 0xBAB4, 0xBAB3,
  0xBAB3, 0xBAB2, 0xBAB2, 0xBAB2, 0xBAB2, 0xBAB2, 0xBAB3, 0xBAB3, 0xBAB3, 0xBEB3, 0xBEB3, 0xBAB3, 0xBAB3, 0xBAB3, 0xBEB3, 0xBEB3,
  0xBEB3, 0xBEB3, 0xBED3, 0xBED3, 0xBED1, 0xBED1, 0xC2D1, 0xC2D1, 0xC2D1, 0xC2D1, 0xC2D1, 0xC2D0, 0xC6CF, 0xC6CE, 0xCACC, 0xD2C6,
  0xD2C6, 0xD2A4, 0xD2A4, 0xD2A4, 0xD2A4, 0xCEA3, 0xCEA6, 0xCEC9, 0xCAA9, 0xBEAF, 0xB270, 0xA1CB, 0x9D48, 0x9D25, 0x9D25, 0x9D04,
  0x9D66, 0x9D87, 0x9D66, 0x9CE3, 0x9CE3, 0x9CE3, 0x98E3, 0x9D46, 0x9D67, 0x9967, 0x9D67, 0x9D04, 0x9CC2, 0x9CE3, 0x9CE3, 0x9D25,
  0x9D46, 0x9D67, 0x9946, 0x9946, 0x9946, 0x9D26, 0x98E3, 0xA1AC, 0xA210, 0x998A, 0x99CC, 0x99CC, 0x9989, 0x98E7, 0x98C8, 0x98A6,
  0x98C7, 0x98EB, 0x94C7, 0x98E4, 0x94C2, 0x9969, 0x9DED, 0x9969, 0x9E0E, 0x9E0E, 0x9947, 0x9CE3, 0x9D46, 0x9904, 0x9925, 0x98E3,
  0x9CE2, 0x98E2, 0x9CE2, 0x9CE2, 0x9CE2, 0xA523, 0xA523, 0x98E9, 0x9D2A, 0x9CE3, 0x98E4, 0x990E, 0x9932, 0x9569, 0x9E0C, 0x99CB,
  0x958A, 0x958A, 0x9E0D, 0x9527, 0x9D03, 0x98E4, 0x9D8F, 0x9D4E, 0x98EC, 0x94C7, 0x9D25, 0x8C62, 0x9129, 0x9E73, 0x99EC, 0x99C9,
  0xA1EB, 0x9966, 0x9D67, 0x9904, 0x9D67, 0x9546, 0x9906, 0x9527, 0x9D89, 0x9903, 0x98C2, 0x98E4, 0x94E6, 0x94AB, 0x98EC, 0x9062,
  0x8C63, 0x9DCD, 0x9DAB, 0x94C2, 0x9903, 0x9903, 0x94C5, 0x9912, 0x9D17, 0x94C9, 0x9903, 0xA144, 0x98C2, 0x9CE3, 0x98C2, 0x94E4,
  0x9D87, 0x8CA3, 0x99A9, 0x94C2, 0x9482, 0x98C3, 0x98E4, 0x9087, 0x9D50, 0x990D, 0x94A8, 0x98E8, 0x9D04, 0x9D03, 0x9D24, 0x9924,
  0x9988, 0x90A4, 0x9D04, 0x98A2, 0x98E4, 0x94A3, 0x98E4, 0x98E4, 0x98E3, 0x9482, 0x94A2, 0x9081, 0x94E9, 0x9929, 0x9082, 0x98EC,
  0x98EB, 0x94A8, 0x9043, 0x94E4, 0x9926, 0x94C7, 0x8C64, 0x98E3, 0x9925, 0x9904, 0x90A3, 0x9504, 0x94C4, 0x9065, 0x94A8, 0x8C43,
  0x8C43, 0x8C22, 0x8C22, 0x8C23, 0x9065, 0x8C23, 0x990C, 0x8C45, 0x8C43, 0x8801, 0x9D4E, 0x992D, 0x8801, 0x8822, 0xA1D4, 0x992D,
  0xA926, 0xA926, 0xAD46, 0xAD46, 0xB165, 0xCE43, 0xCE61, 0xD6A3, 0xD6A3, 0xD262, 0xD2C6, 0xD2CA, 0xCEA9, 0xCEA8, 0xC2AE, 0xB6B6,
  0xB6B6, 0xB6B6, 0xB6B6, 0xB6B7, 0xBAB3, 0xC2AF, 0xC6D0, 0xC2B0, 0xC2D1, 0xBAF7, 0xB6D7, 0xBAD7, 0xB6D7, 0xB6D8, 0xB2DB, 0xAADE,
  0xAADF, 0xAADF, 0xAADF, 0xA6DF, 0xA6DF, 0xAADF, 0xAADF, 0xAADF, 0xAADF, 0xAADF, 0xA6DF, 0xA6DF, 0xA6DF, 0xA6DF, 0xA6DF, 0xA6DF,
  0xA6DF, 0xAADF, 0xAAFF, 0xAAFF, 0xB6D4, 0xBAD3, 0xBED3, 0xBED3, 0xBEF3, 0xC2F1, 0xCAEC, 0xCAEB, 0xCEEB, 0xCEEA, 0xCEE8, 0xD2E6,
  0xD2E5, 0xD2C4, 0xCAC9, 0xCACD, 0xCAED, 0xCEED, 0xC6CF, 0xBED4, 0xAE31, 0x9D8C, 0x9D8B, 0x9D66, 0x9D24, 0x9D04, 0x9CE3, 0x9CE3,
  0x9D04, 0x9D66, 0x9D04, 0x9CE3, 0x9CE3, 0x9CE3, 0x9CE3, 0x9CE3, 0x9CE3, 0x9D25, 0x9D46, 0x9CE3, 0x9CC2, 0x9CE3, 0x9D04, 0x9CE3,
  0x9CE3, 0x9D25, 0x9D25, 0x9D25, 0x9946, 0x9946, 0x9D45, 0x9948, 0x9DCD, 0x9989, 0x99CC, 0x99CC, 0x9989, 0x9904, 0x98C6, 0x98C6,
  0x98A3, 0x9928, 0x9DF0, 0x9DEF, 0x9DCD, 0x9989, 0x95AA, 0x95AB, 0x95AA, 0x9DCB, 0x9904, 0x9D04, 0x9D67, 0x9D67, 0x9D46, 0x9D25,
  0x9CE2, 0x9CE2, 0x98C2, 0x98E2, 0x98C2, 0x9CE2, 0x94C3, 0x9D30, 0xA5B7, 0x94C4, 0x9D4C, 0x9DB5, 0x9E14, 0x99AB, 0x9526, 0x9E0D,
  0x9A0E, 0x99CB, 0x99AA, 0x9947, 0x9907, 0x98C7, 0x9085, 0x98EC, 0xA12E, 0x8C62, 0x9927, 0x90E6, 0x9A31, 0x99EE, 0x9926, 0x9D45,
  0x9924, 0x9D46, 0x9D24, 0x9924, 0x9D87, 0x9D66, 0x94C3, 0x9062, 0x9905, 0x9903, 0x9D24, 0x9D67, 0x90A3, 0x94C7, 0x9506, 0x9D24,
  0x9061, 0x8841, 0x99AC, 0x99A9, 0x94C3, 0x98C2, 0xA166, 0x90A3, 0x90AA, 0xA18F, 0x94C3, 0x9D24, 0x98A2, 0x9881, 0x90A2, 0x9E0D,
  0x99CB, 0x9083, 0x90A3, 0x9904, 0x98C3, 0x98C3, 0x98E4, 0x9084, 0x98EB, 0x990C, 0x94A7, 0x9484, 0x9D04, 0x9CE3, 0x9CE3, 0x9D24,
  0x9D04, 0x9CE3, 0x9D03, 0x98E3, 0x98E4, 0x98E3, 0x98E3, 0x9904, 0x9D04, 0x9CE3, 0x98C3, 0x9D04, 0x94A3, 0x9062, 0x94A3, 0x9D50,
  0x990D, 0x94A7, 0x9063, 0x9905, 0x9926, 0x94C4, 0x9505, 0x9904, 0x9924, 0x9504, 0x94E4, 0x9905, 0x94C4, 0x9065, 0x98CA, 0x9486,
  0x8C22, 0x8C23, 0x8C23, 0x8C23, 0x8C22, 0x8C23, 0x8C43, 0x8C23, 0x8C43, 0x8C22, 0x94C8, 0x9087, 0x8C22, 0x8801, 0x94EB, 0x9D4D,
  0xBDA1, 0xC1C1, 0xCA23, 0xC1E2, 0xC1C3, 0xC603, 0xC1E2, 0xC603, 0xD284, 0xD6A4, 0xD282, 0xCE61, 0xD2A3, 0xD2C3, 0xD2C3, 0xD2C3,
  0xD2C3, 0xD2A3, 0xD2C3, 0xD2C3, 0xCEC5, 0xCAEC, 0xCACD, 0xC6CD, 0xC6CE, 0xC2CD, 0xC2CE, 0xC2AE, 0xC2CE, 0xC2CE, 0xC2F3, 0xBEF7,
  0xC2F3, 0xC2F3, 0xBEF4, 0xBEF4, 0xBEF5, 0xBAD5, 0xB2FC, 0xAF1F, 0xAF1F, 0xAF1F, 0xB33F, 0xAF3F, 0xAAFF, 0xAEDD, 0xAEDD, 0xB2D9,
  0xBAD2, 0xBED2, 0xBED2, 0xBED1, 0xC2D0, 0xC2F0, 0xC6F0, 0xC6F0, 0xC2F1, 0xC6EF, 0xD2E7, 0xD2E6, 0xCEE9, 0xCAEF, 0xC6D0, 0xC6D0,
  0xC6D0, 0xC2D1, 0xBEF9, 0xB276, 0xAE32, 0xB232, 0xA168, 0x90C1, 0x94E2, 0x98C2, 0x98C2, 0x9CE3, 0x9CE3, 0x9CE3, 0x9CE3, 0x9CE3,
  0x9CE3, 0x9CE3, 0x9CE3, 0x9CE3, 0x9CE3, 0x9CE3, 0x9CE3, 0x9CE3, 0x9CE3, 0x98C2, 0x98E3, 0x9D26, 0x9D26, 0x9D25, 0x9D46, 0x9905,
  0x98C4, 0x98C2, 0x98C2, 0x9CE3, 0x9D46, 0x9946, 0x9967, 0x9968, 0x9967, 0x99A9, 0x99CB, 0x99A9, 0x9947, 0x9D46, 0x9D25, 0x9CE3,
  0x9CE3, 0x9926, 0x994A, 0x9DF0, 0x99AB, 0x9947, 0x9968, 0x998A, 0x9968, 0x9926, 0x9925, 0x9D66, 0x9D25, 0x9D24, 0x9CE2, 0x9CE2,
  0x9CE3, 0x9CC2, 0x98E3, 0x9DCC, 0x9969, 0x9526, 0x9D89, 0x94C5, 0x9D4B, 0x9926, 0x98E5, 0x9948, 0x99AA, 0x9947, 0x98C3, 0x9505,
  0x9968, 0x94E3, 0x9D46, 0x9926, 0x9087, 0xA10D, 0x98A8, 0x98A8, 0x98E8, 0x9483, 0x9082, 0x90C4, 0x9DCC, 0x8C83, 0x8820, 0x94A3,
  0x9482, 0x9041, 0x9903, 0xA1CA, 0x9505, 0x9D88, 0x9DCA, 0x90A2, 0x94A1, 0x9D25, 0x9D47, 0x98E3, 0x94A3, 0x9948, 0x9903, 0x94A1,
  0x98C2, 0x9D04, 0x9082, 0x9969, 0x9DCA, 0x90A2, 0x98E3, 0x9D04, 0x992B, 0x998D, 0x94E3, 0x9CE3, 0x9082, 0x9527, 0x9988, 0x9547,
  0x90C4, 0x9945, 0x9D04, 0x98E4, 0x9D25, 0x9CE4, 0x9481, 0x94A8, 0xA193, 0x94EC, 0x98CA, 0x9083, 0x9D24, 0x94A2, 0x9062, 0x8C82,
  0x9082, 0x9082, 0x98C2, 0x9D03, 0x98E3, 0x98E3, 0x9D04, 0x98E3, 0x98E3, 0x8C41, 0x98C2, 0x9D04, 0x9904, 0x9D25, 0x94A3, 0x9D71,
  0x9D2F, 0x94A9, 0x8C64, 0x9905, 0x9925, 0x9505, 0x9989, 0x9525, 0x9926, 0x9504, 0x9504, 0x9924, 0x94E4, 0x9065, 0x98CA, 0x9487,
  0x8C23, 0x8C23, 0x8C23, 0x8C23, 0x8C23, 0x8C23, 0x8C23, 0x8C23, 0x8C23, 0x8C42, 0x8C22, 0x8C23, 0x8C42, 0x8C22, 0x8C44, 0x9086,
  0xCA21, 0xCA21, 0xCA21, 0xC601, 0xB122, 0xB143, 0xBDC1, 0xC5E0, 0xCE20, 0xCE20, 0xCA21, 0xC1E1, 0xC5E1, 0xCE61, 0xD6C1, 0xD6C1,
  0xD6C1, 0xD6C2, 0xD6C2, 0xD6C1, 0xD2C3, 0xCEC8, 0xCEC9, 0xCEC9, 0xCECA, 0xCACA, 0xC6CD, 0xC2CF, 0xC2CF, 0xC2CF, 0xC2D0, 0xC6CF,
  0xCECA, 0xC2F1, 0xBAD9, 0xBAD8, 0xBAF7, 0xBEF6, 0xBAFB, 0xB71D, 0xB71D, 0xB6FB, 0xB275, 0xBA93, 0xC2D0, 0xCAC9, 0xCAC9, 0xCEC8,
  0xD6E5, 0xD6E5, 0xD2E7, 0xCEE8, 0xCEE9, 0xD2EA, 0xCEEA, 0xCEEA, 0xC6CF, 0xBED6, 0xBED6, 0xBED6, 0xBED8, 0xB6BD, 0xB6BE, 0xB6DE,
  0xB29D, 0xB27C, 0xA5D1, 0x9928, 0x98E4, 0x94E3, 0x9D4A, 0xA16C, 0xA16C, 0xA14B, 0xA129, 0x98E5, 0x98C5, 0x98C5, 0x98E5, 0x98E5,
  0x9CE3, 0x9CE2, 0x9CE5, 0x9CE6, 0x9D06, 0x9D06, 0x9D06, 0x9D07, 0x9D2B, 0x9D2B, 0x9D2A, 0x9D4A, 0x9D46, 0x9925, 0x9928, 0xA16F,
  0xA16F, 0xA16F, 0xA16F, 0x9D29, 0x9905, 0x9926, 0x9D25, 0x9967, 0x9968, 0x9968, 0x9947, 0x9D46, 0x9D04, 0x9D03, 0x9CE3, 0x9CC2,
  0x9CE3, 0xA1ED, 0x9989, 0x9967, 0x9967, 0x94E3, 0x9946, 0x9947, 0x94E4, 0x98E4, 0x98C2, 0x98C3, 0x9CC2, 0x98C2, 0x9CE2, 0x9CE2,
  0x9CE2, 0x9CC2, 0x9904, 0x9E50, 0x9E0E, 0x9989, 0x99AA, 0x9946, 0x9945, 0x9D67, 0x98E3, 0x98E3, 0x98A1, 0x9904, 0x98E3, 0x98E4,
  0x9926, 0x9925, 0x9D25, 0x9904, 0x98C8, 0x9064, 0x94A4, 0x94E5, 0x9906, 0x94A3, 0x9482, 0x9482, 0x94A2, 0x90A3, 0x9948, 0x9906,
  0x9082, 0x94C4, 0x9988, 0x9947, 0x8C41, 0x94E3, 0x9DA8, 0x94C3, 0x9D03, 0x9D45, 0x94C4, 0x9482, 0x98E4, 0x9906, 0x98C2, 0x98E3,
  0x9D45, 0xA165, 0x9CE3, 0x8C00, 0x9505, 0x9987, 0x94A1, 0x9481, 0x9928, 0x9DCC, 0x9903, 0x9481, 0x9504, 0x9DEB, 0x90E5, 0x9061,
  0x9D24, 0x9D65, 0x9D04, 0x9CC2, 0x9D04, 0x9D25, 0x9881, 0x94A7, 0x9D71, 0x9D50, 0x94C9, 0x8C42, 0x98C3, 0x90A3, 0x99AE, 0x9E11,
  0x99EF, 0x99CE, 0x90C6, 0x9062, 0x94A1, 0x9D03, 0x9904, 0x98C2, 0x90A5, 0x998B, 0x98C1, 0x9D24, 0x9924, 0x9D45, 0x94A3, 0x9D71,
  0x992F, 0x94C9, 0x8C64, 0x9525, 0x9946, 0x9527, 0x99CC, 0x99AC, 0x9548, 0x9525, 0x9947, 0x9504, 0x98E4, 0x9087, 0x9D0D, 0x9487,
  0x8C23, 0x8C23, 0x8C23, 0x8C23, 0x8C23, 0x8C23, 0x8C23, 0x8C23, 0x8C22, 0x8C22, 0x8C22, 0x8C22, 0x8C22, 0x8C22, 0x8C22, 0x8C22,
  0xCE41, 0xCE61, 0xD2A1, 0xD281, 0xC1E1, 0xB981, 0xC622, 0xCAC9, 0xC28D, 0xCAA8, 0xD2A2, 0xD282, 0xD282, 0xD2A2, 0xD2C1, 0xD2C2,
  0xD6C1, 0xD6C1, 0xD6C1, 0xD6C1, 0xD6C1, 0xCEA4, 0xCEC9, 0xCEC7, 0xCACA, 0xC6CC, 0xBAD5, 0xB6DA, 0xB6DA, 0xB6DA, 0xB6DB, 0xB6DA,
  0xBEF4, 0xBEF6, 0xBAF8, 0xBEF8, 0xC6EF, 0xCEE9, 0xCEEA, 0xCEE9, 0xCEE9, 0xCEE9, 0xCEE8, 0xCEEB, 0xCAED, 0xCAEE, 0xCAEE, 0xCAEE,
  0xCAF1, 0xC6F3, 0xC2D6, 0xBEDB, 0xBADB, 0xBADB, 0xBADB, 0xBABB, 0xB6BC, 0xB6BD, 0xB6BD, 0xB6BD, 0xB6BD, 0xB6BD, 0xB69C, 0xB27B,
  0xA5F7, 0xA1B5, 0xA1B4, 0xA9D4, 0x9D6D, 0xA190, 0xA9F7, 0xA5D6, 0xA5D7, 0xA5D6, 0xA5B5, 0xA193, 0xA193, 0xA193, 0xA193, 0xA594,
  0xA16F, 0x98E7, 0xA190, 0xA9D6, 0xA5D5, 0xA5D5, 0xA5D5, 0xA5B6, 0xA5D6, 0xA9F8, 0xA5B4, 0x992C, 0x992B, 0x9D6F, 0xA5B4, 0xA9F7,
  0xA5D7, 0xA5D7, 0xA5D7, 0xA193, 0x9D4C, 0x98E5, 0x98A1, 0x98E3, 0x9925, 0x9904, 0x9CE3, 0x9CC2, 0x9CE6, 0x9CE6, 0x9D08, 0x9D29,
  0x9D28, 0xA18B, 0x9D48, 0x98E4, 0x9926, 0x9D26, 0x98E3, 0x9D25, 0x98C2, 0x98C3, 0x9CE6, 0xA108, 0xA92A, 0x9CE5, 0x9CC3, 0x9CC2,
  0x9CE4, 0x98C4, 0x98C3, 0x9968, 0x9526, 0x94E4, 0x9946, 0x9905, 0x9D67, 0x9D67, 0x98E3, 0x9CE3, 0x9CE2, 0x9CC2, 0x98C2, 0x98E3,
  0x9904, 0x98E3, 0x9CE3, 0x9D03, 0x94A4, 0x94C4, 0x9D26, 0x9D47, 0x98E5, 0x9462, 0x9042, 0x8C41, 0x9106, 0x9DED, 0x9DCB, 0x90A3,
  0x9948, 0x9DCB, 0x9505, 0x9061, 0x9482, 0x9482, 0x9D04, 0x9482, 0x94A2, 0x9CE3, 0x9062, 0x9483, 0x98A3, 0x94A3, 0x98E3, 0xA166,
  0x9904, 0x94C2, 0x94C4, 0x94E7, 0x8C83, 0x9967, 0x9986, 0x94A2, 0x8C61, 0x9989, 0x94E3, 0x98E3, 0x9D86, 0x9904, 0x8C21, 0x9082,
  0x94C4, 0x9482, 0x9CC2, 0x9CE3, 0x9CE3, 0x9D04, 0x9CC3, 0x9484, 0x98E9, 0x990C, 0x94A8, 0x9065, 0x9062, 0x9D04, 0x90A3, 0x958C,
  0x9E92, 0x960C, 0x9E2E, 0x998B, 0x90C5, 0x98E3, 0x9D04, 0x9082, 0x99AE, 0xA270, 0x90A2, 0x9CE3, 0x9D24, 0xA124, 0x9483, 0x9D71,
  0x9D71, 0x94A9, 0x8C43, 0x9549, 0x99CD, 0x9528, 0x99CE, 0x99EF, 0x99CD, 0x9589, 0x9DEE, 0x9504, 0x98E4, 0x94A8, 0x9D0E, 0x9487,
  0x8C23, 0x8C23, 0x8C23, 0x8C23, 0x8C23, 0x8C23, 0x8C23, 0x8C23, 0x8C22, 0x8C22, 0x8C22, 0x8C22, 0x8C22, 0x8C22, 0x8C42, 0x8C23,
  0xCA00, 0xCE40, 0xD280, 0xD280, 0xD280, 0xD280, 0xCE61, 0xCA88, 0xC26B, 0xCA67, 0xD2A1, 0xD2C1, 0xD2C1, 0xD2C1, 0xD2C1, 0xD2C1,
  0xD2C3, 0xCEC4, 0xCEC4, 0xCEE8, 0xCEE8, 0xCAEA, 0xCAEC, 0xCAEA, 0xCB0D, 0xCB0F, 0xC6F0, 0xC6F0, 0xC6F0, 0xC6CF, 0xC2D0, 0xC2CE,
  0xCAA6, 0xCEC4, 0xCEE5, 0xD709, 0xEB92, 0xEB73, 0xEB75, 0xEF96, 0xDF55, 0xCB36, 0xC6F5, 0xC2F8, 0xBEFC, 0xB6BC, 0xB29C, 0xB29C,
  0xB6BD, 0xBADE, 0xB6BD, 0xB6BD, 0xB6BD, 0xB6BD, 0xB6BD, 0xB6BD, 0xB6BD, 0xB6BD, 0xB6BC, 0xB6BD, 0xB29C, 0xAE7B, 0xB27C, 0xB27C,
  0xB69C, 0xB69C, 0xB69C, 0xB69C, 0xB69C, 0xB29C, 0xB27B, 0xB27B, 0xB27B, 0xB27B, 0xB27B, 0xB27B, 0xB27C, 0xB27B, 0xB27C, 0xB29C,
  0xB25A, 0xAA18, 0xAE3A, 0xA1D7, 0xAA18, 0xAE5B, 0xAE3A, 0xAE5A, 0xAE5B, 0xA5D6, 0xA1B5, 0xAE39, 0xB25A, 0xAE5A, 0xAE5A, 0xAE5A,
  0xA1B6, 0xA1B6, 0xA1B5, 0xA1D6, 0x9D70, 0x9D2C, 0x9D4D, 0x9D2C, 0x9D2C, 0xA14D, 0xA14D, 0xA14E, 0xA593, 0xA592, 0x9D2C, 0x9D0B,
  0xA12B, 0xA10B, 0xA10A, 0xA0E9, 0x9CE7, 0x98C3, 0x98C5, 0x98C5, 0x98A2, 0xA108, 0xB5D0, 0xB5D0, 0xB5D0, 0xAD6C, 0xA106, 0x9D07,
  0xA14F, 0x9D4E, 0x9D2D, 0x992C, 0x990C, 0x9D0B, 0x98A2, 0x98A1, 0x98E2, 0x98E3, 0x98C3, 0x98C3, 0x98C3, 0x98C3, 0x98C3, 0x98C2,
  0x98C2, 0x9CE2, 0x9CE2, 0x9CE3, 0x9CE5, 0x98A4, 0x9462, 0x9462, 0x9483, 0x94A3, 0x94C5, 0x998A, 0x9E0E, 0x9DAB, 0x90A4, 0x90C5,
  0x9DEC, 0x9507, 0x9062, 0x94A2, 0x9D04, 0x9482, 0x8C41, 0x9042, 0x9042, 0x9062, 0x9062, 0x9043, 0x9063, 0x9462, 0x9482, 0x9462,
  0x94E6, 0x9DAE, 0x998B, 0x9DCB, 0x9968, 0x8C82, 0x9967, 0x9966, 0x9082, 0x956A, 0x9525, 0x9903, 0x9D24, 0x9062, 0x98E4, 0x9987,
  0x99CB, 0x99AB, 0x9526, 0x98A2, 0x9D04, 0x9D45, 0x94C3, 0x94C9, 0x9D4F, 0x98EB, 0x9085, 0x9065, 0x9482, 0x9D03, 0x9CC2, 0x8C40,
  0x99AE, 0x9E71, 0x9565, 0x99C9, 0x99EE, 0x9082, 0x9CE2, 0x9083, 0x99EE, 0x9A0A, 0x94E5, 0x98C2, 0x9CE3, 0x9CE2, 0x9041, 0x9D72,
  0xA1B5, 0x94A9, 0x8C43, 0x9549, 0x99CE, 0x9108, 0x99CD, 0x95CF, 0x99CE, 0x95AC, 0x99EF, 0x9968, 0x9926, 0x94A8, 0x9D0E, 0x9487,
  0x8C23, 0x8C23, 0x8C23, 0x8C23, 0x8C23, 0x8C23, 0x8C23, 0x8C22, 0x8C22, 0x8C22, 0x8C22, 0x8C22, 0x8C22, 0x8C22, 0x8C22, 0x8C22,
  0xD6C1, 0xD6C1, 0xD2C1, 0xD2C1, 0xD2A1, 0xD2A1, 0xD2A1, 0xD280, 0xD280, 0xCE60, 0xD2A0, 0xD2C1, 0xD2C1, 0xD2C2, 0xD2C2, 0xD2C3,
  0xC6D0, 0xC2D4, 0xC2F3, 0xC2F5, 0xC2F5, 0xC2F4, 0xBEF5, 0xC2F4, 0xD706, 0xDB02, 0xDAE2, 0xDAE2, 0xDAE2, 0xDAE3, 0xE74D, 0xF3B4,
  0xE76F, 0xE76E, 0xE770, 0xE770, 0xD2F0, 0xB636, 0xB218, 0xB218, 0xAE19, 0xAA1A, 0xAA1A, 0xAE3A, 0xAE3A, 0xAA3A, 0xAA19, 0xAA19,
  0xAE3A, 0xAE5A, 0xAE5A, 0xAE5A, 0xAE5A, 0xAE5A, 0xAE5A, 0xAE5A, 0xAE5A, 0xAE5A, 0xB27B, 0xB27B, 0xB29C, 0xB27C, 0xB6BD, 0xB6BD,
  0xB6BD, 0xB6BD, 0xBABD, 0xB6BC, 0xB6BC, 0xB6BC, 0xB6BD, 0xB69C, 0xB69C, 0xB69D, 0xB69C, 0xB69C, 0xB29C, 0xB69C, 0xB69C, 0xB6BD,
  0xB69C, 0xB27C, 0xB69D, 0xB27B, 0xB29C, 0xB2BD, 0xB29D, 0xB69D, 0xB6BD, 0xAE7A, 0xB25A, 0xB69C, 0xB69C, 0xB69C, 0xB6BC, 0xB29C,
  0xB27B, 0xAE7B, 0xAE7B, 0xAE5B, 0xB27C, 0xB27C, 0xB29C, 0xAE5B, 0xAA18, 0xAA19, 0xAA19, 0xA5F8, 0xA1D6, 0xA5D6, 0xA1B4, 0x9D4F,
  0x990B, 0x9D0C, 0x98E8, 0x98E7, 0x9D08, 0x9D0A, 0xA12E, 0x9CE9, 0x98A2, 0xA108, 0x9CE7, 0x9CE7, 0x9CE7, 0xA0E7, 0x9CC5, 0x98E8,
  0xA5B5, 0xA1B5, 0xA1B5, 0xA1D6, 0xA5D7, 0xA193, 0x9909, 0xA14A, 0x9D29, 0x990A, 0xA170, 0x9D70, 0xA170, 0xA171, 0xA170, 0xA170,
  0xA171, 0x9D2B, 0x98E4, 0xA14A, 0x9D29, 0x94A2, 0x98C2, 0x98C3, 0x9CE2, 0x9D26, 0xA1ED, 0x9E0D, 0x9DAB, 0x94C3, 0x94A2, 0x94E6,
  0x9949, 0x9062, 0x98C2, 0x9D03, 0x9D03, 0x94A2, 0x94C6, 0x98CA, 0x9D0C, 0x94C8, 0x98E8, 0x98E8, 0x9D28, 0x9D25, 0x9CC3, 0x9083,
  0x9E30, 0x99ED, 0x9989, 0x9946, 0x9945, 0x98E3, 0x90A2, 0x9D66, 0x90C3, 0x9528, 0x9966, 0x9903, 0x9082, 0x94C3, 0x9DA7, 0x9987,
  0x99AA, 0x9E2D, 0x9A0C, 0x9505, 0x98A2, 0x9903, 0x9083, 0x9D0E, 0x990D, 0x98CA, 0x94A8, 0x98A8, 0x9462, 0x98A2, 0x98C2, 0x9881,
  0x8C42, 0x99CE, 0x9DEA, 0x9564, 0x9A0D, 0x99EE, 0x9081, 0x9529, 0x9A2E, 0x99C8, 0x90E5, 0x98A2, 0x98A1, 0x94A3, 0x8C63, 0x9D71,
  0xA194, 0x94A9, 0x8C22, 0x954A, 0x99EE, 0x9107, 0x9A10, 0x9A12, 0x99F0, 0x99EE, 0x99AD, 0x998B, 0x9549, 0x94C9, 0xA170, 0x9087,
  0x8C23, 0x8C23, 0x8C23, 0x8C23, 0x8C23, 0x8C23, 0x8C23, 0x8C22, 0x8C22, 0x8C22, 0x8C22, 0x8C22, 0x8C22, 0x8C22, 0x8C22, 0x8C22,
  0xD6A1, 0xD6E3, 0xD6C3, 0xD6C3, 0xD6E3, 0xD6E3, 0xD6E3, 0xD6E3, 0xD2C4, 0xCAEE, 0xC6F0, 0xC6F0, 0xCF0D, 0xDB26, 0xDB25, 0xDB26,
  0xD707, 0xCF08, 0xCEE8, 0xCEE8, 0xCEE8, 0xCEC8, 0xC6CE, 0xC2CF, 0xC6CB, 0xBED1, 0xBED2, 0xBED2, 0xBED2, 0xCAEC, 0xD309, 0xDF4F,
  0xE772, 0xEB71, 0xEB71, 0xEF96, 0xDB15, 0xCA95, 0xCA96, 0xCA96, 0xCA96, 0xCAB7, 0xC677, 0xA5B5, 0xA1B5, 0xA5B5, 0xA5B5, 0xA1B5,
  0xA1B5, 0xA194, 0xA195, 0xA195, 0xA195, 0xA195, 0xA195, 0xA1B5, 0xA1B6, 0xA5F7, 0xAE3A, 0xAA39, 0xA619, 0xA619, 0xA618, 0xA619,
  0xA619, 0xA619, 0xAA19, 0xAA3A, 0xAA3A, 0xAA3A, 0xAA3A, 0xAA3A, 0xAA3A, 0xAA3A, 0xAA3A, 0xAE5A, 0xAE5A, 0xAE3A, 0xAE3A, 0xAE3A,
  0xAE5A, 0xAE5A, 0xAA3A, 0xAE5B, 0xAE7B, 0xAE5B, 0xAE5B, 0xAE5B, 0xB29C, 0xB6BD, 0xB6BD, 0xB69C, 0xB29C, 0xB29C, 0xB29C, 0xB29C,
  0xB29C, 0xB69D, 0xB29C, 0xB69D, 0xB29C, 0xB27B, 0xB27C, 0xB29C, 0xB29C, 0xB27B, 0xB69C, 0xB69C, 0xA5D7, 0xA5F8, 0xAA19, 0xAA18,
  0xAA18, 0xA5F6, 0xA173, 0xA193, 0xA1B5, 0xA1B5, 0x992F, 0x9D2E, 0x9D2D, 0x9D2D, 0x990C, 0x990C, 0x990C, 0x9D0C, 0x9D2D, 0xA170,
  0xA9F7, 0xA9F8, 0xA9F8, 0xA5F8, 0xA5F8, 0xA9F8, 0xA5F7, 0xA5F7, 0xA5F7, 0xA5F7, 0xA5D7, 0xA5F8, 0xA5F8, 0xA5F8, 0xA5F8, 0xA5F8,
  0xA5F8, 0xA5F8, 0xA5B4, 0x990A, 0x9929, 0x9909, 0x9908, 0x9909, 0x9D09, 0x94A4, 0x9D69, 0x9D48, 0x94A3, 0x9D03, 0xA124, 0x98E3,
  0x94A2, 0x98C2, 0x9D03, 0x98E3, 0x98E3, 0x98E3, 0x9D2A, 0x9D2E, 0x9D4E, 0x9D4F, 0xA16F, 0x9D26, 0x9D24, 0x9D24, 0x90C4, 0x9E30,
  0x9E4F, 0x9527, 0x9526, 0x9968, 0x9DA9, 0x9D45, 0x9D24, 0x9903, 0x9926, 0x9506, 0x9967, 0x9061, 0x94A2, 0x9D66, 0x9986, 0x99CA,
  0x9589, 0x90E5, 0x9D86, 0x9DC8, 0x94E4, 0x98C2, 0x9082, 0x94A9, 0xA150, 0x94A9, 0x9487, 0x9064, 0x94C5, 0x9548, 0x9127, 0x9948,
  0x8C61, 0x8CE7, 0x9E2D, 0x9986, 0x9986, 0xA26F, 0x9947, 0x9128, 0x9A2D, 0x99C8, 0x9506, 0x9040, 0x94C3, 0x99AB, 0x9528, 0x9950,
  0x9D94, 0x9088, 0x8C22, 0x956A, 0x9A10, 0x9128, 0x9E32, 0x95AE, 0x9E32, 0x99EF, 0x99AC, 0x998B, 0x99AB, 0x90C9, 0x9D2F, 0x9487,
  0x8C23, 0x8C23, 0x8C23, 0x8C23, 0x8C23, 0x8C22, 0x8C22, 0x8C22, 0x8C22, 0x8C22, 0x8C22, 0x8C22, 0x8C22, 0x8C22, 0x8C22, 0x8C22,
  0xD280, 0xD260, 0xD260, 0xD260, 0xD260, 0xD260, 0xD260, 0xD260, 0xCE60, 0xC689, 0xC68B, 0xC68A, 0xCA87, 0xD2A2, 0xD2A1, 0xD2A2,
  0xD2A1, 0xCEC8, 0xC2F2, 0xC2F2, 0xC2D2, 0xC2D2, 0xC2D3, 0xC2D4, 0xBED7, 0xB6DC, 0xB6DC, 0xB6DC, 0xB6DC, 0xBAD6, 0xBEF5, 0xB6D6,
  0xB6D5, 0xC6CC, 0xCEE7, 0xD30C, 0xDB2F, 0xDB4E, 0xDB2D, 0xDB4E, 0xDF2C, 0xF3B2, 0xF7B8, 0xDF36, 0xDF36, 0xDF37, 0xDF36, 0xDF36,
  0xDF36, 0xDF36, 0xDF35, 0xDF35, 0xDB36, 0xDF37, 0xDF37, 0xDF37, 0xDF38, 0xBA56, 0xA9D6, 0xA9D6, 0xA9D5, 0xA9D5, 0xA9D6, 0xA9D6,
  0xA9D6, 0xA9D6, 0xA9D6, 0xADF7, 0xADF7, 0xA9F6, 0xA9D6, 0xA9F6, 0xA9F6, 0xA9F6, 0xA1D6, 0xA1B6, 0xA1B6, 0x9DB6, 0xA1B6, 0x9DB6,
  0x9DB6, 0x9DB6, 0x9DB6, 0x9DB6, 0x9D95, 0x9D96, 0x9D96, 0x9D96, 0xA1D7, 0xAA3A, 0xAA3A, 0xAE3A, 0xAA39, 0xAA39, 0xAA19, 0xAA19,
  0xAA19, 0xAA19, 0xAA19, 0xAA3A, 0xAE39, 0xAA3A, 0xAA3A, 0xAA3A, 0xAA3A, 0xAA3A, 0xAE3A, 0xAE5B, 0xB27C, 0xB6BD, 0xB6DD, 0xB6BD,
  0xBADD, 0xB6BC, 0xB25A, 0xB27B, 0xB27B, 0xB27B, 0xB69C, 0xB69C, 0xB27C, 0xB27C, 0xB27C, 0xB27C, 0xB27C, 0xB27C, 0xB29C, 0xAE5B,
  0xA5F8, 0xA5D8, 0xA5F8, 0xA5F8, 0xA1D7, 0xA1D7, 0xAE5A, 0xAA3A, 0xAA3A, 0xAE5A, 0xAA3A, 0xAA3A, 0xAA5A, 0xAA3A, 0xAA3A, 0xAA3A,
  0xAA1A, 0xAA1A, 0xA5F8, 0xA5D6, 0xA5D7, 0xA5D7, 0xA5D7, 0xA5D6, 0xA9F7, 0xA171, 0x98C7, 0x94A5, 0x9D06, 0xA56C, 0xA128, 0xA126,
  0x9D26, 0x9D4A, 0xA590, 0xA190, 0xA190, 0xA16F, 0xA171, 0xA192, 0xA193, 0xA193, 0x9D4A, 0x9924, 0xA145, 0x98C3, 0x9528, 0x9E2F,
  0x90C4, 0x8C41, 0x9481, 0x9482, 0x98E4, 0x9D04, 0x9D02, 0x9945, 0x9546, 0x9E2D, 0x9DCB, 0x8C21, 0x9D24, 0x9D66, 0x9945, 0x9568,
  0x9E0E, 0x9507, 0x98A2, 0x9D88, 0x9988, 0x98C2, 0x98C3, 0x8C42, 0x98C9, 0x98C9, 0x94A7, 0x94A6, 0x94A4, 0x9DA9, 0xA24E, 0x9E2B,
  0x9945, 0x8C62, 0x9DF0, 0x9A0C, 0x9964, 0x9965, 0x9DEA, 0x90C3, 0x9966, 0x9DE8, 0x9505, 0x8C40, 0x9989, 0x9E0B, 0x90E5, 0x9950,
  0x9D93, 0x9066, 0x8C22, 0x956B, 0x9E32, 0x9129, 0xA232, 0x9149, 0x9E10, 0x95AB, 0x99AC, 0x9548, 0x958A, 0x94EA, 0x9D2F, 0x9486,
  0x8C23, 0x8C23, 0x8C23, 0x8C23, 0x8C23, 0x8C22, 0x8C22, 0x8C22, 0x8C22, 0x8C22, 0x8C22, 0x8C22, 0x8C22, 0x8C22, 0x8C22, 0x8C22,
  0xD280, 0xD280, 0xD280, 0xD280, 0xD280, 0xD280, 0xD280, 0xD280, 0xD280, 0xD260, 0xD260, 0xD260, 0xD260, 0xD260, 0xD260, 0xD260,
  0xD260, 0xCE82, 0xCE64, 0xCE84, 0xCA85, 0xCA65, 0xCA85, 0xCA85, 0xCE85, 0xCE84, 0xCE84, 0xCEA4, 0xCAC9, 0xC2CF, 0xBAD7, 0xAEDF,
  0xAEDF, 0xB2DF, 0xB6FD, 0xB2DC, 0xB2DB, 0xB2DB, 0xB2DB, 0xB2DB, 0xBAD3, 0xC6CC, 0xCEEB, 0xDB07, 0xDB27, 0xDB27, 0xDB27, 0xDB27,
  0xDB27, 0xD729, 0xD30B, 0xD30C, 0xD70A, 0xDB27, 0xDB27, 0xDB28, 0xDB28, 0xD70B, 0xE773, 0xE772, 0xE771, 0xE351, 0xE351, 0xE351,
  0xE351, 0xE372, 0xE372, 0xE352, 0xE351, 0xEB96, 0xEF99, 0xEF99, 0xF3BA, 0xF3BA, 0xCEB7, 0xC277, 0xC277, 0xC277, 0xC277, 0xC277,
  0xC276, 0xC277, 0xC277, 0xC277, 0xC277, 0xC277, 0xC277, 0xC277, 0xB1F6, 0x9974, 0x9D95, 0x9D95, 0x9D95, 0x9D95, 0x9D95, 0x9D95,
  0x9D95, 0x9D95, 0xA1B6, 0xA5B6, 0xA5D6, 0xAE39, 0xAE5B, 0xAE5B, 0xAE3A, 0xAE3A, 0xAA3A, 0xAA3A, 0xAA5B, 0xAE7C, 0xAE7C, 0xAE7B,
  0xB27C, 0xB69C, 0xB6BD, 0xBABD, 0xBADE, 0xBADE, 0xBADE, 0xB6DD, 0xB6BD, 0xB6DD, 0xB6BD, 0xB6BD, 0xB6BD, 0xB6BD, 0xB6BD, 0xB6BD,
  0xB6BC, 0xB6BD, 0xB6BD, 0xB6BD, 0xB6BD, 0xB6BC, 0xB6BD, 0xB6BD, 0xB6BD, 0xB6BD, 0xB6BD, 0xB6BD, 0xB6BD, 0xB27B, 0xAE5A, 0xAE5A,
  0xAE5A, 0xAA5A, 0xAE5B, 0xAE5B, 0xAE5B, 0xAA3A, 0xA5F9, 0xA5F8, 0xA5F8, 0xAA19, 0xA5D6, 0xA9F7, 0xA9D6, 0xA5B4, 0xA5B5, 0xA5B4,
  0xA1B4, 0xA1B4, 0xA1B5, 0xA1B5, 0xA1B5, 0xA1B5, 0xA1B5, 0xA1B5, 0xA1B5, 0xA5B5, 0x9907, 0x94A1, 0x94C2, 0x90A1, 0x94E5, 0x90A3,
  0x9481, 0x94C2, 0x98E2, 0x9061, 0x9904, 0xA187, 0x9505, 0x99A9, 0x9A4F, 0x9E4F, 0x9527, 0x9041, 0x9D03, 0x9903, 0x94A2, 0x8C41,
  0x8C41, 0x94A2, 0x9CE3, 0x94A2, 0x98E4, 0x98C3, 0x98C3, 0x9485, 0x98CA, 0x94A8, 0x94A6, 0x9085, 0x8C41, 0x8C40, 0x8862, 0x90E4,
  0xA1C7, 0x9923, 0x90C5, 0x9E30, 0x9E4E, 0x9965, 0x9986, 0x9925, 0x9080, 0x9DC8, 0x9525, 0x9503, 0x9DE9, 0x9945, 0x8820, 0x9D51,
  0x9D94, 0x8C44, 0x8C43, 0x9527, 0x9E31, 0x998B, 0x998B, 0x9569, 0x9DED, 0x9168, 0x9E31, 0x9569, 0x9527, 0x94EB, 0xA150, 0x9086,
  0x8C22, 0x8C23, 0x8C23, 0x8C23, 0x8C22, 0x8C22, 0x8C22, 0x8C22, 0x8C22, 0x8C22, 0x8C22, 0x8C22, 0x8C22, 0x8C22, 0x8C22, 0x8C22,
  0xCA00, 0xCA00, 0xCA00, 0xCA00, 0xCA00, 0xCA00, 0xD260, 0xD280, 0xD260, 0xD280, 0xD280, 0xD280, 0xD280, 0xD280, 0xD280, 0xD280,
  0xD280, 0xD280, 0xD280, 0xD680, 0xD680, 0xD680, 0xD680, 0xD680, 0xD680, 0xD6A0, 0xD6A0, 0xD6A0, 0xD2C5, 0xCAED, 0xC6CE, 0xC6D0,
  0xC2D0, 0xC2D0, 0xBED1, 0xBED2, 0xBED2, 0xBED2, 0xBAD4, 0xB2DC, 0xAEDF, 0xAEDE, 0xB6D9, 0xBAD2, 0xBEF2, 0xBEF2, 0xBEF2, 0xBEF3,
  0xBEF2, 0xBAF6, 0xBAFA, 0xB6FA, 0xBEF6, 0xC2F1, 0xC70E, 0xD305, 0xD704, 0xD704, 0xD704, 0xD704, 0xD704, 0xDB2A, 0xDF70, 0xDF50,
  0xDB4F, 0xD306, 0xD704, 0xD705, 0xD705, 0xE34B, 0xE76F, 0xE76F, 0xE76F, 0xE76F, 0xE76F, 0xEB6F, 0xE76F, 0xE76F, 0xE76E, 0xE76E,
  0xE76E, 0xE76F, 0xEB70, 0xEB90, 0xEB90, 0xEB90, 0xE770, 0xEFB2, 0xEB98, 0xD2D5, 0xD2F6, 0xD2F6, 0xD2F6, 0xD2F6, 0xD2F6, 0xD2F7,
  0xD6F8, 0xD2D8, 0xA9D5, 0xA5B5, 0xA5B5, 0xA1B5, 0xA5D7, 0xA1D7, 0xA1D7, 0xA1B6, 0xA1B7, 0xA1D7, 0xA1B7, 0xA1B7, 0xA1B7, 0xA5F8,
  0xAE5A, 0xAE5A, 0xAE5A, 0xAE5B, 0xB27B, 0xAE7B, 0xAE5B, 0xAE5B, 0xAE5B, 0xAE7B, 0xB6BD, 0xB6BD, 0xB6BD, 0xB6BD, 0xB6BD, 0xB6BD,
  0xB2BD, 0xAE7C, 0xB27C, 0xB27C, 0xB27C, 0xB69C, 0xBADD, 0xBADD, 0xBADD, 0xBADD, 0xBADD, 0xB6BD, 0xB6BD, 0xB6BD, 0xB6BD, 0xB6BD,
  0xB6BD, 0xB6BD, 0xB6BD, 0xB6BD, 0xB6BD, 0xB29C, 0xB27B, 0xAE5B, 0xAE5A, 0xA5F9, 0xAA19, 0xAA1A, 0xA619, 0xA5F7, 0xA5F8, 0xA5F8,
  0xA5F8, 0xA5F8, 0xA5F7, 0xA5F8, 0xA5F7, 0xA1B5, 0xA195, 0xA1B5, 0xA1B5, 0xA1B5, 0xA1B2, 0x9D4D, 0x9D4C, 0xA16D, 0x9907, 0x98E4,
  0x9D25, 0x9D24, 0x98E3, 0x9DA9, 0x9DA7, 0x94E3, 0x9DCD, 0x9E92, 0x9A0E, 0x9506, 0x9482, 0x98C2, 0x98A2, 0x9482, 0x8C22, 0x94A3,
  0x9CE4, 0x98C3, 0x98C3, 0x98A3, 0x9461, 0x9462, 0x9461, 0x9485, 0x9D0C, 0x98C7, 0x90C4, 0x958A, 0x95AA, 0x958A, 0x956A, 0x9506,
  0x90A2, 0x9D65, 0x9D23, 0x8C83, 0x9E0F, 0x99C9, 0x9923, 0x9D24, 0x94A1, 0x9D86, 0x94E3, 0x9D65, 0x9504, 0x98A2, 0x8C21, 0x9D72,
  0x9D72, 0x9488, 0x9043, 0x94C3, 0x9E0E, 0x99AC, 0x996A, 0x9989, 0x99AB, 0x99CE, 0x99EF, 0x956B, 0x9527, 0x94EB, 0xA171, 0x94A9,
  0x9065, 0x8C22, 0x8C23, 0x8C23, 0x8C22, 0x8C22, 0x8C22, 0x8C22, 0x8C22, 0x8C22, 0x8C22, 0x8C22, 0x8C22, 0x8C22, 0x8C22, 0x8C22,
  0xCE20, 0xCE40, 0xCE40, 0xCE40, 0xCE40, 0xCE40, 0xD260, 0xD280, 0xD260, 0xD280, 0xD260, 0xD280, 0xD280, 0xD280, 0xD280, 0xD260,
  0xD260, 0xD260, 0xD260, 0xD260, 0xCE85, 0xC688, 0xCA88, 0xC688, 0xC689, 0xC689, 0xCA89, 0xCAA8, 0xCAC9, 0xCAC8, 0xCAC8, 0xCAC8,
  0xCAC8, 0xCAC8, 0xC6CA, 0xBAD5, 0xC2CE, 0xBED2, 0xB6FA, 0xAEDE, 0xAADF, 0xAADF, 0xAADF, 0xAADF, 0xAADF, 0xAADF, 0xAADF, 0xAADF,
  0xAADF, 0xB2DE, 0xBAD3, 0xBED1, 0xBED2, 0xBED3, 0xC2F2, 0xCAEC, 0xCAEB, 0xCAEB, 0xCAEB, 0xCEE8, 0xD705, 0xDB27, 0xDB2B, 0xD72B,
  0xD72A, 0xD705, 0xD704, 0xD705, 0xDB06, 0xD705, 0xD305, 0xD705, 0xD305, 0xD705, 0xD305, 0xD2E5, 0xD304, 0xD2E4, 0xCEE5, 0xCEE6,
  0xCEE6, 0xCEE5, 0xCEE3, 0xCEE3, 0xCEE3, 0xCEE3, 0xD2E3, 0xD2E5, 0xDB28, 0xDF49, 0xDF49, 0xDF49, 0xDF49, 0xE349, 0xE349, 0xE36C,
  0xF7D5, 0xF7D7, 0xEB99, 0xEF9A, 0xDB19, 0xB216, 0xB216, 0xB1F5, 0xB1F5, 0xB216, 0xB215, 0xB215, 0xB215, 0xB1F5, 0xA9D4, 0x9D94,
  0x9DB6, 0xA1B6, 0xA5D6, 0xA5D7, 0xA5D6, 0xA5D7, 0xAA19, 0xAA39, 0xAA39, 0xAA39, 0xAE3A, 0xAE5A, 0xAE5A, 0xAE3A, 0xAE5A, 0xAE5B,
  0xAA3A, 0xAA3A, 0xAA3A, 0xAE5A, 0xAE5B, 0xAE5A, 0xB69C, 0xB6BD, 0xB6BC, 0xB6BD, 0xB69C, 0xB6BD, 0xB6BD, 0xB6BD, 0xB6BD, 0xB6BD,
  0xB6DD, 0xB6DD, 0xB6BD, 0xB6BC, 0xB6BD, 0xB6BD, 0xB6BD, 0xB6BD, 0xB6BD, 0xB29C, 0xB29C, 0xB69C, 0xB69C, 0xB6BD, 0xB6BD, 0xB6BD,
  0xB6BD, 0xB69C, 0xAE5A, 0xAE5B, 0xAE3A, 0xAA18, 0xA5D6, 0xA195, 0xA195, 0xA195, 0xA5B6, 0xA5D6, 0xA5B6, 0xA5B6, 0xA5B4, 0xA5B3,
  0xA1B3, 0xA5B2, 0x9926, 0x9D67, 0x9908, 0x9463, 0x9548, 0x9E2F, 0x94C4, 0x98C2, 0x98C3, 0x9D06, 0x9D08, 0xA571, 0xA171, 0xA191,
  0xA5B2, 0xA170, 0xA14F, 0xA570, 0x9D2B, 0xA12B, 0x94C6, 0x9062, 0x9484, 0x9526, 0x9DEB, 0x99EC, 0x99EC, 0x9A0D, 0x9E4D, 0x9DC7,
  0x9924, 0x94A2, 0x98C2, 0x9481, 0x90C3, 0x9DE9, 0x9965, 0x9903, 0x9924, 0x9D43, 0x94A2, 0x94A2, 0x94A2, 0x98A2, 0x8C42, 0xA172,
  0x9D51, 0x9087, 0x9066, 0x94C6, 0x9106, 0x9506, 0x9508, 0x9527, 0x998A, 0x9DEE, 0x99AD, 0x956B, 0x9925, 0x94EB, 0x9D51, 0x98CA,
  0x9487, 0x8C22, 0x8C23, 0x8C23, 0x8C23, 0x8C22, 0x8C22, 0x8C22, 0x8C22, 0x8C22, 0x8C22, 0x8C22, 0x8C22, 0x8C22, 0x8C22, 0x8C22,
  0xD260, 0xD260, 0xD280, 0xD280, 0xD280, 0xD280, 0xD260, 0xD260, 0xD280, 0xD260, 0xD260, 0xD260, 0xD260, 0xD260, 0xCE80, 0xCE81,
  0xD2A2, 0xD6A2, 0xD2A2, 0xD2A2, 0xCACC, 0xC2F4, 0xC2F3, 0xC2F3, 0xC2F3, 0xC2F2, 0xBEF4, 0xB6DC, 0xB6DC, 0xB6DC, 0xB6DC, 0xB6DC,
  0xB6FC, 0xB6FC, 0xB6DC, 0xB2FD, 0xBEF6, 0xC2F4, 0xBEF5, 0xBAD5, 0xB6D4, 0xB6D6, 0xAADE, 0xAADF, 0xAADF, 0xAEDE, 0xAEDD, 0xAEDD,
  0xB2DE, 0xB2FE, 0xB6FD, 0xB6FC, 0xB6FC, 0xB6FC, 0xB6FC, 0xB6FD, 0xB6FD, 0xB6DD, 0xB2FD, 0xB6D8, 0xC2D1, 0xC6EF, 0xC6CF, 0xC6EF,
  0xC6EF, 0xC6F0, 0xC6F0, 0xD308, 0xDB05, 0xD706, 0xD706, 0xD706, 0xD706, 0xD706, 0xD706, 0xD706, 0xDB26, 0xD707, 0xD711, 0xE376,
  0xDF76, 0xE371, 0xE76E, 0xE76E, 0xE76E, 0xEB8F, 0xDF29, 0xD705, 0xD705, 0xD705, 0xD705, 0xD705, 0xD705, 0xD705, 0xD705, 0xD705,
  0xD706, 0xD708, 0xEB8F, 0xEB90, 0xEB90, 0xE770, 0xE770, 0xE770, 0xE770, 0xE771, 0xE771, 0xE771, 0xEB92, 0xF7D8, 0xEB98, 0xCA96,
  0xC676, 0xBA36, 0xA194, 0xA194, 0xA194, 0xA1B4, 0xA1B5, 0xA1B5, 0xA1B5, 0xA1B5, 0xA195, 0x9D94, 0x9D95, 0x9D94, 0x9D95, 0xA1B5,
  0xA1B5, 0xA1B5, 0xA1B6, 0xA5F7, 0xAA19, 0xAE5B, 0xAE5B, 0xAE5A, 0xAE5A, 0xAA3A, 0xAA3A, 0xAE5B, 0xB29C, 0xB29C, 0xB29C, 0xB27C,
  0xB27C, 0xB27C, 0xB29C, 0xB6BD, 0xB6BD, 0xB6BD, 0xB6BD, 0xB6BD, 0xB6BD, 0xB6DD, 0xB6BD, 0xB6BD, 0xB6BD, 0xB6BD, 0xB6BD, 0xB6DD,
  0xB6BD, 0xB6BD, 0xB6BD, 0xB6BD, 0xB29C, 0xAA39, 0xAA19, 0xA5F7, 0xA9F8, 0xA9F8, 0xA1D6, 0xA1D6, 0xA5D7, 0xA5D7, 0xA1B5, 0xA5B6,
  0xA1B6, 0xA5D6, 0x9D4D, 0x990A, 0xA5B4, 0xA170, 0x8C84, 0x8841, 0x94C6, 0x9D0B, 0x9D4E, 0xA5B4, 0xA5B4, 0xA5B5, 0xA1B5, 0xA195,
  0xA194, 0xA194, 0xA194, 0xA195, 0xA5D6, 0xA9D6, 0xA9D6, 0x9D2D, 0x8C83, 0x9947, 0x90C4, 0x8821, 0x8821, 0x90C4, 0x9947, 0x9925,
  0x9DA6, 0x9D87, 0x94A2, 0x94A2, 0x9061, 0x9987, 0x9D85, 0x90A1, 0x9924, 0x9D23, 0x9481, 0x9461, 0x98E2, 0x9D05, 0x8C43, 0x9D72,
  0x990E, 0x8C02, 0xA12F, 0xA193, 0x992E, 0x94EB, 0x990D, 0x90A7, 0x90C6, 0x90E8, 0x90C7, 0x94E8, 0x8C82, 0x94CA, 0xA172, 0x98CA,
  0x9487, 0x8C22, 0x8C23, 0x8C23, 0x8C23, 0x8C22, 0x8C22, 0x8C22, 0x8C42, 0x8C22, 0x8C22, 0x8C22, 0x8C22, 0x8C22, 0x8C22, 0x8C22,
  0xD260, 0xD260, 0xD260, 0xD260, 0xD280, 0xD280, 0xD280, 0xD280, 0xD2A1, 0xD6C3, 0xD6E4, 0xD6E4, 0xD6E4, 0xD6E4, 0xD6E4, 0xD705,
  0xD706, 0xDB26, 0xDB26, 0xDB26, 0xD706, 0xD706, 0xD706, 0xD706, 0xD706, 0xD705, 0xD307, 0xCAED, 0xCAED, 0xCAED, 0xCAEC, 0xCAEC,
  0xCAEC, 0xCAED, 0xC6EE, 0xC6EE, 0xCEEA, 0xD2E7, 0xCACA, 0xB6D5, 0xB2D7, 0xB2B8, 0xAADF, 0xAABF, 0xAADF, 0xAEDE, 0xBAD6, 0xBED1,
  0xBECF, 0xC2CF, 0xC6CD, 0xC6CC, 0xC6CC, 0xC6ED, 0xC6ED, 0xCAEE, 0xCAEE, 0xC6EE, 0xC6EE, 0xC6EE, 0xC6EE, 0xCAEE, 0xCAEE, 0xCB0E,
  0xCB0E, 0xCB0E, 0xCF0D, 0xD728, 0xDB26, 0xD706, 0xD706, 0xD706, 0xD706, 0xD706, 0xDB26, 0xDB26, 0xDB26, 0xD727, 0xDB2A, 0xDF4B,
  0xDF4A, 0xDF2A, 0xDF09, 0xDF09, 0xDF09, 0xDF09, 0xD6E5, 0xD2E3, 0xD6E4, 0xD704, 0xDB25, 0xDB26, 0xDB26, 0xDB26, 0xDB26, 0xDB26,
  0xDB26, 0xD726, 0xD305, 0xD304, 0xD304, 0xD304, 0xD704, 0xD704, 0xD726, 0xD726, 0xD704, 0xD704, 0xD705, 0xDB28, 0xDF2A, 0xF3D5,
  0xFBD7, 0xEFB7, 0xDF37, 0xDF37, 0xDF37, 0xE337, 0xE337, 0xE337, 0xDF37, 0xDF37, 0xDF37, 0xDF38, 0xE358, 0xE358, 0xE359, 0xE359,
  0xE779, 0xCEB7, 0xA9D4, 0xA9D5, 0xA5D5, 0xA1D6, 0xA5F7, 0xA5F7, 0xA5D7, 0xAA19, 0xAE3A, 0xAE3A, 0xAA3A, 0xAA1A, 0xAA3A, 0xAA3A,
  0xAA3A, 0xAA1A, 0xAA3A, 0xAA5B, 0xAA5B, 0xAA5B, 0xAE5B, 0xAE5B, 0xAE7B, 0xB6BD, 0xB6BD, 0xBADD, 0xB6DD, 0xB6DD, 0xB6DD, 0xB6DD,
  0xB6BD, 0xB6BD, 0xB6BD, 0xB6BD, 0xB6BD, 0xB6BD, 0xB29C, 0xB6BD, 0xB6BD, 0xB6BD, 0xB27B, 0xAE7B, 0xB27C, 0xB27C, 0xA5D6, 0x9D72,
  0xA1B5, 0xA5D6, 0x9D73, 0xA9F7, 0xAA19, 0xAA19, 0xA9F6, 0xA5D3, 0xA9F6, 0xAA19, 0xA9F8, 0xA5F8, 0xAA18, 0xAA18, 0xAA18, 0xAA18,
  0xA9F8, 0xA5F7, 0xA5D6, 0xA5D6, 0x9D71, 0x94C9, 0x990B, 0xA591, 0xA5B3, 0x94EB, 0x94CA, 0xA9B2, 0xA56D, 0x9483, 0x9062, 0x9061,
  0x98C3, 0x9904, 0x9CE2, 0x98A1, 0x9482, 0x9082, 0x9D44, 0x90A2, 0x9904, 0x98E3, 0x9882, 0x9CE2, 0x98A2, 0x9463, 0x8821, 0x9D72,
  0x9D30, 0x8C44, 0x9488, 0x94CB, 0x9D2F, 0xA151, 0xA5B5, 0xA593, 0x9D50, 0x9D51, 0x9D51, 0xA172, 0x98EC, 0x90A9, 0xA172, 0x98CB,
  0x9487, 0x8C22, 0x8C23, 0x8C23, 0x8C23, 0x8C22, 0x8C22, 0x8C22, 0x8C42, 0x8C22, 0x8C22, 0x8C22, 0x8C22, 0x8C22, 0x8C22, 0x8C22,
  0xD280, 0xCE80, 0xCE81, 0xCE81, 0xCE81, 0xCEA1, 0xCEA1, 0xD2C3, 0xD2C2, 0xD6E4, 0xDB27, 0xDB26, 0xD726, 0xD726, 0xD726, 0xDB26,
  0xD726, 0xD706, 0xD726, 0xD706, 0xD706, 0xD706, 0xD706, 0xD706, 0xD706, 0xD726, 0xD726, 0xD725, 0xD705, 0xD705, 0xDB04, 0xDB04,
  0xDB24, 0xD706, 0xC6F0, 0xC2F3, 0xCAEF, 0xCB0D, 0xC2F3, 0xBAF7, 0xBAF8, 0xBAF7, 0xBAF8, 0xB6FE, 0xB2DE, 0xAEFF, 0xB2FD, 0xB6FB,
  0xB6D9, 0xBAD8, 0xC6CE, 0xC6ED, 0xC6ED, 0xC6ED, 0xC6EC, 0xD705, 0xDB24, 0xDB24, 0xDB04, 0xDB24, 0xDB24, 0xDB24, 0xDB25, 0xDB25,
  0xD6E3, 0xD6E2, 0xDAE2, 0xD6E3, 0xD6E4, 0xD6E5, 0xD6E5, 0xD6E5, 0xDB06, 0xD705, 0xD6C4, 0xD6E4, 0xD6E4, 0xD6E4, 0xD6E3, 0xD2C2,
  0xD2C2, 0xD2C2, 0xD2A1, 0xCE81, 0xCE81, 0xDAC6, 0xDAE8, 0xDF09, 0xDEE9, 0xDEE7, 0xCE60, 0xD281, 0xDAE4, 0xD6E4, 0xD6E4, 0xD6E4,
  0xD6E4, 0xD6E4, 0xD6E5, 0xD726, 0xD726, 0xD726, 0xD726, 0xD725, 0xE36C, 0xE76D, 0xD2C2, 0xCE80, 0xCE81, 0xCE60, 0xCEA1, 0xDB27,
  0xD707, 0xDB07, 0xDF28, 0xDF28, 0xDF48, 0xDF29, 0xDF29, 0xDF28, 0xDB28, 0xDB28, 0xDF29, 0xEFB1, 0xF3B2, 0xF3B2, 0xF3B2, 0xF3B3,
  0xF3D3, 0xF3B5, 0xF3BA, 0xF3BA, 0xEB99, 0xC276, 0xA9B5, 0x9D74, 0x9D94, 0x9D95, 0x9D95, 0x9D95, 0x9D95, 0x9D74, 0x9DB6, 0xA5F9,
  0xA5F8, 0xA619, 0xAA3A, 0xAA3A, 0xAA3B, 0xAA3B, 0xAA3A, 0xAA3A, 0xAA5A, 0xAA3A, 0xB27C, 0xB69C, 0xB29C, 0xB29C, 0xB29C, 0xB29C,
  0xB6BD, 0xB6BD, 0xB6BD, 0xB6BD, 0xB6BD, 0xB6BD, 0xB6BD, 0xB6DD, 0xB6DD, 0xB6DD, 0xBADD, 0xB29D, 0xB29C, 0xB29C, 0xB29C, 0xAE5A,
  0xB27B, 0xAA3A, 0xAA19, 0xAE5B, 0xAA3A, 0xAA19, 0xAA3A, 0xAA3A, 0xAA3A, 0xAA19, 0xAA3A, 0xAA3A, 0xAA3A, 0xAA3A, 0xAA3A, 0xAA3A,
  0xAE5B, 0xAE38, 0xA170, 0xA14D, 0x9D2C, 0xADAF, 0xADB0, 0x9D0A, 0xA591, 0xA9D5, 0xA9F5, 0xA5CF, 0x9D89, 0x9D66, 0x9D87, 0x9904,
  0x8C40, 0x9061, 0x94C3, 0x98C2, 0x98C1, 0x98C2, 0x9D02, 0x94A1, 0x98C2, 0x9481, 0x98A2, 0x98A2, 0x98C2, 0x9CE6, 0x90A8, 0x9D51,
  0x9D51, 0x9086, 0x8C22, 0x8C42, 0x8C63, 0x8C64, 0x94A9, 0x94CA, 0x94CB, 0x98EC, 0x990D, 0x9D50, 0xA594, 0x94CB, 0x9D2F, 0x9D50,
  0x9066, 0x8C22, 0x8C23, 0x8C23, 0x8C23, 0x8C23, 0x8C22, 0x8C22, 0x8C22, 0x8C22, 0x8C22, 0x8C22, 0x8C22, 0x8C42, 0x8C22, 0x8C22,
  0xD260, 0xD6C3, 0xD6E5, 0xD6E4, 0xD6C4, 0xD6C3, 0xD6C4, 0xDB26, 0xDB26, 0xDB26, 0xDB06, 0xDB06, 0xD726, 0xDB26, 0xDB26, 0xD726,
  0xD726, 0xD706, 0xD706, 0xD706, 0xD706, 0xD706, 0xD706, 0xD706, 0xD726, 0xD706, 0xD706, 0xD706, 0xD706, 0xD707, 0xD308, 0xD308,
  0xD308, 0xD707, 0xD707, 0xD307, 0xD707, 0xD707, 0xCEE8, 0xD2E7, 0xCEE7, 0xCEE7, 0xCEE8, 0xC6EF, 0xC2D0, 0xBED1, 0xBED2, 0xBED2,
  0xC2F1, 0xC6F1, 0xC6F1, 0xC710, 0xC710, 0xC6F0, 0xC6EE, 0xD707, 0xD725, 0xD706, 0xD726, 0xD726, 0xD726, 0xD726, 0xD726, 0xDB26,
  0xD6E4, 0xD6C3, 0xD6C3, 0xD2C3, 0xD2C3, 0xCE61, 0xCE62, 0xD282, 0xD282, 0xD261, 0xCE40, 0xCE40, 0xCE60, 0xCE60, 0xCE60, 0xD260,
  0xCE40, 0xD281, 0xD6C3, 0xD6C3, 0xD6C4, 0xE30A, 0xE30B, 0xE30B, 0xE72C, 0xEB70, 0xEB50, 0xDEEA, 0xCE40, 0xCE40, 0xCE40, 0xCE40,
  0xCE40, 0xCE40, 0xCE60, 0xD6C3, 0xD6C2, 0xD6E4, 0xDB26, 0xDB06, 0xD705, 0xD305, 0xE32A, 0xEB4F, 0xE72D, 0xEB4E, 0xE30B, 0xCE83,
  0xCE83, 0xCE83, 0xCE83, 0xCE83, 0xCE63, 0xCE62, 0xCE61, 0xCE60, 0xD6E5, 0xDB06, 0xD706, 0xD706, 0xD706, 0xD2E6, 0xD306, 0xD306,
  0xD306, 0xDB29, 0xE76F, 0xE76E, 0xEFB3, 0xFFF9, 0xDF36, 0xCED5, 0xD2F6, 0xD2F6, 0xD2F6, 0xD2F6, 0xD2D6, 0xD2F7, 0xCAB6, 0xA193,
  0x9D73, 0x9D95, 0xA5F8, 0xA9F8, 0xAA18, 0xA5F8, 0xAA3A, 0xAE3B, 0xAA3B, 0xAA3B, 0xAA3B, 0xAA3A, 0xAA3A, 0xAA3A, 0xAA3A, 0xA63A,
  0xAA5B, 0xAE5B, 0xB2BD, 0xB6BD, 0xB6BD, 0xB6BD, 0xB29C, 0xAE5A, 0xAE7B, 0xB6DD, 0xB6BD, 0xB29C, 0xAE7B, 0xAE7B, 0xAE7B, 0xAE7C,
  0xAE7C, 0xB27C, 0xB27C, 0xB29C, 0xB27B, 0xB27B, 0xB27C, 0xB27B, 0xB27B, 0xAA3A, 0xAA39, 0xAA1A, 0xAA19, 0xAA19, 0xA619, 0xAA3A,
  0xA5D5, 0x990C, 0xA9B0, 0xB1F3, 0xB1F2, 0xB1F2, 0xA98E, 0xA52B, 0x9485, 0x9D0B, 0xA1AC, 0x9986, 0x9965, 0x9D86, 0x9D45, 0x90E4,
  0x9548, 0x99AA, 0x9DC9, 0x9D67, 0x9924, 0x9D44, 0x9D23, 0x98C2, 0x98A1, 0x9881, 0x98A2, 0x9CE3, 0x9D03, 0x98E8, 0x992E, 0x9950,
  0x9D71, 0x94A9, 0x8C64, 0x9526, 0x9969, 0x94E4, 0x9082, 0x9082, 0x9083, 0x9083, 0x9063, 0x9086, 0x94C9, 0x9087, 0x9D50, 0x9D51,
  0x9066, 0x8C22, 0x8C23, 0x8C23, 0x8C23, 0x8C23, 0x8C22, 0x8C22, 0x8C22, 0x8C22, 0x8C22, 0x8C22, 0x8C22, 0x8C42, 0x8C22, 0x8C22,
  0xD281, 0xD2A2, 0xD2A2, 0xD281, 0xD281, 0xD281, 0xD281, 0xD281, 0xD281, 0xD281, 0xD281, 0xD281, 0xDB05, 0xD705, 0xD705, 0xD705,
  0xD706, 0xD726, 0xD706, 0xD706, 0xD706, 0xD706, 0xD706, 0xD706, 0xD706, 0xD706, 0xD706, 0xD706, 0xD705, 0xD309, 0xC2F4, 0xBEF5,
  0xBEF4, 0xCEEA, 0xD705, 0xD706, 0xD706, 0xC6EF, 0xBAFA, 0xBADA, 0xBADA, 0xB6DA, 0xB6DA, 0xB6D9, 0xB6D9, 0xB6D9, 0xB6D9, 0xB6D9,
  0xC2F1, 0xD307, 0xDB05, 0xDB05, 0xD706, 0xCF0A, 0xCF09, 0xD705, 0xDB26, 0xD706, 0xDB26, 0xD726, 0xD726, 0xD726, 0xD726, 0xD726,
  0xDB26, 0xDB26, 0xDB26, 0xDB26, 0xD726, 0xD6E5, 0xD6E4, 0xD6E5, 0xD6C3, 0xCE60, 0xD261, 0xD260, 0xCE40, 0xCE40, 0xCE40, 0xD260,
  0xD260, 0xD260, 0xD240, 0xD260, 0xD260, 0xCE40, 0xCE40, 0xCE40, 0xCE40, 0xD6C4, 0xDF0A, 0xE74E, 0xDAC9, 0xD6A6, 0xD262, 0xD261,
  0xCE40, 0xD260, 0xD260, 0xD260, 0xD260, 0xD280, 0xD281, 0xD281, 0xD281, 0xD281, 0xDAE6, 0xE36C, 0xDF4B, 0xDF4B, 0xE34D, 0xE32D,
  0xE32D, 0xDB0B, 0xEF72, 0xEF72, 0xEF72, 0xEB70, 0xD685, 0xD264, 0xCE40, 0xCE40, 0xCE40, 0xCE40, 0xCE60, 0xD6E4, 0xDB05, 0xDB05,
  0xDB06, 0xDB05, 0xD726, 0xD705, 0xD707, 0xDB29, 0xDF4A, 0xDF4A, 0xE34A, 0xE34A, 0xE34A, 0xDF4A, 0xF3D2, 0xF7D4, 0xF7D6, 0xEB99,
  0xD718, 0xB1F5, 0x9D95, 0x9D95, 0x9D96, 0xA1B6, 0xA5D7, 0xA5D7, 0xAA18, 0xAA19, 0xAA19, 0xAA19, 0xAA19, 0xAA3A, 0xAA3A, 0xAA3B,
  0xAE5B, 0xAA5B, 0xAE7C, 0xB6BD, 0xB6BD, 0xB6DD, 0xB6BD, 0xB29C, 0xB69C, 0xB6BD, 0xB6BD, 0xB6DD, 0xB6DD, 0xB6DD, 0xB6DD, 0xB6DD,
  0xB6DD, 0xB6DD, 0xB6BD, 0xB6BD, 0xB6DD, 0xB6DD, 0xB6DD, 0xB6DD, 0xB6DD, 0xB6BD, 0xAE7B, 0xAA3A, 0xAA3A, 0xAA19, 0xAA3B, 0xA5B3,
  0x9D2B, 0xADAF, 0xB1D1, 0xADB0, 0xADB0, 0xA54C, 0xA54B, 0xA52B, 0x9CE8, 0x9485, 0x94C3, 0x9924, 0x9D45, 0x9D45, 0x90C4, 0x9E0E,
  0x9E4E, 0x9DC8, 0x90E3, 0x9987, 0x9D86, 0x9903, 0x98C2, 0x9CE2, 0x98E3, 0x94C3, 0x98C2, 0xA123, 0x94A2, 0xA170, 0x94EB, 0x992F,
  0x9D72, 0x94A9, 0x8C64, 0x99AD, 0x99EE, 0x9105, 0x9947, 0x9967, 0x9947, 0x9947, 0x9947, 0x90C4, 0x94C3, 0x8C63, 0x9D50, 0x9D50,
  0x9066, 0x8C22, 0x8C23, 0x8C23, 0x8C23, 0x8C23, 0x8C23, 0x8C22, 0x8C22, 0x8C22, 0x8C22, 0x8C22, 0x8C22, 0x8C22, 0x8C22, 0x8C22,
  0xD282, 0xD281, 0xD260, 0xD260, 0xD260, 0xD240, 0xD240, 0xD260, 0xD260, 0xD260, 0xD260, 0xD260, 0xD260, 0xCE60, 0xD260, 0xCE60,
  0xD282, 0xDB26, 0xDB26, 0xDB26, 0xDB26, 0xDB26, 0xDB26, 0xDB26, 0xD726, 0xD726, 0xD706, 0xD706, 0xD706, 0xD706, 0xD308, 0xD308,
  0xD308, 0xD706, 0xD706, 0xD706, 0xD307, 0xC6F1, 0xBEF4, 0xC2F4, 0xC2F4, 0xBEF4, 0xBEF4, 0xBEF4, 0xBEF4, 0xBEF4, 0xC2F4, 0xBEF4,
  0xC2F3, 0xCF0E, 0xD706, 0xD705, 0xCF0A, 0xC312, 0xC70F, 0xD706, 0xDB25, 0xD706, 0xDB26, 0xD725, 0xD706, 0xD706, 0xD726, 0xD726,
  0xDB26, 0xDB26, 0xDB26, 0xDB26, 0xDB26, 0xDB26, 0xDB26, 0xDB47, 0xDB26, 0xDB26, 0xDB26, 0xD6E5, 0xD2A3, 0xD2A3, 0xD6A3, 0xD281,
  0xD260, 0xD260, 0xD260, 0xD260, 0xD260, 0xD260, 0xD260, 0xD260, 0xD260, 0xCE60, 0xCE60, 0xDEE9, 0xE72D, 0xE72C, 0xDEE9, 0xEB6F,
  0xDEE9, 0xD282, 0xCE40, 0xD260, 0xD260, 0xD260, 0xCE40, 0xD260, 0xD260, 0xD260, 0xD280, 0xD2A2, 0xD2A1, 0xD2E4, 0xD706, 0xD727,
  0xD728, 0xDB27, 0xDB28, 0xDB28, 0xDB28, 0xD707, 0xEB6E, 0xFFF8, 0xE30C, 0xE2EB, 0xE2EB, 0xE2EB, 0xD264, 0xCA20, 0xCE40, 0xCE40,
  0xD260, 0xD260, 0xD6C3, 0xD6C4, 0xD2C3, 0xD2A3, 0xD6E5, 0xD726, 0xD726, 0xD705, 0xD305, 0xD2E5, 0xD2E5, 0xD307, 0xF3B5, 0xFBF8,
  0xF7D7, 0xEFBA, 0xCEB7, 0xCED8, 0xBA57, 0x9D95, 0xA1B5, 0xA195, 0xA195, 0xA1B5, 0xA1B5, 0xA1B5, 0xA1B5, 0xA5D7, 0xA5F9, 0xAA3A,
  0xAA3A, 0xAA3A, 0xAA3A, 0xAA3A, 0xAE7B, 0xB27C, 0xB29C, 0xB6DD, 0xB6DD, 0xB6BD, 0xB6BD, 0xB6BD, 0xB6BD, 0xB6BD, 0xB6BD, 0xB6BD,
  0xB6BD, 0xB6BD, 0xB6BD, 0xB6BD, 0xB6BD, 0xB6BD, 0xB6BD, 0xB6BD, 0xB6BD, 0xB27C, 0xAA3A, 0xAA3A, 0xAA3A, 0xAA3A, 0xA5B3, 0xA12B,
  0xA98E, 0xA98F, 0xA96E, 0xA98E, 0xA96C, 0xA52B, 0xA109, 0x9CE8, 0xA108, 0x9485, 0x98C9, 0x9D2D, 0x9D2A, 0x90A3, 0x9D88, 0x9568,
  0x90C4, 0x90A3, 0x9546, 0x9D87, 0x90A1, 0x9084, 0x94C9, 0x98C5, 0x9DA7, 0xA22C, 0x9966, 0x94A2, 0x90A7, 0xA191, 0x8844, 0x9D4F,
  0x9D72, 0x94A9, 0x8C64, 0x99EF, 0x958A, 0x9547, 0x9E31, 0x95AB, 0x958B, 0x958B, 0x9E31, 0x9548, 0x9968, 0x90C5, 0x9D50, 0x9D51,
  0x9067, 0x8C22, 0x8C23, 0x8C23, 0x8C23, 0x8C23, 0x8C23, 0x8C22, 0x8C22, 0x8C22, 0x8C22, 0x8C22, 0x8C22, 0x8C22, 0x8C22, 0x8C22,
  0xD260, 0xD260, 0xD260, 0xD260, 0xD260, 0xD260, 0xD260, 0xD260, 0xD260, 0xD260, 0xD260, 0xD260, 0xD260, 0xD260, 0xD260, 0xD260,
  0xD260, 0xD281, 0xD281, 0xD281, 0xD281, 0xD281, 0xD281, 0xD281, 0xD6E5, 0xD705, 0xD706, 0xD706, 0xD706, 0xD706, 0xD705, 0xDB05,
  0xD705, 0xD706, 0xD706, 0xD706, 0xD706, 0xD705, 0xD705, 0xD705, 0xD705, 0xD705, 0xD705, 0xD705, 0xD705, 0xD705, 0xD705, 0xD705,
  0xD705, 0xD705, 0xDB06, 0xD706, 0xD706, 0xD705, 0xD705, 0xDB05, 0xD705, 0xD705, 0xD705, 0xD705, 0xD706, 0xD706, 0xD706, 0xDB26,
  0xD2C3, 0xD2A2, 0xD2A2, 0xD2A2, 0xD2A2, 0xD2A2, 0xD281, 0xD2A2, 0xD2A1, 0xD2A1, 0xD2A2, 0xD2A3, 0xD2A2, 0xD282, 0xD2A2, 0xD260,
  0xD260, 0xD260, 0xD260, 0xD260, 0xD260, 0xD260, 0xD260, 0xD260, 0xD260, 0xD260, 0xD260, 0xCE40, 0xCE40, 0xCA40, 0xD6A3, 0xDF29,
  0xEB90, 0xEF93, 0xEF71, 0xDAA7, 0xCA20, 0xCE40, 0xD260, 0xD260, 0xD260, 0xD260, 0xD260, 0xD260, 0xCE40, 0xD281, 0xD2C3, 0xD705,
  0xD705, 0xD706, 0xD705, 0xD705, 0xD705, 0xD705, 0xDB07, 0xE34C, 0xE36D, 0xE76D, 0xE76E, 0xFBF8, 0xEF94, 0xE74F, 0xEF71, 0xEF71,
  0xD683, 0xD261, 0xCE20, 0xCE40, 0xD260, 0xD260, 0xD281, 0xD2A2, 0xD282, 0xD6C5, 0xD726, 0xDB07, 0xDB28, 0xDB29, 0xE34D, 0xDB29,
  0xE76F, 0xF7D7, 0xF7F7, 0xFBF7, 0xF3B9, 0xDB39, 0xDF38, 0xCAB6, 0xA5B4, 0xA1B5, 0x9D75, 0x9D95, 0xA5B6, 0xA1B5, 0xA1B5, 0xA5D7,
  0xA5D7, 0xA5F8, 0xAA3A, 0xAA3A, 0xAA3B, 0xAA3B, 0xAA3A, 0xB27C, 0xB6BD, 0xB6BD, 0xB6BD, 0xB6BD, 0xB6BD, 0xB6BD, 0xB6BD, 0xB6BD,
  0xB6BD, 0xB6BD, 0xB6BD, 0xB6BD, 0xB6BD, 0xB6BD, 0xAE7B, 0xAA3A, 0xAA3A, 0xA619, 0xA61A, 0xA61A, 0xA61A, 0xAA3A, 0x990C, 0xA54C,
  0xA98F, 0xA56E, 0xA96D, 0xA109, 0x9CE8, 0x9CC6, 0x9484, 0x98A5, 0x98C6, 0x98C9, 0xA5B4, 0xA5D7, 0xA5B4, 0x94A6, 0x90A4, 0x94C8,
  0x9D2D, 0x9928, 0xA1C8, 0x9505, 0x990D, 0x9D51, 0xA5D6, 0xA14F, 0x90E5, 0x90E6, 0x9968, 0x9506, 0x992E, 0x990D, 0x8400, 0x9D50,
  0x9D50, 0x9066, 0x9107, 0x9E31, 0x9569, 0x9569, 0x9E52, 0x916A, 0x958B, 0x99CE, 0x9E31, 0x958A, 0x9A0F, 0x90E6, 0x9D50, 0x9D51,
  0x9066, 0x8C22, 0x8C23, 0x8C23, 0x8C23, 0x8C23, 0x8C22, 0x8C22, 0x8C22, 0x8C22, 0x8C22, 0x8C22, 0x8C22, 0x8C22, 0x8C22, 0x8C23,
  0xCE60, 0xCE40, 0xCE40, 0xCE40, 0xCE40, 0xCE40, 0xCE40, 0xCE40, 0xCE40, 0xCE40, 0xCE40, 0xCE40, 0xCE40, 0xCE40, 0xD281, 0xD2A1,
  0xD2A1, 0xD281, 0xD281, 0xD281, 0xD281, 0xD281, 0xD281, 0xD281, 0xD2A2, 0xD2A2, 0xD6E5, 0xD706, 0xD706, 0xD706, 0xD706, 0xD706,
  0xD706, 0xD706, 0xD706, 0xD706, 0xD706, 0xD706, 0xD706, 0xD706, 0xD706, 0xD706, 0xD726, 0xD706, 0xD706, 0xD706, 0xD706, 0xD706,
  0xD706, 0xD706, 0xD706, 0xD726, 0xD726, 0xD726, 0xD726, 0xD706, 0xD705, 0xDB26, 0xDB26, 0xDB26, 0xDB26, 0xDB26, 0xDB26, 0xDB05,
  0xD6C4, 0xD6C3, 0xD6C3, 0xD6C3, 0xD6E3, 0xD281, 0xCE60, 0xD260, 0xD260, 0xCE60, 0xD6A3, 0xD6C4, 0xD2A2, 0xD281, 0xD281, 0xD281,
  0xD2A1, 0xD2A1, 0xD2A2, 0xD2A2, 0xD2A2, 0xD260, 0xD260, 0xD260, 0xD260, 0xD260, 0xD260, 0xD260, 0xD260, 0xD260, 0xD260, 0xCE40,
  0xD283, 0xDF2A, 0xF3B4, 0xF7D8, 0xEB50, 0xD283, 0xD280, 0xD260, 0xD260, 0xD260, 0xD260, 0xD260, 0xD260, 0xD260, 0xD260, 0xD2A2,
  0xD2A3, 0xDB26, 0xD726, 0xD706, 0xD706, 0xD706, 0xD705, 0xD704, 0xD704, 0xD704, 0xD705, 0xD727, 0xDF49, 0xDB29, 0xE78F, 0xF3D5,
  0xEF92, 0xF3B4, 0xDEEA, 0xD263, 0xCE40, 0xD260, 0xD260, 0xCE40, 0xCE40, 0xCE40, 0xD2C3, 0xE76D, 0xEFB3, 0xEFB3, 0xE34C, 0xDB2A,
  0xE34E, 0xDF2C, 0xD707, 0xD706, 0xEFB1, 0xF3B3, 0xFBF7, 0xFBF8, 0xEFB8, 0xDB17, 0xBA34, 0xB636, 0x9D94, 0x9D95, 0xA1B6, 0xA195,
  0xA195, 0xA1B6, 0xA1D6, 0xA5D7, 0xAA39, 0xAA3A, 0xAA3B, 0xAE5B, 0xAA3B, 0xAE5B, 0xB29C, 0xB29C, 0xB6BD, 0xB6DD, 0xB6BD, 0xB6BD,
  0xB6BD, 0xB6BD, 0xB27C, 0xAA3A, 0xAA3A, 0xAA3A, 0xAA3A, 0xAA5B, 0xAA5B, 0xAE5B, 0xAE5B, 0xAE5B, 0xAA5A, 0xAE7B, 0xAE18, 0xA5D6,
  0xA5D6, 0xA5B4, 0x9D2D, 0xA14D, 0xA16F, 0x990B, 0x98EA, 0x94EA, 0xA592, 0xA194, 0xA194, 0xA194, 0xA194, 0xA171, 0xA151, 0xA193,
  0xA592, 0x9D87, 0x9505, 0x98EC, 0xA5D6, 0xA1B5, 0xA194, 0xA194, 0xA173, 0xA173, 0xA170, 0x90CA, 0xA5B4, 0x90A8, 0x8844, 0x9D4F,
  0x9D2F, 0x8823, 0x9148, 0x9E32, 0x954A, 0x99F0, 0x9A32, 0x958A, 0x9548, 0x9A31, 0x99CF, 0x958C, 0x9E31, 0x8C84, 0x9D50, 0x9D51,
  0x9066, 0x8C22, 0x8C23, 0x8C23, 0x8C23, 0x8C23, 0x8C23, 0x8C23, 0x8C23, 0x8C23, 0x8C22, 0x8C22, 0x8C23, 0x8C23, 0x8C23, 0x8C23,
  0xD6C3, 0xD6C3, 0xD6C3, 0xD6C3, 0xD6C3, 0xD6C3, 0xD6C3, 0xD6C3, 0xD6C3, 0xD6C3, 0xD6C3, 0xD6C3, 0xD6C3, 0xD6C3, 0xDB26, 0xDB26,
  0xDB26, 0xDB26, 0xDF26, 0xDF26, 0xDF26, 0xDF26, 0xDB26, 0xDB26, 0xDB26, 0xDB26, 0xD726, 0xD726, 0xDB06, 0xD705, 0xD706, 0xD705,
  0xD705, 0xD706, 0xD705, 0xD706, 0xD705, 0xD706, 0xD706, 0xD706, 0xD706, 0xD726, 0xD726, 0xD726, 0xD726, 0xD726, 0xDB26, 0xD726,
  0xD706, 0xD706, 0xD706, 0xD706, 0xD706, 0xD706, 0xD706, 0xDB06, 0xDB06, 0xD6C3, 0xD6C2, 0xD6A2, 0xD6A3, 0xD2A2, 0xD6A3, 0xD281,
  0xCE40, 0xCE40, 0xCE40, 0xCE40, 0xCE40, 0xCE60, 0xCE60, 0xCE60, 0xD260, 0xD260, 0xD6C3, 0xD6E3, 0xDB05, 0xDF47, 0xDB26, 0xDB26,
  0xDB26, 0xDB06, 0xD6C3, 0xD6C3, 0xD6A3, 0xD260, 0xD260, 0xD260, 0xD260, 0xD260, 0xD260, 0xD260, 0xD260, 0xD260, 0xD260, 0xD260,
  0xCE40, 0xD2C3, 0xD708, 0xF3B6, 0xFFFB, 0xE2ED, 0xC5E0, 0xCE40, 0xD260, 0xD260, 0xD260, 0xD260, 0xD260, 0xD260, 0xD260, 0xD6A2,
  0xD6A3, 0xD6A3, 0xD2C3, 0xD706, 0xD726, 0xD705, 0xD726, 0xDB26, 0xDB26, 0xDB26, 0xDB26, 0xD726, 0xD725, 0xD705, 0xD705, 0xD2E4,
  0xDB2A, 0xF7F8, 0xFBF9, 0xEF73, 0xDEE9, 0xCE40, 0xD260, 0xD260, 0xCE60, 0xCE60, 0xCE60, 0xD6A3, 0xD707, 0xDB28, 0xDF4B, 0xE76F,
  0xE770, 0xF3B5, 0xEF92, 0xE76D, 0xD2C4, 0xD2C4, 0xDF2B, 0xE34C, 0xF3B3, 0xFBF9, 0xF7F9, 0xF3B9, 0xD2F6, 0xC696, 0xA5B4, 0xA1B5,
  0xA1B5, 0xA195, 0xA1B6, 0xA1B6, 0xA1B6, 0xA1B6, 0xA5F8, 0xA5F8, 0xAA19, 0xAA3A, 0xAA3A, 0xAA1A, 0xAA3A, 0xAE7B, 0xAE5B, 0xAE7B,
  0xB6BD, 0xB6BD, 0xB27C, 0xAE7B, 0xB27C, 0xB27B, 0xB6BD, 0xBADD, 0xB6DD, 0xBADD, 0xB6DE, 0xB6DD, 0xB6DD, 0xB6DD, 0xB6BD, 0xB69D,
  0xAA19, 0xAA19, 0xAE5A, 0xAE5B, 0xAE5A, 0xAE3A, 0xAE3A, 0xAE3A, 0xAA3A, 0xA5D7, 0xA5D6, 0xA5D7, 0xA5D7, 0xA5D6, 0xA5D7, 0xA5D7,
  0xA5D6, 0xA18F, 0xA5B2, 0xA195, 0xA194, 0xA194, 0xA194, 0xA194, 0xA194, 0xA1B4, 0x98EC, 0xA170, 0x9D2E, 0x9087, 0x9D2E, 0x992F,
  0xA171, 0x8C45, 0x9128, 0x9E30, 0x914B, 0x9A11, 0x95CC, 0x998A, 0x9128, 0x9A31, 0x99CE, 0x956B, 0x99ED, 0x8CA6, 0x9D50, 0x9D0E,
  0x9487, 0x8C22, 0x8C23, 0x8C23, 0x8C23, 0x8C23, 0x8C23, 0x8C23, 0x8C23, 0x8C23, 0x8C22, 0x8C22, 0x8C23, 0x8C23, 0x8C23, 0x8C23,
  0xD281, 0xD281, 0xD281, 0xD281, 0xD281, 0xD281, 0xD281, 0xD281, 0xD281, 0xD281, 0xD2A2, 0xD2A2, 0xD281, 0xD281, 0xD281, 0xD281,
  0xD281, 0xD281, 0xD281, 0xD281, 0xD2A1, 0xD281, 0xD6C2, 0xDB05, 0xDB05, 0xDAE5, 0xD6E5, 0xDB05, 0xD6A2, 0xD2A2, 0xD2A2, 0xD2A2,
  0xD282, 0xD282, 0xD282, 0xD2A2, 0xD2A2, 0xDB06, 0xD726, 0xDB26, 0xD706, 0xD6E5, 0xD6E5, 0xD6E5, 0xD6E5, 0xD6E5, 0xD6E5, 0xD705,
  0xD726, 0xD706, 0xDB05, 0xD705, 0xD706, 0xD2C4, 0xCE62, 0xD2A2, 0xD2A2, 0xD281, 0xD280, 0xD280, 0xD280, 0xCE60, 0xCE60, 0xCE60,
  0xCE61, 0xCE61, 0xD6C3, 0xD705, 0xD6E5, 0xDB05, 0xDB05, 0xD6E4, 0xDAE4, 0xD6E4, 0xDB05, 0xDB26, 0xDB25, 0xDB05, 0xDB05, 0xDB05,
  0xD6E4, 0xD281, 0xCE60, 0xCE40, 0xD240, 0xD260, 0xD260, 0xD260, 0xD260, 0xD260, 0xD260, 0xD260, 0xD260, 0xD260, 0xD260, 0xD260,
  0xD280, 0xDB08, 0xEFB5, 0xF7D8, 0xCE48, 0xC5C2, 0xC180, 0xCE20, 0xD260, 0xD260, 0xD260, 0xD260, 0xD260, 0xD260, 0xD260, 0xD240,
  0xCE40, 0xCE40, 0xD6C3, 0xDB26, 0xD705, 0xD705, 0xD726, 0xD726, 0xD726, 0xD726, 0xD726, 0xDB26, 0xD726, 0xDB26, 0xD705, 0xD705,
  0xE76F, 0xF7D7, 0xF7D9, 0xFBF9, 0xD68A, 0xCA00, 0xD260, 0xD260, 0xD260, 0xD260, 0xD260, 0xD260, 0xD6E4, 0xD6E4, 0xD705, 0xD705,
  0xD705, 0xDB08, 0xEB70, 0xFBD7, 0xE76F, 0xD2E4, 0xD6E4, 0xD2E3, 0xD707, 0xEFB4, 0xF7D7, 0xF7D8, 0xFBF7, 0xF7D7, 0xE357, 0xE357,
  0xDF38, 0xB635, 0xA5D6, 0xA1B6, 0xA5B6, 0xA5B6, 0xA1B5, 0xA195, 0xA5F8, 0xAA3A, 0xAA3A, 0xAA3A, 0xAA3A, 0xA61A, 0xA61A, 0xA61A,
  0xAE7B, 0xB6BD, 0xB6BD, 0xB6BD, 0xB6DD, 0xB6DD, 0xB6BD, 0xB6BD, 0xB6BD, 0xB29C, 0xB29C, 0xB29C, 0xB6BC, 0xB27B, 0xAA3A, 0xAE5B,
  0xAE5B, 0xAE5B, 0xAA3A, 0xAA18, 0xAA19, 0xAA3A, 0xAA3A, 0xAA3A, 0xAA3A, 0xAA3A, 0xAA3A, 0xAA3A, 0xB27C, 0xB29C, 0xB27C, 0xAA3A,
  0xAA3A, 0xAE5B, 0xAA3A, 0xA9F8, 0xAA19, 0xAA19, 0xAA18, 0xA5F9, 0xA5F8, 0xA5B4, 0x90A9, 0xA171, 0x9088, 0x9D2F, 0x9D50, 0x992F,
  0xA172, 0x8C45, 0x9547, 0x95AA, 0x958B, 0x9A11, 0x95CC, 0x99AB, 0x9548, 0x9A51, 0x95CE, 0x956C, 0x99CD, 0x950A, 0x9D50, 0x98EB,
  0x9487, 0x8C22, 0x8C23, 0x8C23, 0x8C23, 0x8C23, 0x8C23, 0x8C23, 0x8C22, 0x8C22, 0x8C22, 0x8C22, 0x8C22, 0x8C23, 0x8C22, 0x8C22,
  0xD240, 0xD260, 0xD240, 0xD240, 0xD240, 0xCE40, 0xD280, 0xD2A0, 0xD280, 0xCE60, 0xD260, 0xD260, 0xD240, 0xCE40, 0xD240, 0xD260,
  0xD240, 0xD240, 0xCE40, 0xCE40, 0xCA40, 0xCE40, 0xCE40, 0xCE40, 0xCE40, 0xCE60, 0xD260, 0xD260, 0xD260, 0xD6C3, 0xD6C3, 0xD6C3,
  0xD6C3, 0xDB05, 0xDB26, 0xD6C3, 0xD6C3, 0xD2A3, 0xD2A2, 0xD2A2, 0xD281, 0xCE40, 0xCE40, 0xD281, 0xD2A2, 0xD2A2, 0xD2A2, 0xD6C3,
  0xDB26, 0xD726, 0xDB26, 0xDB26, 0xD726, 0xDB06, 0xD706, 0xD706, 0xDB26, 0xDB26, 0xDB26, 0xDB26, 0xDB26, 0xDB26, 0xDB26, 0xDB26,
  0xDB25, 0xD6C3, 0xD6C3, 0xD6C3, 0xD6C3, 0xD6E3, 0xD6E4, 0xD2A2, 0xD260, 0xD260, 0xD260, 0xD260, 0xD260, 0xD260, 0xD260, 0xD260,
  0xD260, 0xCE40, 0xCE60, 0xD260, 0xD260, 0xD260, 0xD260, 0xD260, 0xD260, 0xD260, 0xD260, 0xD260, 0xD260, 0xD240, 0xD281, 0xD2C4,
  0xDF4C, 0xF3D7, 0xFFFB, 0xEB53, 0xCA05, 0xBD80, 0xC5E0, 0xD260, 0xD260, 0xD260, 0xD260, 0xD260, 0xD260, 0xD260, 0xD260, 0xCE60,
  0xD6C3, 0xD6E4, 0xDB05, 0xD726, 0xD726, 0xD726, 0xD726, 0xD726, 0xD706, 0xD726, 0xDB26, 0xD726, 0xDB26, 0xD705, 0xDB28, 0xE76F,
  0xF7D8, 0xFBFA, 0xE732, 0xCE27, 0xC1C0, 0xD260, 0xD260, 0xD260, 0xD260, 0xD260, 0xD260, 0xCE60, 0xD282, 0xD282, 0xD6E4, 0xD705,
  0xD705, 0xD2E4, 0xCEC4, 0xEF92, 0xF7D4, 0xD2E5, 0xD705, 0xDB05, 0xD705, 0xD2E4, 0xE76F, 0xF7D8, 0xF3B6, 0xF3B6, 0xF7D7, 0xF7F8,
  0xFBF9, 0xEB99, 0xB216, 0xA195, 0xA5B6, 0xA1B5, 0xA1D6, 0xA5F8, 0xAA3A, 0xAA3B, 0xAA3A, 0xAA3A, 0xAA3A, 0xAA3A, 0xAE7B, 0xAE7B,
  0xB6BD, 0xB6BD, 0xB6BD, 0xB6BD, 0xB6BD, 0xB6BD, 0xB6BD, 0xB6BD, 0xB29C, 0xAE5B, 0xAE5B, 0xAE5B, 0xAE5B, 0xAE5B, 0xB29C, 0xB6BD,
  0xB6BD, 0xB6BD, 0xB29C, 0xA5F8, 0xAA39, 0xB6BD, 0xB6BD, 0xB6BD, 0xB6BD, 0xB6BD, 0xB6BD, 0xB6BD, 0xAE7B, 0xAE5B, 0xAE5B, 0xA619,
  0xA619, 0xA619, 0xA61A, 0xAA1A, 0xAA3A, 0xAA3A, 0xAA1A, 0xAA1A, 0xAA1A, 0x9D50, 0x9D50, 0x990D, 0x8C45, 0xA9D6, 0x9D51, 0x9930,
  0xA173, 0x8C65, 0x9548, 0x9567, 0x9548, 0x9A10, 0x95AA, 0x99CD, 0x956A, 0x9A30, 0x95EE, 0x9A31, 0x95AC, 0x94EA, 0x9D50, 0x98CA,
  0x9086, 0x8C22, 0x8C23, 0x8C23, 0x8C23, 0x8C23, 0x8C23, 0x8C23, 0x8C22, 0x8C22, 0x8C22, 0x8C22, 0x8C22, 0x8C22, 0x8C22, 0x8C22,
  0xD260, 0xD260, 0xD260, 0xD260, 0xD260, 0xD260, 0xD280, 0xD280, 0xD280, 0xD260, 0xD260, 0xD260, 0xD260, 0xD260, 0xCE40, 0xCE40,
  0xCE40, 0xCA40, 0xCA60, 0xD2A5, 0xEB4F, 0xEB70, 0xEB71, 0xEF71, 0xE32C, 0xD6A4, 0xCE60, 0xCE40, 0xCE40, 0xD240, 0xD260, 0xD260,
  0xD260, 0xD281, 0xD281, 0xCE40, 0xCE40, 0xCE20, 0xD281, 0xD6C3, 0xD6C3, 0xD6E3, 0xD6C3, 0xD705, 0xDB26, 0xDB05, 0xDB05, 0xDB05,
  0xD705, 0xDB05, 0xDB26, 0xDB26, 0xDB26, 0xDB26, 0xDB26, 0xDB26, 0xDB26, 0xDB26, 0xDB26, 0xDB26, 0xD726, 0xDB26, 0xD705, 0xD2A2,
  0xD2A1, 0xCE60, 0xCE40, 0xCE40, 0xCE40, 0xCE40, 0xCE40, 0xD240, 0xD260, 0xD260, 0xCE60, 0xCE60, 0xCE60, 0xCE60, 0xCE60, 0xCE60,
  0xD281, 0xD6E4, 0xD6E4, 0xD6A1, 0xD260, 0xD260, 0xD260, 0xD260, 0xD260, 0xD260, 0xD260, 0xD260, 0xCE40, 0xCE81, 0xDB29, 0xF3D4,
  0xF7F8, 0xEF95, 0xCE48, 0xC1A1, 0xBD80, 0xC5E0, 0xCE40, 0xD260, 0xD260, 0xD260, 0xD260, 0xD260, 0xD260, 0xCE60, 0xD6C2, 0xD6E4,
  0xDB26, 0xDB26, 0xDB26, 0xDB26, 0xD725, 0xD705, 0xDB26, 0xDB26, 0xD706, 0xD726, 0xD705, 0xD705, 0xD6E5, 0xE36E, 0xF3D6, 0xFBFB,
  0xF395, 0xE30F, 0xBDA1, 0xC1A0, 0xD261, 0xD260, 0xD260, 0xD260, 0xD260, 0xD260, 0xD260, 0xD2A2, 0xDB05, 0xD704, 0xD6E4, 0xD706,
  0xE34D, 0xEB91, 0xEB90, 0xF3B3, 0xDB08, 0xD705, 0xD705, 0xD704, 0xD705, 0xD2E5, 0xE770, 0xF7D9, 0xF3D7, 0xF7D7, 0xF3B8, 0xD2F6,
  0xBE56, 0xB636, 0xA1B5, 0xA1B6, 0xA1B5, 0xA1B5, 0xA619, 0xAA3A, 0xAA3A, 0xAA3A, 0xAA3A, 0xAE5B, 0xB29C, 0xB29C, 0xB6BD, 0xB6BD,
  0xB6BD, 0xB6BD, 0xB6BD, 0xB6BD, 0xB6BD, 0xB6BD, 0xB6BD, 0xB6BD, 0xB6BD, 0xB6DD, 0xB6DD, 0xB6BD, 0xB6BD, 0xB6BD, 0xB6BD, 0xB6BD,
  0xB6BD, 0xB6BD, 0xB6BD, 0xB6BD, 0xB6BD, 0xB2BD, 0xB6BD, 0xB6BD, 0xB6BD, 0xB6BD, 0xB6BD, 0xB6BD, 0xB27B, 0xAE7B, 0xAE7B, 0xB27B,
  0xB27B, 0xB27C, 0xAE5B, 0xAA3A, 0xAA1A, 0xAA1A, 0xAA19, 0xAA3A, 0xA5F7, 0x90CA, 0xA193, 0x94CA, 0x94CA, 0xAE3A, 0x9930, 0x9930,
  0xA173, 0x8C45, 0x9549, 0x9968, 0x996A, 0x99EF, 0x9568, 0x99CD, 0x958C, 0x9A10, 0x95CD, 0x9A32, 0x95CD, 0x950B, 0xA151, 0x9488,
  0x8C43, 0x8C23, 0x8C23, 0x8C23, 0x8C23, 0x8C23, 0x8C23, 0x8C23, 0x8C22, 0x8C22, 0x8C22, 0x8C22, 0x8C22, 0x8C22, 0x8C22, 0x8C23,
  0xD260, 0xD260, 0xD260, 0xD260, 0xD260, 0xD260, 0xD260, 0xD260, 0xD260, 0xD260, 0xD260, 0xD260, 0xCE60, 0xCE60, 0xD6A5, 0xD6A6,
  0xD6C7, 0xE74E, 0xEB70, 0xEB91, 0xF3D5, 0xEB52, 0xEB53, 0xEB53, 0xEB73, 0xF7F7, 0xEF92, 0xDAC8, 0xDAE7, 0xD2A2, 0xD281, 0xD280,
  0xD260, 0xD281, 0xD2A1, 0xD2A2, 0xD2A2, 0xD281, 0xD6E5, 0xDB47, 0xDB26, 0xDB26, 0xDB26, 0xDB26, 0xDB05, 0xD2A2, 0xD2A2, 0xD2A2,
  0xD2A2, 0xD281, 0xD280, 0xD280, 0xD280, 0xD281, 0xD281, 0xD281, 0xD2A1, 0xD2A2, 0xD281, 0xD260, 0xD260, 0xD260, 0xD260, 0xD260,
  0xD260, 0xD260, 0xD260, 0xD260, 0xD260, 0xD260, 0xD260, 0xD260, 0xD260, 0xD281, 0xDAE5, 0xDB26, 0xDB05, 0xDB05, 0xDB05, 0xDB05,
  0xDB05, 0xD6E4, 0xD2A2, 0xD280, 0xD260, 0xD260, 0xD260, 0xD260, 0xD260, 0xD260, 0xCE40, 0xCE61, 0xD2A5, 0xE78F, 0xF7D6, 0xE732,
  0xD248, 0xBDA1, 0xBD80, 0xC1A0, 0xCA00, 0xCE40, 0xD260, 0xD260, 0xD260, 0xD260, 0xD260, 0xD260, 0xD6C3, 0xD705, 0xDB25, 0xDB26,
  0xDB25, 0xDB25, 0xD705, 0xD304, 0xDB28, 0xDF49, 0xDB26, 0xDB26, 0xD726, 0xD6E5, 0xDB07, 0xDF4B, 0xEB92, 0xFBF9, 0xF7D7, 0xE70F,
  0xC5E2, 0xC1A0, 0xCA00, 0xD261, 0xD260, 0xD260, 0xD260, 0xD260, 0xD260, 0xD281, 0xD6C3, 0xDB26, 0xDB26, 0xE34B, 0xE34B, 0xEB8F,
  0xF3B2, 0xDF4B, 0xD707, 0xD707, 0xD6E5, 0xD705, 0xD6E5, 0xDF29, 0xE34C, 0xF3B5, 0xF7D8, 0xFBF9, 0xF3B8, 0xD6F7, 0xB215, 0xA5B5,
  0x9D95, 0xA1B6, 0xA1B6, 0xA1B6, 0xA5D7, 0xA619, 0xAA3A, 0xAE5B, 0xAE5B, 0xAE5B, 0xB69C, 0xB6BD, 0xB6BD, 0xB6BD, 0xB6BD, 0xB6BD,
  0xB6BD, 0xB6BD, 0xB6BD, 0xB6BD, 0xB6BD, 0xB6BD, 0xB6BD, 0xB6BD, 0xB6BD, 0xB6BD, 0xB6BC, 0xB6BD, 0xB2BD, 0xB2BD, 0xB6BD, 0xB6BD,
  0xB6BD, 0xBADE, 0xBAFF, 0xBAFE, 0xBAFE, 0xBADE, 0xB6BD, 0xB6BD, 0xB6BD, 0xB6BD, 0xB6BD, 0xB6BD, 0xB6BD, 0xB6BD, 0xB6BD, 0xB6BD,
  0xB6DD, 0xB6DD, 0xB6DD, 0xB69C, 0xAE5B, 0xAE5B, 0xA619, 0xAA1A, 0xA193, 0xA172, 0x9D72, 0x8C65, 0x9D71, 0xAE5B, 0x8C88, 0x9D2F,
  0x9D51, 0x8C43, 0x9927, 0x9989, 0x99EF, 0x99CE, 0x9548, 0x99EE, 0x956B, 0x9A31, 0x95CD, 0x9A11, 0x99CD, 0x94EA, 0xA150, 0x9487,
  0x8C22, 0x8C23, 0x8C23, 0x8C23, 0x8C23, 0x8C23, 0x8C23, 0x8C22, 0x8C22, 0x8C22, 0x8C22, 0x8C22, 0x8C22, 0x8C22, 0x8C22, 0x8C22,
  0xD260, 0xD260, 0xD260, 0xD260, 0xD260, 0xD260, 0xD260, 0xD260, 0xD260, 0xCE40, 0xCE60, 0xD2A3, 0xDF09, 0xDF0A, 0xF7D7, 0xFBFA,
  0xFBF8, 0xFBFA, 0xFBFA, 0xEB71, 0xC623, 0xBD80, 0xBD80, 0xBD80, 0xC1A1, 0xD689, 0xD68A, 0xDECB, 0xE30B, 0xF393, 0xE74C, 0xD2A1,
  0xD2A2, 0xD282, 0xD6C3, 0xD6C2, 0xD6C3, 0xD6C2, 0xD6C2, 0xD2A2, 0xD2A2, 0xD2A2, 0xD6A2, 0xD6A2, 0xD6A2, 0xD6A2, 0xD6A2, 0xD6A3,
  0xD6A2, 0xD260, 0xD260, 0xD260, 0xD260, 0xD260, 0xD260, 0xD260, 0xD260, 0xD260, 0xCE60, 0xCE40, 0xCE60, 0xCE60, 0xCE60, 0xD260,
  0xD260, 0xD260, 0xD260, 0xD260, 0xD260, 0xD260, 0xD260, 0xD240, 0xCE40, 0xD281, 0xD2A2, 0xD2A2, 0xD2A2, 0xD2A2, 0xD2A2, 0xD2A2,
  0xD281, 0xCE40, 0xD260, 0xD260, 0xD260, 0xD260, 0xCE60, 0xCE60, 0xCE60, 0xD6A3, 0xEB6F, 0xEFB3, 0xF7D6, 0xEF73, 0xCE28, 0xBD80,
  0xBD80, 0xBD80, 0xC1C0, 0xCE20, 0xD260, 0xD260, 0xD260, 0xD260, 0xD260, 0xD260, 0xD281, 0xD704, 0xD705, 0xD704, 0xD705, 0xD706,
  0xDB06, 0xD706, 0xE76D, 0xEF91, 0xEB90, 0xE34A, 0xD705, 0xD705, 0xDB08, 0xE76E, 0xEFB4, 0xF7F8, 0xF7B6, 0xDAAC, 0xCA05, 0xB960,
  0xCA00, 0xCA20, 0xD260, 0xD260, 0xD260, 0xD260, 0xD281, 0xD6A2, 0xD6A2, 0xDB25, 0xDB26, 0xD725, 0xDB27, 0xE76E, 0xE76E, 0xD706,
  0xD6E5, 0xD705, 0xD6E4, 0xD2E4, 0xD2E5, 0xD2E5, 0xE34E, 0xFBF7, 0xF7F9, 0xF7FA, 0xDF38, 0xCAB7, 0xBE77, 0xA195, 0xA1B6, 0xA1B6,
  0xA1B6, 0xA1B6, 0xA5D7, 0xAA19, 0xAA3A, 0xAE5B, 0xB29C, 0xB6BD, 0xB6BD, 0xB6BD, 0xB6BD, 0xB6BD, 0xB6BD, 0xB6BD, 0xB6BD, 0xB6BD,
  0xB6BD, 0xB6BD, 0xB6BD, 0xB6BD, 0xB6BD, 0xB6BC, 0xB6BC, 0xB2BC, 0xB2BC, 0xB6BD, 0xB6DE, 0xB6DE, 0xB6DE, 0xBABD, 0xBABD, 0xBABC,
  0xBEDD, 0xA5B3, 0x992D, 0x9D4F, 0x9D4E, 0xA9D3, 0xBEFE, 0xB6BD, 0xB6BD, 0xB6BD, 0xB6BD, 0xB6BD, 0xB6BD, 0xB6BD, 0xB6BD, 0xB29C,
  0xAE7B, 0xAA5A, 0xAA3A, 0xAA3A, 0xA619, 0xAA1A, 0xA619, 0xAE39, 0x950D, 0xA193, 0x990D, 0x9088, 0xAE3A, 0xA9F6, 0x8824, 0x9D50,
  0x990E, 0x8822, 0x9905, 0x9568, 0x9E51, 0x9569, 0x9549, 0x9A11, 0x95CD, 0x95CC, 0x95AB, 0x99F0, 0x9128, 0x90A8, 0x9D0E, 0x9488,
  0x8C23, 0x8C23, 0x8C23, 0x8C23, 0x8C23, 0x8C23, 0x8C22, 0x9044, 0x9044, 0x8C22, 0x8C23, 0x8C22, 0x8C22, 0x8C43, 0x8C23, 0x8C23,
  0xD260, 0xD260, 0xD260, 0xD260, 0xD260, 0xD260, 0xD260, 0xCE60, 0xCE60, 0xD2A3, 0xE32C, 0xEFB4, 0xFBFA, 0xFBFB, 0xF7FA, 0xEF75,
  0xD268, 0xDEED, 0xDECD, 0xBDC2, 0xBD80, 0xC1A0, 0xC1A0, 0xC5C0, 0xC5C0, 0xC1C0, 0xC1C0, 0xC5E0, 0xCA40, 0xD685, 0xD263, 0xD261,
  0xD281, 0xCE40, 0xCE40, 0xCE60, 0xD260, 0xD260, 0xD260, 0xD260, 0xD260, 0xD260, 0xD240, 0xD240, 0xD240, 0xD240, 0xD240, 0xD260,
  0xD260, 0xD260, 0xD260, 0xD240, 0xCE40, 0xCE40, 0xCE60, 0xD281, 0xD281, 0xD281, 0xD6C3, 0xD705, 0xD705, 0xD705, 0xD6E5, 0xD6E4,
  0xD704, 0xDB05, 0xDB05, 0xD6E4, 0xD281, 0xD281, 0xD281, 0xD281, 0xD281, 0xD281, 0xD260, 0xD261, 0xCE40, 0xCE40, 0xCE40, 0xCE40,
  0xD260, 0xD260, 0xCE40, 0xCE40, 0xD281, 0xD2A3, 0xEB4E, 0xF7D6, 0xEF71, 0xEB50, 0xEF52, 0xCE27, 0xCE26, 0xC5C2, 0xB960, 0xC1C0,
  0xC1C0, 0xCA00, 0xCE40, 0xD260, 0xCE60, 0xCE40, 0xCE40, 0xD260, 0xD281, 0xD6E4, 0xD725, 0xDB26, 0xDB29, 0xDB28, 0xDF29, 0xEF91,
  0xEF92, 0xEF92, 0xE76F, 0xE34C, 0xDB27, 0xD2E3, 0xDB28, 0xEB91, 0xF3B5, 0xFBF9, 0xFBFA, 0xEF74, 0xC5E4, 0xBD80, 0xC1C0, 0xC5E0,
  0xCE40, 0xD260, 0xCE40, 0xCE60, 0xD6C3, 0xD6E4, 0xDB05, 0xDB26, 0xDB25, 0xDB26, 0xD705, 0xD726, 0xDB25, 0xD705, 0xD304, 0xD704,
  0xD704, 0xD2E4, 0xD707, 0xD708, 0xEB6F, 0xF3B4, 0xFBF8, 0xEB98, 0xBE75, 0xB1F5, 0xA5D5, 0x9D95, 0xA1B5, 0xA1B6, 0xA5D6, 0xA5D7,
  0xAA19, 0xAA39, 0xAE3A, 0xAE5B, 0xB27C, 0xB6BD, 0xB6BD, 0xB6BD, 0xB6BD, 0xB6BD, 0xB6BD, 0xB6BD, 0xB6BD, 0xB6BD, 0xB6BD, 0xB6BD,
  0xB6BD, 0xB6BD, 0xB6BD, 0xB6BD, 0xB6BD, 0xBAFE, 0xBAFF, 0xBAFE, 0xBAFF, 0xB27A, 0xAE36, 0xAE37, 0xAE16, 0x94EB, 0x94CB, 0x94EB,
  0x98EC, 0xA172, 0xA173, 0xA172, 0x990D, 0x9089, 0x9D4E, 0xBABC, 0xB6BD, 0xB6BD, 0xB6DD, 0xB6DD, 0xB6BD, 0xB29C, 0xB27C, 0xAA3A,
  0xA619, 0xA619, 0xA5F9, 0xA619, 0xAA3A, 0xAA3A, 0xB27C, 0x9D71, 0x992F, 0xA172, 0x90A8, 0x90CA, 0xB25B, 0x990C, 0x9065, 0x9D50,
  0x990E, 0x8C22, 0x9505, 0x9568, 0x9E51, 0x9527, 0x956A, 0x9A32, 0x95EE, 0x95A8, 0x9589, 0xA253, 0x8CE6, 0x94CA, 0x9D2F, 0x9487,
  0x8C23, 0x8C23, 0x8C23, 0x8C43, 0x8C23, 0x8C22, 0x8C22, 0x9044, 0x9044, 0x8C43, 0x9065, 0x9044, 0x8C23, 0x8C22, 0x9065, 0x9486,
  0xD260, 0xD280, 0xCE81, 0xCE80, 0xCE80, 0xCE80, 0xCE81, 0xDF2A, 0xE76E, 0xEB91, 0xFBF8, 0xF7D7, 0xDEEE, 0xE2EF, 0xDAAC, 0xC1A0,
  0xC180, 0xC1A0, 0xC5E0, 0xC5E0, 0xCA00, 0xCA00, 0xCA00, 0xCE40, 0xCE60, 0xCE60, 0xCE60, 0xCE60, 0xD281, 0xCE60, 0xCE60, 0xD260,
  0xD260, 0xD260, 0xD260, 0xD260, 0xD260, 0xD260, 0xD260, 0xD260, 0xD260, 0xD260, 0xD260, 0xD260, 0xD260, 0xD260, 0xD260, 0xD260,
  0xD260, 0xCE40, 0xD281, 0xD2A2, 0xD2A2, 0xD2A2, 0xD6E5, 0xDB26, 0xDB26, 0xDB26, 0xDB46, 0xDB47, 0xDB47, 0xDB46, 0xDB26, 0xDB26,
  0xDB26, 0xD6E4, 0xD6E4, 0xD6E4, 0xD6E4, 0xD6E3, 0xD6C3, 0xD6C3, 0xD6C3, 0xD6C3, 0xD6C3, 0xD6C4, 0xD281, 0xCE40, 0xD260, 0xD260,
  0xD260, 0xCE60, 0xDEE8, 0xDF09, 0xE74D, 0xF3B3, 0xDEED, 0xE710, 0xD669, 0xC1C1, 0xC1A0, 0xC180, 0xC5C0, 0xC5E0, 0xCA00, 0xCE60,
  0xCE60, 0xD260, 0xD260, 0xCE40, 0xCE40, 0xD281, 0xD2A2, 0xD2C3, 0xDB26, 0xDB26, 0xD726, 0xDB27, 0xEB8F, 0xEB8F, 0xDF29, 0xD707,
  0xD707, 0xDB07, 0xD6E5, 0xDF4A, 0xE34D, 0xE76F, 0xF7F7, 0xFBFA, 0xF7D7, 0xDEED, 0xE2EE, 0xDAA9, 0xC1C0, 0xCE41, 0xCE40, 0xCE40,
  0xCE40, 0xCE61, 0xD282, 0xD6E4, 0xD706, 0xD726, 0xD726, 0xD726, 0xDB26, 0xDB26, 0xDB05, 0xD705, 0xD704, 0xD304, 0xDF29, 0xE34D,
  0xE34C, 0xE34B, 0xF3B4, 0xF7D8, 0xFBF9, 0xE357, 0xC696, 0xA9D4, 0x9D94, 0x9D94, 0xA195, 0xA1B5, 0xA1B6, 0xA5F8, 0xA618, 0xAE3A,
  0xAE5B, 0xB29C, 0xB6BD, 0xB6BD, 0xB6BD, 0xB6BD, 0xB6BC, 0xB6BC, 0xB2BD, 0xB6BD, 0xB6BD, 0xB6BD, 0xB6BD, 0xB6BD, 0xB6BD, 0xB6BD,
  0xB6DD, 0xBADE, 0xBAFE, 0xBADE, 0xBEFE, 0xA9F4, 0xA190, 0xA191, 0xA5B1, 0x992E, 0x94EB, 0x94EC, 0x94EC, 0x9D94, 0x9D95, 0xA195,
  0x9D73, 0x9D73, 0x9D72, 0x9D30, 0x990E, 0x98EC, 0x8824, 0xA9F4, 0xBEFF, 0xB2BC, 0xAE7B, 0xAE7B, 0xAA5B, 0xA61A, 0xAA1A, 0xAA1A,
  0xAA3A, 0xAA19, 0xAA3A, 0xAE5B, 0xB29C, 0xB6BD, 0xB67B, 0x990D, 0xA193, 0x9D2F, 0x8844, 0xA9F6, 0x9D50, 0x9087, 0x8C45, 0x9D50,
  0x990E, 0x8C23, 0x9083, 0x99CC, 0x99EE, 0x9505, 0x956A, 0x9A10, 0x99EF, 0x9989, 0x9127, 0xA254, 0x9107, 0x94CA, 0x9D2F, 0x9487,
  0x8C23, 0x8C23, 0x8C23, 0x9065, 0x9044, 0x8C45, 0x9065, 0x8C44, 0x8822, 0x8C22, 0x8C22, 0x9487, 0x9487, 0x9065, 0x9065, 0x8C43,
  0xDB06, 0xDF4B, 0xF3B4, 0xF3D4, 0xF3B4, 0xEFB3, 0xF3D4, 0xF3D6, 0xF7D7, 0xF7D7, 0xDACD, 0xC5E4, 0xB980, 0xBD80, 0xBD80, 0xC1A0,
  0xCE21, 0xCE21, 0xD260, 0xD680, 0xD280, 0xD280, 0xD280, 0xD260, 0xD281, 0xD6C5, 0xD6E5, 0xD2C4, 0xCE61, 0xD281, 0xD281, 0xD281,
  0xD260, 0xD260, 0xD260, 0xD260, 0xD260, 0xD260, 0xD260, 0xD260, 0xD260, 0xD260, 0xD260, 0xD260, 0xD260, 0xD260, 0xD260, 0xCE40,
  0xD281, 0xD6C3, 0xD6E4, 0xDB26, 0xDB26, 0xDB26, 0xD6E5, 0xD2A2, 0xD2A2, 0xD2A1, 0xD2A1, 0xD6A2, 0xD2A2, 0xD2A2, 0xD2A2, 0xD2A2,
  0xD2A1, 0xD260, 0xD260, 0xD260, 0xD260, 0xD260, 0xD260, 0xD260, 0xD260, 0xD260, 0xCE60, 0xCE40, 0xCE60, 0xD260, 0xD260, 0xD260,
  0xCE60, 0xCE61, 0xE32C, 0xEB4E, 0xD267, 0xCA04, 0xBD80, 0xC180, 0xC1A0, 0xC1A0, 0xC5C0, 0xCE41, 0xD260, 0xD280, 0xD260, 0xD260,
  0xD260, 0xD260, 0xCE60, 0xD6C3, 0xD6E4, 0xD705, 0xDB26, 0xD726, 0xD705, 0xD726, 0xDB26, 0xDB26, 0xD707, 0xDB27, 0xDB27, 0xD726,
  0xD725, 0xD726, 0xE76E, 0xF3B6, 0xF7D7, 0xDECC, 0xD669, 0xD689, 0xD667, 0xC9E0, 0xC5E0, 0xCA00, 0xD260, 0xCE60, 0xD282, 0xD6E4,
  0xD6C4, 0xD6E5, 0xD726, 0xD706, 0xD706, 0xD706, 0xD305, 0xD705, 0xD705, 0xD705, 0xD706, 0xDB2A, 0xE76E, 0xE76E, 0xF7D5, 0xFFFA,
  0xF3B9, 0xF7D9, 0xDF38, 0xBA35, 0xBA55, 0xA5D4, 0x9974, 0x9D95, 0xA5D7, 0xA5F8, 0xA5F8, 0xA5F8, 0xAA19, 0xAA5B, 0xAA3A, 0xAE5B,
  0xB6BD, 0xB6DD, 0xB6BD, 0xB6BD, 0xB6BD, 0xB6BC, 0xB6BD, 0xBAFF, 0xBADE, 0xB27A, 0xB27A, 0xB27A, 0xB27A, 0xB27A, 0xB27A, 0xB69B,
  0xAE16, 0x990C, 0x990D, 0x990D, 0x990D, 0x9D50, 0xA171, 0x9D51, 0x9D50, 0xA1B5, 0xA1D7, 0xA1B5, 0xA194, 0x9930, 0x9951, 0x9951,
  0x9930, 0x990E, 0x94EC, 0x9488, 0x94AA, 0x98ED, 0x98EC, 0x9088, 0xB679, 0xB6DD, 0xB27C, 0xB27C, 0xB27C, 0xB29C, 0xB29C, 0xB29C,
  0xB29C, 0xB27C, 0xB6BC, 0xB6BD, 0xB2BC, 0xB6DE, 0xA9F4, 0x94EC, 0xA5B5, 0x94C9, 0x94EB, 0xA9D6, 0x94CA, 0x9D0D, 0x90A9, 0x9D2F,
  0x990E, 0x9087, 0x8C63, 0x99CD, 0x958A, 0x94E4, 0x996A, 0x95AB, 0x99EF, 0x90E6, 0x9528, 0xA275, 0x9549, 0x94CB, 0x9D2F, 0x9487,
  0x8C23, 0x8C43, 0x8C22, 0x8C44, 0x9487, 0x94A8, 0x9065, 0x9065, 0x9486, 0x9086, 0x9486, 0x9045, 0x9065, 0x94A8, 0x98A8, 0x9466,
  0xEB51, 0xEB52, 0xEF74, 0xEF74, 0xEF74, 0xEF74, 0xEF73, 0xD246, 0xC1C1, 0xC1C2, 0xBD80, 0xB980, 0xC1A0, 0xC1A0, 0xC5E0, 0xCE41,
  0xD680, 0xD680, 0xD260, 0xD260, 0xD260, 0xD260, 0xD260, 0xD260, 0xD280, 0xD281, 0xD2C3, 0xD2A2, 0xD260, 0xD260, 0xD260, 0xD260,
  0xD260, 0xD260, 0xD260, 0xD260, 0xD260, 0xD260, 0xD260, 0xCE40, 0xCE60, 0xCE60, 0xCE61, 0xCE81, 0xD281, 0xD2A2, 0xD2A2, 0xD2A2,
  0xD2A2, 0xD2A3, 0xD2A3, 0xD2A2, 0xD260, 0xD260, 0xD260, 0xCE40, 0xCE40, 0xCE40, 0xCE40, 0xCE40, 0xD260, 0xD240, 0xD260, 0xD260,
  0xD260, 0xD260, 0xD260, 0xD260, 0xD260, 0xD260, 0xD260, 0xD260, 0xD260, 0xD260, 0xD680, 0xD680, 0xD280, 0xD260, 0xD260, 0xCA20,
  0xCA20, 0xCA21, 0xBDA0, 0xC1A0, 0xC1A0, 0xC1A0, 0xC5E0, 0xCE41, 0xD260, 0xD260, 0xD260, 0xD280, 0xD260, 0xD260, 0xD280, 0xD281,
  0xD6C3, 0xDB05, 0xD705, 0xD726, 0xD726, 0xD705, 0xD705, 0xD705, 0xD705, 0xD705, 0xD704, 0xD707, 0xEFB1, 0xEB70, 0xE72C, 0xD6C4,
  0xD6C5, 0xD2C5, 0xDF0B, 0xC5E4, 0xC5C1, 0xC1A0, 0xC5C0, 0xC5E0, 0xCE20, 0xD280, 0xD260, 0xD260, 0xD281, 0xD705, 0xDB26, 0xDB26,
  0xDB26, 0xD726, 0xD725, 0xD705, 0xD2E4, 0xD306, 0xDF2B, 0xDF2A, 0xDF2A, 0xE36C, 0xF7D5, 0xFBF8, 0xFBFA, 0xE359, 0xE359, 0xD2F7,
  0xA9D4, 0xADF5, 0xA9D6, 0xA1B7, 0x9DB6, 0xA5F8, 0xAA3A, 0xAA1A, 0xAA1A, 0xAA5B, 0xAE5B, 0xAE5B, 0xB6BC, 0xB2BC, 0xB29C, 0xB6BD,
  0xB6BD, 0xB6BD, 0xB6BD, 0xB6BD, 0xB6BD, 0xB6DD, 0xB69B, 0xA9D3, 0xA9B2, 0x94EC, 0x94EC, 0x94EB, 0x94EB, 0x94CB, 0x94EB, 0x94CA,
  0x990E, 0xA194, 0x9DB5, 0x9D94, 0x9D72, 0x9D73, 0x9D73, 0x9D73, 0x9D94, 0x9D73, 0x9D72, 0x9530, 0x9D73, 0x9D51, 0x990D, 0x98EC,
  0x94CB, 0x98EC, 0x94CB, 0x94AA, 0x98CA, 0x94CA, 0x9D0D, 0x9046, 0xA191, 0xBAFF, 0xB6BD, 0xB6DD, 0xB6DD, 0xB6BD, 0xB6BD, 0xB6BD,
  0xB6DD, 0xB6DD, 0xB6BD, 0xB6BD, 0xB6BD, 0xB27B, 0x990C, 0x990E, 0x9D50, 0x9087, 0xA193, 0xA5D6, 0x90CA, 0xA172, 0x990E, 0x98EB,
  0x990D, 0x94C9, 0x8C64, 0x99AB, 0x9589, 0x90C4, 0x90C5, 0x9589, 0x99AD, 0x90A4, 0x9549, 0xA274, 0x9108, 0x94CA, 0x9D2F, 0x9487,
  0x8C23, 0x9487, 0x8C44, 0x9487, 0x9087, 0x8C44, 0x9086, 0x94A8, 0x94A9, 0x94A9, 0x98A9, 0x94A8, 0x9488, 0x98A9, 0x9066, 0x9065,
  0xC1A0, 0xC1A0, 0xBD80, 0xBD80, 0xBD80, 0xBD80, 0xC1A0, 0xC1A0, 0xC1A0, 0xC1A0, 0xC1A0, 0xC1A0, 0xCA00, 0xCA00, 0xCA01, 0xCA00,
  0xC9E0, 0xCA00, 0xD260, 0xD260, 0xD260, 0xD260, 0xD280, 0xD260, 0xD280, 0xD280, 0xD280, 0xD280, 0xD280, 0xD260, 0xCE60, 0xD281,
  0xCA00, 0xCA20, 0xCE60, 0xCE60, 0xCE60, 0xCE60, 0xD2A2, 0xD6C4, 0xD6C3, 0xD6E4, 0xDB05, 0xDB05, 0xD2A2, 0xD6C3, 0xD6E3, 0xDAE3,
  0xDAE3, 0xD6C3, 0xD6C3, 0xD6C3, 0xD281, 0xD280, 0xD281, 0xD6A2, 0xD6A2, 0xD6C3, 0xD6E4, 0xD6C3, 0xD260, 0xD260, 0xD260, 0xD260,
  0xD260, 0xD260, 0xD260, 0xD260, 0xD260, 0xD260, 0xD260, 0xD260, 0xD260, 0xCE20, 0xCA00, 0xCA00, 0xCA00, 0xCA00, 0xCA00, 0xCA00,
  0xCA00, 0xCA00, 0xCA20, 0xCE40, 0xD260, 0xD260, 0xD260, 0xD260, 0xD260, 0xD260, 0xD260, 0xD260, 0xD260, 0xD281, 0xDB05, 0xDB26,
  0xDB26, 0xD726, 0xD726, 0xD726, 0xD705, 0xD705, 0xD705, 0xD705, 0xD2E5, 0xDB29, 0xE76E, 0xEB6E, 0xD286, 0xCA00, 0xCA00, 0xCA00,
  0xCA00, 0xC9E0, 0xC5E0, 0xC9E0, 0xCA00, 0xCE20, 0xD260, 0xD260, 0xD280, 0xD260, 0xD260, 0xCE60, 0xD6E5, 0xD726, 0xD726, 0xD705,
  0xD725, 0xD705, 0xD705, 0xDF2A, 0xEB8F, 0xEB91, 0xFBF8, 0xF7D8, 0xF3D9, 0xD2F7, 0xCAB7, 0xCED7, 0xC276, 0xA193, 0x9D94, 0xA1B5,
  0xAA18, 0xA5F8, 0xAA19, 0xAE5B, 0xAE5B, 0xAA3A, 0xAA3A, 0xAA3A, 0xAE5B, 0xB6BC, 0xB6DD, 0xB6DD, 0xB6DD, 0xB6DD, 0xB6BD, 0xB6BD,
  0xB6BD, 0xB6BD, 0xB2BD, 0xB6BD, 0xB6BD, 0xBADC, 0xA170, 0x94ED, 0x990E, 0x9D50, 0xA194, 0x9D71, 0x9D71, 0xA1B6, 0xA1B6, 0x9D72,
  0x9951, 0x9973, 0x9DB6, 0x9D94, 0x9D72, 0x9D30, 0x9D30, 0x9D30, 0x992F, 0x990F, 0x9D31, 0x9D30, 0x94EE, 0x98ED, 0x94A9, 0x94CA,
  0x9D0D, 0x990C, 0x98EB, 0x98CB, 0x94A8, 0x9487, 0x98A9, 0x9044, 0xA5B1, 0xBAFF, 0xB2BC, 0xB6BD, 0xB6BD, 0xB6BD, 0xB6BD, 0xB6BD,
  0xB6BD, 0xB6BD, 0xB6BD, 0xB6BD, 0xB29C, 0xB25A, 0x90CA, 0xA151, 0x9088, 0x90A9, 0xA9F8, 0xA1D6, 0xA5D6, 0xA5F7, 0x992F, 0x8823,
  0x9066, 0x9065, 0x8C43, 0x9989, 0x9548, 0x8C42, 0x90C4, 0x99AA, 0x996B, 0x90A3, 0x9569, 0x9E54, 0x90C7, 0x94A9, 0x9D0D, 0x9487,
  0x8C44, 0x94A8, 0x94A9, 0x94A8, 0x94A8, 0x94A8, 0x94A9, 0x94A9, 0x94A9, 0x94A9, 0x94A9, 0x94A9, 0x94A9, 0x94A9, 0x94A9, 0x94A9,
  0xC1A0, 0xC1A0, 0xC1A0, 0xC1A0, 0xC5A0, 0xC5A0, 0xC5C0, 0xC5C0, 0xCE20, 0xCE40, 0xCE40, 0xCE40, 0xD260, 0xD260, 0xCE20, 0xCE20,
  0xCE20, 0xCE40, 0xD280, 0xD280, 0xD280, 0xD280, 0xD280, 0xD280, 0xD280, 0xD280, 0xD280, 0xD280, 0xD260, 0xD281, 0xD281, 0xD282,
  0xCE61, 0xD2C4, 0xDB05, 0xDB05, 0xD705, 0xD6E4, 0xD705, 0xDB05, 0xD2A2, 0xD2A1, 0xD2A1, 0xD281, 0xD260, 0xCE60, 0xD260, 0xD260,
  0xD260, 0xD260, 0xCE40, 0xCE40, 0xD260, 0xD280, 0xD280, 0xD281, 0xD2A1, 0xD281, 0xD2A1, 0xD281, 0xD260, 0xD260, 0xD260, 0xD260,
  0xD260, 0xD260, 0xD260, 0xD260, 0xD260, 0xD260, 0xD260, 0xD260, 0xD260, 0xCE40, 0xCE21, 0xCE21, 0xCE21, 0xCE21, 0xCE20, 0xD260,
  0xD280, 0xD260, 0xD260, 0xCE40, 0xCE40, 0xCE40, 0xCE40, 0xCE60, 0xCE60, 0xD6C3, 0xD6E5, 0xD6E4, 0xDB04, 0xDB05, 0xDB26, 0xD726,
  0xDB26, 0xD725, 0xD704, 0xD704, 0xD705, 0xDB26, 0xDB28, 0xE36E, 0xF3D5, 0xF7D7, 0xE30C, 0xD244, 0xC5E0, 0xCA00, 0xCE00, 0xCE20,
  0xD240, 0xD240, 0xD240, 0xD260, 0xD260, 0xD260, 0xD260, 0xD260, 0xD260, 0xD260, 0xD6C3, 0xDB05, 0xDB26, 0xD725, 0xD705, 0xDB07,
  0xDB28, 0xE34D, 0xF3B4, 0xFBF7, 0xF3BA, 0xEB99, 0xE778, 0xBA35, 0xB1F5, 0xA194, 0x9974, 0x9974, 0x9D95, 0xAA19, 0xAA1A, 0xAA3A,
  0xAE5B, 0xAA5B, 0xAA5B, 0xAA3A, 0xAE5B, 0xB29C, 0xB29C, 0xB29C, 0xAE7B, 0xAA5B, 0xAA5B, 0xAE5B, 0xAE5B, 0xAE5B, 0xAE5B, 0xAA3A,
  0xAE5B, 0xB29C, 0xB2BD, 0xB2BD, 0xB6DE, 0xAE37, 0x9950, 0xAA1A, 0x9D93, 0x992F, 0x990D, 0x9D50, 0x9951, 0x9D72, 0x9952, 0x9952,
  0x9D52, 0x9D51, 0x9D51, 0x94EC, 0x98ED, 0x98EC, 0x98EC, 0x98ED, 0x98ED, 0x98ED, 0x98EC, 0x98EC, 0x98CA, 0x98CA, 0x98CB, 0x94A8,
  0x9065, 0x9065, 0x9066, 0x9487, 0x9487, 0x9487, 0x9486, 0x8C23, 0xA592, 0xB6BD, 0xBADD, 0xBADE, 0xBADE, 0xB6BD, 0xB6BD, 0xB6BD,
  0xB6BD, 0xB6BD, 0xB6BD, 0xB6BC, 0xB29C, 0xB6BD, 0xA9F5, 0x90CA, 0x9D4F, 0xA193, 0xA1B5, 0xA194, 0x9D94, 0x9D94, 0xA173, 0x9D50,
  0x990C, 0x8C65, 0x9086, 0x90E6, 0x9526, 0x9064, 0x94E6, 0x9DA9, 0x9508, 0x9483, 0x998A, 0x9DEF, 0x8C85, 0x94AA, 0x9D0D, 0x9086,
  0x9065, 0x98A9, 0x94A9, 0x94A9, 0x94A9, 0x94A9, 0x94A9, 0x94A9, 0x94A9, 0x94A9, 0x94A8, 0x94A8, 0x94A8, 0x94A8, 0x94A9, 0x94A8,
  0xC9E0, 0xCA00, 0xC5C0, 0xC1A0, 0xC1A0, 0xC1A0, 0xC1C0, 0xCE40, 0xD260, 0xD260, 0xD260, 0xD260, 0xD260, 0xD260, 0xD260, 0xD260,
  0xD260, 0xD260, 0xD260, 0xD260, 0xD260, 0xD260, 0xD260, 0xD260, 0xD260, 0xD260, 0xD260, 0xD260, 0xD260, 0xD6E4, 0xDAE4, 0xD6E4,
  0xDB05, 0xD6E5, 0xD6C3, 0xD6C4, 0xD6E4, 0xD6A2, 0xD260, 0xD260, 0xD260, 0xD260, 0xD260, 0xD260, 0xD260, 0xD260, 0xD260, 0xCE60,
  0xCE40, 0xDAA5, 0xDEE9, 0xDEE9, 0xDAC6, 0xCE40, 0xD260, 0xD260, 0xD260, 0xD260, 0xD260, 0xD260, 0xD260, 0xD260, 0xD260, 0xD260,
  0xD260, 0xD260, 0xD260, 0xD260, 0xD260, 0xD260, 0xD260, 0xD260, 0xD260, 0xD260, 0xD260, 0xD260, 0xD260, 0xD260, 0xD260, 0xD260,
  0xD260, 0xD260, 0xD260, 0xD6A2, 0xD282, 0xD282, 0xD282, 0xD6E5, 0xD706, 0xD706, 0xD706, 0xD726, 0xDB26, 0xD726, 0xD725, 0xD725,
  0xD704, 0xD706, 0xE34C, 0xE36E, 0xE76E, 0xD2A3, 0xE72C, 0xE74E, 0xEB4F, 0xE30B, 0xCA40, 0xCA00, 0xCE40, 0xCE60, 0xD260, 0xD260,
  0xD260, 0xD260, 0xD260, 0xCE60, 0xCE40, 0xCE40, 0xCE40, 0xCE40, 0xD282, 0xD6E4, 0xDB26, 0xDB26, 0xD726, 0xDB28, 0xDF4B, 0xF3B5,
  0xF3D7, 0xFBF9, 0xF3DA, 0xDF39, 0xB636, 0xA1B5, 0xA5D5, 0xA195, 0x9D95, 0xA1B5, 0xA5F7, 0xAE3B, 0xAA3B, 0xAA3B, 0xAA3B, 0xAA3B,
  0xAA3A, 0xAA3A, 0xAA3A, 0xAA3A, 0xAA3A, 0xAA3B, 0xAA3B, 0xAA3A, 0xAA3A, 0xA61A, 0xA61A, 0xAA1A, 0xAA3A, 0xA61A, 0xAA3A, 0xAE5B,
  0xB29C, 0xB6BD, 0xB2BC, 0xB2BC, 0xBADD, 0x992E, 0xA5F7, 0x9973, 0xA1B6, 0xA5B5, 0x90A9, 0x98CB, 0x98EC, 0x990E, 0x990E, 0x9D51,
  0x992F, 0x94CA, 0x94CB, 0x98EB, 0x98EC, 0x94CA, 0x98CA, 0x98ED, 0x9D2F, 0x9CED, 0x98A9, 0x98A8, 0x98A9, 0x98C9, 0x98A9, 0x98A8,
  0x98A8, 0x98A7, 0x9486, 0x8C44, 0x8C23, 0x8C22, 0x8C45, 0x94CB, 0x9D72, 0x9D93, 0xAE38, 0xAA38, 0xAE39, 0xB69C, 0xB6BD, 0xB6BD,
  0xB6BD, 0xB6BD, 0xB6BD, 0xB6BD, 0xB6BD, 0xB6BD, 0xBADD, 0xB69B, 0xB25A, 0xB6BD, 0xB69C, 0xAA18, 0xA9F7, 0xA5F7, 0xA1B5, 0xA1B6,
  0xA1B5, 0xA194, 0xA193, 0x94EC, 0x94EB, 0x98EA, 0x94E6, 0x9507, 0x9086, 0x9065, 0x9507, 0x9928, 0x8821, 0x98CA, 0x98ED, 0x9066,
  0x9065, 0x98A9, 0x94A9, 0x94A9, 0x94A9, 0x94A9, 0x94A8, 0x94A9, 0x94A8, 0x94AA, 0x98CB, 0x98CB, 0x98CB, 0x94A9, 0x9488, 0x94A9,
  0xD260, 0xD260, 0xD260, 0xCE40, 0xCE40, 0xCE40, 0xCE40, 0xD240, 0xD260, 0xD260, 0xD260, 0xD260, 0xD260, 0xD260, 0xD260, 0xD260,
  0xD260, 0xD260, 0xD260, 0xD260, 0xD260, 0xD260, 0xD260, 0xD260, 0xD260, 0xD260, 0xD260, 0xD260, 0xD260, 0xD260, 0xD260, 0xD260,
  0xD281, 0xD260, 0xCE40, 0xCE40, 0xCE40, 0xD240, 0xD260, 0xD260, 0xD260, 0xD260, 0xD260, 0xD260, 0xD260, 0xD260, 0xCE60, 0xD6A5,
  0xE72D, 0xF3B5, 0xFBF9, 0xFFFB, 0xFBD8, 0xEF92, 0xE72E, 0xD262, 0xD281, 0xD260, 0xD260, 0xD260, 0xD260, 0xD260, 0xD260, 0xD260,
  0xD260, 0xD260, 0xD260, 0xD260, 0xD260, 0xD260, 0xD260, 0xD280, 0xD6C4, 0xD6E4, 0xD6E4, 0xD6E4, 0xD6E4, 0xD6E4, 0xD6E4, 0xD6E4,
  0xD6E4, 0xD6E4, 0xD6E4, 0xDB26, 0xDB26, 0xDB26, 0xDB26, 0xD706, 0xD706, 0xD706, 0xD706, 0xD705, 0xD304, 0xD706, 0xDB07, 0xDF2A,
  0xEB90, 0xEB92, 0xFBF9, 0xFBFA, 0xEF72, 0xCE40, 0xD260, 0xCE40, 0xCE40, 0xCE60, 0xD260, 0xD260, 0xD260, 0xD260, 0xD260, 0xD260,
  0xD260, 0xD260, 0xD260, 0xD6A3, 0xD6C3, 0xD6C4, 0xD6C3, 0xD6C4, 0xD706, 0xD726, 0xD706, 0xD706, 0xD705, 0xE76E, 0xF7D7, 0xF3D8,
  0xF7D8, 0xD6F6, 0xB215, 0x9D94, 0x9D95, 0xA1B6, 0xA1B6, 0xA5B6, 0xA1B6, 0xA1B5, 0xA5D7, 0xA5D7, 0xA5D7, 0xAA1A, 0xAA3A, 0xAA3B,
  0xAA3B, 0xAA3A, 0xAA3A, 0xAA3A, 0xAA3A, 0xAA3A, 0xAA3A, 0xAA3A, 0xAA3A, 0xAA3A, 0xAA3A, 0xAA3A, 0xAA3A, 0xAE5B, 0xB29C, 0xB6BD,
  0xB6BD, 0xB2BD, 0xB2BD, 0xB2BD, 0xBADD, 0x992C, 0xA1B4, 0x9D95, 0xAA5B, 0xA1B5, 0x992E, 0x9045, 0x9CEC, 0x98ED, 0x98EC, 0x98EB,
  0x98EC, 0x98CA, 0x98CA, 0x98CB, 0x98EB, 0x98CA, 0x98CA, 0x98CB, 0x98A9, 0x9888, 0x9887, 0x9465, 0x9465, 0x9486, 0x9465, 0x9044,
  0x8C44, 0x8C43, 0x9066, 0x98EB, 0x98EB, 0x98EB, 0x9D2F, 0x9D72, 0x9D51, 0x9D51, 0x9951, 0x9D72, 0x9951, 0xAE39, 0xBADE, 0xB6BD,
  0xB6BD, 0xB6BD, 0xB6BD, 0xAE5B, 0xAA3A, 0xAE7B, 0xB6BD, 0xB6BD, 0xB6BD, 0xB6BD, 0xB6BD, 0xB6DD, 0xB6DD, 0xB6BD, 0xB27C, 0xB27B,
  0xAE7B, 0xAE7B, 0xB27C, 0xB69D, 0xB25A, 0x9D72, 0x9D71, 0x994F, 0xA173, 0xA171, 0x98EA, 0x8C64, 0x8C44, 0x9066, 0x98A9, 0x9065,
  0x9066, 0x98CA, 0x98EC, 0x9D0E, 0x9D0E, 0x9D0E, 0x9D0E, 0x9D0E, 0x990D, 0x9D2F, 0x9D50, 0x9D30, 0x9D30, 0x9D2E, 0x98EC, 0x9D0E,
  0xD260, 0xD260, 0xD260, 0xD260, 0xD260, 0xD260, 0xD260, 0xD260, 0xD260, 0xD260, 0xD260, 0xD260, 0xD260, 0xD260, 0xD260, 0xD260,
  0xD260, 0xD260, 0xD260, 0xD240, 0xD240, 0xCE60, 0xD260, 0xD260, 0xD260, 0xD260, 0xD260, 0xD260, 0xD260, 0xD260, 0xD260, 0xD260,
  0xD260, 0xD260, 0xD260, 0xD260, 0xD260, 0xD260, 0xD260, 0xD260, 0xD260, 0xCE40, 0xD260, 0xD2A2, 0xD6E4, 0xDB07, 0xEB92, 0xF3D7,
  0xFBFA, 0xFBF9, 0xF3B6, 0xE731, 0xEB52, 0xEB73, 0xFBF9, 0xFBF9, 0xF7D6, 0xDAC7, 0xDAA6, 0xDAA5, 0xCE40, 0xCE40, 0xCE40, 0xCE40,
  0xCE40, 0xCE40, 0xCE40, 0xCE40, 0xCE40, 0xCE40, 0xCE40, 0xD281, 0xD6E3, 0xD704, 0xDB05, 0xDB05, 0xDB26, 0xDB47, 0xDB26, 0xDB26,
  0xD726, 0xDB26, 0xDB26, 0xD705, 0xDB25, 0xDB25, 0xD705, 0xD704, 0xD304, 0xD305, 0xD2E4, 0xDB28, 0xDF2A, 0xE76E, 0xF7D6, 0xF3D7,
  0xF7F9, 0xF7F9, 0xDACD, 0xC1C3, 0xC5E2, 0xCA00, 0xCE41, 0xD260, 0xD260, 0xD260, 0xD260, 0xD260, 0xD260, 0xD260, 0xD260, 0xD260,
  0xD260, 0xCE40, 0xCE60, 0xD2A2, 0xD2A3, 0xD705, 0xDB26, 0xD725, 0xD305, 0xD304, 0xD705, 0xD706, 0xD305, 0xD707, 0xEFB4, 0xF7F8,
  0xF3D7, 0xE777, 0xB635, 0xB215, 0xB215, 0xA5B5, 0xA5B6, 0xA5B6, 0xA1B6, 0xA1B6, 0xA1B5, 0xA195, 0xA1B5, 0xA1B5, 0xA5F8, 0xAA19,
  0xAA3A, 0xAA3B, 0xAA3A, 0xAA3A, 0xAA3A, 0xAA3A, 0xAA3A, 0xAA3A, 0xAA3A, 0xAA3A, 0xAA3A, 0xAA3A, 0xAE7B, 0xB6BD, 0xB6BD, 0xB6BD,
  0xB6BD, 0xB6BD, 0xB2BD, 0xB2BD, 0xB6DD, 0x94EB, 0xA194, 0x9D94, 0xAA3A, 0x9D95, 0xA9F7, 0x9487, 0x98C9, 0x98A9, 0x9466, 0x9466,
  0x9466, 0x9066, 0x9487, 0x98A9, 0x98A8, 0x9887, 0x9065, 0x8C43, 0x9044, 0x9043, 0x9044, 0x9086, 0x9086, 0x9066, 0x94CA, 0xA150,
  0x9D50, 0x9D2F, 0x9D2F, 0x9D72, 0x9D72, 0x9D51, 0xA194, 0xA1B5, 0xA1B5, 0xA194, 0xAA18, 0xB6BC, 0xB69B, 0xB6BC, 0xB6BD, 0xB6BD,
  0xB6BD, 0xB6BD, 0xB6BD, 0xB29C, 0xB29C, 0xB69C, 0xB6BD, 0xB6BD, 0xB6BD, 0xB6BD, 0xB6BD, 0xB6BD, 0xB6BD, 0xB6BD, 0xB6BD, 0xB6BD,
  0xB6BD, 0xB6BD, 0xB6BD, 0xB6DD, 0xAE5B, 0xAA1A, 0xAA1A, 0xAA19, 0xA9F8, 0xA5F8, 0xA5F7, 0xA5D5, 0x9D4F, 0x8C66, 0x9087, 0x8C66,
  0x94CB, 0x9D2F, 0x9D2F, 0x9D50, 0x9D30, 0x9D30, 0x9D30, 0x9D2F, 0x9D2F, 0x9D2F, 0x9D2F, 0x9D2F, 0x9D2F, 0x9D2F, 0xA150, 0x9D30,
  0xD260, 0xD260, 0xD260, 0xCE60, 0xCE60, 0xCE60, 0xCE40, 0xCE40, 0xCE40, 0xCE40, 0xCE60, 0xCE60, 0xCE60, 0xD260, 0xCE60, 0xD6A2,
  0xD6C3, 0xD6C3, 0xD6C3, 0xD6C3, 0xD6C3, 0xD6C3, 0xD6C3, 0xD6C3, 0xD6C3, 0xD6C3, 0xD6C3, 0xD6C3, 0xD6C3, 0xD260, 0xD260, 0xD260,
  0xD260, 0xD260, 0xD260, 0xD260, 0xD260, 0xD260, 0xD260, 0xCE60, 0xCE60, 0xD6C3, 0xDB05, 0xDB27, 0xDF2A, 0xF3B5, 0xFBFB, 0xF3B7,
  0xDAAB, 0xDECC, 0xCE47, 0xB980, 0xBD80, 0xBD80, 0xD689, 0xDAAC, 0xE731, 0xFFF9, 0xFFF9, 0xFBD7, 0xE30D, 0xE32C, 0xE72D, 0xE72D,
  0xE72D, 0xE72D, 0xE32C, 0xE30C, 0xE30B, 0xE30B, 0xE30B, 0xE30B, 0xE32B, 0xDAC6, 0xCE60, 0xD260, 0xD6A2, 0xD6E3, 0xDB25, 0xDB25,
  0xD705, 0xD705, 0xD6E5, 0xD6E5, 0xD705, 0xD6E5, 0xDF4C, 0xEB70, 0xE770, 0xE790, 0xE76E, 0xE34C, 0xF3D5, 0xF3D7, 0xF7D8, 0xF7D8,
  0xFBF8, 0xEF94, 0xBD80, 0xC1A0, 0xC9E0, 0xCA00, 0xCA00, 0xD260, 0xD260, 0xD260, 0xD260, 0xD260, 0xD260, 0xD260, 0xD260, 0xD260,
  0xD2A2, 0xD2A2, 0xD6C3, 0xD705, 0xD704, 0xD705, 0xD705, 0xDB28, 0xE36D, 0xEB8F, 0xDB28, 0xD706, 0xD706, 0xD705, 0xD708, 0xE34E,
  0xEFB5, 0xF3D7, 0xF3D8, 0xF3D8, 0xEB99, 0xA5D5, 0xA1B6, 0xA1B6, 0xA1B6, 0xA1B6, 0xA1B6, 0xA1B6, 0xA1B6, 0xA1B5, 0xA1B5, 0xA195,
  0xA1B6, 0xA5F8, 0xAA3A, 0xAA3B, 0xAA3A, 0xAA3A, 0xAA3A, 0xAA3A, 0xAA3A, 0xAA1A, 0xAE5B, 0xB29C, 0xB6BD, 0xB6BD, 0xB6BD, 0xB6BD,
  0xB6BD, 0xB6BD, 0xB6BD, 0xB2BC, 0xB6DD, 0xA5B2, 0x992F, 0xA1B6, 0xA1D6, 0xA1D7, 0xA5B5, 0x9066, 0x9887, 0x9887, 0x9CA9, 0x9CA9,
  0x98A8, 0x98A8, 0x9044, 0x8C23, 0x8C23, 0x8822, 0x9087, 0x94CA, 0x94C9, 0x94A8, 0x9D0D, 0xA593, 0xA192, 0xA192, 0xA193, 0x9D93,
  0x9D73, 0x9D93, 0xAA17, 0xA5F6, 0xA5F6, 0xA5F6, 0xB69B, 0xBEFE, 0xBADE, 0xB6BD, 0xB6DE, 0xBADE, 0xBADE, 0xB6BD, 0xB6BC, 0xB6BD,
  0xB6BD, 0xB6BD, 0xB6BD, 0xB6BD, 0xB6BD, 0xB6BD, 0xB6BD, 0xB6BD, 0xB6BD, 0xB6BD, 0xB6BD, 0xB6BD, 0xB6BD, 0xB6BD, 0xB6BD, 0xB6BD,
  0xB6BD, 0xB6BD, 0xB6BD, 0xB6BD, 0xB27B, 0xAE5B, 0xAE5B, 0xAE5B, 0xAE5B, 0xAE5B, 0xAE5B, 0xAE7B, 0xAA18, 0xA9F7, 0xA9F7, 0xA9F7,
  0xA9F6, 0xA5D5, 0xA5B5, 0xA5B5, 0xA5B5, 0xA1B4, 0xA1B4, 0xA194, 0xA1B4, 0xA193, 0x990F, 0x9D2F, 0x9D30, 0x9D30, 0x9D30, 0x9D2F,
  0xDAE4, 0xDAE4, 0xD6E4, 0xDAE4, 0xDB05, 0xDB05, 0xDB05, 0xDB05, 0xDB05, 0xD705, 0xDB05, 0xDB05, 0xD705, 0xDB05, 0xDB05, 0xDB26,
  0xDB26, 0xDB25, 0xDB05, 0xDB26, 0xD6C4, 0xD281, 0xD281, 0xD281, 0xD281, 0xD281, 0xD281, 0xD281, 0xD2A1, 0xD260, 0xD260, 0xD260,
  0xD260, 0xD260, 0xD260, 0xD240, 0xD261, 0xD282, 0xD281, 0xDAE6, 0xDF29, 0xE36B, 0xDB27, 0xE36E, 0xF7D7, 0xF7D9, 0xEF96, 0xD247,
  0xBD80, 0xBD80, 0xC180, 0xC1A0, 0xC5C0, 0xC1A0, 0xBD60, 0xBD60, 0xC1A0, 0xCE26, 0xCA26, 0xD269, 0xF3B6, 0xF7D8, 0xEB52, 0xCE48,
  0xD248, 0xE731, 0xF7D8, 0xF3B7, 0xEF73, 0xD688, 0xD687, 0xD687, 0xD6A7, 0xD264, 0xCE40, 0xD261, 0xD260, 0xD6A3, 0xDAC6, 0xDAC6,
  0xDAC5, 0xD6C6, 0xEB92, 0xEFB4, 0xEFB3, 0xEFB3, 0xF3D6, 0xF7D8, 0xEFB4, 0xEB92, 0xEF93, 0xEFB5, 0xF7D8, 0xF7F9, 0xF3D7, 0xE730,
  0xC605, 0xCA24, 0xC5E0, 0xCE40, 0xD260, 0xD660, 0xD260, 0xD260, 0xD260, 0xD260, 0xD260, 0xD260, 0xD260, 0xD280, 0xD2A2, 0xD704,
  0xD726, 0xDB26, 0xD726, 0xD706, 0xDF29, 0xDB28, 0xDB28, 0xEFB1, 0xEFB3, 0xDF4B, 0xD727, 0xD705, 0xD705, 0xD705, 0xD706, 0xDF4D,
  0xF3B6, 0xF3B7, 0xF7F7, 0xF3B8, 0xBE56, 0xA1B5, 0xA1B6, 0xA1B5, 0xA1B5, 0xA1B6, 0xA1B6, 0xA1B6, 0xA1B5, 0xA1B5, 0xA1B5, 0xA5D6,
  0xA1B6, 0xA5F8, 0xAA3A, 0xAA3A, 0xAA3A, 0xAA3A, 0xAA3A, 0xAA3A, 0xAA3A, 0xAE5B, 0xB6BD, 0xB6BD, 0xB6BD, 0xB6BD, 0xB6BD, 0xB6BD,
  0xB6BD, 0xB6BC, 0xB6BD, 0xB6BC, 0xB6BD, 0xB6BC, 0x90CA, 0x9D51, 0x9DB5, 0xA5B5, 0x98CB, 0x9466, 0x9487, 0x9486, 0x9044, 0x9065,
  0x9065, 0x9065, 0x9D0D, 0x9D2F, 0x9D2E, 0x9D0E, 0x9D50, 0xA172, 0xA172, 0xA193, 0xA193, 0x9D72, 0x9D73, 0xA194, 0xA9D5, 0xAE16,
  0xA9F6, 0xAE38, 0xBEFE, 0xBEFF, 0xBADE, 0xB69A, 0x9D4E, 0x94C8, 0xA5B3, 0xBAFF, 0xB27A, 0xB259, 0xAE58, 0xB69C, 0xBADE, 0xB29C,
  0xB6BC, 0xB6BC, 0xB6BD, 0xB6BD, 0xB6BD, 0xB6BD, 0xB6BD, 0xB6BD, 0xB6BD, 0xB6BD, 0xB6BD, 0xB6BD, 0xB6BD, 0xB6BD, 0xB6BD, 0xB6BD,
  0xB6BD, 0xB29C, 0xB29C, 0xB29C, 0xB29C, 0xB69C, 0xB6BD, 0xB6BD, 0xB6BD, 0xB6BD, 0xB6BD, 0xB6BD, 0xB6BD, 0xB2BC, 0xB6BC, 0xAE5B,
  0xAA3A, 0xAA1A, 0xAA19, 0xAA19, 0xAA19, 0xAA19, 0xAA19, 0xAA1A, 0xAA1A, 0xAA19, 0xA5D6, 0xA5D7, 0xA5D7, 0xA5D7, 0xA9F7, 0xA5B4,
  0xD260, 0xD280, 0xD260, 0xD280, 0xD6E4, 0xD6E4, 0xD6E4, 0xD6E4, 0xD6E4, 0xD6E4, 0xD6E4, 0xD6E4, 0xD6E4, 0xD6E4, 0xD6E4, 0xD2A2,
  0xD260, 0xD260, 0xD260, 0xD260, 0xD260, 0xD240, 0xD240, 0xD240, 0xCE40, 0xCE40, 0xCE40, 0xD240, 0xD240, 0xCE40, 0xD260, 0xD260,
  0xD260, 0xD2A1, 0xD6A3, 0xD2A2, 0xDB27, 0xE34A, 0xDF29, 0xE36B, 0xE36C, 0xE36D, 0xE76F, 0xF3D7, 0xF3B8, 0xFBF9, 0xD248, 0xBD80,
  0xC5C0, 0xC5C0, 0xC5A0, 0xC5C0, 0xCE41, 0xCA00, 0xCA00, 0xC5E0, 0xC1C0, 0xBDA0, 0xC1C0, 0xC1C0, 0xC1C0, 0xC5C1, 0xC1C0, 0xC1A0,
  0xC1C0, 0xC1C0, 0xC5E1, 0xC5E1, 0xC600, 0xC5E0, 0xC600, 0xCA40, 0xCE40, 0xCE41, 0xD6C5, 0xDB06, 0xDB06, 0xE76D, 0xEB71, 0xEB70,
  0xEB70, 0xEB70, 0xEB92, 0xEB92, 0xEB91, 0xEB90, 0xDB28, 0xD306, 0xE34D, 0xDF4C, 0xE770, 0xFFFC, 0xE732, 0xE30F, 0xCA05, 0xBD80,
  0xC5E0, 0xCE40, 0xCE40, 0xD260, 0xCE40, 0xCE40, 0xCE40, 0xCE40, 0xD281, 0xD2A2, 0xD2A2, 0xD2A2, 0xD2A2, 0xD705, 0xD726, 0xD725,
  0xD725, 0xD725, 0xD705, 0xDB27, 0xEB90, 0xEB8F, 0xDB07, 0xD706, 0xD6E5, 0xCEE3, 0xDF4B, 0xEB91, 0xDF2B, 0xE34D, 0xF3B4, 0xF7D8,
  0xF7D7, 0xF3D8, 0xDF37, 0xBE56, 0x9D95, 0xA1B6, 0xA1B6, 0xA1B6, 0xA1B5, 0xA1B5, 0xA1B5, 0xA1B5, 0xA5D7, 0xA5F7, 0xAA19, 0xAA3A,
  0xAA3A, 0xAA3A, 0xAA3A, 0xAA3A, 0xAA3A, 0xAA3A, 0xAA3A, 0xAA3A, 0xB29C, 0xB6BD, 0xB6BD, 0xB6BD, 0xB6BD, 0xB6BD, 0xB6BD, 0xB6BD,
  0xB6BD, 0xB6BD, 0xB6BD, 0xB6BD, 0xB6BD, 0xB6DD, 0xB679, 0x90A9, 0x94CA, 0x8C66, 0x8822, 0x9087, 0x94A8, 0x9087, 0x98EC, 0xA593,
  0xA172, 0xA172, 0xA194, 0x9D94, 0x9D93, 0x9D73, 0xA1B4, 0xA5D5, 0xA1B4, 0xAE39, 0xB69C, 0xB69C, 0xBABC, 0xA5B1, 0x98C9, 0xA10B,
  0x9CE8, 0x98C8, 0xB215, 0xB215, 0xA16F, 0x90CB, 0xA194, 0x9D50, 0x90A8, 0xADF4, 0x98E9, 0x98C7, 0x98C6, 0xA14D, 0xADF5, 0xBADE,
  0xBADE, 0xBADE, 0xB6BD, 0xB6BD, 0xB6BD, 0xB6BD, 0xB6BD, 0xB6BD, 0xB6BD, 0xB6BD, 0xB6BD, 0xB6BD, 0xB6BD, 0xB6BD, 0xB6BD, 0xB6BD,
  0xB29C, 0xAA3A, 0xAE5A, 0xAE3A, 0xAA3A, 0xAE5B, 0xB2BD, 0xB2BC, 0xB2BC, 0xB2BC, 0xB6BC, 0xB6BC, 0xB6BC, 0xB2BC, 0xB6BD, 0xB6DD,
  0xB6BD, 0xAA3A, 0xAA3A, 0xAA3A, 0xA5F8, 0xA5F9, 0xA619, 0xA5F9, 0xA619, 0xAA19, 0xAA1A, 0xAA1A, 0xAA1A, 0xAA1A, 0xAA1A, 0xAA19,
  0xD260, 0xD260, 0xD260, 0xD260, 0xD240, 0xD260, 0xD260, 0xCE60, 0xCE40, 0xCE40, 0xCE60, 0xD240, 0xCE60, 0xCE40, 0xCE60, 0xD260,
  0xD260, 0xD260, 0xD260, 0xD260, 0xD260, 0xD260, 0xD260, 0xD260, 0xD260, 0xCE60, 0xCE40, 0xD260, 0xD2A2, 0xDAE7, 0xDF09, 0xDF09,
  0xDAE6, 0xDB07, 0xDB29, 0xDB29, 0xDB28, 0xD726, 0xD706, 0xDF29, 0xE34C, 0xE770, 0xF7D7, 0xF3B8, 0xF7D9, 0xEF75, 0xC5C2, 0xC5A0,
  0xC5A0, 0xCE21, 0xCE40, 0xD260, 0xD280, 0xD280, 0xD280, 0xD260, 0xCA20, 0xCA20, 0xCA20, 0xCA00, 0xCA00, 0xCA00, 0xCA00, 0xD261,
  0xD260, 0xCE40, 0xCE40, 0xCE60, 0xD260, 0xD281, 0xD705, 0xDB06, 0xDB26, 0xDB26, 0xD706, 0xD706, 0xD706, 0xD706, 0xD706, 0xD706,
  0xD705, 0xD705, 0xD704, 0xD6E3, 0xD6E5, 0xD2E4, 0xE34C, 0xEFB2, 0xF7D6, 0xF7D7, 0xEF94, 0xD68A, 0xC1C1, 0xC1A0, 0xCA00, 0xCE40,
  0xD260, 0xD260, 0xCE60, 0xCE40, 0xCE61, 0xD6C4, 0xD6C4, 0xD6C3, 0xD705, 0xD726, 0xD705, 0xD705, 0xD705, 0xD705, 0xDB28, 0xEB8F,
  0xDB27, 0xDB25, 0xDB26, 0xDB26, 0xD705, 0xD6E4, 0xD706, 0xD705, 0xDB07, 0xEB91, 0xF3B5, 0xF7D9, 0xFBF8, 0xFBF9, 0xF3B9, 0xEB98,
  0xC696, 0xBE76, 0xA1B4, 0x9D95, 0xA1B6, 0xA1B6, 0xA1B6, 0xA1B5, 0xA1B5, 0xA1B5, 0xA5D6, 0xAA19, 0xAA3A, 0xAA3B, 0xAA3A, 0xAA3A,
  0xAA3A, 0xAA3A, 0xAA3A, 0xAA3A, 0xAA3A, 0xAE7B, 0xB29C, 0xB29C, 0xB6BD, 0xB6BD, 0xB6BD, 0xB6BD, 0xB6BD, 0xB6BD, 0xB6BD, 0xB6BD,
  0xB6BD, 0xB6BD, 0xB6BD, 0xB6BD, 0xB6BD, 0xB6BC, 0xB6DE, 0xB258, 0xA190, 0xA5B2, 0x992E, 0xA172, 0xA5B4, 0xA594, 0xA1B4, 0xA194,
  0xA1B4, 0xA1B5, 0xAE38, 0xAE59, 0xAE39, 0xAE38, 0xB27B, 0xB6BD, 0xB6DE, 0xA9F5, 0x94EA, 0x992C, 0x98EA, 0x9CC8, 0xB5F0, 0xB5CF,
  0xB58C, 0xA4E6, 0x9042, 0x8824, 0x990E, 0xA5B5, 0x9D0F, 0x94A8, 0x9066, 0x94A6, 0xAD6B, 0xB1AC, 0xB58C, 0x9CC6, 0x8C43, 0x9D2C,
  0x990B, 0xA191, 0xBADD, 0xB6BD, 0xB6BD, 0xB6BD, 0xB6BD, 0xB6BD, 0xB6BD, 0xB6BD, 0xB6BD, 0xB6BD, 0xB6BD, 0xB6BD, 0xB6BD, 0xB6BD,
  0xB6BD, 0xB6BD, 0xB6BD, 0xB6BD, 0xB6BD, 0xB6BD, 0xB2BD, 0xB2BD, 0xB2BC, 0xB2BC, 0xB29C, 0xB6BD, 0xB6DE, 0xBADE, 0xB6BC, 0xB69A,
  0xB27A, 0xB6BC, 0xB6BD, 0xB29D, 0xAE5B, 0xAA19, 0xA5F9, 0xA619, 0xA619, 0xA619, 0xA619, 0xA619, 0xA5F9, 0xA5F9, 0xA5F9, 0xA5F9,
  0xD260, 0xD260, 0xD260, 0xD260, 0xD260, 0xD260, 0xD260, 0xD260, 0xD260, 0xD260, 0xD260, 0xD260, 0xD260, 0xD260, 0xD260, 0xD260,
  0xD260, 0xD260, 0xD260, 0xD260, 0xD260, 0xD260, 0xD260, 0xCE60, 0xD281, 0xD281, 0xD2C2, 0xD2E4, 0xDF4B, 0xF3D6, 0xF7F8, 0xFBF9,
  0xF7F8, 0xF7F7, 0xF3D7, 0xF3B6, 0xF3B5, 0xDF4C, 0xDF2A, 0xE36E, 0xF7F8, 0xF7D8, 0xF7D8, 0xF7D8, 0xFBF9, 0xDECC, 0xBD80, 0xC5C0,
  0xC5C0, 0xCE20, 0xD681, 0xD280, 0xD260, 0xD260, 0xD260, 0xD260, 0xD260, 0xD282, 0xD261, 0xCE40, 0xD260, 0xCE60, 0xCE40, 0xCE60,
  0xD260, 0xD2A1, 0xD2A1, 0xD6C3, 0xDB06, 0xDB05, 0xDB26, 0xD706, 0xD706, 0xD706, 0xD706, 0xD706, 0xD706, 0xDB06, 0xDB06, 0xDB06,
  0xD704, 0xD704, 0xDB07, 0xDF2B, 0xF3D5, 0xF7D8, 0xF3B6, 0xE30F, 0xC5E3, 0xC9E3, 0xC5C1, 0xBDA0, 0xCA00, 0xD260, 0xD260, 0xD2A1,
  0xD281, 0xD2A2, 0xD705, 0xD705, 0xD705, 0xD726, 0xD726, 0xD726, 0xD705, 0xD707, 0xDF4B, 0xE34B, 0xE34B, 0xD705, 0xD706, 0xDF28,
  0xD705, 0xD704, 0xD704, 0xD704, 0xD6E4, 0xDF2A, 0xF3B5, 0xF3B4, 0xEFB4, 0xF3D7, 0xF7F7, 0xEFB7, 0xE357, 0xD6F7, 0xADF5, 0xADF5,
  0xA195, 0x9D95, 0xA1B6, 0xA1B6, 0xA1B5, 0xA195, 0xA1B6, 0xA1D7, 0xA5F8, 0xAA3A, 0xAA3A, 0xAA3A, 0xAA3A, 0xAA3A, 0xAA3A, 0xAA3A,
  0xAA3A, 0xAA3A, 0xAA3A, 0xAE5B, 0xB69C, 0xB6BD, 0xB6BD, 0xB6BD, 0xB6BD, 0xB6BD, 0xB6BD, 0xB6BD, 0xB6BD, 0xB6BD, 0xB6BD, 0xB6BD,
  0xB6BD, 0xB6BD, 0xB6BD, 0xB6BD, 0xB6BD, 0xB6BD, 0xB2BC, 0xB6BD, 0xBADE, 0xB6DE, 0xB6BD, 0xB27B, 0xB27B, 0xB27B, 0xB29B, 0xB29B,
  0xB69B, 0xB69C, 0xB6DD, 0xB6DD, 0xB6DD, 0xB6DD, 0xB2BC, 0xBAFF, 0xB237, 0xADD2, 0xB635, 0xB5F2, 0xA94A, 0x9484, 0xA108, 0xA507,
  0x9CC5, 0x98A7, 0x98EB, 0xA593, 0x9D30, 0x94A9, 0x8C02, 0x9466, 0x9D0E, 0x990C, 0x94A7, 0x9486, 0xA0E6, 0x9463, 0x98A5, 0xAD6C,
  0xB1AE, 0xA94B, 0x9CEA, 0xB679, 0xBADE, 0xB6BD, 0xB6BD, 0xB6BD, 0xB6BD, 0xB6BD, 0xB6BD, 0xB6BD, 0xB6BD, 0xB6BD, 0xB6BD, 0xB6BD,
  0xB6BD, 0xB6BC, 0xB6BD, 0xB6BD, 0xB6BC, 0xB2BD, 0xB2BD, 0xB2BD, 0xB6BD, 0xB6DE, 0xB6DF, 0xB279, 0xAA15, 0xB236, 0x992E, 0x94CB,
  0x90C9, 0x9D4F, 0xB6BD, 0xB2BC, 0xB6BC, 0xB29C, 0xB27B, 0xB27B, 0xB27B, 0xAE5B, 0xAE5A, 0xAE5A, 0xAA3A, 0xAA3A, 0xAA3A, 0xAA39,
  0xCE60, 0xCE60, 0xD260, 0xD260, 0xD260, 0xD260, 0xD260, 0xD260, 0xD260, 0xD260, 0xD260, 0xD260, 0xD260, 0xD260, 0xD260, 0xD260,
  0xD260, 0xD260, 0xD260, 0xD260, 0xD260, 0xD260, 0xD2A2, 0xDB05, 0xDB26, 0xDB26, 0xDF4A, 0xE790, 0xF3B6, 0xF7D8, 0xEB73, 0xDEED,
  0xDACC, 0xDAAB, 0xE2EE, 0xF7D6, 0xF3D6, 0xFBF9, 0xF7F9, 0xF7F9, 0xF7D8, 0xF3B6, 0xEF94, 0xEB52, 0xD689, 0xC1A0, 0xC1C0, 0xD241,
  0xD261, 0xCA21, 0xCA20, 0xD260, 0xD280, 0xD260, 0xD260, 0xD260, 0xD281, 0xD6C4, 0xD281, 0xCE60, 0xD260, 0xCE60, 0xD6A3, 0xD6A3,
  0xD2A3, 0xD706, 0xDB26, 0xDB26, 0xD726, 0xDB26, 0xD726, 0xDB26, 0xDB26, 0xDB26, 0xD726, 0xD705, 0xD705, 0xD705, 0xD705, 0xD706,
  0xE34B, 0xE76D, 0xF3D5, 0xFFFA, 0xE732, 0xDECD, 0xCA04, 0xC1A0, 0xC5C0, 0xC5E0, 0xC600, 0xCE41, 0xD281, 0xD6A3, 0xD6C3, 0xDB26,
  0xDB26, 0xDB26, 0xD726, 0xD726, 0xD706, 0xD706, 0xD706, 0xD705, 0xD705, 0xDB28, 0xE76D, 0xE76E, 0xE34B, 0xD705, 0xD705, 0xD2E4,
  0xDF4B, 0xE76E, 0xE76E, 0xEB8F, 0xEB6F, 0xF7D7, 0xF7F9, 0xF7D9, 0xF7D9, 0xF3D8, 0xD717, 0xBA56, 0xA194, 0xA1B5, 0xA1B5, 0xA1B6,
  0xA5B6, 0xA5B6, 0xA1B5, 0xA1B5, 0xA5D7, 0xA5F8, 0xAA19, 0xAA3B, 0xAA3A, 0xAA3A, 0xAA3A, 0xAA3A, 0xAA3A, 0xAA3A, 0xAA3A, 0xAA3A,
  0xB27B, 0xB29C, 0xB69D, 0xB6BD, 0xB6BD, 0xB6BD, 0xB6BD, 0xB6BD, 0xB6BD, 0xB6BD, 0xB6BD, 0xB6BD, 0xB6BD, 0xB6BD, 0xB6BD, 0xB6BD,
  0xB6BD, 0xB6BD, 0xB6BD, 0xB6BD, 0xB6BD, 0xB6BD, 0xB6BD, 0xB6BD, 0xB6BC, 0xB2BC, 0xB6BD, 0xB6BD, 0xB6BD, 0xB6BD, 0xB6BD, 0xB6BD,
  0xB6BD, 0xB6BD, 0xB6BC, 0xB2BC, 0xB6BC, 0xB6BD, 0xBABC, 0xA9D3, 0xA96D, 0xA0E8, 0xA52B, 0xA94A, 0xB58B, 0xA0C6, 0x8801, 0x8C44,
  0x94EB, 0xA150, 0x9D2E, 0x94A9, 0x8801, 0x8C22, 0x9043, 0x9465, 0x9044, 0x98CB, 0x98EC, 0x98ED, 0x8C66, 0x8C43, 0xA4E6, 0xB5AC,
  0xB9CF, 0xB5AD, 0xA908, 0x94A7, 0xB679, 0xB6DD, 0xB6BC, 0xB6BD, 0xB6BD, 0xB6BD, 0xB6BD, 0xB6BD, 0xB6BD, 0xB6BD, 0xB6BD, 0xB2BC,
  0xB2BC, 0xB2BC, 0xB2BC, 0xB6BD, 0xB6DE, 0xB6DE, 0xB6BD, 0xBADD, 0xB258, 0x9D70, 0xA191, 0x992E, 0x94EC, 0x94EC, 0x9D30, 0x9D72,
  0xA152, 0x94CB, 0xA170, 0xBADE, 0xB2BC, 0xB6BD, 0xB6BD, 0xB6BD, 0xB6BD, 0xB6BD, 0xB6BD, 0xB6BD, 0xB6BD, 0xB6BD, 0xB6BD, 0xB6BD,
  0xDB05, 0xDB05, 0xDB05, 0xDAE4, 0xD260, 0xD260, 0xD260, 0xD260, 0xD260, 0xD260, 0xD260, 0xD260, 0xD260, 0xD260, 0xD260, 0xD260,
  0xCE40, 0xCE40, 0xD261, 0xD261, 0xD281, 0xDB05, 0xDB26, 0xDB48, 0xD727, 0xE36E, 0xF3D7, 0xF7D9, 0xF7D9, 0xF3B6, 0xC5E3, 0xB960,
  0xBD80, 0xBD60, 0xC1A0, 0xCA25, 0xCA05, 0xE70F, 0xF3B6, 0xEF95, 0xF7B6, 0xD269, 0xC1C2, 0xC1C1, 0xBD80, 0xC1A0, 0xC9E0, 0xD260,
  0xD260, 0xDAE4, 0xD6A4, 0xD261, 0xD260, 0xD260, 0xD261, 0xD261, 0xD260, 0xCE60, 0xD260, 0xD260, 0xCE40, 0xCE40, 0xD281, 0xD261,
  0xD6C3, 0xD706, 0xD705, 0xD705, 0xDB26, 0xDB26, 0xD726, 0xD705, 0xD705, 0xD725, 0xD726, 0xDB27, 0xDB28, 0xDB28, 0xE76F, 0xF3B4,
  0xF3B5, 0xDAAC, 0xCA26, 0xCE46, 0xC5C0, 0xBDA0, 0xCE20, 0xD281, 0xD2A2, 0xD6E4, 0xDB05, 0xD6E5, 0xD705, 0xD726, 0xD726, 0xD706,
  0xD706, 0xD706, 0xD706, 0xD706, 0xD706, 0xD726, 0xD726, 0xD706, 0xD705, 0xD304, 0xD6E6, 0xD6E6, 0xD2E5, 0xE76E, 0xEFB3, 0xF3B4,
  0xFBF8, 0xF7FA, 0xEF99, 0xEFB9, 0xEFB9, 0xEB98, 0xEFB9, 0xCED6, 0xB635, 0xBA56, 0xA1B5, 0x9D95, 0xA1B6, 0xA1B6, 0xA1B5, 0xA1B5,
  0xA1B5, 0xA1D6, 0xAA19, 0xAA19, 0xAA3A, 0xAA5B, 0xAA3A, 0xAA3A, 0xAA3A, 0xAA3A, 0xAA3A, 0xAA3A, 0xAA3A, 0xAA3A, 0xB27C, 0xB6BD,
  0xB6BD, 0xB6BD, 0xB6BD, 0xB6BD, 0xB6BD, 0xB6BD, 0xB6BD, 0xB6BD, 0xB6BD, 0xB6BD, 0xB6BD, 0xB6BD, 0xB6BD, 0xB6BD, 0xB6BD, 0xB6BD,
  0xB6BD, 0xB6BD, 0xB6BD, 0xB6BD, 0xB6BC, 0xB27A, 0xB29C, 0xB29C, 0xB29C, 0xB6BD, 0xB6BD, 0xB6BD, 0xB6BD, 0xB6BC, 0xB6BC, 0xB6BC,
  0xB2BC, 0xB2BC, 0xB2BC, 0xB2BC, 0xB2BC, 0xB6BD, 0xA9B2, 0xA990, 0xBA36, 0xB5AF, 0xA928, 0x9885, 0x9864, 0x9043, 0x98CA, 0x9D4F,
  0x98EC, 0x9086, 0x8802, 0x9045, 0x9D0D, 0x98EB, 0x9465, 0x8C43, 0x9487, 0x9045, 0x9023, 0x98CA, 0x98ED, 0x9D0D, 0x9886, 0x9CA5,
  0x98A5, 0x9CA6, 0x9CA6, 0x8C01, 0x9D0C, 0xBEDE, 0xB6DD, 0xB6BD, 0xB6BD, 0xB6BD, 0xB6BD, 0xB6BD, 0xB6BD, 0xB6BD, 0xB2BC, 0xB6DE,
  0xBADE, 0xB6DE, 0xB6FF, 0xB6BC, 0xAE58, 0xB67A, 0xA192, 0x94EB, 0x992F, 0x9D51, 0x9930, 0x990F, 0x9D30, 0x9D30, 0x98ED, 0x9087,
  0x94A8, 0x8C45, 0x9D2D, 0xBEFE, 0xB6BD, 0xB6BD, 0xB6BD, 0xB6BD, 0xB6BD, 0xB29C, 0xA5F9, 0xA5F8, 0xA618, 0xA619, 0xB29C, 0xB6BD,
  0xD6E4, 0xD705, 0xD6C3, 0xD280, 0xD260, 0xD260, 0xD260, 0xD260, 0xD260, 0xD260, 0xD260, 0xD260, 0xD260, 0xD260, 0xCE40, 0xCE40,
  0xD6A4, 0xD6A6, 0xDF29, 0xE349, 0xDB27, 0xDB47, 0xDB27, 0xDB27, 0xE76E, 0xF7D9, 0xF7D9, 0xF3D8, 0xF7D9, 0xDACC, 0xC1A0, 0xC5C0,
  0xC5A0, 0xC5C0, 0xC1A0, 0xBD80, 0xBD80, 0xBD80, 0xC1C1, 0xC1C1, 0xC1C1, 0xBD80, 0xBD80, 0xBDA0, 0xC5E0, 0xCE20, 0xCE40, 0xD260,
  0xD260, 0xD260, 0xD280, 0xD260, 0xD260, 0xD260, 0xD260, 0xD260, 0xD260, 0xD260, 0xD260, 0xCE60, 0xD2A2, 0xD282, 0xD281, 0xD281,
  0xD281, 0xCE60, 0xCE60, 0xD261, 0xD6C3, 0xD2A3, 0xD6E6, 0xE36C, 0xE76E, 0xE34B, 0xD705, 0xDF4C, 0xF7D6, 0xF3D6, 0xEFB4, 0xDF2C,
  0xC1C1, 0xBD80, 0xBD80, 0xC1C0, 0xCE40, 0xD281, 0xD280, 0xDAE3, 0xDB26, 0xD726, 0xD726, 0xD726, 0xD726, 0xD706, 0xD706, 0xD706,
  0xD706, 0xD706, 0xD705, 0xD705, 0xD726, 0xD726, 0xDB28, 0xEB92, 0xE34E, 0xE34E, 0xF7D6, 0xF7D6, 0xF7D6, 0xFBF8, 0xF7D9, 0xDB38,
  0xDF38, 0xCAB7, 0xA5B4, 0xA9D5, 0xA9D5, 0xA9D5, 0xA9D5, 0xA5B5, 0xA195, 0xA195, 0xA1B6, 0xA1B5, 0xA195, 0xA195, 0xA1B6, 0xA5D7,
  0xA5F8, 0xAE3A, 0xAA3B, 0xAA3B, 0xAA3A, 0xAA3A, 0xAA3A, 0xAA3A, 0xAA3A, 0xAA3A, 0xB27B, 0xB6BD, 0xB6BD, 0xB6BD, 0xB6BD, 0xB6BD,
  0xB6BD, 0xB6BD, 0xB6BD, 0xB6BD, 0xB6BD, 0xB6BD, 0xB6BD, 0xB6BD, 0xB6BD, 0xB6BD, 0xB6BD, 0xB6BD, 0xB6BD, 0xB6BD, 0xB6BD, 0xB6BD,
  0xB6BD, 0xB6BD, 0xB6BD, 0xB69B, 0xA5B3, 0x9D2E, 0xA5F7, 0xAA3A, 0xAE3A, 0xB6BD, 0xB6BD, 0xB6BD, 0xB6BD, 0xB6BD, 0xB6BD, 0xB2BC,
  0xB6BC, 0xB2BC, 0xB2BC, 0xB2BC, 0xB6DE, 0xAE16, 0x9D0A, 0xBA34, 0xBA33, 0xB18B, 0xAD28, 0x9884, 0x8801, 0x9487, 0x9CEC, 0x9044,
  0x8C22, 0x9044, 0x98EC, 0x9D2E, 0x90A8, 0x8C44, 0x9087, 0x98EC, 0x9D2F, 0x9D0D, 0x9887, 0x9043, 0x9043, 0x94A9, 0x9488, 0x8800,
  0xB18D, 0xBA12, 0xB9CF, 0xA908, 0x9063, 0xA591, 0xB69B, 0xB6BD, 0xB6BD, 0xB6BD, 0xB6BD, 0xB6BD, 0xB6BD, 0xB2BC, 0xBADE, 0xAA15,
  0xA5B1, 0xA5B2, 0xA9D3, 0xA170, 0x94EC, 0x94CC, 0x9930, 0x9D94, 0x9D73, 0x9D52, 0x990D, 0x98CA, 0x9065, 0x8C44, 0x8C44, 0x8C66,
  0x9067, 0x98EC, 0x98EC, 0xA5B2, 0xBADD, 0xB6BD, 0xB6BD, 0xB6BD, 0xB2BC, 0xB6BC, 0xB29C, 0xB29C, 0xB29C, 0xB29C, 0xB6BD, 0xB6BD,
  0xCE60, 0xCE60, 0xD260, 0xD260, 0xD260, 0xD260, 0xD260, 0xD260, 0xD260, 0xD260, 0xCE60, 0xCE60, 0xD260, 0xDAC5, 0xDF08, 0xDEE8,
  0xE34A, 0xE36A, 0xDB27, 0xDB26, 0xDB26, 0xE76E, 0xEB8F, 0xD705, 0xE34D, 0xF7D9, 0xF7D8, 0xF7D9, 0xF3B5, 0xCA23, 0xC1A0, 0xC5C0,
  0xC5C0, 0xC1A0, 0xCA21, 0xCE21, 0xC1C0, 0xC1A0, 0xC1A0, 0xC1A0, 0xCA01, 0xCE41, 0xC601, 0xCA21, 0xCE60, 0xCE60, 0xCE60, 0xD260,
  0xD260, 0xD260, 0xD260, 0xD260, 0xD260, 0xD260, 0xD280, 0xD6C3, 0xD6E4, 0xD6E4, 0xD6E4, 0xD6E4, 0xDB26, 0xDB26, 0xDB26, 0xDB26,
  0xDB06, 0xD6C3, 0xD6C3, 0xD6C3, 0xD6C3, 0xD2A3, 0xD6E6, 0xE36C, 0xE76F, 0xE34C, 0xD705, 0xE34D, 0xEB92, 0xEB92, 0xF7D8, 0xE74E,
  0xC600, 0xCE20, 0xCE41, 0xD261, 0xD260, 0xD260, 0xD280, 0xD6A2, 0xDB26, 0xD726, 0xD726, 0xD726, 0xD726, 0xD706, 0xD705, 0xD705,
  0xD304, 0xD305, 0xDB29, 0xDF4A, 0xDB27, 0xE36D, 0xDB29, 0xDF4C, 0xEFB4, 0xFBFA, 0xF3B8, 0xF3D9, 0xDF37, 0xBE55, 0xBA55, 0xA194,
  0xA194, 0xA1B5, 0xA1B6, 0xA1B6, 0xA1B6, 0xA1B6, 0xA1B6, 0xA5B6, 0xA5B6, 0xA5B6, 0xA1B6, 0xA9F8, 0xAA18, 0xA5F8, 0xAA19, 0xAE3B,
  0xAA3A, 0xAA3A, 0xAA3A, 0xAA3A, 0xAA3A, 0xAA3A, 0xAA3A, 0xAA3A, 0xAA3A, 0xB69C, 0xB6DD, 0xB6BD, 0xB6BD, 0xB6BD, 0xB6BD, 0xB6BD,
  0xB6BD, 0xB6BD, 0xB6BD, 0xB6BD, 0xB6BD, 0xB6BD, 0xB6BD, 0xB6BD, 0xB6BD, 0xB6BD, 0xB6BD, 0xB6BD, 0xB6BD, 0xB6BD, 0xB6BD, 0xB6BD,
  0xB6BD, 0xB6BD, 0xB6BD, 0xB6BC, 0xAE38, 0xB259, 0xB29C, 0xB6BD, 0xB6BD, 0xB6BD, 0xB6BD, 0xB6BD, 0xB2BC, 0xB2BC, 0xB6BD, 0xB6BD,
  0xB6BD, 0xB2BD, 0xB2BC, 0xB69B, 0xB69C, 0x990C, 0xA0E7, 0xB5AC, 0xA928, 0x9CC6, 0xB1D0, 0xADB0, 0xADB0, 0xA94C, 0x9464, 0x9022,
  0x9487, 0x98EC, 0x9088, 0x8C43, 0x9066, 0x98EB, 0x9D2E, 0x8C44, 0x8C01, 0x9466, 0x98A7, 0x9043, 0x9CC7, 0xAD8F, 0xB1AF, 0xA94B,
  0xA509, 0xB9CF, 0xB5AD, 0xAD28, 0x9CA5, 0x98EC, 0xA173, 0xAE18, 0xB6BD, 0xB6BD, 0xB6BD, 0xB6BD, 0xB6BC, 0xBADE, 0xAA16, 0x950C,
  0x9D50, 0x990E, 0x94EB, 0x990E, 0xA5B6, 0x9D50, 0x98ED, 0x94AA, 0x98CA, 0x9088, 0x8C45, 0x8C46, 0x90AA, 0x94EC, 0x94ED, 0x9D30,
  0x9D0E, 0x98CB, 0x9045, 0x8C45, 0xB69A, 0xB6DE, 0xB2BC, 0xB6BD, 0xB6BC, 0xB6BD, 0xB6BD, 0xB6BD, 0xB6BD, 0xB6BD, 0xB6BD, 0xB6DD,
  0xD260, 0xD260, 0xD260, 0xD260, 0xD260, 0xD260, 0xCE40, 0xCE40, 0xCE40, 0xD6A4, 0xD6A5, 0xE309, 0xDF29, 0xDB27, 0xDF48, 0xDB26,
  0xD705, 0xD725, 0xDB26, 0xDB26, 0xDB06, 0xEF90, 0xE34B, 0xDB28, 0xEFB3, 0xF7D8, 0xF3D8, 0xF7D9, 0xEF92, 0xCE23, 0xC5A0, 0xC5C0,
  0xC5A0, 0xCA21, 0xD681, 0xD280, 0xD261, 0xD261, 0xCA01, 0xC1A0, 0xC5E0, 0xD6A3, 0xDAE4, 0xDB06, 0xDB05, 0xD6E5, 0xD282, 0xCE61,
  0xD261, 0xCE40, 0xD240, 0xD260, 0xD260, 0xD260, 0xD260, 0xD281, 0xDAE4, 0xDB26, 0xDB05, 0xDB26, 0xD726, 0xD706, 0xD706, 0xD706,
  0xD706, 0xDB26, 0xDB26, 0xDB26, 0xDB26, 0xD726, 0xD726, 0xD705, 0xD705, 0xD726, 0xD705, 0xE76F, 0xEB92, 0xDB29, 0xEFB5, 0xF7D8,
  0xCA41, 0xD260, 0xD280, 0xD260, 0xD260, 0xD260, 0xD260, 0xD281, 0xDB26, 0xD726, 0xD726, 0xD726, 0xD705, 0xD706, 0xDB29, 0xD708,
  0xDF4C, 0xE76E, 0xEFB2, 0xEFB1, 0xDB27, 0xD706, 0xDF4B, 0xF3B5, 0xF3D8, 0xEB99, 0xC296, 0xA9F5, 0xA9D5, 0x9D75, 0x9D95, 0xA5B6,
  0xA5B6, 0xA5B6, 0xA5B6, 0xA5B6, 0xA5B6, 0xA1B6, 0xA5B6, 0xA1B5, 0xA5D6, 0xA5F8, 0xAA3A, 0xAA3A, 0xAA3B, 0xAA3B, 0xAA3A, 0xAA3A,
  0xAA3A, 0xAA3A, 0xAA3A, 0xAA3A, 0xAA3A, 0xAA3A, 0xAA3A, 0xAE7B, 0xB6BD, 0xB6BD, 0xB6DD, 0xBADD, 0xB6BD, 0xB6BD, 0xB6BD, 0xB6BD,
  0xB6BD, 0xB6BD, 0xB6BD, 0xB6BD, 0xB6BD, 0xB6BD, 0xB6BD, 0xB6BC, 0xB29C, 0xB6BD, 0xB6DD, 0xB29C, 0xB27C, 0xB27C, 0xB27C, 0xB27B,
  0xB6BC, 0xB6BD, 0xB6BD, 0xB6BD, 0xB6DD, 0xB6BD, 0xB6BD, 0xB2BC, 0xB2BC, 0xB6BC, 0xB6BC, 0xB6DD, 0xBAFF, 0xB6BD, 0xB29C, 0xB29C,
  0xB6BD, 0xB6BD, 0xB27A, 0x9D4E, 0xA9F4, 0x8C24, 0xA0C6, 0xAD28, 0xA0E8, 0xB18E, 0xBE56, 0xBA33, 0xBE54, 0xBE10, 0xB16A, 0x8C21,
  0x94A9, 0xA14E, 0x9086, 0x8C43, 0x9065, 0x98CA, 0x9065, 0x9065, 0x9486, 0x98A7, 0x9044, 0x9043, 0xBA12, 0xC276, 0xBE54, 0xB5AD,
  0xA0C6, 0x9884, 0xA928, 0xA928, 0xA4E7, 0x9487, 0xA151, 0x9D73, 0xB25A, 0xBADE, 0xB6BD, 0xB6BD, 0xBADE, 0xB69A, 0x994E, 0xB27B,
  0xA5F8, 0x990E, 0x98ED, 0x98CB, 0x9087, 0x9087, 0x8C44, 0x8C66, 0x9087, 0x94CC, 0x9D31, 0x9D31, 0xA153, 0x9D52, 0x98ED, 0x9488,
  0x9066, 0x9066, 0x94A9, 0x9CED, 0x992D, 0xB67A, 0xB2BD, 0xB6BC, 0xB6BD, 0xB6BD, 0xB6BD, 0xB6BD, 0xB6BD, 0xB6BD, 0xB6BD, 0xB6BD,
  0xD260, 0xCE40, 0xCE40, 0xCE40, 0xCE40, 0xCE40, 0xDAC7, 0xDEE8, 0xDEE8, 0xE74C, 0xE76D, 0xE36C, 0xDB27, 0xDB26, 0xDB27, 0xE76E,
  0xE34D, 0xD707, 0xDB26, 0xD705, 0xE76D, 0xE76E, 0xD707, 0xEF92, 0xF7D9, 0xF3D8, 0xF7D8, 0xFFFA, 0xD68A, 0xBD80, 0xC5C0, 0xC5C0,
  0xC9E0, 0xD661, 0xD6A2, 0xD6A2, 0xD280, 0xD280, 0xD260, 0xCA20, 0xCA00, 0xCE40, 0xD281, 0xD6C3, 0xD6C3, 0xDB27, 0xDB27, 0xDB26,
  0xDB06, 0xD2C3, 0xD2A3, 0xCE60, 0xCE40, 0xCE40, 0xD260, 0xD240, 0xD260, 0xCE60, 0xD281, 0xD705, 0xDB26, 0xD726, 0xDB26, 0xDB26,
  0xD706, 0xD706, 0xD706, 0xD706, 0xD706, 0xD706, 0xD706, 0xD726, 0xD726, 0xDB26, 0xD706, 0xEFB4, 0xEB92, 0xD707, 0xF3D5, 0xF7D8,
  0xE30D, 0xD683, 0xD260, 0xD280, 0xD260, 0xD260, 0xCE60, 0xD6C4, 0xD305, 0xD706, 0xD726, 0xD727, 0xE36D, 0xEFB4, 0xFBF9, 0xFBF9,
  0xF3B4, 0xE76E, 0xD6E6, 0xD706, 0xD705, 0xD305, 0xF3B4, 0xFBFA, 0xEFB9, 0xADF5, 0xA195, 0xA1B6, 0xA1B5, 0xA5B6, 0xA5B6, 0xA5B6,
  0xA1B6, 0xA1B6, 0xA1B6, 0xA1B5, 0xA1B6, 0xA1B6, 0xA1B5, 0xA5D7, 0xAA3A, 0xAA3B, 0xAA3A, 0xAA3A, 0xAA3A, 0xAA3A, 0xAA3A, 0xAA3A,
  0xAA3A, 0xAA3A, 0xAA3A, 0xAA3A, 0xAA3A, 0xAE7B, 0xB29C, 0xBADD, 0xB6BD, 0xB29C, 0xAE5A, 0xB27B, 0xB6BD, 0xB6DD, 0xB6BD, 0xB6BD,
  0xB6BD, 0xB6BD, 0xB6BD, 0xB6BD, 0xB6BD, 0xB6BD, 0xB6BD, 0xB29B, 0xA619, 0xAE5A, 0xB27B, 0xB27B, 0xAE5A, 0xAE5A, 0xAE5A, 0xAE5A,
  0xB29C, 0xB6BD, 0xB6BD, 0xB6BD, 0xB6BC, 0xB6BC, 0xB6BC, 0xB6BD, 0xBABD, 0xB6BD, 0xB6BD, 0xB258, 0x9D6F, 0xB69B, 0xB29C, 0xB27B,
  0xB6BD, 0xB6BD, 0xBADD, 0xB69B, 0xB69B, 0x9D2E, 0x9044, 0x9043, 0xA0E8, 0xB9CD, 0xB18C, 0xB58C, 0xB16A, 0xAD49, 0xA4E7, 0x9043,
  0xA56E, 0xBA76, 0xBE77, 0xB5CF, 0xA0C5, 0x8C43, 0x98A6, 0xB635, 0xB657, 0xBA34, 0xAD6B, 0x9463, 0xAD6B, 0xB14A, 0xB16B, 0xB14A,
  0xAD29, 0xA0C6, 0x9884, 0xA907, 0x9884, 0x9086, 0xA172, 0xA173, 0xA172, 0xAE59, 0xB6DD, 0xB6BD, 0xBAFE, 0xA5B1, 0x8843, 0x9D50,
  0xA9D5, 0x9088, 0x8823, 0x8823, 0x9088, 0x94CB, 0x98ED, 0x9D72, 0xA172, 0x9D2F, 0x98ED, 0x98CB, 0x9067, 0x8C67, 0x94A9, 0x9089,
  0x98CB, 0x9D0E, 0x98EB, 0x98CA, 0x8802, 0x994E, 0xBADE, 0xB2BC, 0xB6BC, 0xB6BD, 0xB6BD, 0xB6BD, 0xB6BD, 0xB6BD, 0xB6BD, 0xB6BD,
  0xD262, 0xD284, 0xE74C, 0xE32B, 0xE32A, 0xE32A, 0xDF29, 0xDF29, 0xDF28, 0xD704, 0xD704, 0xDB25, 0xDB26, 0xD705, 0xE34D, 0xFBFA,
  0xF7D8, 0xEFB4, 0xEFB3, 0xEFB3, 0xF3B6, 0xF7D8, 0xF3D7, 0xF7D8, 0xF3D8, 0xF7F9, 0xEB52, 0xD68A, 0xD247, 0xBD80, 0xC5A0, 0xC1A0,
  0xC5A0, 0xC5E0, 0xDF28, 0xDB06, 0xD281, 0xD6C4, 0xD6C4, 0xD281, 0xD280, 0xD260, 0xD260, 0xD240, 0xCE40, 0xD281, 0xD281, 0xD2A2,
  0xD6C4, 0xDB06, 0xDB27, 0xDB06, 0xD6E5, 0xD6E5, 0xD6E4, 0xD6E4, 0xD6E4, 0xD6E4, 0xDB05, 0xDB26, 0xD726, 0xD726, 0xDB26, 0xD726,
  0xD706, 0xD706, 0xD706, 0xD706, 0xD706, 0xD706, 0xD726, 0xD726, 0xD705, 0xD2E4, 0xDB29, 0xFBF8, 0xE34D, 0xD706, 0xE771, 0xFBFB,
  0xF3B8, 0xE30D, 0xD6A2, 0xD260, 0xD260, 0xD260, 0xCE81, 0xD706, 0xE76D, 0xEB90, 0xD706, 0xD706, 0xF3D5, 0xEFB4, 0xDF2B, 0xE34D,
  0xD708, 0xD304, 0xD705, 0xD704, 0xD705, 0xD707, 0xEFB4, 0xFBF9, 0xC275, 0x9975, 0xA1B6, 0xA1B6, 0xA5B6, 0xA5B6, 0xA5B6, 0xA1B6,
  0xA1B6, 0xA1B6, 0xA1B6, 0xA1B6, 0xA1B6, 0xA1B5, 0xA5D7, 0xAE3A, 0xAA3B, 0xAA3A, 0xAA3B, 0xAA3A, 0xAA3A, 0xAA3A, 0xAA3A, 0xAA3A,
  0xAA3A, 0xAA3A, 0xAA3A, 0xAE5B, 0xB69C, 0xB6BD, 0xB6BD, 0xB6BD, 0xB6BD, 0xA5D5, 0x9D51, 0x9931, 0xAA18, 0xAE5B, 0xAE7B, 0xAE5B,
  0xAE5B, 0xAA5B, 0xAA5B, 0xAE5B, 0xB6BD, 0xB6BD, 0xB69C, 0xB29B, 0xB69C, 0xB27C, 0xB29C, 0xB6BD, 0xB6DD, 0xB6DD, 0xB6DD, 0xB6DD,
  0xB6BD, 0xB6BD, 0xB6BD, 0xB6BD, 0xB6BD, 0xB6BD, 0xB6BD, 0xB69B, 0xA14D, 0xA9D2, 0xBADE, 0xB259, 0xA16F, 0xB29A, 0xB6BD, 0xB6BD,
  0xB6DD, 0xB237, 0xA9B1, 0xB259, 0xB6BD, 0xBABC, 0xA9D3, 0x9D0C, 0x9884, 0xB56A, 0xB16A, 0xB56A, 0xAD28, 0xA4E7, 0x8C22, 0xA94C,
  0xBA55, 0xB634, 0xB5D0, 0xB58C, 0xAD29, 0x9042, 0xB5CE, 0xBA11, 0xB5F1, 0xB5AD, 0xB58C, 0xA4E7, 0x9463, 0xA4E7, 0xA928, 0xAD28,
  0xAD49, 0xAD29, 0x9463, 0x9043, 0x9086, 0xA150, 0xA172, 0xA193, 0xA194, 0xAE5A, 0xB6BD, 0xB2BD, 0xBEFF, 0x990C, 0xA170, 0x90A8,
  0x9086, 0x90CA, 0x9D52, 0x9D52, 0x9D72, 0x9D51, 0x990E, 0x94CB, 0x9087, 0x8C44, 0x9045, 0x9488, 0x98ED, 0x990D, 0x9D0E, 0x9CED,
  0x98CB, 0x9487, 0x9065, 0x8822, 0x94A8, 0xB659, 0xB6DE, 0xB6BC, 0xB6BD, 0xB6BD, 0xB6BD, 0xB6BD, 0xB6BD, 0xB6BD, 0xB6BD, 0xB6BD,
  0xE34B, 0xDF49, 0xDB28, 0xD707, 0xD706, 0xD706, 0xDF29, 0xDF2B, 0xDF2A, 0xE34B, 0xDB07, 0xD6E4, 0xD705, 0xDF2B, 0xF3D6, 0xF7D8,
  0xF7D8, 0xF7D9, 0xF7D9, 0xF7D9, 0xF7D8, 0xF7D8, 0xF7D8, 0xF3B8, 0xF3D8, 0xF3D5, 0xC605, 0xB960, 0xBD80, 0xBD80, 0xC1A0, 0xC9E0,
  0xC9E0, 0xC5C0, 0xD285, 0xDB28, 0xDAE5, 0xD6A3, 0xD6C3, 0xD6A2, 0xD6A2, 0xD281, 0xD2A2, 0xD2A2, 0xD2A2, 0xD2A1, 0xD260, 0xCE40,
  0xD240, 0xCE40, 0xD2A2, 0xD6E4, 0xD6C4, 0xD705, 0xDB26, 0xD726, 0xDB26, 0xD726, 0xD726, 0xD706, 0xD726, 0xDB26, 0xDB26, 0xDB26,
  0xDB26, 0xDB26, 0xD726, 0xD726, 0xD726, 0xD726, 0xD705, 0xD305, 0xDF4B, 0xE74E, 0xEFB1, 0xE76E, 0xD705, 0xD706, 0xE770, 0xF7DA,
  0xF3B7, 0xD688, 0xD260, 0xD280, 0xD260, 0xD682, 0xE32C, 0xDB28, 0xDB07, 0xDB28, 0xD706, 0xD705, 0xD706, 0xD706, 0xD2E4, 0xD704,
  0xD705, 0xDB27, 0xDF2A, 0xE36D, 0xD2E5, 0xE76E, 0xF7D8, 0xF7D8, 0xD2D6, 0xADD5, 0x9D95, 0xA1B6, 0xA1B6, 0xA5B6, 0xA1B6, 0xA1B6,
  0xA1B6, 0xA1B6, 0xA1B6, 0xA1B6, 0xA1B6, 0xA1B5, 0xA5D7, 0xAE3B, 0xAA3A, 0xAA3B, 0xA619, 0xAA3A, 0xAA3B, 0xAA3A, 0xAA3A, 0xAA3A,
  0xAA3A, 0xAA3A, 0xAA3A, 0xAA3A, 0xAA3B, 0xAA3A, 0xAA3A, 0xAA3A, 0xA9F7, 0x9D51, 0x9D51, 0xA193, 0xA1B5, 0xAA3A, 0xB27C, 0xB29C,
  0xB6BD, 0xB6BD, 0xB6BD, 0xB6BD, 0xB6BD, 0xB6BD, 0xB6BD, 0xB6BD, 0xB6BD, 0xB6BD, 0xB6BD, 0xB6BD, 0xB6BD, 0xB6BD, 0xB6BD, 0xB6BD,
  0xB6BD, 0xB6BD, 0xB6BD, 0xB6BD, 0xB6BD, 0xB6BC, 0xBADD, 0xAE15, 0xA96E, 0x98C8, 0xA191, 0xB6DE, 0xB6DE, 0xB2BD, 0xB2BC, 0xB2BC,
  0xBADE, 0xA5D3, 0x990B, 0xA9D3, 0xB6BD, 0xB6BD, 0xB6DD, 0xBABC, 0x990B, 0x9463, 0xA0C6, 0xA0C5, 0x9CA5, 0x9042, 0x9464, 0xB18C,
  0xB18C, 0xB18D, 0xB16B, 0xB14A, 0xAD29, 0x9463, 0xA907, 0xB58C, 0xB16B, 0xB16B, 0xB14A, 0xA8E7, 0x9CA5, 0x9042, 0x9C85, 0xA0A6,
  0xA0C5, 0x9885, 0x94A8, 0xA150, 0xA172, 0x9D51, 0x9D30, 0xA5D5, 0xB29B, 0xB6BD, 0xB2BC, 0xB6BD, 0xA9D3, 0x94EA, 0xB27B, 0xA9F6,
  0x8801, 0xA192, 0xB6BF, 0xA1B4, 0x94CA, 0x9066, 0x9087, 0x8C67, 0x8C67, 0x94EC, 0x990E, 0x9D0E, 0x98EC, 0x98CA, 0x9066, 0x9066,
  0x9044, 0x8C44, 0x9066, 0x98CA, 0x94A9, 0x9D2D, 0xB69B, 0xB6BD, 0xB6BD, 0xB6BD, 0xB6BD, 0xB6BD, 0xB6BD, 0xB6BD, 0xB6BD, 0xB6BD,
  0xD707, 0xD706, 0xDF2B, 0xEB91, 0xEB70, 0xE76F, 0xF7D6, 0xFBF8, 0xF7D8, 0xF7D8, 0xEFB3, 0xE76F, 0xE76F, 0xF3B5, 0xF7D8, 0xF7D8,
  0xF7D8, 0xF3D8, 0xF3B6, 0xF7D8, 0xF7D8, 0xF7D8, 0xF3B7, 0xF7D8, 0xF3D6, 0xE34D, 0xC5E2, 0xBD60, 0xC5E0, 0xCA00, 0xCE20, 0xD260,
  0xD260, 0xCE40, 0xCA20, 0xD282, 0xD6C3, 0xDB06, 0xD6E5, 0xD6A2, 0xD2A2, 0xD2C3, 0xDB26, 0xD726, 0xDB26, 0xDB26, 0xD6E4, 0xD6C3,
  0xD6C4, 0xD6C4, 0xD6C3, 0xD6C3, 0xD2C3, 0xD6E4, 0xD706, 0xD706, 0xD706, 0xD706, 0xD706, 0xD706, 0xD706, 0xD726, 0xD706, 0xD705,
  0xD705, 0xD705, 0xD705, 0xD706, 0xDB28, 0xD708, 0xE76D, 0xEB70, 0xE34C, 0xE74D, 0xDB08, 0xD2E5, 0xD706, 0xE76F, 0xFBF9, 0xFBFA,
  0xE310, 0xC1C0, 0xD680, 0xD260, 0xD260, 0xD6C5, 0xEB8F, 0xDB28, 0xD705, 0xD706, 0xD706, 0xDB28, 0xDB2A, 0xE34C, 0xEB6F, 0xDB08,
  0xD706, 0xD706, 0xDF4A, 0xEB90, 0xEB6F, 0xF3B4, 0xF7D8, 0xF3D7, 0xF7F8, 0xEB98, 0xBA35, 0x9D95, 0xA1B6, 0xA1B6, 0xA1B6, 0xA1B6,
  0xA1B6, 0xA1B6, 0xA1B6, 0xA5B6, 0xA1B6, 0xA1B5, 0xA5D7, 0xAE3B, 0xAA3A, 0xAA3A, 0xA618, 0xAA3A, 0xAA3B, 0xAA3B, 0xAA3A, 0xAA3A,
  0xAA3A, 0xAA3A, 0xAA3A, 0xAA3A, 0xAA3A, 0xAA3A, 0xAA3A, 0xAA3A, 0xAA18, 0xA5D7, 0xAA18, 0xAE3B, 0xAA3B, 0xAA3A, 0xAA3A, 0xAA3A,
  0xAE7B, 0xAE7B, 0xAE5B, 0xB29C, 0xB6BD, 0xB6BD, 0xB6BD, 0xB6BD, 0xB6BD, 0xB6BD, 0xB6BD, 0xB6BD, 0xB6BD, 0xB6BD, 0xB6BD, 0xB6BD,
  0xB6BD, 0xB6BD, 0xB6BD, 0xB6BD, 0xB6BD, 0xB6BD, 0xB6BD, 0xB69B, 0xB67A, 0xB258, 0xAE17, 0xB6BC, 0xB2BC, 0xB2BC, 0xB2BC, 0xB6BC,
  0xB6BD, 0xBADD, 0xBADE, 0xBADD, 0xB6BD, 0xB2BC, 0xB29C, 0xB2BD, 0xB69C, 0xA5B2, 0x94CA, 0x94CA, 0x98EB, 0x98EA, 0x8822, 0x9CA5,
  0xB14A, 0xAD49, 0xAD28, 0xAD08, 0x9CA5, 0x9486, 0x9885, 0xA4C5, 0xA4E6, 0xA4E6, 0xA4E6, 0xA4C6, 0x9884, 0x9044, 0x98CA, 0x98EC,
  0x98EB, 0x9D0E, 0xA593, 0xA5B4, 0xB259, 0xB259, 0xAE38, 0xAA17, 0xB29B, 0xB2BD, 0xB6BD, 0xA5B2, 0x94CA, 0x9086, 0x9D2E, 0x90CA,
  0x94EB, 0x94EC, 0x992D, 0x8C45, 0x8C45, 0x94CC, 0x9D30, 0x9D30, 0xA12F, 0x98EC, 0x94A9, 0x9065, 0x8C43, 0x8C44, 0x9487, 0x9087,
  0x94A8, 0x98CA, 0x98A9, 0x9487, 0x9465, 0x8401, 0xB215, 0xBEFF, 0xB6BD, 0xB6BD, 0xB6BD, 0xB6BD, 0xB6BD, 0xB6BD, 0xB6BD, 0xB6BD,
  0xF3D5, 0xEB92, 0xF3B6, 0xFBFA, 0xF7DA, 0xFBFB, 0xF7D9, 0xF3D8, 0xF7D9, 0xF7D8, 0xF7D8, 0xF7D8, 0xF7F8, 0xF7D8, 0xF3D7, 0xF3D7,
  0xF7D8, 0xF3D5, 0xDB2A, 0xEB71, 0xF7D9, 0xEFB5, 0xE78F, 0xE750, 0xE30E, 0xC5E2, 0xC1A0, 0xC1C0, 0xCE20, 0xD260, 0xD260, 0xD260,
  0xD260, 0xD260, 0xD260, 0xD260, 0xD260, 0xD260, 0xD281, 0xDAE4, 0xDB05, 0xDB06, 0xD705, 0xD706, 0xDB26, 0xDB26, 0xDB27, 0xDB27,
  0xDB26, 0xDB27, 0xDB27, 0xDB26, 0xDB26, 0xDB26, 0xD706, 0xD706, 0xD706, 0xD706, 0xD706, 0xD706, 0xD706, 0xD706, 0xD707, 0xDF4B,
  0xE34B, 0xDF4B, 0xDF4B, 0xE34D, 0xEF91, 0xEB91, 0xDF4B, 0xDF2A, 0xDB29, 0xD707, 0xEB90, 0xF3B5, 0xF3D6, 0xFBD8, 0xEB52, 0xEB51,
  0xCA03, 0xCA20, 0xD260, 0xD260, 0xD6C3, 0xDB26, 0xD705, 0xD726, 0xD726, 0xD726, 0xD726, 0xDB27, 0xDB28, 0xDB29, 0xDF2A, 0xEFB3,
  0xEF92, 0xDB29, 0xD306, 0xCEE4, 0xDF29, 0xDB09, 0xEF92, 0xFBD8, 0xF3B7, 0xF7D8, 0xF3B9, 0xBE56, 0xA5B5, 0xA1B6, 0xA1B6, 0xA1B6,
  0xA1B6, 0xA1B6, 0xA5B6, 0xA5B6, 0xA5B6, 0xA1B6, 0xA1B5, 0xA5F8, 0xAA3A, 0xAA3A, 0xAA3B, 0xAA3B, 0xAA3B, 0xAA3A, 0xAA3B, 0xAA3B,
  0xAA3B, 0xAA3A, 0xAA3A, 0xAA3A, 0xAA3A, 0xAA3A, 0xAA3A, 0xAA3A, 0xAE3A, 0xAE3B, 0xAA3A, 0xAA3A, 0xAA3A, 0xAA3A, 0xAA1A, 0xAA3A,
  0xAA3A, 0xB27C, 0xB29C, 0xB6BD, 0xB6BD, 0xB6BD, 0xB6BD, 0xB6BD, 0xB6BD, 0xB6BD, 0xB6BD, 0xB6BD, 0xB6BD, 0xB6BD, 0xB6BD, 0xB6BD,
  0xB6BD, 0xB6BD, 0xB6BD, 0xB6BD, 0xB6BD, 0xB6BD, 0xB6BD, 0xB6BD, 0xB6BD, 0xB6DD, 0xB6DE, 0xB6BD, 0xB6BC, 0xB6BD, 0xB6DE, 0xB6BD,
  0xB6BD, 0xB6BD, 0xB6BD, 0xB6BD, 0xB6BD, 0xBADE, 0xB6DD, 0xB29C, 0xB2BD, 0xB6DE, 0xB29C, 0xB29C, 0xB27B, 0xAA17, 0xA5B3, 0x94C8,
  0x9465, 0x9486, 0x98A7, 0x9486, 0x94A9, 0xA593, 0xA14F, 0x9486, 0x9485, 0x9085, 0x9085, 0x9065, 0x94C9, 0xA150, 0xA172, 0xA173,
  0xA173, 0x9D73, 0x9D52, 0x9D72, 0xA194, 0xAE39, 0xBAFE, 0xB6DD, 0xB2BC, 0xB2BD, 0xB69B, 0x90A9, 0xB25B, 0x9D2E, 0x8400, 0x8400,
  0xAE5A, 0x9D4F, 0x8802, 0xA9D4, 0xA151, 0x9D2F, 0x98EC, 0x9487, 0x9487, 0x9044, 0x8C43, 0x9066, 0x9487, 0x9487, 0x9487, 0x9486,
  0x9487, 0x9066, 0x9065, 0x9044, 0x9466, 0x9486, 0x98C9, 0xAE16, 0xB6BD, 0xBADE, 0xB6BD, 0xB6BD, 0xB6BD, 0xB6BD, 0xB6BD, 0xB6BD,
  0xF7D8, 0xF7D8, 0xF7D8, 0xF3D8, 0xF7D8, 0xE771, 0xF3B6, 0xFBFA, 0xEB72, 0xEB73, 0xF7D9, 0xF3D7, 0xF3D7, 0xF3D7, 0xF3B7, 0xF7F8,
  0xEF73, 0xCE66, 0xD6E9, 0xE36D, 0xF3B4, 0xEF92, 0xD6C8, 0xCA03, 0xC1A0, 0xC1A0, 0xCA00, 0xD260, 0xD260, 0xCE40, 0xCE40, 0xCE40,
  0xCE40, 0xCE40, 0xCE40, 0xD240, 0xD260, 0xD260, 0xD260, 0xCE40, 0xCE40, 0xCE60, 0xCE40, 0xD282, 0xD2C3, 0xD2A3, 0xD2A2, 0xD2C4,
  0xDB06, 0xD706, 0xD706, 0xD706, 0xD706, 0xDB06, 0xDB26, 0xD706, 0xD726, 0xD706, 0xD706, 0xD706, 0xD706, 0xD706, 0xDB07, 0xEB6E,
  0xE76F, 0xE76F, 0xE76F, 0xE34D, 0xD6E6, 0xD706, 0xDB29, 0xE76F, 0xF7D8, 0xF7F9, 0xF7D9, 0xFFFA, 0xEB53, 0xD669, 0xB980, 0xC1C0,
  0xCE40, 0xD260, 0xD260, 0xCE60, 0xDB05, 0xD727, 0xD726, 0xD726, 0xD726, 0xD726, 0xD707, 0xD706, 0xD726, 0xD706, 0xD705, 0xD727,
  0xDF2A, 0xEFB3, 0xEFB3, 0xE34D, 0xD6E5, 0xD2E5, 0xDB08, 0xEFB4, 0xF7D8, 0xF7D7, 0xF7D8, 0xF7D8, 0xDF38, 0xA9D4, 0xA1B5, 0xA1B6,
  0xA1B6, 0xA1B6, 0xA5B6, 0xA5B6, 0xA5B6, 0xA5B6, 0xA5B5, 0xA1B5, 0xA5F8, 0xAA3B, 0xAA3A, 0xAA3A, 0xAA3A, 0xAE7B, 0xAA18, 0xAA3A,
  0xAA3B, 0xAA3B, 0xAA3B, 0xAA3A, 0xAA3A, 0xAA3A, 0xAA3A, 0xAA3A, 0xAA3A, 0xAA3A, 0xB27B, 0xB27B, 0xAE7B, 0xAE7B, 0xAE7B, 0xB29C,
  0xB6BD, 0xB6BD, 0xB6BD, 0xB6BD, 0xB6BD, 0xB6BD, 0xB6BD, 0xB6BD, 0xB6BD, 0xB6BD, 0xB6BD, 0xB6BD, 0xB6BD, 0xB6BD, 0xB6BD, 0xB6BD,
  0xB6BD, 0xB6BD, 0xB6BD, 0xB6BD, 0xB6BD, 0xB6BD, 0xB6BD, 0xB6BD, 0xB6BD, 0xB6BC, 0xB6BC, 0xB6BD, 0xB6BD, 0xB69B, 0xADF4, 0xB67A,
  0xB6BD, 0xB6BD, 0xB6BD, 0xB6BD, 0xB6BD, 0xA5B1, 0xAE15, 0xBADD, 0xB2BC, 0xB2BC, 0xB6BD, 0xB6BD, 0xB6BD, 0xB6BD, 0xBADE, 0xBABC,
  0xAE37, 0xAE17, 0xA193, 0xA173, 0xA193, 0xA193, 0xA194, 0xA193, 0xA193, 0xA193, 0xA172, 0xA172, 0xA172, 0xA193, 0xA9F6, 0xA9F6,
  0xA5F6, 0xA5F6, 0xA9F6, 0xA9F6, 0xA9F7, 0xAA18, 0xB6BC, 0xB6BC, 0xB6DD, 0xBADD, 0xA190, 0x9087, 0xB69C, 0x9D50, 0x94A8, 0x90A9,
  0x9D71, 0x98EA, 0x8844, 0xB6BD, 0xA5B5, 0x8C45, 0x9044, 0x9465, 0x9044, 0x9487, 0x9466, 0x9045, 0x9065, 0x9065, 0x9066, 0x9066,
  0x9065, 0x9486, 0x9487, 0x9487, 0x9487, 0x9486, 0x8C22, 0x8C66, 0xA9F6, 0xAA38, 0xB27A, 0xBADD, 0xB6BD, 0xB6BD, 0xB2BC, 0xB6BC,
  0xF3B6, 0xF7F8, 0xF7F8, 0xF7D9, 0xF3D5, 0xD2E6, 0xEB92, 0xFBD9, 0xCA25, 0xCE46, 0xF7D8, 0xF7F8, 0xF7F9, 0xF7F8, 0xF7F8, 0xF3B6,
  0xCA05, 0xB960, 0xC1C1, 0xCE25, 0xCA25, 0xCE25, 0xC1A0, 0xC1A0, 0xC5C0, 0xC1C0, 0xCE41, 0xD6A1, 0xDAE4, 0xD705, 0xD6E4, 0xD6E4,
  0xD6E4, 0xD6E4, 0xD6C4, 0xCE60, 0xD260, 0xD260, 0xD260, 0xD6C4, 0xD6E4, 0xD6E4, 0xD6E4, 0xD6E4, 0xD6C4, 0xD6C4, 0xD6C4, 0xD6E4,
  0xD706, 0xD706, 0xD706, 0xD726, 0xDB26, 0xDB26, 0xD705, 0xD705, 0xD705, 0xD705, 0xD705, 0xD705, 0xD705, 0xD704, 0xD705, 0xD2E5,
  0xD707, 0xEB91, 0xEB92, 0xEBB2, 0xEFB3, 0xEFD4, 0xF3D6, 0xF7D8, 0xF3B7, 0xF7B7, 0xEF75, 0xCE47, 0xC5C1, 0xC1C0, 0xCE41, 0xCE40,
  0xD260, 0xD260, 0xCE60, 0xD2A3, 0xD706, 0xD726, 0xD726, 0xD726, 0xD726, 0xD707, 0xEB90, 0xE36D, 0xD706, 0xD726, 0xD726, 0xD726,
  0xD705, 0xD709, 0xFBFA, 0xF3B4, 0xD706, 0xDB06, 0xD2E4, 0xE770, 0xF7D8, 0xF3D7, 0xF7D7, 0xF7D7, 0xF7F8, 0xE358, 0xA9D5, 0xA1B6,
  0xA1B6, 0xA1B6, 0xA5B6, 0xA5B6, 0xA5B6, 0xA5B6, 0xA5B6, 0xA5B5, 0xA1D6, 0xAA3A, 0xAA3A, 0xAA3A, 0xAA3B, 0xAA18, 0x9D72, 0xA9F8,
  0xAE5B, 0xAA3A, 0xAA3B, 0xAA3B, 0xAA3A, 0xAA3A, 0xAA3A, 0xAA3A, 0xAA3A, 0xAE5B, 0xB6BD, 0xB6BD, 0xB6BD, 0xB6BD, 0xB6BD, 0xB6BD,
  0xB6BD, 0xB6BD, 0xB6BD, 0xB6BD, 0xB6BD, 0xB6BD, 0xB6BD, 0xB6BD, 0xB6BD, 0xB6BD, 0xB6BD, 0xB6BD, 0xB6BD, 0xB6BD, 0xB6BD, 0xB6BD,
  0xB6BD, 0xB6BD, 0xB6BD, 0xB6BD, 0xB6BD, 0xB6BD, 0xB6BD, 0xB6BD, 0xB6BD, 0xB6BD, 0xB6BD, 0xB6BD, 0xB6DE, 0xB259, 0x8C65, 0xA590,
  0xB6BD, 0xB6BD, 0xB6BC, 0xB6BC, 0xBABD, 0xA590, 0x98C8, 0xA190, 0xB6BC, 0xB6BD, 0xB6BC, 0xB6BD, 0xB6BD, 0xB2BC, 0xB6BD, 0xB6DE,
  0xBADE, 0xB6BD, 0xB25A, 0xB25A, 0xB25A, 0xB25A, 0xB25A, 0xB27A, 0xB27A, 0xB27A, 0xB27A, 0xB27A, 0xB27A, 0xB27A, 0xB6BD, 0xB6DD,
  0xB6DD, 0xB6DD, 0xB6DD, 0xB6DD, 0xBADE, 0xBADE, 0xB6BD, 0xBADD, 0xB69A, 0xA170, 0xA171, 0x8C44, 0x9087, 0x9088, 0xAA17, 0xB25A,
  0x8C44, 0x8C22, 0x9066, 0x98EC, 0x9087, 0x9044, 0x9486, 0x9466, 0x9044, 0x9045, 0x9486, 0x98A9, 0x94A8, 0x98A9, 0x98CA, 0x94A8,
  0x9486, 0x9065, 0x9066, 0x9488, 0x94A8, 0x98A8, 0x9487, 0x9088, 0xA172, 0x9D51, 0xA193, 0xA5D5, 0xAA17, 0xB6BC, 0xB6BD, 0xB6BD,
  0xD669, 0xEB51, 0xEB51, 0xF7D7, 0xDF0C, 0xDB09, 0xEFB3, 0xDEEC, 0xC1A0, 0xC5C1, 0xCA03, 0xE30E, 0xEB52, 0xDACB, 0xDAAA, 0xCE25,
  0xBD80, 0xC1C0, 0xC1A0, 0xBD80, 0xC180, 0xBD80, 0xC1A0, 0xC5E0, 0xD240, 0xD260, 0xD260, 0xDAC4, 0xDAE5, 0xDB05, 0xDB47, 0xD727,
  0xD726, 0xD726, 0xD726, 0xD706, 0xD706, 0xD706, 0xDB06, 0xD726, 0xDB26, 0xDB26, 0xDB26, 0xD726, 0xDB26, 0xD726, 0xD727, 0xDB26,
  0xD706, 0xD726, 0xD706, 0xD706, 0xD705, 0xD706, 0xDF2A, 0xDF4C, 0xDF4B, 0xDF2A, 0xDB29, 0xDF4B, 0xDF4B, 0xDF2B, 0xDF4C, 0xF7D6,
  0xF7D6, 0xE730, 0xE730, 0xE730, 0xE710, 0xE731, 0xDEAC, 0xC1C1, 0xC5E2, 0xC5E2, 0xC5E1, 0xC5E0, 0xCE40, 0xD681, 0xD680, 0xD260,
  0xD260, 0xD260, 0xD261, 0xDB06, 0xD706, 0xD706, 0xD706, 0xD726, 0xD726, 0xD706, 0xDB28, 0xDB27, 0xD706, 0xD706, 0xD726, 0xD726,
  0xD705, 0xDB2B, 0xF7D7, 0xDB2A, 0xDB06, 0xDB06, 0xE34C, 0xEFB2, 0xDB0A, 0xF3B4, 0xF7D8, 0xF3D7, 0xF3D7, 0xF3D8, 0xADF5, 0xA1B5,
  0xA1B6, 0xA1B6, 0xA5B6, 0xA5B6, 0xA5B6, 0xA5B6, 0xA5B6, 0xA5B5, 0xA5B5, 0xA1B5, 0xAA19, 0xAA3A, 0xAA3A, 0xAA1A, 0xAA19, 0xAA3A,
  0xAA3A, 0xAA3B, 0xAA3B, 0xAA3B, 0xAA3A, 0xAA3A, 0xAA3A, 0xAA3A, 0xAA3A, 0xB29C, 0xB6BD, 0xB6BD, 0xB6BD, 0xB6BD, 0xB6BD, 0xB6BD,
  0xB6BD, 0xB6BD, 0xB6BD, 0xB6BD, 0xB6BD, 0xB6BD, 0xB6BD, 0xB6BD, 0xB6BD, 0xB6BD, 0xB6BD, 0xB6BD, 0xB6BD, 0xB6BD, 0xB6BD, 0xB6BD,
  0xB6BD, 0xB6BD, 0xB6BD, 0xB6BD, 0xB6BD, 0xB6BD, 0xB6BD, 0xB6BD, 0xB6BD, 0xB6BD, 0xB6BD, 0xB6BD, 0xB6BD, 0xB6BC, 0xB69B, 0xB69B,
  0xB6BD, 0xB6BD, 0xB6BD, 0xB6BD, 0xB6BD, 0xB6BD, 0xB69A, 0xB27A, 0xB6BD, 0xB6BD, 0xB6BD, 0xB6BD, 0xB6BD, 0xBADD, 0xBA9A, 0xB236,
  0xB258, 0xB6BD, 0xB6BD, 0xBABD, 0xB6BD, 0xB6DD, 0xB6BD, 0xB6DD, 0xB6DD, 0xB6DD, 0xB6DD, 0xB6DD, 0xB6DD, 0xB6BD, 0xB2BC, 0xB6BC,
  0xB6BC, 0xB6BC, 0xB2BC, 0xB6BC, 0xB6BC, 0xB6BD, 0xB6BD, 0xBADD, 0xA591, 0xA9D6, 0xB27C, 0x94CB, 0xA14F, 0x94A9, 0xA171, 0xA191,
  0x94C9, 0x9086, 0x9D50, 0xA193, 0x8C65, 0x8C23, 0x8C44, 0x9066, 0x98CA, 0x98CA, 0x98A9, 0x9487, 0x9487, 0x9487, 0x9066, 0x8C44,
  0x9086, 0x94A8, 0x98A9, 0x98C9, 0x9487, 0x9486, 0x8C44, 0x94CA, 0xA172, 0xA172, 0x9D72, 0x9D51, 0x9D71, 0xA193, 0xAE59, 0xB69C,
  0xBDA0, 0xBD80, 0xC1A0, 0xCE45, 0xC1C0, 0xCA04, 0xD68A, 0xCA24, 0xC1C0, 0xC5C0, 0xC1A0, 0xC1A0, 0xBDA0, 0xC1A0, 0xC1C0, 0xC1C0,
  0xC1C0, 0xC1A0, 0xC1A0, 0xC1A0, 0xC1A0, 0xC1C0, 0xCE20, 0xD260, 0xD260, 0xD260, 0xD260, 0xD260, 0xD260, 0xD260, 0xD2A2, 0xD705,
  0xD726, 0xD726, 0xD726, 0xD727, 0xD726, 0xD706, 0xD726, 0xD706, 0xD706, 0xD706, 0xD706, 0xD706, 0xD706, 0xD706, 0xD726, 0xD706,
  0xD726, 0xD706, 0xDF4B, 0xE76F, 0xEB91, 0xEB92, 0xF7D7, 0xF7F8, 0xF7F8, 0xF3D7, 0xEFB5, 0xF7D8, 0xF7D7, 0xF7D8, 0xFBF9, 0xE732,
  0xCE26, 0xBDA0, 0xC1A0, 0xBD80, 0xBD80, 0xBD80, 0xBD80, 0xC1A0, 0xCA00, 0xCE20, 0xCE20, 0xD681, 0xD280, 0xD260, 0xD280, 0xD260,
  0xD260, 0xD260, 0xD2A2, 0xD706, 0xD706, 0xD706, 0xD706, 0xD726, 0xD726, 0xD726, 0xD706, 0xD706, 0xD706, 0xD706, 0xD706, 0xD707,
  0xDF2B, 0xF7D7, 0xE34E, 0xD706, 0xDB27, 0xD706, 0xE34C, 0xDB2B, 0xE770, 0xF7D7, 0xF3D7, 0xF3D7, 0xF7D8, 0xEFB9, 0xADF5, 0xA1B5,
  0xA5B6, 0xA1B6, 0xA5B6, 0xA5B6, 0xA5B6, 0xA5B6, 0xA5B6, 0xA5B5, 0xA5B6, 0xA1B5, 0xAA19, 0xAA3B, 0xAA3A, 0xAA3B, 0xAA3B, 0xAA3B,
  0xAA3A, 0xAA3A, 0xAA3A, 0xAA3A, 0xAA3A, 0xAA3B, 0xAA3B, 0xAA3A, 0xAE5B, 0xB6BD, 0xB6BD, 0xB6BD, 0xB6BD, 0xB6BD, 0xB6BD, 0xB6BD,
  0xB6BD, 0xB6BD, 0xB6BD, 0xB6BD, 0xB6BD, 0xB6BD, 0xB6BD, 0xB6BD, 0xB6BD, 0xB6BD, 0xB6BD, 0xB6BD, 0xB6BD, 0xB6BD, 0xB6BD, 0xB6BD,
  0xB6BD, 0xB6BD, 0xB6BD, 0xB6BD, 0xB6BD, 0xB6BD, 0xB6BD, 0xB6BD, 0xB6BD, 0xB6BD, 0xB6BD, 0xB6BD, 0xB6BD, 0xB6BD, 0xB6DD, 0xB6BD,
  0xB6BD, 0xB6BD, 0xB6BD, 0xB6BD, 0xB6BD, 0xB2BD, 0xB6DD, 0xB6DD, 0xB6BD, 0xB6BD, 0xB6BD, 0xB6BC, 0xB6DE, 0xB237, 0x98E8, 0xA509,
  0xA590, 0xB69B, 0xB6BD, 0xB6BC, 0xB6BD, 0xB6BD, 0xB6BD, 0xB6BC, 0xB6BC, 0xB6BC, 0xB6BC, 0xB6BC, 0xB6BD, 0xB6DD, 0xB6DE, 0xB6BD,
  0xB6BD, 0xB6BD, 0xB6BD, 0xB6BD, 0xB6BD, 0xB6BD, 0xB6BD, 0xBADD, 0xA5D5, 0x9D71, 0xB25A, 0xA5B5, 0xB27C, 0xA171, 0x8C45, 0x992F,
  0xAE16, 0x9066, 0x8C44, 0xA5D5, 0xA9F6, 0x9086, 0x9486, 0x9486, 0x9487, 0x9065, 0x9065, 0x9488, 0x9488, 0x9488, 0x98A9, 0x98C9,
  0x9487, 0x8C44, 0x8C44, 0x8C44, 0x94CA, 0x94CA, 0x98EB, 0xA172, 0x9D72, 0x9D72, 0x9D72, 0x9D72, 0x9D72, 0xA193, 0xA5F8, 0xAA3A,
  0xC1A0, 0xC1A0, 0xC1A0, 0xBD80, 0xC1A0, 0xBDA0, 0xBD80, 0xBD80, 0xC1A0, 0xC1A0, 0xC5C0, 0xC5C0, 0xC5C0, 0xC1C0, 0xCA01, 0xCA01,
  0xC5E0, 0xC5C0, 0xCA20, 0xCE40, 0xCE20, 0xCE40, 0xD260, 0xD260, 0xD260, 0xD260, 0xD260, 0xD260, 0xD260, 0xD260, 0xD260, 0xD260,
  0xD2A2, 0xDB05, 0xD705, 0xD705, 0xD726, 0xDB27, 0xDB26, 0xD706, 0xD706, 0xD706, 0xD706, 0xD706, 0xD706, 0xD706, 0xD706, 0xD706,
  0xD706, 0xE76D, 0xF393, 0xF3B4, 0xE34C, 0xDF4B, 0xDF2A, 0xDF29, 0xDB29, 0xDF4C, 0xF3D8, 0xEFB6, 0xDF2A, 0xDB29, 0xF7F8, 0xE730,
  0xC5E3, 0xC9E1, 0xC1A0, 0xC9E0, 0xD241, 0xD240, 0xCE40, 0xCE40, 0xD280, 0xD280, 0xD280, 0xD260, 0xD260, 0xD260, 0xD260, 0xD260,
  0xD281, 0xD2A1, 0xDB06, 0xD726, 0xD726, 0xD706, 0xD706, 0xD706, 0xD706, 0xD706, 0xD726, 0xD706, 0xD305, 0xD707, 0xEF93, 0xF3B4,
  0xEFB4, 0xEFB4, 0xD707, 0xD726, 0xD706, 0xDF2A, 0xDB2B, 0xF3B6, 0xF7D8, 0xF3D7, 0xF3D7, 0xFBF8, 0xD717, 0xADF5, 0xA5B6, 0xA1B6,
  0xA5B6, 0xA1B6, 0xA5B6, 0xA5B6, 0xA5B6, 0xA5B6, 0xA5B6, 0xA5B6, 0xA5B5, 0xA1B5, 0xAA19, 0xAA3B, 0xAA3A, 0xAA3A, 0xAA3A, 0xAA3A,
  0xAA3A, 0xAA3A, 0xAA3A, 0xAA3A, 0xAA3A, 0xAA3B, 0xAA3A, 0xAA3A, 0xB29C, 0xBADD, 0xB6DD, 0xB6DD, 0xB6DD, 0xB6BD, 0xB6BD, 0xB6BD,
  0xB6BD, 0xB6BD, 0xB6BD, 0xB6BD, 0xB6BD, 0xB6BD, 0xB6BD, 0xB6BD, 0xB6BD, 0xB6BD, 0xB6BD, 0xB6BD, 0xB6BD, 0xB6BD, 0xB6BD, 0xB6BD,
  0xB6BD, 0xB6BD, 0xB6BD, 0xB6DD, 0xB6DD, 0xB6DD, 0xB6BD, 0xB6BD, 0xB6BD, 0xB6BD, 0xB6BD, 0xB6BD, 0xB6BD, 0xB6BD, 0xB6BD, 0xB6BD,
  0xB6BD, 0xB6BD, 0xB6BD, 0xB6BD, 0xB6BD, 0xB6BC, 0xB6BC, 0xB6BC, 0xB6BD, 0xB6BD, 0xB6BD, 0xB6BC, 0xB6BD, 0xB69A, 0xA9B2, 0xADF4,
  0xB259, 0xB6BC, 0xB6BD, 0xB6BD, 0xB6BD, 0xB6BD, 0xB6BD, 0xB6BD, 0xB6BD, 0xB6BD, 0xB6BD, 0xB6BD, 0xB6DD, 0xB258, 0xAE37, 0xB6BD,
  0xB6BD, 0xB6BD, 0xB6BD, 0xB6BD, 0xB6BD, 0xB6BD, 0xB6BD, 0xB6DD, 0xB27A, 0x94CA, 0x90A8, 0x8C44, 0x992D, 0xA9D4, 0x990E, 0xBADF,
  0xA1D4, 0x8401, 0x94C9, 0x94EB, 0x94C9, 0x8C44, 0x8C44, 0x8C44, 0x94A8, 0x98CA, 0x9CEB, 0x98CA, 0x98A9, 0x9065, 0x9066, 0x9066,
  0x9067, 0x9D2E, 0x9D2F, 0x9D4F, 0xA593, 0xA193, 0xA193, 0x9D72, 0x9D71, 0x9D71, 0x9D72, 0x9D93, 0xA5D6, 0xAA3A, 0xAA3A, 0xAA3A,
  0xC1A0, 0xC1A0, 0xC1A0, 0xC1A0, 0xC1A0, 0xC1A0, 0xC1C0, 0xCA01, 0xCA00, 0xC5E0, 0xC1C0, 0xC1C0, 0xC5C0, 0xC5C0, 0xC600, 0xCA00,
  0xCA00, 0xD260, 0xD260, 0xD260, 0xD260, 0xD260, 0xCE40, 0xD260, 0xD260, 0xD260, 0xD260, 0xD260, 0xD260, 0xD260, 0xD260, 0xD260,
  0xD260, 0xD260, 0xD260, 0xD260, 0xD6C3, 0xD6C3, 0xD705, 0xDB27, 0xDB26, 0xDB26, 0xD706, 0xD706, 0xD706, 0xD706, 0xD706, 0xD706,
  0xD706, 0xD707, 0xD707, 0xD706, 0xD706, 0xD705, 0xD705, 0xD706, 0xD704, 0xD707, 0xF3B7, 0xF3B5, 0xDB26, 0xDB26, 0xE34C, 0xEFB3,
  0xFBF8, 0xEB51, 0xD669, 0xC5E1, 0xD260, 0xD280, 0xD260, 0xD260, 0xD260, 0xD260, 0xD260, 0xD260, 0xD260, 0xD260, 0xD6A2, 0xD2C3,
  0xD706, 0xD707, 0xD707, 0xD707, 0xD726, 0xD726, 0xD706, 0xD706, 0xD706, 0xD706, 0xD707, 0xD706, 0xDF4B, 0xEF93, 0xEFB3, 0xDB29,
  0xD2E5, 0xD2E6, 0xD6E6, 0xD6E6, 0xE34E, 0xF7D7, 0xF7D8, 0xF7D8, 0xF7D8, 0xF7D8, 0xF7D9, 0xD2F7, 0xA5B4, 0xA195, 0xA1B5, 0xA1B5,
  0xA1B6, 0xA1B6, 0xA1B6, 0xA5B6, 0xA5B6, 0xA5B6, 0xA5B6, 0xA5B5, 0xA1B5, 0xAA19, 0xAE3B, 0xAA3A, 0xAA3A, 0xAA3A, 0xAA3A, 0xAA3A,
  0xAA3A, 0xAA3A, 0xAA3A, 0xAA3A, 0xAA3A, 0xAA3A, 0xAA3A, 0xB27C, 0xBADD, 0xB6BC, 0xAE5B, 0xAE5B, 0xAE7B, 0xB6BD, 0xB6BD, 0xB6BD,
  0xB6BD, 0xB6BD, 0xB6BD, 0xB6BD, 0xB6BD, 0xB6BD, 0xB6BD, 0xB6BD, 0xB6BD, 0xB6BD, 0xB6BD, 0xB6BD, 0xB6BD, 0xB6BD, 0xB6DD, 0xB6BD,
  0xB6BD, 0xB6BD, 0xB29C, 0xAE5A, 0xAE5B, 0xAE5A, 0xB6BD, 0xB6BD, 0xB6BD, 0xB6BD, 0xB6BD, 0xB6BD, 0xB6BD, 0xB6BD, 0xB6BD, 0xB6BD,
  0xB6BD, 0xB6BD, 0xB6BD, 0xB6BD, 0xB6BD, 0xB6BD, 0xB6BD, 0xB6BD, 0xB6BD, 0xB6BD, 0xB6BD, 0xB6BD, 0xB6BD, 0xB6BD, 0xB6DD, 0xB6BD,
  0xB6BD, 0xB6BD, 0xB6BD, 0xB6BD, 0xB6BD, 0xB6BD, 0xB6BD, 0xB6BD, 0xB6BD, 0xB6BD, 0xB6BD, 0xB6BD, 0xBADE, 0xA5D3, 0xA190, 0xBADD,
  0xB6BD, 0xB6BD, 0xB6BD, 0xB6BD, 0xB6BD, 0xB6BD, 0xB6BD, 0xB6BD, 0xBADD, 0xB67B, 0xADF6, 0x9D2E, 0x90AA, 0x90CA, 0x98EC, 0x9D4F,
  0x94CA, 0x8822, 0xAE17, 0xB29C, 0xA5D5, 0x98CA, 0x98A9, 0x9CCA, 0x9487, 0x9045, 0x8C44, 0x8C66, 0x90A8, 0x94CA, 0xA171, 0xA172,
  0xA172, 0xA173, 0xA193, 0xA172, 0x9D51, 0x9D51, 0x9D72, 0xA5B5, 0xA5B5, 0xA1B5, 0xA5F7, 0xAA3A, 0xAA3A, 0xAA3A, 0xAA3A, 0xAA3A,
  0xC1A0, 0xC1C0, 0xC1C0, 0xC1C0, 0xC1C0, 0xC1C0, 0xC1C0, 0xCA01, 0xD682, 0xD6C4, 0xCE62, 0xD263, 0xCE62, 0xCE62, 0xD281, 0xD280,
  0xD280, 0xD260, 0xD6C3, 0xDAE5, 0xDAE5, 0xDAE5, 0xD6C4, 0xD260, 0xD260, 0xD260, 0xD260, 0xD260, 0xD260, 0xD260, 0xD260, 0xD260,
  0xD260, 0xD260, 0xD660, 0xD260, 0xD260, 0xD260, 0xD681, 0xD6A3, 0xD6A2, 0xD6C3, 0xDB06, 0xDB06, 0xDB06, 0xD705, 0xD706, 0xD706,
  0xD706, 0xD706, 0xD706, 0xD706, 0xD726, 0xD726, 0xDB26, 0xD725, 0xD706, 0xEB92, 0xF7D9, 0xEFB3, 0xDB27, 0xDB26, 0xD705, 0xD706,
  0xEFB4, 0xFBF9, 0xFBF9, 0xEF73, 0xDEC8, 0xCE40, 0xD260, 0xD260, 0xD260, 0xD260, 0xD260, 0xD260, 0xD6A3, 0xD705, 0xDB26, 0xD727,
  0xE36D, 0xEF92, 0xEB92, 0xEF92, 0xDF2A, 0xD706, 0xD726, 0xD726, 0xD726, 0xD707, 0xEB70, 0xEF93, 0xE770, 0xE34E, 0xDB29, 0xD706,
  0xD707, 0xE76F, 0xEF92, 0xEF92, 0xF7D7, 0xF3D7, 0xF7F8, 0xF3B8, 0xEF98, 0xDF58, 0xB635, 0xA5B5, 0xA1B5, 0xA5B6, 0xA1B6, 0xA5B6,
  0xA5B6, 0xA1B6, 0xA1B6, 0xA1B6, 0xA5B6, 0xA5B6, 0xA1B5, 0xA5B6, 0xAA19, 0xAA3B, 0xAA3A, 0xAA3A, 0xAA3A, 0xAA3A, 0xAA3A, 0xAA3A,
  0xAA3A, 0xAA3A, 0xAA3A, 0xAA3A, 0xAA3A, 0xAE7B, 0xB29C, 0xB6BD, 0xAE5A, 0xAE7B, 0xB27C, 0xB27B, 0xB27C, 0xB6BD, 0xB6BD, 0xB6BD,
  0xB6BD, 0xB6BD, 0xB6BD, 0xB6BD, 0xB6BD, 0xB6BD, 0xB6BD, 0xB6DD, 0xB6BD, 0xAE5B, 0xAE5A, 0xAE5B, 0xAE5A, 0xAE5A, 0xAE3A, 0xAE3A,
  0xB29C, 0xB6DD, 0xB69C, 0xAE7B, 0xB27B, 0xB27B, 0xB6BD, 0xB6BD, 0xB6BD, 0xB6BD, 0xB6BD, 0xB6BD, 0xB6BD, 0xB6BD, 0xB6BD, 0xB6BD,
  0xB6BD, 0xB6BD, 0xB6BD, 0xB6BD, 0xB6BD, 0xB6BD, 0xB6BD, 0xB6BD, 0xB6BD, 0xB6BD, 0xB6BD, 0xB6BD, 0xB6BD, 0xB6BD, 0xB6BD, 0xB6BD,
  0xB6BD, 0xB6BD, 0xB6BD, 0xB6BD, 0xB6BD, 0xB6BD, 0xB6BD, 0xB6BD, 0xB6BD, 0xB6BD, 0xB6BD, 0xB6BD, 0xB6BD, 0xBADE, 0xBADE, 0xB6BD,
  0xB6BD, 0xB6BD, 0xB6BD, 0xB6BD, 0xB6BD, 0xB6BD, 0xB6BD, 0xB6BD, 0xB6BC, 0xB6BD, 0xBADE, 0xB6BD, 0xB27B, 0xB27B, 0xA193, 0x98EC,
  0x990D, 0x990E, 0x90A9, 0x992F, 0xAE38, 0x94CA, 0x9044, 0x9044, 0x9488, 0x9D2E, 0x990D, 0xA150, 0xA173, 0xA172, 0x9D72, 0x9D72,
  0x9D72, 0x9D72, 0x9D72, 0xA173, 0xA5F7, 0xA5F7, 0xA5F8, 0xAA3A, 0xAA3A, 0xAA3A, 0xAA3A, 0xAA3A, 0xAA3A, 0xAA3A, 0xAA3A, 0xAA39,
  0xCE61, 0xCE40, 0xCE40, 0xCE40, 0xD240, 0xD240, 0xCE40, 0xCE40, 0xD260, 0xD261, 0xD6A2, 0xD6C3, 0xDAE5, 0xDAE5, 0xD6C4, 0xD260,
  0xD260, 0xD260, 0xD260, 0xD281, 0xD281, 0xD281, 0xD6C3, 0xDAE4, 0xD6C4, 0xD6C4, 0xD6E4, 0xDB06, 0xD705, 0xD6E5, 0xD2A2, 0xD2A1,
  0xCE40, 0xCE40, 0xCE40, 0xCE40, 0xCE40, 0xCE40, 0xD240, 0xD240, 0xD240, 0xD240, 0xD260, 0xD260, 0xD260, 0xD2A2, 0xD705, 0xD706,
  0xD706, 0xD726, 0xD706, 0xD706, 0xD726, 0xDB26, 0xD705, 0xDF4C, 0xEF93, 0xFBFA, 0xEFB4, 0xDB29, 0xDB26, 0xDB26, 0xDB26, 0xDB28,
  0xF3B5, 0xF7D8, 0xF7F9, 0xFBFA, 0xD247, 0xCE20, 0xD280, 0xD260, 0xD260, 0xD260, 0xD281, 0xD6E4, 0xDB26, 0xDB26, 0xD706, 0xD706,
  0xDB27, 0xDB28, 0xDB28, 0xDB28, 0xD727, 0xD726, 0xD705, 0xD705, 0xD705, 0xD707, 0xE34E, 0xF3B6, 0xF3B5, 0xE770, 0xEB91, 0xF3D6,
  0xF3B6, 0xF7D7, 0xF7D8, 0xF7D8, 0xF7D7, 0xF7D8, 0xDF57, 0xC697, 0xA5B5, 0xA5D5, 0xA195, 0xA1B5, 0xA1B5, 0xA1B6, 0xA5B6, 0xA1B6,
  0xA1B6, 0xA1B6, 0xA1B6, 0xA5B6, 0xA1B5, 0xA1B5, 0xA5D7, 0xAA19, 0xAA3B, 0xAA3A, 0xAA3A, 0xAA3A, 0xAA3A, 0xAA3A, 0xAA3A, 0xAA3A,
  0xAA3A, 0xAA3A, 0xAA3A, 0xAA3A, 0xB29C, 0xB29C, 0xB27B, 0xAE5B, 0xAE7B, 0xB6BD, 0xB6DD, 0xB6DD, 0xB6DD, 0xB6BD, 0xB6BD, 0xB6BD,
  0xB6BD, 0xB6BD, 0xB6BD, 0xB6BD, 0xB6BD, 0xB6BD, 0xB6BD, 0xB69C, 0xAE18, 0xA5D6, 0xAA19, 0xAA19, 0xAA19, 0xAA19, 0xAA3A, 0xB27C,
  0xB6BD, 0xB6BD, 0xB6BD, 0xBADD, 0xB6DD, 0xB6DD, 0xB6BD, 0xB6BD, 0xB6BD, 0xB6BD, 0xB6BD, 0xB6BD, 0xB6BD, 0xB6BD, 0xB6BD, 0xB6BD,
  0xB6BD, 0xB6BD, 0xB6BD, 0xB6BD, 0xB6BD, 0xB6BD, 0xB6BD, 0xB6BD, 0xB6BD, 0xB6BD, 0xB6BD, 0xB6BD, 0xB6BD, 0xB6BD, 0xB6BD, 0xB6BD,
  0xB6BD, 0xB6BD, 0xB6BD, 0xB6BD, 0xB6BD, 0xB6BD, 0xB6BD, 0xB6BD, 0xB6BD, 0xB6BD, 0xB6BD, 0xB6BD, 0xB6BD, 0xB6BD, 0xB6BD, 0xB6BD,
  0xB6BD, 0xB6BD, 0xB6BD, 0xB6BD, 0xB6BD, 0xB6BD, 0xB6BD, 0xB6BD, 0xB6BD, 0xB6BD, 0xB6BC, 0xB6BD, 0xB6BD, 0xB6BD, 0xB6BC, 0xBADD,
  0xAE7A, 0xAE39, 0xA172, 0x98EC, 0x8C68, 0x8C67, 0x990D, 0x9D50, 0xA171, 0xA194, 0xA193, 0xA1B4, 0xA5D5, 0xA1B5, 0xA5D5, 0xA5D5,
  0xA5F7, 0xAA19, 0xAA19, 0xAA19, 0xAA3A, 0xAA3A, 0xAA3A, 0xAA3A, 0xAA1A, 0xAA3A, 0xAA3A, 0xAA3A, 0xAA3A, 0xAA3A, 0xAA3A, 0xAA3A,
  0xD6E4, 0xD6C3, 0xD6C4, 0xD281, 0xCE40, 0xCE60, 0xCE60, 0xCE60, 0xCE60, 0xCE60, 0xCE40, 0xCE40, 0xD240, 0xD240, 0xD260, 0xD260,
  0xD260, 0xD260, 0xD260, 0xD240, 0xD260, 0xCE60, 0xCE60, 0xCE60, 0xCE60, 0xCE60, 0xCE60, 0xD6C4, 0xD726, 0xD726, 0xD726, 0xDB27,
  0xE74C, 0xE72D, 0xE72D, 0xE74D, 0xE74D, 0xE74D, 0xEB4D, 0xDAE7, 0xD6C3, 0xD6E4, 0xD6C3, 0xD6C3, 0xD6E4, 0xDB26, 0xDB26, 0xD726,
  0xD705, 0xD705, 0xD705, 0xD706, 0xD707, 0xD707, 0xE76F, 0xFBF8, 0xEF93, 0xE34C, 0xD706, 0xDB26, 0xDB27, 0xD706, 0xDB28, 0xF3B4,
  0xF7D8, 0xFBF9, 0xE310, 0xCA07, 0xBD80, 0xD240, 0xD280, 0xD260, 0xD260, 0xD260, 0xDAE5, 0xDB27, 0xD726, 0xD726, 0xD706, 0xD706,
  0xD706, 0xD304, 0xD704, 0xD304, 0xD706, 0xD707, 0xE34E, 0xEF93, 0xEB92, 0xEB92, 0xEB91, 0xE76F, 0xD708, 0xDB09, 0xE771, 0xF7D7,
  0xF7D8, 0xF7D7, 0xF7D7, 0xF7D8, 0xEB78, 0xC696, 0xA5B4, 0xA195, 0xA1B6, 0xA1B6, 0xA5B6, 0xA1B5, 0xA1B6, 0xA1B6, 0xA5B6, 0xA5B6,
  0xA1B5, 0xA1B5, 0xA1B5, 0xA1B5, 0xA5D7, 0xAA19, 0xAA3A, 0xAA3A, 0xAA3A, 0xAA3A, 0xAA3A, 0xAA3A, 0xAA3A, 0xAA3A, 0xAA3A, 0xAA3A,
  0xAA3A, 0xAA3A, 0xAA3A, 0xB29C, 0xAE5B, 0xAA5A, 0xB29C, 0xB6DD, 0xB6BD, 0xB6BD, 0xB6BD, 0xB6BD, 0xB6BD, 0xB6BD, 0xB6BD, 0xB6BD,
  0xB6BD, 0xB6BD, 0xB6BD, 0xB6BD, 0xB6BD, 0xB6BD, 0xB6BD, 0xB29B, 0xA5D6, 0xA1B5, 0xAE3A, 0xB27B, 0xB69C, 0xB69C, 0xBABD, 0xB6BD,
  0xB6BD, 0xB6BD, 0xB6BD, 0xB6BD, 0xB6BD, 0xB6BD, 0xB6BD, 0xB6BD, 0xB6BD, 0xB6BD, 0xB6BD, 0xB6BD, 0xB6BD, 0xB6BD, 0xB6BD, 0xB6BD,
  0xB6BD, 0xB6BD, 0xB6BD, 0xB6BD, 0xB6BD, 0xB6BD, 0xB6BD, 0xB6BD, 0xB6BD, 0xB6BD, 0xB6BD, 0xB6BD, 0xB6BD, 0xB6BD, 0xB6BD, 0xB6BD,
  0xB6BD, 0xB6BD, 0xB6BD, 0xB6BD, 0xB6BD, 0xB6BD, 0xB6BD, 0xB6BD, 0xB6BD, 0xB6BD, 0xB6BD, 0xB6BD, 0xB6BD, 0xB6BD, 0xB6BD, 0xB6BD,
  0xB6BD, 0xB6BD, 0xB6BD, 0xB6BD, 0xB6BD, 0xB6BD, 0xB6BD, 0xB6BD, 0xB6BD, 0xB6BD, 0xB6BD, 0xB6BD, 0xB6BD, 0xB6BC, 0xB6BD, 0xB6BD,
  0xB6BD, 0xB6DD, 0xBADE, 0xB69C, 0xAE39, 0xB259, 0xAE39, 0xAE39, 0xAE39, 0xAE38, 0xAE38, 0xB69B, 0xB6BD, 0xB6BD, 0xB69C, 0xB27B,
  0xAA3A, 0xAA3A, 0xAA3A, 0xAA3A, 0xAA3A, 0xAA3A, 0xAA3A, 0xAA3A, 0xAA3A, 0xAA3A, 0xAA3A, 0xAA3A, 0xAA3A, 0xAA3A, 0xAA3A, 0xAA3A,
  0xD6C3, 0xDB05, 0xDB26, 0xDB27, 0xDB06, 0xD705, 0xD6E5, 0xD6E5, 0xD6E5, 0xD705, 0xD6A3, 0xD261, 0xD281, 0xD281, 0xD281, 0xD281,
  0xD281, 0xD281, 0xD281, 0xD261, 0xD6C3, 0xD705, 0xD6E5, 0xDB05, 0xD705, 0xD705, 0xD6E5, 0xD705, 0xD706, 0xD706, 0xD706, 0xD707,
  0xDF4B, 0xDF4B, 0xDF4B, 0xDF4B, 0xDF4B, 0xDF4B, 0xE34B, 0xDB28, 0xDB27, 0xDB27, 0xDB26, 0xDB26, 0xD725, 0xD704, 0xD704, 0xD706,
  0xDF2A, 0xDF4B, 0xDF4B, 0xEB91, 0xEF92, 0xEF92, 0xF3B4, 0xDF2B, 0xD705, 0xD705, 0xDB26, 0xDB26, 0xD705, 0xDB29, 0xF3B5, 0xFBFA,
  0xF7D8, 0xEF95, 0xCA05, 0xBD80, 0xCA01, 0xD260, 0xD260, 0xD281, 0xD2A2, 0xD6E4, 0xDB26, 0xD726, 0xDB26, 0xD726, 0xD726, 0xD705,
  0xD706, 0xDF2A, 0xDF2A, 0xDB29, 0xEF91, 0xEFB3, 0xF3D5, 0xF7D6, 0xE36E, 0xDF4A, 0xDB08, 0xD707, 0xE76E, 0xF3B6, 0xF7D8, 0xF3D7,
  0xFBF8, 0xF7D8, 0xEFB8, 0xC696, 0xA9F5, 0x9D95, 0xA1B6, 0xA5B6, 0xA1B6, 0xA5B5, 0xA1B6, 0xA1B6, 0xA5B6, 0xA5B6, 0xA1B5, 0xA1B5,
  0xA5B6, 0xA5D6, 0xA5D7, 0xAA19, 0xAA3A, 0xAA3B, 0xAA3A, 0xAA3A, 0xAA3A, 0xAA3A, 0xAA3A, 0xAA3A, 0xAA3A, 0xAA3A, 0xAA3A, 0xAA3A,
  0xAA3A, 0xAA3A, 0xAE5B, 0xB6BD, 0xB29C, 0xB6BD, 0xB6BD, 0xB6BD, 0xB6BD, 0xB6BD, 0xB6BD, 0xB6BD, 0xB6BD, 0xB6BD, 0xB6BD, 0xB6BD,
  0xB6BD, 0xB6BD, 0xB6BD, 0xB6BD, 0xB6BD, 0xB6BD, 0xB6BD, 0xB6BD, 0xB6BD, 0xB29C, 0xB6BD, 0xBADD, 0xB6BD, 0xB6BD, 0xB6BD, 0xB6BD,
  0xB6BD, 0xB6BD, 0xB6BD, 0xB6BD, 0xB6BD, 0xB6BD, 0xB6BD, 0xB6BD, 0xB6BD, 0xB6BD, 0xB6BD, 0xB6BD, 0xB6BD, 0xB6BD, 0xB6BD, 0xB6BD,
  0xB6BD, 0xB6BD, 0xB6BD, 0xB6BD, 0xB6BD, 0xB6BD, 0xB6BD, 0xB6BD, 0xB6BD, 0xB6BD, 0xB6BD, 0xB6BD, 0xB6BD, 0xB6BD, 0xB6BD, 0xB6BD,
  0xB6BD, 0xB6BD, 0xB6BD, 0xB6BC, 0xB6BD, 0xB6DD, 0xB6DD, 0xB6BD, 0xB6BD, 0xB6BD, 0xB6BD, 0xB6BD, 0xB6BD, 0xB6BD, 0xB6BD, 0xB6BD,
  0xB6BD, 0xB6BD, 0xB6BD, 0xB6BD, 0xB6BD, 0xB6BD, 0xB6BD, 0xB6BD, 0xB6BD, 0xB6BD, 0xB6BD, 0xB6BD, 0xB6BD, 0xB6BD, 0xB6BD, 0xB6BD,
  0xB6BD, 0xB6BC, 0xB6BC, 0xB6BD, 0xB6DD, 0xB6BD, 0xB6DD, 0xBADD, 0xB6BD, 0xB69C, 0xB6BC, 0xB27C, 0xAA19, 0xA619, 0xA5F8, 0xA5F8,
  0xAA19, 0xAA3A, 0xAA3A, 0xAA3A, 0xAA3A, 0xAA3A, 0xAA3A, 0xAA3A, 0xAA3A, 0xAA3A, 0xAA3A, 0xAA3A, 0xAA3A, 0xAA3A, 0xAA3A, 0xAA3A,
  0xD260, 0xD260, 0xD281, 0xD6E4, 0xD6E4, 0xDB06, 0xDB27, 0xD727, 0xD727, 0xD727, 0xD706, 0xDB06, 0xDB06, 0xD706, 0xDB06, 0xDB06,
  0xDB06, 0xDB06, 0xDB06, 0xDB06, 0xDB26, 0xD726, 0xDB26, 0xDB26, 0xD726, 0xD726, 0xD726, 0xD726, 0xD706, 0xD706, 0xD706, 0xD706,
  0xD705, 0xD705, 0xD705, 0xD705, 0xD705, 0xD705, 0xD705, 0xD726, 0xDB26, 0xD706, 0xD706, 0xD706, 0xE34C, 0xE76F, 0xE76E, 0xEB91,
  0xF3D5, 0xEB90, 0xEF91, 0xE34B, 0xDB27, 0xDB27, 0xDB06, 0xD705, 0xD705, 0xD725, 0xD706, 0xD707, 0xDF2B, 0xF3B5, 0xFBFB, 0xEF74,
  0xDAAC, 0xC5E1, 0xCA20, 0xD261, 0xD260, 0xD281, 0xD6C3, 0xDB26, 0xDB26, 0xDB26, 0xD726, 0xD726, 0xD726, 0xD726, 0xD706, 0xDB28,
  0xE76F, 0xEB91, 0xEB8F, 0xEB8F, 0xEB6E, 0xD707, 0xD2E5, 0xD6E5, 0xD2E3, 0xD707, 0xF3B5, 0xF7D8, 0xF7D8, 0xF7D9, 0xF7F9, 0xEB98,
  0xCED6, 0xC6B7, 0xA9D5, 0xA1B5, 0xA1B5, 0xA5B6, 0xA1B5, 0xA1B6, 0xA1B6, 0xA1B6, 0xA1B6, 0xA1B5, 0xA1B5, 0xA1B5, 0xA5F7, 0xA5F7,
  0xAA19, 0xAA3A, 0xAA3A, 0xAA3A, 0xAA3A, 0xAA3A, 0xAA3A, 0xAA3A, 0xAA3A, 0xAA3A, 0xAA3A, 0xAA3A, 0xAA3A, 0xAA3A, 0xAA3A, 0xAA3A,
  0xAE7B, 0xB29C, 0xB6BD, 0xB6BD, 0xB6BD, 0xB6BD, 0xB6BD, 0xB6BD, 0xB6BD, 0xB6BD, 0xB6BD, 0xB6BD, 0xB6BD, 0xB6BD, 0xB6BD, 0xB6BD,
  0xB6BD, 0xB6BD, 0xB6BD, 0xB6BD, 0xB6BD, 0xB6BD, 0xB6BD, 0xB6BD, 0xB6BD, 0xB6BD, 0xB29C, 0xB27C, 0xB6BD, 0xB6BD, 0xB6BD, 0xB6BD,
  0xB6BD, 0xB6BD, 0xB6BD, 0xB6BD, 0xB6BD, 0xB6BD, 0xB6BD, 0xB6BD, 0xB6BD, 0xB6BD, 0xB6BD, 0xB6BD, 0xB6BD, 0xB6BD, 0xB6BD, 0xB6BD,
  0xB6BD, 0xB6BD, 0xB6BD, 0xB6BD, 0xB6BD, 0xB6BD, 0xB6BD, 0xB6BC, 0xB6BD, 0xB6BD, 0xB6BD, 0xB6BC, 0xB6BC, 0xB6BD, 0xB6BD, 0xB6BD,
  0xB6BD, 0xB6BD, 0xB6BD, 0xB6BD, 0xB6BD, 0xAE5B, 0xAE7B, 0xB6BC, 0xB6BD, 0xB6BD, 0xB6BD, 0xB6BD, 0xB6BD, 0xB6BD, 0xB6BD, 0xB6BD,
  0xB6BD, 0xB6BD, 0xB6BD, 0xB6BD, 0xB6BD, 0xB6BD, 0xB6BD, 0xB6BD, 0xB6BD, 0xB6BD, 0xB6BD, 0xB6BD, 0xB6BD, 0xB6BD, 0xB6BD, 0xB6BD,
  0xB6BD, 0xB6BD, 0xB6BD, 0xB6BD, 0xB6BD, 0xB6BD, 0xB6BD, 0xB6BD, 0xB29C, 0xAE5A, 0xAE5A, 0xAE5A, 0xAA3A, 0xAE5A, 0xAE5A, 0xAE5A,
  0xAE5B, 0xAA3A, 0xAA1A, 0xAA3A, 0xAA3A, 0xAA3A, 0xAA3A, 0xAA3A, 0xAA3A, 0xAE3A, 0xAE3A, 0xAE3A, 0xAE3A, 0xAE3A, 0xAA3A, 0xAA3A,
  0xD260, 0xD280, 0xD260, 0xD260, 0xD260, 0xD281, 0xD2A3, 0xDB06, 0xD706, 0xD706, 0xD706, 0xDB27, 0xDB26, 0xD726, 0xDB26, 0xDB26,
  0xDB26, 0xDB26, 0xDB26, 0xD706, 0xD706, 0xD706, 0xD706, 0xD706, 0xD706, 0xD706, 0xD706, 0xD706, 0xD706, 0xD706, 0xD706, 0xD706,
  0xD726, 0xD726, 0xD726, 0xDB26, 0xDB26, 0xD705, 0xD705, 0xD706, 0xDB07, 0xDF2A, 0xF3B4, 0xF3B4, 0xF7D7, 0xFBFA, 0xEB70, 0xE34C,
  0xDF29, 0xD704, 0xD704, 0xD704, 0xDB25, 0xD725, 0xD705, 0xD705, 0xDB06, 0xD706, 0xE76D, 0xF7F7, 0xFBF8, 0xF7B8, 0xEB52, 0xCA02,
  0xCA00, 0xD260, 0xD280, 0xD260, 0xD2A1, 0xDB06, 0xD726, 0xD726, 0xDB26, 0xD705, 0xD705, 0xD707, 0xDB28, 0xDF2A, 0xEFB3, 0xEF92,
  0xE76E, 0xD706, 0xD704, 0xD2E4, 0xD6E5, 0xD706, 0xE34C, 0xEF91, 0xEB8F, 0xEFB4, 0xFBF9, 0xF7F8, 0xF3D9, 0xDB18, 0xBA56, 0xB636,
  0x9D95, 0x9D95, 0xA1B6, 0xA1B6, 0xA1B6, 0xA1B6, 0xA1B6, 0xA1B6, 0xA1B6, 0xA1B5, 0xA1B6, 0xA5D6, 0xAA19, 0xAA19, 0xAE3A, 0xAE3B,
  0xAA3A, 0xAA3A, 0xAA3A, 0xAA3A, 0xAA3A, 0xAA3A, 0xAA3A, 0xAA3A, 0xAA3A, 0xAA3A, 0xAA3A, 0xAA3A, 0xAA3A, 0xAA3A, 0xAE5B, 0xB29C,
  0xB6BD, 0xB6BD, 0xB6BD, 0xB6BD, 0xB6BD, 0xB6BD, 0xB6BD, 0xB6BD, 0xB6BD, 0xB6BD, 0xB6BD, 0xB6BD, 0xB6BD, 0xB6BD, 0xB6BD, 0xB6BD,
  0xB6BD, 0xB6BD, 0xB6BD, 0xB6BD, 0xB6BD, 0xB6BD, 0xB6BD, 0xB29C, 0xAE5B, 0xAE5B, 0xAA19, 0xAA3A, 0xB29C, 0xB6BD, 0xAE5B, 0xB27C,
  0xB6DD, 0xB6BD, 0xB6BD, 0xB6BD, 0xB6BD, 0xB6BD, 0xB6BD, 0xB6BD, 0xB6BD, 0xB6BD, 0xB6BD, 0xB6BD, 0xB6BD, 0xB6BD, 0xB6BD, 0xB6BD,
  0xB6BD, 0xB6BD, 0xB6BD, 0xB6BD, 0xB6BD, 0xB6BD, 0xB6BD, 0xB6BD, 0xB6BD, 0xB6BC, 0xB6BD, 0xB6BD, 0xB6BD, 0xB6BD, 0xB6BD, 0xB29C,
  0xB6BD, 0xAE5A, 0xAA39, 0xAA3A, 0xAE3A, 0xB27B, 0xAE7B, 0xB6BD, 0xB6BD, 0xB6BD, 0xB6BD, 0xB6BD, 0xB6BD, 0xB6BD, 0xB6BD, 0xB6BD,
  0xB6BD, 0xB6BD, 0xB6BD, 0xB6BD, 0xB6BD, 0xB6BD, 0xB6BD, 0xB6BD, 0xB6BD, 0xB6BD, 0xB6BD, 0xB6BD, 0xB6BD, 0xB6BD, 0xB6BC, 0xB6BD,
  0xB6DD, 0xB6BD, 0xB6BD, 0xAE5A, 0xAA39, 0xAE5A, 0xAA39, 0xAE7B, 0xB6DD, 0xB6DD, 0xB6DD, 0xB6DD, 0xB6DD, 0xB6DD, 0xB6DD, 0xB6DD,
  0xB6DD, 0xB27C, 0xAA3A, 0xAA3A, 0xAA3A, 0xAA3A, 0xAA3A, 0xAA3A, 0xAE3A, 0xA18F, 0x94C8, 0x990B, 0x94EA, 0x94EA, 0xA9D5, 0xAA18,
  0xD280, 0xD260, 0xD260, 0xD260, 0xD260, 0xD240, 0xD240, 0xD260, 0xD260, 0xCE60, 0xD282, 0xD6E4, 0xD6C4, 0xD6C4, 0xD6C4, 0xD6C4,
  0xD6C4, 0xD6C4, 0xD6C4, 0xD706, 0xD706, 0xD706, 0xD706, 0xD706, 0xD706, 0xD726, 0xD706, 0xD726, 0xD726, 0xD726, 0xD726, 0xD726,
  0xD726, 0xD726, 0xD705, 0xD705, 0xD706, 0xDF2A, 0xEB90, 0xF3B3, 0xEFB2, 0xEF91, 0xF7D5, 0xE76E, 0xDB07, 0xDB27, 0xDB25, 0xD703,
  0xD704, 0xD704, 0xDB26, 0xE34B, 0xE34B, 0xDF4B, 0xDF4B, 0xDF2B, 0xEF92, 0xF7D7, 0xFBF8, 0xEF74, 0xDAAB, 0xC1C2, 0xCA21, 0xD260,
  0xD680, 0xD2A1, 0xDAE4, 0xDB04, 0xDB26, 0xD726, 0xD725, 0xD705, 0xD304, 0xDF29, 0xE76E, 0xF7D7, 0xF3B5, 0xF3B4, 0xEB90, 0xDB28,
  0xD304, 0xD726, 0xDF4B, 0xE34C, 0xEFB4, 0xF3D6, 0xF7D7, 0xF7D8, 0xFBF8, 0xF7F8, 0xDF37, 0xDF38, 0xB636, 0xA5B5, 0x9D95, 0xA195,
  0xA1B6, 0xA1B6, 0xA1B6, 0xA1B6, 0xA1B6, 0xA1B5, 0xA1B6, 0xA5B6, 0xA1B5, 0xA5D6, 0xAA19, 0xAE3A, 0xAE3A, 0xAA3A, 0xAA3A, 0xAA3A,
  0xAA3A, 0xAA3A, 0xAA3A, 0xAA3A, 0xAA3A, 0xAA3A, 0xAA3A, 0xAA3A, 0xAA3A, 0xAA3A, 0xAE5B, 0xB27C, 0xB6BD, 0xB2BD, 0xB6BD, 0xB6BD,
  0xB6BD, 0xB6BD, 0xB6BD, 0xB6BD, 0xB6BD, 0xB6BD, 0xB6BD, 0xB6BD, 0xB6BD, 0xB6BD, 0xB6BD, 0xB6BD, 0xB6BD, 0xB6BD, 0xB6BD, 0xB6BD,
  0xB6BD, 0xB6BD, 0xB6DD, 0xB29C, 0xB29C, 0xAE7B, 0xAA3A, 0xAA3A, 0xAA19, 0xAE3A, 0xAE5B, 0xAE5B, 0xAE5B, 0xAE5A, 0xB69C, 0xB6BD,
  0xB6BD, 0xB6BD, 0xB6BD, 0xB6BD, 0xB6BD, 0xB6BD, 0xB6BD, 0xB6BD, 0xB6BD, 0xB6BD, 0xB6BD, 0xB6BD, 0xB6BD, 0xB6BD, 0xB6BD, 0xB6BD,
  0xB6BD, 0xB6BD, 0xB6BD, 0xB6BD, 0xB6BD, 0xB6BD, 0xB6BD, 0xB6BD, 0xB6BD, 0xB6DD, 0xB29C, 0xB27C, 0xB29C, 0xAA3A, 0xAA3A, 0xAE5B,
  0xB27C, 0xB6BD, 0xB29C, 0xB29C, 0xB6BC, 0xB6DD, 0xB6DD, 0xB6BD, 0xB6BD, 0xB6BD, 0xB6BD, 0xB6BD, 0xB6BD, 0xB6BD, 0xB6BD, 0xB6BD,
  0xB6BD, 0xB6BD, 0xB6BD, 0xB6BD, 0xB6BD, 0xB6BD, 0xB6BD, 0xB6BD, 0xB6BD, 0xB6BD, 0xB6BD, 0xB6BD, 0xB6BD, 0xB6DD, 0xB6DD, 0xB29C,
  0xB27B, 0xAA39, 0xA1D7, 0xAA39, 0xAE5A, 0xB69C, 0xB29C, 0xB6BD, 0xB6BD, 0xB6BD, 0xB6BD, 0xB6BD, 0xB6BD, 0xB6BD, 0xB6BD, 0xB6BD,
  0xB6BD, 0xB6BD, 0xB6BD, 0xB27B, 0xAA1A, 0xAA3A, 0xAA3A, 0xA5F8, 0xAA39, 0x990C, 0x94E7, 0x998A, 0x9A0F, 0x960E, 0x914A, 0x9108,
  0xD705, 0xD6C3, 0xD6E4, 0xD6C4, 0xD6C3, 0xD6C4, 0xD6C3, 0xD6C3, 0xD6C3, 0xD6C3, 0xD6C3, 0xD2A2, 0xCE40, 0xCE40, 0xD2A2, 0xD2C3,
  0xD2A3, 0xD2A3, 0xD2A3, 0xD706, 0xD726, 0xD706, 0xD705, 0xD705, 0xD705, 0xD705, 0xD705, 0xD705, 0xD705, 0xD706, 0xD706, 0xD707,
  0xD707, 0xD707, 0xEB6F, 0xEF91, 0xEF91, 0xF7D4, 0xEB6F, 0xEB90, 0xDF4A, 0xD2E4, 0xD6E4, 0xD6E4, 0xD704, 0xD704, 0xD704, 0xDB28,
  0xEB90, 0xE76F, 0xEF92, 0xFBF9, 0xFBF9, 0xFBF9, 0xFBD8, 0xFBD7, 0xFBD8, 0xEB52, 0xD68B, 0xC5E1, 0xC600, 0xCE40, 0xD260, 0xD281,
  0xD6C3, 0xDB05, 0xD725, 0xD725, 0xD705, 0xDB27, 0xD706, 0xE76D, 0xEB91, 0xEFB2, 0xEB8F, 0xEB91, 0xDF29, 0xD2E4, 0xD2E5, 0xD706,
  0xE78F, 0xEB90, 0xF7D7, 0xF7D8, 0xF7F8, 0xF7F8, 0xF3D8, 0xF3D8, 0xDF37, 0xC276, 0xA5B5, 0xA1B5, 0xA1B5, 0xA1B6, 0xA5B6, 0xA5B6,
  0xA1B6, 0xA1B6, 0xA1B6, 0xA1B6, 0xA1B6, 0xA1B6, 0xA5B6, 0xA1B5, 0xA5D7, 0xAE3A, 0xAE3B, 0xAA3A, 0xAA3A, 0xAA3A, 0xAA3A, 0xAA3A,
  0xAA3A, 0xAA3A, 0xAA3A, 0xAA3A, 0xAA3A, 0xAA3A, 0xAA3A, 0xAA3A, 0xAA3B, 0xB29C, 0xB6BD, 0xB6BD, 0xB6BD, 0xB6BD, 0xB6BD, 0xB6BD,
  0xB6BD, 0xB6BD, 0xB6BD, 0xB6BD, 0xB6BD, 0xB6BD, 0xB6BD, 0xB6BD, 0xB6BD, 0xB6BD, 0xB6BD, 0xB6BD, 0xB6BD, 0xB6BD, 0xB6BD, 0xB6BD,
  0xB29C, 0xAE7B, 0xB27C, 0xAA3A, 0xAA19, 0xAA19, 0xAA3A, 0xB27C, 0xB27C, 0xB6BD, 0xB6BD, 0xB6BD, 0xB6BD, 0xB6BD, 0xB6BD, 0xB6BD,
  0xB6BD, 0xB6BD, 0xB6BD, 0xB6BD, 0xB6BD, 0xB6BD, 0xB6BD, 0xB6BD, 0xB6BD, 0xB6BD, 0xB6BD, 0xB6BD, 0xB6BD, 0xB6BD, 0xB6BD, 0xB6BD,
  0xB6BD, 0xB6BD, 0xB6BC, 0xB6BC, 0xB6BC, 0xB6BD, 0xB6BD, 0xB6BD, 0xB6BD, 0xAE3A, 0xA5F8, 0xA619, 0xAA3A, 0xB27B, 0xB29C, 0xB6BD,
  0xB6BD, 0xB6BD, 0xB6BD, 0xB6BD, 0xB6BD, 0xB29B, 0xB29B, 0xB6BC, 0xB6BC, 0xB6BD, 0xB6BD, 0xB6BD, 0xB6BD, 0xB6BD, 0xB6BD, 0xB6BD,
  0xB6BD, 0xB6BD, 0xB6BD, 0xB6BD, 0xB6BD, 0xB6BD, 0xB6BD, 0xB6BD, 0xB6BD, 0xB6BD, 0xB6BD, 0xB6DD, 0xB27B, 0xAA39, 0xAE3A, 0xA5F7,
  0xA1D6, 0xAA18, 0xAE5A, 0xB6BD, 0xB6DD, 0xB6BD, 0xB6BD, 0xB6BD, 0xB6BD, 0xB6BD, 0xB6BD, 0xB6BD, 0xB6BD, 0xB6BD, 0xB6BD, 0xB6DD,
  0xB6BD, 0xB6DD, 0xB6BD, 0xAE5B, 0xAA19, 0xAA3A, 0xAA1A, 0xA5D7, 0xA619, 0xAE3A, 0xA5D6, 0x994E, 0x958B, 0x9A4F, 0x960E, 0x99EB,
  0xD6C3, 0xDB05, 0xDB05, 0xDB05, 0xDB05, 0xD705, 0xD705, 0xDB26, 0xDB27, 0xDB26, 0xDB26, 0xDB26, 0xD6E5, 0xD6E5, 0xDB26, 0xDB27,
  0xDB26, 0xDB26, 0xDB26, 0xD726, 0xD706, 0xD706, 0xDB29, 0xDF2B, 0xDF2A, 0xDF2A, 0xDF2A, 0xDF2A, 0xDF2A, 0xF3B4, 0xF3B4, 0xEB91,
  0xEF92, 0xEF92, 0xF3B5, 0xE34C, 0xE34B, 0xDF28, 0xD704, 0xD2E2, 0xD705, 0xDF28, 0xDF28, 0xDB08, 0xEB90, 0xEFB3, 0xEFB3, 0xF3B5,
  0xFBFA, 0xFFFB, 0xFFFB, 0xF396, 0xEF74, 0xF395, 0xD248, 0xCA04, 0xCE44, 0xCE21, 0xCA00, 0xD240, 0xD660, 0xD281, 0xD6E4, 0xD705,
  0xDB26, 0xD705, 0xDB28, 0xDF29, 0xE76E, 0xEF92, 0xEB90, 0xE76D, 0xE34C, 0xDF48, 0xD303, 0xD2E2, 0xD705, 0xDF2A, 0xEFB3, 0xF3B5,
  0xF7F8, 0xF7F9, 0xFBF8, 0xFBF8, 0xEB97, 0xE778, 0xC276, 0xB216, 0xA9D6, 0x9D95, 0xA1B6, 0xA1B6, 0xA5B6, 0xA5B6, 0xA5B6, 0xA5B6,
  0xA5B6, 0xA1B6, 0xA1B6, 0xA1B6, 0xA1B6, 0xA1B6, 0xA1B5, 0xA5D7, 0xAE3A, 0xAA3A, 0xAA3A, 0xAA3A, 0xAA3A, 0xAA3A, 0xAA3A, 0xAA3A,
  0xAA3A, 0xAA3A, 0xAA3A, 0xAA3A, 0xAA3A, 0xAA3A, 0xB29C, 0xB6BC, 0xB6BD, 0xB6BD, 0xB6BD, 0xB6DD, 0xB6DD, 0xB6BD, 0xB29C, 0xB6BC,
  0xB6BD, 0xB6BD, 0xB6BD, 0xB6BD, 0xB6BD, 0xB6BD, 0xB6BD, 0xB6BD, 0xB6BD, 0xB6BD, 0xB6BD, 0xB6BD, 0xB6BD, 0xB6BC, 0xB6BC, 0xAE7B,
  0xAA3A, 0xAA3A, 0xAA3A, 0xAE5A, 0xAE5B, 0xB29C, 0xB6BD, 0xB6BD, 0xB6BD, 0xB6BD, 0xB6BD, 0xB6BD, 0xB6BD, 0xB6BD, 0xB6BD, 0xB6BD,
  0xB6BD, 0xB6BD, 0xB6BD, 0xB6BD, 0xB6BD, 0xB6BD, 0xB6BD, 0xB6BD, 0xB6BD, 0xB6BD, 0xB6BD, 0xB6BD, 0xB6BD, 0xB6BD, 0xB6BC, 0xB6BC,
  0xB6BC, 0xB6BC, 0xB6BD, 0xB6DD, 0xB6DD, 0xB29C, 0xB29C, 0xAA19, 0xA5F8, 0xA5F8, 0xAA3A, 0xB29C, 0xB6BC, 0xB6BD, 0xB6BD, 0xB6BC,
  0xB6BC, 0xB6BC, 0xB29B, 0xAE5A, 0xAE5A, 0xB27B, 0xB6BC, 0xB6BC, 0xB6BC, 0xB6BD, 0xB6BD, 0xB6BD, 0xB6BD, 0xB6BD, 0xB6BD, 0xB6BD,
  0xB6BD, 0xB6BD, 0xB6BD, 0xB6BD, 0xB6BD, 0xB6BD, 0xB6BD, 0xB6BD, 0xB6BD, 0xBADD, 0xAE5A, 0xAA18, 0xA5D7, 0xA1B6, 0xA1B6, 0xA5F7,
  0xB27B, 0xB6BD, 0xB6DD, 0xB6BD, 0xB6BD, 0xB6BD, 0xB6BD, 0xB6BD, 0xB6BD, 0xB6BD, 0xB6BD, 0xB6BD, 0xB6BD, 0xB6BD, 0xB69C, 0xB29C,
  0xB27B, 0xAA3A, 0xAE5B, 0xAE5B, 0xAA3A, 0xAA3A, 0xAA3A, 0xAA3A, 0xAA1A, 0xAA19, 0xAA3A, 0xAE3A, 0x992C, 0x9547, 0x9A0C, 0x95AA,
  0xD6A2, 0xD2A2, 0xD2A2, 0xD2A2, 0xD2A2, 0xD2A2, 0xD2A2, 0xD706, 0xD706, 0xD706, 0xD706, 0xD706, 0xD726, 0xD726, 0xD726, 0xD706,
  0xD706, 0xD706, 0xD706, 0xD706, 0xDB26, 0xD706, 0xE76D, 0xEF92, 0xEB91, 0xEB90, 0xEB90, 0xEB90, 0xEB70, 0xEF92, 0xE34C, 0xD706,
  0xDB07, 0xDB07, 0xD706, 0xD704, 0xD704, 0xD704, 0xD705, 0xDF4A, 0xEF91, 0xF7D7, 0xF7D7, 0xF7D6, 0xFBF8, 0xFFF9, 0xFBF9, 0xFFFA,
  0xEF73, 0xDEED, 0xE70F, 0xD245, 0xC5E1, 0xCA01, 0xCE40, 0xD260, 0xD260, 0xD260, 0xD6A1, 0xD6A2, 0xD6A2, 0xDB05, 0xDB26, 0xD726,
  0xD726, 0xD705, 0xE34C, 0xEB91, 0xE34C, 0xD707, 0xDB27, 0xD705, 0xD704, 0xD704, 0xE34B, 0xE76D, 0xEFB3, 0xF7F8, 0xF7F8, 0xF7F8,
  0xF7F8, 0xF7D8, 0xD6F7, 0xCED7, 0xB216, 0xA195, 0xA1B6, 0x9D96, 0xA1B6, 0xA5B6, 0xA1B6, 0xA1B6, 0xA5B6, 0xA5B6, 0xA5B6, 0xA5B6,
  0xA5B6, 0xA1B6, 0xA5B6, 0xA1B6, 0xA1B6, 0xA1B6, 0xA5F8, 0xAE3A, 0xAA3A, 0xAA3A, 0xAA3A, 0xAA3A, 0xAA3A, 0xAA3A, 0xAA3A, 0xAA3A,
  0xAA3A, 0xAA3A, 0xAE3A, 0xAA3A, 0xAE5B, 0xB6BD, 0xBADD, 0xBADD, 0xB6DD, 0xB6DD, 0xB29C, 0xB27C, 0xB27C, 0xB27B, 0xAE5B, 0xB29C,
  0xB6BD, 0xB6BD, 0xB6BD, 0xB6BD, 0xB6BD, 0xB6BD, 0xB6BD, 0xB6BD, 0xB6BD, 0xB6BD, 0xB27C, 0xB27C, 0xAE5B, 0xAA3A, 0xAA3A, 0xAA3A,
  0xAA3A, 0xAE5B, 0xB29C, 0xB6BD, 0xB6BD, 0xB6BD, 0xB6BD, 0xB6BD, 0xB6BD, 0xB6BD, 0xB6BD, 0xB6BD, 0xB6BD, 0xB6BD, 0xB6BD, 0xB6BD,
  0xB6BD, 0xB6BD, 0xB6BD, 0xB6BD, 0xB6BD, 0xB6BD, 0xB6BD, 0xB6BD, 0xB6BD, 0xB6BD, 0xB6BD, 0xB6BD, 0xB6BD, 0xB6BD, 0xB6BD, 0xB6BD,
  0xB6BD, 0xB6BD, 0xB27B, 0xB27B, 0xB25B, 0xA5F8, 0xA5F7, 0xAA19, 0xB25A, 0xB6BD, 0xB6BD, 0xB6BD, 0xB6BD, 0xB6BD, 0xB6BD, 0xB6BC,
  0xB6BC, 0xB6BC, 0xB6BD, 0xB6BD, 0xB6BD, 0xB6BD, 0xB6BD, 0xB6BD, 0xB6BD, 0xB6BD, 0xB6BD, 0xB6BD, 0xB6BD, 0xB6BD, 0xB6BD, 0xB6BD,
  0xB6BD, 0xB6BD, 0xB6BD, 0xB6BD, 0xB6BD, 0xB6BD, 0xB6BD, 0xBADD, 0xB6BD, 0xAE39, 0xA5D7, 0xA1B6, 0xA5D7, 0xAA19, 0xAE5A, 0xB6BD,
  0xB6BD, 0xB6BD, 0xB6BD, 0xB6BD, 0xB6BD, 0xB6BD, 0xB6BD, 0xB6BD, 0xB6BD, 0xB6BD, 0xB6BD, 0xB6BD, 0xB6BD, 0xB6BD, 0xB27B, 0xAE5B,
  0xAE7B, 0xB27B, 0xB69C, 0xB29C, 0xAE7B, 0xAA1A, 0xAA3A, 0xAA1A, 0xAA1A, 0xAA1A, 0xAA19, 0xAA19, 0xAE39, 0x990A, 0x9545, 0x9DCA,
  0xDB27, 0xDB27, 0xDB27, 0xDB27, 0xDB27, 0xDB27, 0xDB27, 0xD726, 0xD706, 0xD726, 0xDB06, 0xD706, 0xD706, 0xD706, 0xD726, 0xD706,
  0xD706, 0xD706, 0xD706, 0xD706, 0xD706, 0xD707, 0xD706, 0xD2E6, 0xD705, 0xD6E5, 0xD706, 0xD6E5, 0xD6E5, 0xD6E5, 0xD705, 0xDB06,
  0xDB05, 0xDB06, 0xDB06, 0xD706, 0xE76E, 0xEF92, 0xEB71, 0xF7D8, 0xFBF9, 0xF7D8, 0xF7D8, 0xFBD8, 0xDAAC, 0xCE48, 0xD249, 0xD24A,
  0xCA04, 0xC180, 0xC1A0, 0xD240, 0xD681, 0xD680, 0xD681, 0xD680, 0xD681, 0xD6C3, 0xD705, 0xDB27, 0xDB27, 0xD727, 0xD726, 0xD726,
  0xD726, 0xD726, 0xD705, 0xD705, 0xD705, 0xD706, 0xD726, 0xDB27, 0xEB90, 0xEB91, 0xF3D7, 0xFBFA, 0xF7D9, 0xF7D8, 0xF7D8, 0xF3B8,
  0xCA95, 0xC276, 0xA1B5, 0x9975, 0xA1B6, 0xA1B6, 0xA1B6, 0xA1B6, 0xA1B6, 0xA1B6, 0xA1B6, 0xA5B6, 0xA5B6, 0xA5B6, 0xA5B6, 0xA5B6,
  0xA1B6, 0xA5B6, 0xA5B6, 0xA5B6, 0xA5B6, 0xAA18, 0xAE5A, 0xAA3A, 0xAA3A, 0xAA3A, 0xAA3A, 0xAA3A, 0xAA3A, 0xAA3A, 0xAA3A, 0xAA3A,
  0xAA3A, 0xAA3A, 0xAA3A, 0xAA3A, 0xAE5B, 0xB27B, 0xB27B, 0xB27B, 0xB27B, 0xB27B, 0xAE3A, 0xAA19, 0xAE5A, 0xB29C, 0xBADD, 0xB6BD,
  0xB6BD, 0xB6BD, 0xB6BD, 0xB6BD, 0xB6BD, 0xB6BD, 0xB29C, 0xAE5B, 0xAE7B, 0xAE5B, 0xAA3A, 0xAA3A, 0xAE3A, 0xAA3A, 0xB27B, 0xB29C,
  0xB29B, 0xB6BD, 0xBADD, 0xB6BD, 0xB6BD, 0xB6BD, 0xB6BD, 0xB6BD, 0xB6BD, 0xB6BD, 0xB6BD, 0xB6BD, 0xB6BD, 0xB6BD, 0xB6BD, 0xB6BD,
  0xB6BD, 0xB6BD, 0xB6BD, 0xB6BD, 0xB6BD, 0xB6BD, 0xB6BD, 0xB6BD, 0xB6BD, 0xB6BD, 0xB6BD, 0xB6BD, 0xB6BD, 0xB6BD, 0xB29C, 0xAE3A,
  0xAE5B, 0xAE5B, 0xAA39, 0xAA19, 0xAA19, 0xAE5A, 0xB27B, 0xBADC, 0xBADD, 0xB6BD, 0xB6BD, 0xB6BD, 0xB6BC, 0xB6BD, 0xB6BD, 0xB6BD,
  0xB6BD, 0xB6BD, 0xB6BD, 0xB6BD, 0xB6BD, 0xB6BD, 0xB6BD, 0xB6BD, 0xB6BD, 0xB6BD, 0xB6BD, 0xB6BD, 0xB6BD, 0xB6BD, 0xB6BD, 0xB6BD,
  0xB6BD, 0xB6BD, 0xB6BD, 0xB6BD, 0xB6BD, 0xB6BC, 0xAA18, 0xAA18, 0xAA18, 0xA5D6, 0xAA19, 0xB27A, 0xB69B, 0xBABD, 0xBADD, 0xB6BD,
  0xB6BD, 0xB6BD, 0xB6BD, 0xB6BD, 0xB6BD, 0xB6BD, 0xB6BD, 0xB6BD, 0xB6BD, 0xB6BD, 0xB6BD, 0xB6BD, 0xB6BD, 0xB6BD, 0xBADD, 0xB6BD,
  0xB27B, 0xB67B, 0xAE5A, 0xAA19, 0xAA3A, 0xAA3A, 0xAA3A, 0xAA3A, 0xAA3A, 0xAA1A, 0xAA1A, 0xAA19, 0xAA3A, 0xAE17, 0x9D07, 0x9D24,
};
#define assets_sfondo_W 256
#define assets_sfondo_H 192

enum {
    ASSET_CARD_1 = 0,
    ASSET_CARD_2 = 1,
    ASSET_CARD_3 = 2,
    ASSET_CARD_4 = 3,
    ASSET_CARD_5 = 4,
    ASSET_CARD_6 = 5,
    ASSET_CARD_7 = 6,
    ASSET_CARD_8 = 7,
    ASSET_CARD_9 = 8,
    ASSET_CARD_10 = 9,
    ASSET_CARD_11 = 10,
    ASSET_CARD_12 = 11,
    ASSET_CARD_13 = 12,
    ASSET_CARD_14 = 13,
    ASSET_CARD_15 = 14,
    ASSET_CARD_16 = 15,
    ASSET_CARD_17 = 16,
    ASSET_CARD_18 = 17,
    ASSET_CARD_19 = 18,
    ASSET_CARD_20 = 19,
    ASSET_CARD_21 = 20,
    ASSET_CARD_22 = 21,
    ASSET_CARD_23 = 22,
    ASSET_CARD_24 = 23,
    ASSET_CARD_25 = 24,
    ASSET_CARD_26 = 25,
    ASSET_CARD_27 = 26,
    ASSET_CARD_28 = 27,
    ASSET_CARD_29 = 28,
    ASSET_CARD_30 = 29,
    ASSET_RETRO = 30,
    ASSET_ICON_R1 = 31,
    ASSET_ICON_R2 = 32,
    ASSET_ICON_R3 = 33,
    ASSET_ICON_R4 = 34,
    ASSET_ICON_E1 = 35,
    ASSET_ICON_E2 = 36,
    ASSET_ICON_E3 = 37,
    ASSET_ICON_E4 = 38,
    ASSET_ICON_E5 = 39,
    ASSET_ICON_E6 = 40,
    ASSET_ICON_E7 = 41,
    ASSET_ICON_E8 = 42,
    ASSET_ICON_E9 = 43,
    ASSET_ICON_E10 = 44,
    ASSET_ICON_E11 = 45,
    ASSET_ICON_E12 = 46,
    ASSET_LOGO = 47,
    ASSET_SFONDO = 48,
    ASSET_COUNT = 49
};

static const struct { const unsigned short *px; int w, h; } asset[ASSET_COUNT] = {
  { assets_c01, 44, 44 },
  { assets_c02, 44, 44 },
  { assets_c03, 44, 44 },
  { assets_c04, 44, 44 },
  { assets_c05, 44, 44 },
  { assets_c06, 44, 44 },
  { assets_c07, 44, 44 },
  { assets_c08, 44, 44 },
  { assets_c09, 44, 44 },
  { assets_c10, 44, 44 },
  { assets_c11, 44, 44 },
  { assets_c12, 44, 44 },
  { assets_c13, 44, 44 },
  { assets_c14, 44, 44 },
  { assets_c15, 44, 44 },
  { assets_c16, 44, 44 },
  { assets_c17, 44, 44 },
  { assets_c18, 44, 44 },
  { assets_c19, 44, 44 },
  { assets_c20, 44, 44 },
  { assets_c21, 44, 44 },
  { assets_c22, 44, 44 },
  { assets_c23, 44, 44 },
  { assets_c24, 44, 44 },
  { assets_c25, 44, 44 },
  { assets_c26, 44, 44 },
  { assets_c27, 44, 44 },
  { assets_c28, 44, 44 },
  { assets_c29, 44, 44 },
  { assets_c30, 44, 44 },
  { assets_retro, 44, 44 },
  { assets_icon_r1, 16, 16 },
  { assets_icon_r2, 16, 16 },
  { assets_icon_r3, 16, 16 },
  { assets_icon_r4, 16, 16 },
  { assets_icon_e1, 24, 24 },
  { assets_icon_e2, 24, 24 },
  { assets_icon_e3, 24, 24 },
  { assets_icon_e4, 24, 24 },
  { assets_icon_e5, 24, 24 },
  { assets_icon_e6, 24, 24 },
  { assets_icon_e7, 24, 24 },
  { assets_icon_e8, 24, 24 },
  { assets_icon_e9, 24, 24 },
  { assets_icon_e10, 24, 24 },
  { assets_icon_e11, 24, 24 },
  { assets_icon_e12, 24, 24 },
  { assets_logo, 96, 48 },
  { assets_sfondo, 256, 192 },
};

#endif
